2021 01 01 00   -39   -72 10280   280    15     6 -9999 -9999
2021 01 01 01   -50   -78 10282   330    15 -9999     0 -9999
2021 01 01 02   -50   -83 10281    20    31 -9999     0 -9999
2021 01 01 03   -67   -89 10283   360    21     4     0 -9999
2021 01 01 04   -61   -89 10282     0     0 -9999     0 -9999
2021 01 01 05   -67   -94 10281     0     0 -9999     0 -9999
2021 01 01 06   -56   -83 10282   350    15     6     0 -9999
2021 01 01 07   -61   -83 10269    20    26 -9999     0 -9999
2021 01 01 08   -67   -94 10265     0     0     4     0 -9999
2021 01 01 09   -61   -89 10256    30    36     4     0 -9999
2021 01 01 10   -56   -78 10264   180    26 -9999     0 -9999
2021 01 01 11   -39   -61 10250     0     0 -9999     0 -9999
2021 01 01 12   -33   -56 10226    20    36     6     0 -9999
2021 01 01 13   -17   -44 10218    50    51 -9999     0 -9999
2021 01 01 14   -11   -39 10210    80    51 -9999     0 -9999
2021 01 01 15    -6   -33 10202    60    67 -9999     0 -9999
2021 01 01 16     0   -28 10192    60    67 -9999    -1 -9999
2021 01 01 17     0   -28 10184    70    67 -9999    -1 -9999
2021 01 01 18     0   -22 10155    60    82     8    13    10
2021 01 01 19     0   -17 10130    60    67 -9999    13 -9999
2021 01 01 20     6   -11 10117    60    88 -9999    10 -9999
2021 01 01 21    11   -11 10106    50    72 -9999    10 -9999
2021 01 01 22    11    -6 10094    50    72 -9999    -1 -9999
2021 01 01 23    11    -6 10095    60    62 -9999    -1 -9999
2021 01 02 00    17     0 10099    50    57     8     5    40
2021 01 02 01    11    -6 10100    30    62 -9999    10 -9999
2021 01 02 02     6   -11 10105    10    41 -9999    10 -9999
2021 01 02 03     6   -11 10111   360    51 -9999    15 -9999
2021 01 02 04     6   -11 10116   350    57 -9999    10 -9999
2021 01 02 05     6   -11 10117   350    77 -9999    -1 -9999
2021 01 02 06     6   -11 10125   360    57     8    -1    50
2021 01 02 07     0   -11 10142   340    41 -9999    -1 -9999
2021 01 02 08     6   -11 -9999   360    41 -9999    -1 -9999
2021 01 02 09     0   -17 10160   360    51 -9999     0 -9999
2021 01 02 10    -6   -22 10168   330    36 -9999     0 -9999
2021 01 02 11   -17   -33 10173   310    36 -9999     0 -9999
2021 01 02 12   -17   -33 10183   310    41     8     0    -1
2021 01 02 13   -22   -39 -9999   310    41 -9999     0 -9999
2021 01 02 14   -22   -39 10200   320    31 -9999     0 -9999
2021 01 02 15   -22   -39 10198   360    31 -9999     0 -9999
2021 01 02 16   -11   -33 10205   340    21 -9999     0 -9999
2021 01 02 17    -6   -28 10199   350    21 -9999     0 -9999
2021 01 02 18     0   -22 10190   340    15     8     0 -9999
2021 01 02 19    17   -11 10182     0     0 -9999     0 -9999
2021 01 02 20    11   -22 10180     0     0 -9999     0 -9999
2021 01 02 21    17   -17 10176    90    26 -9999     0 -9999
2021 01 02 22    11   -17 10174    40    36 -9999     0 -9999
2021 01 02 23     6   -17 10172    30    51 -9999     0 -9999
2021 01 03 00     0   -22 10175    20    36     8     0 -9999
2021 01 03 01     0   -17 10175    10    21 -9999     0 -9999
2021 01 03 02     0   -22 10165   340    26 -9999     0 -9999
2021 01 03 03    11   -11 10163   100    26 -9999    -1 -9999
2021 01 03 04     6   -11 10158   120    31 -9999    -1 -9999
2021 01 03 05    11   -11 10149     0     0 -9999     0 -9999
2021 01 03 06     6   -11 10141    10    26     8     0     0
2021 01 03 07     0   -17 10137   350    31 -9999     0 -9999
2021 01 03 08    -6   -22 10137   350    31 -9999     0 -9999
2021 01 03 09    -6   -22 10138   340    31 -9999    -1 -9999
2021 01 03 10    -6   -22 10139   330    26 -9999     3 -9999
2021 01 03 11    -6   -22 10138   360    31 -9999     3 -9999
2021 01 03 12    -6   -22 10141   320    26     8    -1     5
2021 01 03 13    -6   -28 10142   330    21 -9999     3 -9999
2021 01 03 14    -6   -22 -9999   320    21 -9999    -1 -9999
2021 01 03 15    -6   -17 10152   310    36 -9999     0 -9999
2021 01 03 16     0   -17 10154   280    21 -9999     0 -9999
2021 01 03 17     0   -11 10154   290    36 -9999     0 -9999
2021 01 03 18     0   -11 10151   280    41     8     0     3
2021 01 03 19     6   -17 10152   270    31 -9999     0 -9999
2021 01 03 20     0   -22 10154   260    31 -9999     0 -9999
2021 01 03 21    -6   -28 10157   290    31 -9999     0 -9999
2021 01 03 22    -6   -28 10162   260    36 -9999     0 -9999
2021 01 03 23    -6   -33 10170   260    36 -9999     0 -9999
2021 01 04 00   -11   -39 10172   220    31     8     0 -9999
2021 01 04 01   -17   -44 10171   230    36 -9999     0 -9999
2021 01 04 02   -22   -44 10169   210    31 -9999     0 -9999
2021 01 04 03   -28   -50 10169   220    31 -9999     0 -9999
2021 01 04 04   -22   -50 10166   250    31 -9999     0 -9999
2021 01 04 05   -33   -56 10167   240    31 -9999     0 -9999
2021 01 04 06   -33   -56 10168   230    41     8     0 -9999
2021 01 04 07   -39   -61 10169   230    46 -9999     0 -9999
2021 01 04 08   -39   -61 10172   210    51 -9999     0 -9999
2021 01 04 09   -33   -56 10174   200    36 -9999     0 -9999
2021 01 04 10   -39   -56 10174   240    41 -9999     0 -9999
2021 01 04 11   -39   -56 10169   220    26 -9999     0 -9999
2021 01 04 12   -39   -56 10167   190    36     8     0 -9999
2021 01 04 13   -39   -56 10164   180    36 -9999     0 -9999
2021 01 04 14   -39   -56 10167   180    41     9    -1 -9999
2021 01 04 15   -39   -50 10173   220    26 -9999    -1 -9999
2021 01 04 16   -39   -50 10169   180    31 -9999     0 -9999
2021 01 04 17   -33   -50 10159   210    31 -9999     0 -9999
2021 01 04 18   -22   -44 10151   200    36     8     0    -1
2021 01 04 19   -17   -39 10136   170    31 -9999     0 -9999
2021 01 04 20   -11   -33 10135   200    41 -9999     0 -9999
2021 01 04 21   -11   -28 10137   220    31 -9999     0 -9999
2021 01 04 22   -11   -28 10137   230    31 -9999     0 -9999
2021 01 04 23   -17   -33 10141   220    21 -9999    -1 -9999
2021 01 05 00   -17   -33 10136   240    46     8    -1    -1
2021 01 05 01   -28   -44 10144   260    51 -9999    -1 -9999
2021 01 05 02   -28   -44 -9999   260    31 -9999    -1 -9999
2021 01 05 03   -28   -44 10143   270    26 -9999    -1 -9999
2021 01 05 04   -22   -39 10140   280    21 -9999     0 -9999
2021 01 05 05   -22   -39 10140   270    31 -9999    -1 -9999
2021 01 05 06   -17   -39 10145   280    36     8     0    -1
2021 01 05 07   -17   -33 10149   290    36 -9999     0 -9999
2021 01 05 08   -11   -33 10153   310    46 -9999     0 -9999
2021 01 05 09   -11   -28 10156   300    46 -9999     0 -9999
2021 01 05 10    -6   -28 10157   280    41 -9999     0 -9999
2021 01 05 11     0   -22 10163   290    31 -9999     0 -9999
2021 01 05 12     0   -22 10170   300    57     8     0 -9999
2021 01 05 13     0   -22 10179   300    41 -9999     0 -9999
2021 01 05 14     0   -22 10186   310    31 -9999     0 -9999
2021 01 05 15     0   -17 10193   310    36 -9999     0 -9999
2021 01 05 16     0   -17 10198   290    36 -9999     0 -9999
2021 01 05 17     6   -11 10196   300    21 -9999     0 -9999
2021 01 05 18    11   -17 10190   280    26     8     0 -9999
2021 01 05 19    11   -11 10190   300    15 -9999     0 -9999
2021 01 05 20    17   -17 10198   290    21 -9999     0 -9999
2021 01 05 21    11   -17 10210   240    21 -9999     0 -9999
2021 01 05 22    11   -17 10215   250    26 -9999     0 -9999
2021 01 05 23     0   -22 10223   270    26 -9999     0 -9999
2021 01 06 00     0   -28 10229     0     0     8     0 -9999
2021 01 06 01    -6   -28 10232   210    15 -9999     0 -9999
2021 01 06 02    -6   -28 10238     0     0 -9999     0 -9999
2021 01 06 03    -6   -28 10243     0     0 -9999     0 -9999
2021 01 06 04    -6   -28 10246   180    15 -9999     0 -9999
2021 01 06 05    -6   -28 10253   180    15 -9999     0 -9999
2021 01 06 06    -6   -28 10256     0     0     8     0 -9999
2021 01 06 07     0   -28 10255   180    21 -9999     0 -9999
2021 01 06 08     0   -28 10259     0     0 -9999     0 -9999
2021 01 06 09     0   -28 10259   200    15 -9999     0 -9999
2021 01 06 10     0   -28 10257   220    26 -9999     0 -9999
2021 01 06 11    -6   -28 10264   220    26 -9999     0 -9999
2021 01 06 12    -6   -28 10272   230    21     8     0 -9999
2021 01 06 13    -6   -33 10278   200    15 -9999     0 -9999
2021 01 06 14    -6   -33 10284   180    15 -9999     0 -9999
2021 01 06 15     0   -28 10290     0     0 -9999     0 -9999
2021 01 06 16    17   -22 10287     0     0 -9999     0 -9999
2021 01 06 17    17   -17 10284     0     0 -9999     0 -9999
2021 01 06 18    28   -17 10277    30    15     6     0 -9999
2021 01 06 19    28   -17 10271    10    31 -9999     0 -9999
2021 01 06 20    28   -11 10271    10    31 -9999     0 -9999
2021 01 06 21    33   -17 10273    60    15 -9999     0 -9999
2021 01 06 22    33   -22 10279    80    21 -9999     0 -9999
2021 01 06 23    17   -17 10280    70    41 -9999     0 -9999
2021 01 07 00    17   -11 10286    60    41     8     0 -9999
2021 01 07 01    11    -6 10292    20    31 -9999     0 -9999
2021 01 07 02    11   -11 10295    20    26 -9999     0 -9999
2021 01 07 03    11   -11 10293    20    21 -9999     0 -9999
2021 01 07 04    11   -11 10290    10    21 -9999     0 -9999
2021 01 07 05    11   -11 10285    10    36 -9999     0 -9999
2021 01 07 06    11   -11 10284    20    21     8     0 -9999
2021 01 07 07    11   -11 10283   360    26 -9999     0 -9999
2021 01 07 08    11   -11 10284    20    26 -9999     0 -9999
2021 01 07 09    11   -11 10286    40    15 -9999     0 -9999
2021 01 07 10    11   -11 10284   360    26 -9999     0 -9999
2021 01 07 11    11   -17 10283    10    31 -9999     0 -9999
2021 01 07 12    11   -17 10285    10    26     8     0 -9999
2021 01 07 13    28   -44 10286    80    46 -9999     0 -9999
2021 01 07 14    28   -44 10290    70    46 -9999     0 -9999
2021 01 07 15    28   -50 10293    70    36 -9999     0 -9999
2021 01 07 16    28   -39 10292    60    46 -9999     0 -9999
2021 01 07 17    33   -17 10286    70    41 -9999     0 -9999
2021 01 07 18    28   -17 10278    70    57     8     0 -9999
2021 01 07 19    33   -33 10271    60    51 -9999     0 -9999
2021 01 07 20    28   -28 10267    50    46 -9999     0 -9999
2021 01 07 21    22   -22 10270    10    51 -9999     0 -9999
2021 01 07 22    17   -22 10275    20    51 -9999     0 -9999
2021 01 07 23    22   -28 10273    30    46 -9999     0 -9999
2021 01 08 00    22   -44 10273    40    62     8     0 -9999
2021 01 08 01    22   -39 10271    50    46 -9999     0 -9999
2021 01 08 02    17   -44 10269    30    41 -9999     0 -9999
2021 01 08 03    17   -39 10265    30    46 -9999     0 -9999
2021 01 08 04     6   -22 10263   350    36 -9999     0 -9999
2021 01 08 05    17   -28 10260    30    46 -9999     0 -9999
2021 01 08 06    11   -28 10260   350    36     8     0 -9999
2021 01 08 07    22   -22 10256    50    26 -9999     0 -9999
2021 01 08 08    11   -22 10255   360    36 -9999     0 -9999
2021 01 08 09    17   -22 10255    30    31 -9999     0 -9999
2021 01 08 10    17   -28 10253    30    51 -9999     0 -9999
2021 01 08 11    17   -28 10250    20    62 -9999     0 -9999
2021 01 08 12    11   -28 10250    10    57     8     0 -9999
2021 01 08 13    11   -33 10253    30    72 -9999     0 -9999
2021 01 08 14    11   -39 10259    50    57 -9999     0 -9999
2021 01 08 15     6   -28 10261    10    36 -9999     0 -9999
2021 01 08 16     0   -22 -9999   350    57 -9999    -1 -9999
2021 01 08 17     0   -17 -9999   340    41 -9999    -1 -9999
2021 01 08 18     6   -11 10248   340    36     8    -1     3
2021 01 08 19     0   -17 10243   350    57 -9999     3 -9999
2021 01 08 20     6   -28 10240   360    57 -9999    -1 -9999
2021 01 08 21     0   -33 10241   360    77 -9999     0 -9999
2021 01 08 22     0   -33 10244   360    77 -9999     0 -9999
2021 01 08 23     0   -39 10245   350    57 -9999     0 -9999
2021 01 09 00    -6   -44 10247   360    62     8     0     3
2021 01 09 01    -6   -44 10247   350    62 -9999     0 -9999
2021 01 09 02    -6   -44 10247   340    67 -9999     0 -9999
2021 01 09 03   -11   -50 10250   340    51 -9999     0 -9999
2021 01 09 04   -11   -56 10247   340    57 -9999     0 -9999
2021 01 09 05   -11   -56 10243   330    51 -9999     0 -9999
2021 01 09 06   -11   -56 10241   320    46     8     0 -9999
2021 01 09 07   -17   -56 10241   330    36 -9999     0 -9999
2021 01 09 08   -17   -56 10244   330    36 -9999     0 -9999
2021 01 09 09   -17   -56 10247   330    46 -9999     0 -9999
2021 01 09 10   -11   -50 10246   330    41 -9999     0 -9999
2021 01 09 11   -11   -56 10250   320    46 -9999     0 -9999
2021 01 09 12   -11   -56 10257   330    41     8     0 -9999
2021 01 09 13   -17   -56 10261   350    36 -9999     0 -9999
2021 01 09 14   -17   -56 10266   330    31 -9999     0 -9999
2021 01 09 15   -11   -50 10272   330    36 -9999     0 -9999
2021 01 09 16     0   -50 10273   360    46 -9999     0 -9999
2021 01 09 17     6   -44 10270    10    41 -9999     0 -9999
2021 01 09 18    11   -44 10264    10    31     6     0 -9999
2021 01 09 19    22   -44 10256    20    36 -9999     0 -9999
2021 01 09 20    22   -44 10260    40    26 -9999     0 -9999
2021 01 09 21    22   -50 10262   360    26 -9999     0 -9999
2021 01 09 22    17   -50 10265    30    31 -9999     0 -9999
2021 01 09 23     6   -50 10270    30    36 -9999     0 -9999
2021 01 10 00     0   -44 10271    20    36     6     0 -9999
2021 01 10 01    -6   -44 10271   350    26     4     0 -9999
2021 01 10 02   -11   -50 10269   300    15     4     0 -9999
2021 01 10 03   -17   -50 10270   280    26     4     0 -9999
2021 01 10 04   -17   -50 10272   310    21 -9999     0 -9999
2021 01 10 05   -22   -56 10269   310    15 -9999     0 -9999
2021 01 10 06   -22   -56 10267   310    21     6     0 -9999
2021 01 10 07   -22   -50 10267     0     0 -9999     0 -9999
2021 01 10 08   -22   -50 10270   320    15 -9999     0 -9999
2021 01 10 09   -17   -56 10273   320    26 -9999     0 -9999
2021 01 10 10   -22   -56 10269    10    21 -9999     0 -9999
2021 01 10 11   -22   -56 10268    10    21 -9999     0 -9999
2021 01 10 12   -22   -56 10269     0     0     8     0 -9999
2021 01 10 13   -17   -56 10271   260    15 -9999     0 -9999
2021 01 10 14   -22   -56 10273   280    21 -9999     0 -9999
2021 01 10 15   -17   -61 10281   290    26 -9999     0 -9999
2021 01 10 16   -17   -61 10282   320    15 -9999     0 -9999
2021 01 10 17   -17   -61 10277 -9999    15 -9999     0 -9999
2021 01 10 18   -17   -61 10271   270    26     8     0 -9999
2021 01 10 19   -17   -67 10267   250    31 -9999     0 -9999
2021 01 10 20   -17   -67 10264   270    36 -9999     0 -9999
2021 01 10 21   -17   -67 10267   290    36 -9999     0 -9999
2021 01 10 22   -17   -67 10268   280    31 -9999     0 -9999
2021 01 10 23   -22   -67 10267   260    31 -9999     0 -9999
2021 01 11 00   -22   -67 10268   260    36     8     0 -9999
2021 01 11 01   -28   -67 10273   280    46 -9999     0 -9999
2021 01 11 02   -28   -67 10273   270    41 -9999     0 -9999
2021 01 11 03   -33   -72 10273   250    36 -9999     0 -9999
2021 01 11 04   -33   -72 10271   260    31 -9999     0 -9999
2021 01 11 05   -39   -78 10273   250    41 -9999     0 -9999
2021 01 11 06   -44   -72 10269   210    41     8     0 -9999
2021 01 11 07   -44   -67 -9999   240    36 -9999     0 -9999
2021 01 11 08   -50   -72 10270   250    36 -9999     0 -9999
2021 01 11 09   -56   -78 10270   260    41 -9999     0 -9999
2021 01 11 10   -56   -78 10264   250    36 -9999     0 -9999
2021 01 11 11   -50   -78 10257   270    57 -9999     0 -9999
2021 01 11 12   -50   -78 10262   270    46     8     0 -9999
2021 01 11 13   -50   -72 10264   260    57 -9999    -1 -9999
2021 01 11 14   -44   -72 10264   250    46 -9999    -1 -9999
2021 01 11 15   -44   -67 10266   250    57 -9999     0 -9999
2021 01 11 16   -39   -61 10259   230    57 -9999     0 -9999
2021 01 11 17   -33   -61 10252   220    67 -9999     0 -9999
2021 01 11 18   -33   -56 10241   220    77     8     0     0
2021 01 11 19   -28   -61 10233   230    82 -9999     0 -9999
2021 01 11 20   -28   -61 10229   230    67 -9999     0 -9999
2021 01 11 21   -28   -61 10230   230    77 -9999     0 -9999
2021 01 11 22   -22   -56 10227   230    51 -9999     0 -9999
2021 01 11 23   -22   -50 10220   210    67 -9999     0 -9999
2021 01 12 00   -17   -44 10217   210    62     8     0 -9999
2021 01 12 01   -17   -44 10215   210    67 -9999     0 -9999
2021 01 12 02   -11   -44 10210   210    57 -9999     0 -9999
2021 01 12 03   -11   -39 10209   210    67 -9999     0 -9999
2021 01 12 04   -11   -44 10209   210    72 -9999     0 -9999
2021 01 12 05   -17   -44 10207   210    77     2     0 -9999
2021 01 12 06   -17   -44 10199   210    57     2     0 -9999
2021 01 12 07   -17   -44 10198   210    62 -9999     0 -9999
2021 01 12 08   -17   -44 10196   210    62 -9999     0 -9999
2021 01 12 09   -22   -50 10193   210    51     2     0 -9999
2021 01 12 10   -22   -50 10186   210    67     2     0 -9999
2021 01 12 11   -28   -56 10181   210    51     0     0 -9999
2021 01 12 12   -28   -50 10186   220    51     2     0 -9999
2021 01 12 13   -28   -56 10189   220    51     2     0 -9999
2021 01 12 14   -28   -50 10187   220    36     4     0 -9999
2021 01 12 15   -22   -44 10191   220    51     4     0 -9999
2021 01 12 16    -6   -39 10191   230    41     4     0 -9999
2021 01 12 17    11   -28 10185   230    62     2     0 -9999
2021 01 12 18    11   -28 10180   240    51     2     0 -9999
2021 01 12 19    22   -22 10173   240    57     2     0 -9999
2021 01 12 20    28   -22 10168   240    57     2     0 -9999
2021 01 12 21    28   -22 10165   240    57     2     0 -9999
2021 01 12 22    22   -22 10168   240    67     2     0 -9999
2021 01 12 23    17   -28 10172   240    36     2     0 -9999
2021 01 13 00     6   -28 10176   220    26     0     0 -9999
2021 01 13 01     0   -28 10171   210    26     2     0 -9999
2021 01 13 02    -6   -33 10170   210    26     2     0 -9999
2021 01 13 03     0   -28 10163   230    41     4     0 -9999
2021 01 13 04     0   -28 10161   230    36 -9999     0 -9999
2021 01 13 05     0   -28 10153   230    41     4     0 -9999
2021 01 13 06     0   -28 10144   220    46     4     0 -9999
2021 01 13 07     0   -28 10142   220    36 -9999     0 -9999
2021 01 13 08     0   -22 10141   220    41     2     0 -9999
2021 01 13 09     0   -28 10137   230    36     0     0 -9999
2021 01 13 10     0   -28 10127   220    31     4     0 -9999
2021 01 13 11     0   -28 10120   220    41 -9999     0 -9999
2021 01 13 12    11   -22 10113   220    51     8     0 -9999
2021 01 13 13     6   -22 10115   220    41 -9999     0 -9999
2021 01 13 14    11   -22 10115   230    41 -9999     0 -9999
2021 01 13 15    17   -17 10111   220    31 -9999     0 -9999
2021 01 13 16    22   -11 10107   220    36 -9999     0 -9999
2021 01 13 17    33   -11 10101   230    51 -9999     0 -9999
2021 01 13 18    44   -11 10091   230    41     6     0 -9999
2021 01 13 19    39   -11 10079   200    57 -9999     0 -9999
2021 01 13 20    39   -11 10076   220    51 -9999     0 -9999
2021 01 13 21    44   -11 10074   230    36 -9999     0 -9999
2021 01 13 22    39   -11 10065   210    57 -9999     0 -9999
2021 01 13 23    33   -11 10070   220    62 -9999     0 -9999
2021 01 14 00    33   -11 10066   200    26     8     0 -9999
2021 01 14 01    33    -6 10068   250    31 -9999     0 -9999
2021 01 14 02    33    -6 10064   210    26 -9999     0 -9999
2021 01 14 03    33     0 10062 -9999    21 -9999     0 -9999
2021 01 14 04    33     0 10059     0     0 -9999     0 -9999
2021 01 14 05    28    -6 10051   190    31     4     0 -9999
2021 01 14 06    22    -6 10045   190    31     0     0 -9999
2021 01 14 07    22   -11 10041   190    26     0     0 -9999
2021 01 14 08    17   -11 10040   190    31     0     0 -9999
2021 01 14 09    11   -17 10039   190    26     0     0 -9999
2021 01 14 10     6   -22 10029   170    26     4     0 -9999
2021 01 14 11     6   -22 10033   190    21 -9999     0 -9999
2021 01 14 12     0   -22 10032   170    26     6     0 -9999
2021 01 14 13     0   -22 10026   160    31 -9999     0 -9999
2021 01 14 14     6   -17 10024   170    31 -9999     0 -9999
2021 01 14 15    11   -11 10021   150    51 -9999     0 -9999
2021 01 14 16    22   -11 10020   160    46 -9999     0 -9999
2021 01 14 17    28    -6 10017   180    36 -9999     0 -9999
2021 01 14 18    33    -6 10002   150    41     8     0 -9999
2021 01 14 19    39     0  9989   160    46 -9999     0 -9999
2021 01 14 20    39     0  9984   140    41 -9999     0 -9999
2021 01 14 21    39     0  9984   160    41 -9999     0 -9999
2021 01 14 22    39     6  9985   160    51 -9999    -1 -9999
2021 01 14 23    39    11  9984   160    51 -9999     3 -9999
2021 01 15 00    39    17  9982   150    51     8    10    10
2021 01 15 01    28    11  9975   170    62 -9999    18 -9999
2021 01 15 02    28    11  9972   170    46 -9999     5 -9999
2021 01 15 03    22     0  9969   210    62 -9999    -1 -9999
2021 01 15 04    17    -6  9969   210    51 -9999    -1 -9999
2021 01 15 05    11    -6  9971   210    41 -9999    -1 -9999
2021 01 15 06    17     0  9968   200    41     8    -1    30
2021 01 15 07    17     0  9967   200    57 -9999    -1 -9999
2021 01 15 08    17     0  9968   200    36 -9999     0 -9999
2021 01 15 09    17    -6  9968   180    36 -9999     0 -9999
2021 01 15 10    17    -6  9964   170    41 -9999     0 -9999
2021 01 15 11    17    -6  9963   170    36 -9999     0 -9999
2021 01 15 12    11   -11  9962   170    41     8     0     0
2021 01 15 13    11   -11  9964   180    31 -9999    -1 -9999
2021 01 15 14    11   -11  9970   150    36 -9999     0 -9999
2021 01 15 15    11   -11  9974   150    26 -9999    -1 -9999
2021 01 15 16    17   -11  9977   160    36 -9999     0 -9999
2021 01 15 17    22   -17  9975   180    31 -9999    -1 -9999
2021 01 15 18    22   -11  9977   200    26     8     3     3
2021 01 15 19    22   -17  9981   170    36 -9999    -1 -9999
2021 01 15 20    22   -11  9984    20    21 -9999    -1 -9999
2021 01 15 21    28   -22  9992   200    31 -9999     0 -9999
2021 01 15 22    22   -22 10000   150    15 -9999     0 -9999
2021 01 15 23    17   -28 10007   170    15 -9999     0 -9999
2021 01 16 00     6   -22 10014   190    15     4     0    -1
2021 01 16 01     6   -22 10021     0     0     4     0 -9999
2021 01 16 02     0   -28 10024     0     0 -9999     0 -9999
2021 01 16 03    -6   -28 10021   230    15     4     0 -9999
2021 01 16 04    -6   -22 10021   250    26 -9999     0 -9999
2021 01 16 05    -6   -28 10020   250    21     2     0 -9999
2021 01 16 06   -11   -28 10021   250    21     8     0 -9999
2021 01 16 07   -11   -28 10016   240    26 -9999     0 -9999
2021 01 16 08    -6   -22 10017   230    26 -9999     0 -9999
2021 01 16 09    -6   -22 10013   230    36 -9999    -1 -9999
2021 01 16 10    -6   -22 10010   220    41 -9999     5 -9999
2021 01 16 11    -6   -22 10005   230    41 -9999     5 -9999
2021 01 16 12    -6   -22 10009 -9999    31     8     3    10
2021 01 16 13     0   -17 -9999   270    26 -9999    -1 -9999
2021 01 16 14    11    -6 10014   320    36 -9999    -1 -9999
2021 01 16 15    11    -6 10019   320    31 -9999     3 -9999
2021 01 16 16    17    -6 10024   310    41 -9999    -1 -9999
2021 01 16 17    17    -6 10026   320    41 -9999     0 -9999
2021 01 16 18    22    -6 10027   310    46     8     0     5
2021 01 16 19    22    -6 10026   320    46 -9999     0 -9999
2021 01 16 20    22    -6 10032   300    57 -9999     0 -9999
2021 01 16 21    22    -6 10039   310    51 -9999     0 -9999
2021 01 16 22    22   -11 10049   290    46 -9999     0 -9999
2021 01 16 23    22   -11 10057   290    57 -9999    -1 -9999
2021 01 17 00    22   -11 10059   300    36     8    -1    -1
2021 01 17 01    17   -11 10059   290    31 -9999    -1 -9999
2021 01 17 02    17   -11 10057   270    31 -9999     0 -9999
2021 01 17 03    17   -11 10059   280    36 -9999     0 -9999
2021 01 17 04    17   -17 10061   270    31 -9999     0 -9999
2021 01 17 05    11   -17 10060   250    26 -9999     0 -9999
2021 01 17 06    11   -11 10060   260    26     8     0    -1
2021 01 17 07    11   -11 10061   250    21 -9999    -1 -9999
2021 01 17 08     6   -17 10061   240    41 -9999    -1 -9999
2021 01 17 09     0   -17 -9999   250    31 -9999     0 -9999
2021 01 17 10     0   -17 10059   250    31 -9999     0 -9999
2021 01 17 11    -6   -22 10057   240    36 -9999    -1 -9999
2021 01 17 12   -11   -28 10058   230    26     8     3     3
2021 01 17 13   -11   -28 10061   240    26 -9999     3 -9999
2021 01 17 14   -17   -33 10064   230    31 -9999     5 -9999
2021 01 17 15   -17   -28 -9999   230    31 -9999    -1 -9999
2021 01 17 17   -11   -28 10065   250    26 -9999    -1 -9999
2021 01 17 18   -11   -28 10060   260    26     8    -1    10
2021 01 17 19   -11   -33 10054   240    31 -9999    -1 -9999
2021 01 17 20   -11   -28 10054   250    31 -9999    -1 -9999
2021 01 17 21    -6   -28 10056   250    31 -9999    -1 -9999
2021 01 17 22    -6   -28 10063   260    31 -9999    -1 -9999
2021 01 17 23    -6   -28 10067   260    21 -9999    -1 -9999
2021 01 18 00     0   -33 10072   310    46     8    -1    -1
2021 01 18 01    -6   -39 10075   310    36 -9999    -1 -9999
2021 01 18 02   -11   -39 10078   290    26 -9999    -1 -9999
2021 01 18 03   -11   -39 10079   290    26 -9999     0 -9999
2021 01 18 04   -17   -44 10079   300    31 -9999     0 -9999
2021 01 18 05   -22   -50 10082   290    36 -9999     0 -9999
2021 01 18 06   -28   -50 10083   270    26     4     0    -1
2021 01 18 07   -28   -44 10087   260    21 -9999     0 -9999
2021 01 18 08   -22   -44 10090   260    31 -9999    -1 -9999
2021 01 18 09   -22   -44 10089   250    31 -9999    -1 -9999
2021 01 18 10   -22   -44 10089   250    31 -9999     0 -9999
2021 01 18 11   -22   -50 10096   240    31 -9999     0 -9999
2021 01 18 12   -28   -50 10102   240    21     8     0     0
2021 01 18 13   -28   -56 10110   240    41 -9999     0 -9999
2021 01 18 14   -28   -56 10115   250    41 -9999     0 -9999
2021 01 18 15   -28   -50 10121   250    36 -9999    -1 -9999
2021 01 18 16   -22   -50 10127   250    46 -9999     0 -9999
2021 01 18 17   -17   -56 10129   260    41 -9999     0 -9999
2021 01 18 18   -11   -61 10123   270    51     8     0     0
2021 01 18 19   -17   -61 10123   250    46 -9999    -1 -9999
2021 01 18 20   -17   -61 10126   250    46 -9999    -1 -9999
2021 01 18 21   -22   -67 10133   270    67 -9999     0 -9999
2021 01 18 22   -28   -67 10142   270    67 -9999     0 -9999
2021 01 18 23   -28   -67 10150   250    41 -9999     0 -9999
2021 01 19 00   -28   -72 10157   280    62     8     0    -1
2021 01 19 01   -28   -78 10166   290    57 -9999     0 -9999
2021 01 19 02   -28   -83 10171   290    62 -9999     0 -9999
2021 01 19 03   -33   -94 10178   280    36 -9999     0 -9999
2021 01 19 04   -39   -94 10184   260    21     2     0 -9999
2021 01 19 05   -44   -94 10186   250    21     2     0 -9999
2021 01 19 06   -50   -94 10189   260    41     0     0 -9999
2021 01 19 07   -56   -94 10194   270    31     0     0 -9999
2021 01 19 08   -61   -94 10198   260    26     2     0 -9999
2021 01 19 09   -61   -94 10201   260    31 -9999     0 -9999
2021 01 19 10   -61   -94 10204   260    31 -9999     0 -9999
2021 01 19 11   -67  -100 10208   250    21 -9999     0 -9999
2021 01 19 12   -67  -100 10210   250    15     6     0 -9999
2021 01 19 13   -61   -94 10217   250    21 -9999     0 -9999
2021 01 19 14   -56   -94 10218   240    31 -9999     0 -9999
2021 01 19 15   -50   -94 10225   240    41 -9999     0 -9999
2021 01 19 16   -44   -89 10227   250    41 -9999     0 -9999
2021 01 19 17   -33   -83 10225   230    46 -9999     0 -9999
2021 01 19 18   -33   -83 10218   250    46     8     0 -9999
2021 01 19 19   -28   -78 10212   250    51 -9999    -1 -9999
2021 01 19 20   -28   -67 10209   230    46 -9999    -1 -9999
2021 01 19 21   -28   -56 10205   240    57 -9999    -1 -9999
2021 01 19 22   -22   -50 10197   220    51 -9999     3 -9999
2021 01 19 23   -17   -44 10198   230    51 -9999    -1 -9999
2021 01 20 00   -11   -39 10191   240    41     8    -1     3
2021 01 20 01    -6   -33 10187   250    51 -9999     3 -9999
2021 01 20 02     0   -28 10181   250    62 -9999    -1 -9999
2021 01 20 03     0   -22 10179   260    67 -9999    -1 -9999
2021 01 20 04   -28   -50 10197   350    77 -9999     8 -9999
2021 01 20 05   -33   -72 10218   320    82 -9999    -1 -9999
2021 01 20 06   -39   -83 10225   310    57     8    -1    10
2021 01 20 07   -50  -100 10232   330    62 -9999    -1 -9999
2021 01 20 08   -72  -128 10243   320    41     2    -1 -9999
2021 01 20 09   -83  -133 10251   310    36     2     0 -9999
2021 01 20 10   -89  -133 10252   300    36     2     0 -9999
2021 01 20 11   -94  -139 10249   300    26     2     0 -9999
2021 01 20 12  -100  -139 10247   230    15     2     0    -1
2021 01 20 13  -106  -139 10252   240    31     2     0 -9999
2021 01 20 14  -106  -133 10246   250    36     2     0 -9999
2021 01 20 15   -94  -128 10248 -9999    31 -9999     0 -9999
2021 01 20 16   -78  -128 10243   210    51     4     0 -9999
2021 01 20 17   -67  -122 10236   200    41     4     0 -9999
2021 01 20 18   -67  -128 10213   210    51     6     0 -9999
2021 01 20 19   -50  -111 10193   200    67 -9999     0 -9999
2021 01 20 20   -33  -100 10176   210    67 -9999     0 -9999
2021 01 20 21   -22   -89 10158   180    62     4     0 -9999
2021 01 20 22   -17   -78 10138   190    93     2     0 -9999
2021 01 20 23   -11   -67 10118   190    82     2     0 -9999
2021 01 21 00   -11   -61 10108   200    88     2     0 -9999
2021 01 21 01    -6   -56 10106   200    72     2     0 -9999
2021 01 21 02     0   -50 10090   210   108     2     0 -9999
2021 01 21 03     0   -44 10082   220    98     2     0 -9999
2021 01 21 04     6   -39 10079   220    77     2     0 -9999
2021 01 21 05    11   -39 10075   230    77 -9999     0 -9999
2021 01 21 06    11   -33 10068   230    51     6     0 -9999
2021 01 21 07    11   -33 10068   240    57     2     0 -9999
2021 01 21 08    11   -33 10065   240    57     2     0 -9999
2021 01 21 09    11   -39 10065   240    46     2     0 -9999
2021 01 21 10     0   -44 10067   240    36     2     0 -9999
2021 01 21 11     0   -50 10066   240    41     0     0 -9999
2021 01 21 12    -6   -50 10066   240    46     2     0 -9999
2021 01 21 13    -6   -56 10067   240    57     2     0 -9999
2021 01 21 14    -6   -56 10069   230    51     2     0 -9999
2021 01 21 15     0   -56 10069   250    57     2     0 -9999
2021 01 21 16    17   -56 10070   260    77     2     0 -9999
2021 01 21 17    22   -56 10070   260    93     0     0 -9999
2021 01 21 18    33   -56 10061   250    82     0     0 -9999
2021 01 21 19    39   -56 10054   250    98     0     0 -9999
2021 01 21 20    39   -50 10059   260   118     0     0 -9999
2021 01 21 21    33   -44 10063   260    88     0     0 -9999
2021 01 21 22    33   -44 10069   250    62     0     0 -9999
2021 01 21 23    22   -50 10071   260    62     2     0 -9999
2021 01 22 00    11   -44 10077   260    51     2     0 -9999
2021 01 22 01    11   -50 10084   260    82     2     0 -9999
2021 01 22 02    11   -50 10090   270    51 -9999     0 -9999
2021 01 22 03    11   -50 10094   270    57 -9999     0 -9999
2021 01 22 04     6   -56 10100   260    62 -9999     0 -9999
2021 01 22 05     0   -61 10107   280    41     2     0 -9999
2021 01 22 06   -11   -67 10111   280    57     2     0 -9999
2021 01 22 07   -22   -72 10117   280    62 -9999     0 -9999
2021 01 22 08   -28  -100 10128   330    72 -9999     0 -9999
2021 01 22 09   -44  -128 10138   320    51     0     0 -9999
2021 01 22 10   -61  -139 10148   320    88     0     0 -9999
2021 01 22 11   -78  -139 10158   330    46     0     0 -9999
2021 01 22 12   -89  -150 10173   330    41     0     0 -9999
2021 01 22 13   -94  -156 10181   330    51     2     0 -9999
2021 01 22 14  -100  -161 10194   300    62     2     0 -9999
2021 01 22 15   -94  -161 10205   300    62     2     0 -9999
2021 01 22 16   -94  -167 10215   300    57     2     0 -9999
2021 01 22 17   -89  -172 10219   300    57     2     0 -9999
2021 01 22 18   -78  -178 10217   290    51     2     0 -9999
2021 01 22 19   -72  -172 10215   310    46     2     0 -9999
2021 01 22 20   -72  -172 10219   320    51     2     0 -9999
2021 01 22 21   -72  -172 10224   290    36     2     0 -9999
2021 01 22 22   -83  -178 10234   270    46     0     0 -9999
2021 01 22 23   -89  -178 10242   290    51     0     0 -9999
2021 01 23 00   -94  -178 10249   290    46     0     0 -9999
2021 01 23 01   -94  -178 10253   300    31     0     0 -9999
2021 01 23 02   -94  -178 10257   280    26     0     0 -9999
2021 01 23 03  -100  -167 10265   260    26     0     0 -9999
2021 01 23 04  -106  -167 10269   260    15     0     0 -9999
2021 01 23 05  -111  -167 10272   240    15     0     0 -9999
2021 01 23 06  -111  -167 10274   250    15     0     0 -9999
2021 01 23 07  -111  -167 10274   250    15     0     0 -9999
2021 01 23 08  -117  -167 10279   250    21     0     0 -9999
2021 01 23 09  -117  -167 10284   280    21     0     0 -9999
2021 01 23 10  -122  -172 10285     0     0     0     0 -9999
2021 01 23 11  -122  -167 10288   240    15     0     0 -9999
2021 01 23 12  -122  -172 10297     0     0     2     0 -9999
2021 01 23 13  -122  -172 10299   250    15     2     0 -9999
2021 01 23 14  -117  -161 10295     0     0     2     0 -9999
2021 01 23 15   -94  -167 10297     0     0     4     0 -9999
2021 01 23 16   -67  -161 10304   220    31 -9999     0 -9999
2021 01 23 17   -44  -161 10302   200    41 -9999     0 -9999
2021 01 23 18   -33  -150 10291   210    36     6     0 -9999
2021 01 23 19   -22  -144 10284   210    41 -9999     0 -9999
2021 01 23 20   -17  -133 10276   210    31 -9999     0 -9999
2021 01 23 21   -17  -128 10274   170    31 -9999     0 -9999
2021 01 23 22   -11  -122 10272   160    31 -9999     0 -9999
2021 01 23 23   -17  -111 10264   140    31 -9999     0 -9999
2021 01 24 00   -17  -100 10263   150    31     6     0 -9999
2021 01 24 01   -17  -100 10260   150    26 -9999     0 -9999
2021 01 24 02   -22  -100 10253   150    41 -9999     0 -9999
2021 01 24 03   -22   -94 10251   150    46 -9999     0 -9999
2021 01 24 04   -22   -89 10246   140    41 -9999     0 -9999
2021 01 24 05   -17   -89 10240   140    26 -9999     0 -9999
2021 01 24 06   -17   -89 10233   150    31     8     0 -9999
2021 01 24 07   -11   -89 10225   140    41 -9999     0 -9999
2021 01 24 08   -11   -89 10219   130    41 -9999     0 -9999
2021 01 24 09   -11   -89 10214   140    31 -9999     0 -9999
2021 01 24 10   -11   -94 10205   150    36 -9999     0 -9999
2021 01 24 11   -11   -89 10197   160    31 -9999    -1 -9999
2021 01 24 12   -22   -61 10201   170    57     8     3     3
2021 01 24 13   -28   -50 10194   150    26 -9999    -1 -9999
2021 01 24 14   -28   -44 10194   150    26 -9999     3 -9999
2021 01 24 15   -22   -44 10196   170    21 -9999    -1 -9999
2021 01 24 16   -22   -39 10195   170    26 -9999    -1 -9999
2021 01 24 17   -17   -39 10192   180    31 -9999     0 -9999
2021 01 24 18   -11   -39 10183   220    31     8     0     3
2021 01 24 19     0   -33 10174 -9999    15 -9999     0 -9999
2021 01 24 20     6   -39 10173   260    26 -9999     0 -9999
2021 01 24 21    11   -39 10178   310    36 -9999     0 -9999
2021 01 24 22     6   -39 10181   320    26 -9999     0 -9999
2021 01 24 23     6   -39 10186   350    26 -9999     0 -9999
2021 01 25 00     0   -39 10189   340    36     8     0 -9999
2021 01 25 01     0   -39 10196   340    21 -9999     0 -9999
2021 01 25 02     0   -39 10201   350    26 -9999     0 -9999
2021 01 25 03    -6   -44 10198   360    31 -9999     0 -9999
2021 01 25 04    -6   -44 10194    20    36 -9999     0 -9999
2021 01 25 05    -6   -50 10195    50    41 -9999     0 -9999
2021 01 25 06   -11   -50 10193    10    36     8     0 -9999
2021 01 25 07   -11   -50 10200   340    26 -9999     0 -9999
2021 01 25 08   -11   -50 10206   360    36 -9999     0 -9999
2021 01 25 09   -17   -56 10203   350    51 -9999     0 -9999
2021 01 25 10   -17   -56 10187    20    46 -9999     0 -9999
2021 01 25 11   -22   -56 10191    10    46 -9999     0 -9999
2021 01 25 12   -17   -61 10195   360    46     8     0 -9999
2021 01 25 13   -17   -56 10186    10    62 -9999    -1 -9999
2021 01 25 14   -17   -56 10192    10    46 -9999     0 -9999
2021 01 25 15   -11   -56 10172    20    62 -9999     0 -9999
2021 01 25 16   -11   -56 10186   360    46 -9999     0 -9999
2021 01 25 17    -6   -50 10178    30    26 -9999     0 -9999
2021 01 25 18    11   -28 10152    80    46     8     0     0
2021 01 25 19    11   -33 10138    60    72 -9999     0 -9999
2021 01 25 20     6   -39 10134    70    62 -9999     0 -9999
2021 01 25 21     6   -50 10139    60    93 -9999     0 -9999
2021 01 25 22     6   -50 10135    50    77 -9999     0 -9999
2021 01 25 23     0   -44 10132    60    82 -9999    -1 -9999
2021 01 26 00     0   -33 10126    60    88     8     5     3
2021 01 26 01    -6   -28 10122    70    67 -9999     3 -9999
2021 01 26 02     0   -28 10108    60   103 -9999    -1 -9999
2021 01 26 03     0   -33 10103    60    77 -9999    -1 -9999
2021 01 26 04     0   -28 10087    70   108 -9999    -1 -9999
2021 01 26 05    -6   -28 10081    60    93 -9999    -1 -9999
2021 01 26 06    -6   -22 10082    60    72     8     5     8
2021 01 26 07    -6   -22 10073    50    77 -9999     8 -9999
2021 01 26 08    -6   -22 10067    60    98 -9999     5 -9999
2021 01 26 09    -6   -22 10067    50    77 -9999     3 -9999
2021 01 26 10   -11   -28 10066    60    77 -9999    -1 -9999
2021 01 26 11   -11   -28 10068    50    77 -9999    -1 -9999
2021 01 26 12   -11   -28 10071    40    88     8    -1    20
2021 01 26 13    -6   -33 10071    50    82 -9999    -1 -9999
2021 01 26 14   -11   -28 10078    50    67 -9999     3 -9999
2021 01 26 15    -6   -22 10088    40    72 -9999    10 -9999
2021 01 26 16    -6   -22 10102    20    82 -9999     3 -9999
2021 01 26 17    -6   -28 10112    20   103 -9999    -1 -9999
2021 01 26 18    -6   -28 10121    20    67     8    -1    20
2021 01 26 19     0   -28 10124    20    88 -9999     3 -9999
2021 01 26 20     0   -28 10134    20    88 -9999    -1 -9999
2021 01 26 21     0   -22 10147    10    67 -9999    -1 -9999
2021 01 26 22   -11   -39 10164   340    67 -9999    -1 -9999
2021 01 26 23   -11   -44 10177   360    88 -9999    -1 -9999
2021 01 27 00   -17   -50 10188   360    93     8    -1     3
2021 01 27 01   -22   -56 10200   350    72 -9999     0 -9999
2021 01 27 02   -28   -67 10210   350    98 -9999     0 -9999
2021 01 27 03   -39   -78 10218   350    88 -9999     0 -9999
2021 01 27 04   -39   -78 10224   360    82 -9999     0 -9999
2021 01 27 05   -39   -83 10231   350    57 -9999     0 -9999
2021 01 27 06   -39   -89 10239   330    51     8     0 -9999
2021 01 27 07   -39   -89 10248   330    46 -9999     0 -9999
2021 01 27 08   -44   -94 10259   330    46 -9999     0 -9999
2021 01 27 09   -50  -100 10262   330    46 -9999     0 -9999
2021 01 27 10   -61  -100 10259   350    41 -9999     0 -9999
2021 01 27 11   -61  -100 10240    10    62 -9999     0 -9999
2021 01 27 12   -61  -100 10265   330    36     6     0 -9999
2021 01 27 13   -67  -100 10269   350    51 -9999     0 -9999
2021 01 27 14   -61  -100 10271   350    57 -9999     0 -9999
2021 01 27 15   -56   -94 10277    10    57 -9999     0 -9999
2021 01 27 16   -56   -94 10281   350    51 -9999     0 -9999
2021 01 27 17   -44   -83 10285   350    51 -9999    -1 -9999
2021 01 27 18   -44   -83 10283   360    41     8    -1     0
2021 01 27 19   -33   -78 10278   350    51 -9999    -1 -9999
2021 01 27 20   -28   -78 10280   350    57 -9999    -1 -9999
2021 01 27 21   -28   -78 10283   350    67 -9999     0 -9999
2021 01 27 22   -33   -83 10290   360    41 -9999     0 -9999
2021 01 27 23   -39   -89 10297   350    41 -9999     0 -9999
2021 01 28 00   -56  -117 10308   330    57     6     0     0
2021 01 28 01   -72  -128 10318   340    41 -9999     0 -9999
2021 01 28 02   -83  -139 10327   340    57     2     0 -9999
2021 01 28 03   -89  -144 10334   340    46     2     0 -9999
2021 01 28 04   -94  -144 10337   340    51     2     0 -9999
2021 01 28 05   -89  -144 10341   330    41 -9999     0 -9999
2021 01 28 06  -100  -144 10344   330    51     4     0 -9999
2021 01 28 07  -100  -150 10344   320    46     2     0 -9999
2021 01 28 08  -106  -150 10351   310    41     0     0 -9999
2021 01 28 09  -111  -156 10353   310    36     0     0 -9999
2021 01 28 10  -111  -161 10364   320    36     0     0 -9999
2021 01 28 11  -117  -161 10367   320    26     0     0 -9999
2021 01 28 12  -133  -172 10368   330    21     0     0 -9999
2021 01 28 13  -133  -172 10370   330    26     2     0 -9999
2021 01 28 14  -122  -167 10382   330    31     2     0 -9999
2021 01 28 15  -100  -161 10389   310    31 -9999     0 -9999
2021 01 28 16   -78  -150 10398   320    21 -9999     0 -9999
2021 01 28 17   -61  -150 10386    30    26     4     0 -9999
2021 01 28 18   -56  -156 10389   340    26     6     0 -9999
2021 01 28 19   -50  -156 10381   310    31 -9999     0 -9999
2021 01 28 20   -39  -156 10374   330    21     4     0 -9999
2021 01 28 21   -39  -150 10371   300    26     2     0 -9999
2021 01 28 22   -39  -156 10370   290    15     4     0 -9999
2021 01 28 23   -50  -150 10367   260    21     4     0 -9999
2021 01 29 00   -61  -150 10357   250    15     2     0 -9999
2021 01 29 01   -67  -144 10359   270    21     0     0 -9999
2021 01 29 02   -78  -144 10363   270    15     2     0 -9999
2021 01 29 03   -83  -144 10356     0     0     0     0 -9999
2021 01 29 04   -83  -139 10348   260    15 -9999     0 -9999
2021 01 29 05   -83  -133 10348     0     0 -9999     0 -9999
2021 01 29 06   -78  -128 10342     0     0     8     0 -9999
2021 01 29 07   -78  -128 10336     0     0 -9999     0 -9999
2021 01 29 08   -72  -128 10332     0     0 -9999     0 -9999
2021 01 29 09   -72  -128 10327     0     0 -9999     0 -9999
2021 01 29 10   -72  -122 10325     0     0 -9999     0 -9999
2021 01 29 11   -78  -128 10322     0     0 -9999     0 -9999
2021 01 29 12   -78  -128 10321     0     0     6     0 -9999
2021 01 29 13   -83  -128 10323   150    15     4     0 -9999
2021 01 29 14   -72  -122 10320   150    26     2     0 -9999
2021 01 29 15   -61  -128 10318   160    31     2     0 -9999
2021 01 29 16   -44  -128 10316   160    36     2     0 -9999
2021 01 29 17   -33  -133 10308   160    41     2     0 -9999
2021 01 29 18   -22  -128 10294   160    36     2     0 -9999
2021 01 29 19   -11  -122 10282   140    51     2     0 -9999
2021 01 29 20    -6  -117 10275   140    46 -9999     0 -9999
2021 01 29 21     0  -106 10270   130    36 -9999     0 -9999
2021 01 29 22    -6  -106 10272   140    41 -9999     0 -9999
2021 01 29 23    -6   -94 10272   150    41 -9999     0 -9999
2021 01 30 00   -11   -83 10266   130    31     6     0 -9999
2021 01 30 01   -17   -78 10260   120    36 -9999     0 -9999
2021 01 30 02   -22   -72 10260   110    26 -9999     0 -9999
2021 01 30 03   -22   -67 10256   110    31 -9999     0 -9999
2021 01 30 04   -11   -61 10252   120    36 -9999     0 -9999
2021 01 30 05   -11   -72 10250   130    46 -9999     0 -9999
2021 01 30 06   -11   -72 10242   140    51     8     0 -9999
2021 01 30 07   -17   -72 10239   130    41 -9999     0 -9999
2021 01 30 08   -17   -78 10233   130    41 -9999     0 -9999
2021 01 30 09   -17   -72 10230   130    57 -9999     0 -9999
2021 01 30 10   -17   -78 10232   130    41 -9999     0 -9999
2021 01 30 11   -11   -72 10221   130    57 -9999     0 -9999
2021 01 30 12   -11   -72 10206   130    77     8     0 -9999
2021 01 30 13   -11   -78 10197   140    72 -9999     0 -9999
2021 01 30 14   -11   -78 10199   120    46 -9999     0 -9999
2021 01 30 15    -6   -72 10199   130    62 -9999     0 -9999
2021 01 30 16     0   -72 10200   140    72 -9999     0 -9999
2021 01 30 17     0   -67 10195   120    77 -9999     0 -9999
2021 01 30 18     6   -67 10178   120    82     8     0 -9999
2021 01 30 19     6   -61 10163   110    77 -9999     0 -9999
2021 01 30 20     6   -56 10142   110    88 -9999    -1 -9999
2021 01 30 21    11   -56 10154   120    57 -9999    -1 -9999
2021 01 30 22     0   -33 -9999   110    93 -9999    -1 -9999
2021 01 30 23   -11   -28 10138   110   108 -9999     3 -9999
2021 01 31 00    -6   -28 10131   110   103     8     3     8
2021 01 31 01   -11   -28 10128   110    98 -9999     3 -9999
2021 01 31 02   -11   -28 10129   110   108     9     8 -9999
2021 01 31 03   -11   -28 10121   100    77     9    10 -9999
2021 01 31 04   -11   -28 10115   100    88     9    10 -9999
2021 01 31 05   -11   -28 10111   100    82     9    13 -9999
2021 01 31 06   -11   -28 10103    90    82     8     5    50
2021 01 31 07   -11   -28 10100    90    51 -9999     5 -9999
2021 01 31 08   -11   -28 10098    80    72 -9999     5 -9999
2021 01 31 09   -11   -28 10097    80    67 -9999     5 -9999
2021 01 31 10   -11   -28 10097    80    62 -9999     5 -9999
2021 01 31 11   -11   -28 10099    80    77 -9999    -1 -9999
2021 01 31 12   -11   -28 10102    80    67     8     3    30
2021 01 31 13   -11   -28 10108    60    72 -9999    -1 -9999
2021 01 31 14    -6   -28 10115    70    62 -9999    -1 -9999
2021 01 31 15    -6   -22 10118    60    67 -9999     3 -9999
2021 01 31 16    -6   -22 10127    50    72 -9999     3 -9999
2021 01 31 17     0   -17 10137    30    62 -9999    -1 -9999
2021 01 31 18     0   -17 10139    20    82     8    -1     5
2021 01 31 19    -6   -22 10141    20    88 -9999    -1 -9999
2021 01 31 20     0   -17 10143    30    88 -9999    -1 -9999
2021 01 31 21     0   -17 10150    30    98 -9999    -1 -9999
2021 01 31 22     0   -17 -9999    20    98 -9999    -1 -9999
2021 01 31 23     0   -17 10169    20    98 -9999     3 -9999
2021 02 01 00     0   -22 10179    20    88     8     3     5
2021 02 01 01     0   -22 10184    20    82 -9999    -1 -9999
2021 02 01 02     0   -22 10187    10    82 -9999    -1 -9999
2021 02 01 03    -6   -28 10190    10    77 -9999     0 -9999
2021 02 01 04     0   -39 10191    10    72 -9999     0 -9999
2021 02 01 05    -6   -33 10193   330    46 -9999     0 -9999
2021 02 01 06    -6   -28 10197   340    67     8     0    -1
2021 02 01 07   -11   -33 10200   360    72 -9999     0 -9999
2021 02 01 08   -22   -44 10205   340    46 -9999     0 -9999
2021 02 01 09   -22   -50 10208   330    57 -9999     0 -9999
2021 02 01 10   -28   -56 10210   340    62 -9999     0 -9999
2021 02 01 11   -33   -61 10213   330    46 -9999     0 -9999
2021 02 01 12   -28   -56 10219   340    57     8     0 -9999
2021 02 01 13   -33   -61 10225   330    51 -9999     0 -9999
2021 02 01 14   -39   -67 10230   340    57 -9999     0 -9999
2021 02 01 15   -39   -67 10233   340    51 -9999     0 -9999
2021 02 01 16   -28   -67 10236   340    57 -9999     0 -9999
2021 02 01 17   -11   -50 10239   340    46 -9999     0 -9999
2021 02 01 18    -6   -50 10231   350    51     4     0 -9999
2021 02 01 19     0   -50 10227   340    62 -9999     0 -9999
2021 02 01 20     0   -56 10226   350    67 -9999     0 -9999
2021 02 01 21     0   -56 10229   360    67     4     0 -9999
2021 02 01 22     0   -61 10229   350    41     2     0 -9999
2021 02 01 23    -6   -67 10234   340    41     2     0 -9999
2021 02 02 00   -17   -72 10238   320    41     2     0 -9999
2021 02 02 01   -28  -106 10244   320    51     2     0 -9999
2021 02 02 02   -39  -100 10247   320    46     0     0 -9999
2021 02 02 03   -44   -94 10247   330    36     0     0 -9999
2021 02 02 04   -44   -89 10246   320    36     2     0 -9999
2021 02 02 05   -50   -89 10247   330    36     2     0 -9999
2021 02 02 06   -56   -94 10247   300    26     2     0 -9999
2021 02 02 07   -56   -89 10246   320    36     2     0 -9999
2021 02 02 08   -50   -83 10247   320    36     2     0 -9999
2021 02 02 09   -56   -89 10243   310    36     2     0 -9999
2021 02 02 10   -61   -89 10242   320    41     2     0 -9999
2021 02 02 11   -61   -89 10243   310    36     2     0 -9999
2021 02 02 12   -61   -89 10245   310    36     2     0 -9999
2021 02 02 13   -61   -89 10247   320    41     2     0 -9999
2021 02 02 14   -56   -83 10250   310    46     2     0 -9999
2021 02 02 15   -33   -72 10252   320    41     4     0 -9999
2021 02 02 16   -11   -61 10251   330    57 -9999     0 -9999
2021 02 02 17     0   -61 10249   320    57 -9999     0 -9999
2021 02 02 18     0   -67 10246   340    57     8     0 -9999
2021 02 02 19     6   -61 10239   320    57 -9999     0 -9999
2021 02 02 20     0   -67 10233   340    36 -9999     0 -9999
2021 02 02 21     0   -61 10235   350    62 -9999     0 -9999
2021 02 02 22    -6   -61 10237   360    62 -9999     0 -9999
2021 02 02 23   -11   -67 10238   340    51 -9999     0 -9999
2021 02 03 00   -11   -67 10235   350    41     8     0 -9999
2021 02 03 01   -17   -61 10234   350    51 -9999     0 -9999
2021 02 03 02   -33   -83 10235   350    36     2     0 -9999
2021 02 03 03   -33   -78 10236   310    31     2     0 -9999
2021 02 03 04   -39   -78 10235   310    21 -9999     0 -9999
2021 02 03 05   -50   -83 10234   310    26     4     0 -9999
2021 02 03 06   -56   -94 10229     0     0     2     0 -9999
2021 02 03 07   -67  -100 10223     0     0     2     0 -9999
2021 02 03 08   -67  -106 10223   270    15     2     0 -9999
2021 02 03 09   -78  -106 10223   280    21     0     0 -9999
2021 02 03 10   -72  -100 10222   280    31     0     0 -9999
2021 02 03 11   -78  -106 10223   290    26     0     0 -9999
2021 02 03 12   -83  -111 10225   270    26     0     0 -9999
2021 02 03 13   -83  -117 10224   290    15     0     0 -9999
2021 02 03 14   -83   -94 10222   280    15     0     0 -9999
2021 02 03 15   -67   -78 10219     0     0     2     0 -9999
2021 02 03 16   -33   -72 10218   260    21     2     0 -9999
2021 02 03 17     0   -67 10210     0     0     2     0 -9999
2021 02 03 18    17   -67 10203     0     0     2     0 -9999
2021 02 03 19    11   -78 10196     0     0     2     0 -9999
2021 02 03 20    17   -72 10187   180    21     2     0 -9999
2021 02 03 21    17   -72 10182   220    36     2     0 -9999
2021 02 03 22    11   -72 10179   210    26     4     0 -9999
2021 02 03 23     0   -67 10176   220    21 -9999     0 -9999
2021 02 04 00    -6   -61 10172   190    41     8     0 -9999
2021 02 04 01   -17   -67 10169   170    41 -9999     0 -9999
2021 02 04 02   -22   -72 10167   170    36 -9999     0 -9999
2021 02 04 03   -22   -67 10160   170    31 -9999     0 -9999
2021 02 04 04   -22   -56 10149   170    46 -9999     0 -9999
2021 02 04 05   -17   -56 10143   180    46 -9999     0 -9999
2021 02 04 06   -11   -50 10133   170    31     8     0 -9999
2021 02 04 07    -6   -50 10128   180    46 -9999     0 -9999
2021 02 04 08    -6   -44 10123   170    41 -9999     0 -9999
2021 02 04 09    -6   -50 10117   180    41 -9999     0 -9999
2021 02 04 10    -6   -50 10110   180    46 -9999     0 -9999
2021 02 04 11     0   -44 10101   170    46 -9999     0 -9999
2021 02 04 12     0   -44 10086   170    57     8     0 -9999
2021 02 04 13     0   -44 10075   170    51 -9999     0 -9999
2021 02 04 14    11   -50 10070   180    67 -9999     0 -9999
2021 02 04 15    11   -44 10056   170    67 -9999     0 -9999
2021 02 04 16    22   -44 10038   170    72 -9999     0 -9999
2021 02 04 17    33   -44 10021   170    77 -9999     0 -9999
2021 02 04 18    33   -44 10005   170    82     8     0 -9999
2021 02 04 19    28   -33  9987   190    67 -9999    -1 -9999
2021 02 04 20     6   -11 -9999   150    62 -9999    -1 -9999
2021 02 04 21    11    -6  9943   160    67 -9999     5 -9999
2021 02 04 22     6   -11 -9999   180    67 -9999    -1 -9999
2021 02 04 23     6   -11  9922   180    51 -9999    13 -9999
2021 02 05 00    11   -11  9915   210    57     8    -1    40
2021 02 05 01     6   -11  9920   250    98 -9999    -1 -9999
2021 02 05 02    -6   -28 -9999   270    72 -9999    -1 -9999
2021 02 05 03   -33   -56  9949   260    88 -9999    -1 -9999
2021 02 05 04   -44   -78 -9999   270    93 -9999    -1 -9999
2021 02 05 05   -61   -94  9977   280    93 -9999    -1 -9999
2021 02 05 06   -72  -111  9991   270   118     8    -1     3
2021 02 05 07   -83  -122  9999   270   108 -9999    -1 -9999
2021 02 05 08   -94  -133 10009   270    82 -9999    -1 -9999
2021 02 05 09  -106  -144 10018   260    67 -9999     0 -9999
2021 02 05 10  -111  -150 10024   250    82     4     0 -9999
2021 02 05 11  -111  -156 10028   250    88     2     0 -9999
2021 02 05 12  -117  -156 10030   250    67     4     0    -1
2021 02 05 13  -117  -161 10036   250    82     4     0 -9999
2021 02 05 14  -117  -161 10042   250    77     2     0 -9999
2021 02 05 15  -111  -167 10046   260    72     2     0 -9999
2021 02 05 16  -111  -167 10049   250    72     2     0 -9999
2021 02 05 17  -106  -167 10060   260    77     2     0 -9999
2021 02 05 18  -106  -161 10061   250    88     2     0 -9999
2021 02 05 19  -106  -156 10059   250   103     2     0 -9999
2021 02 05 20  -100  -156 10059   240    77     2     0 -9999
2021 02 05 21  -100  -156 10065   250   118     2     0 -9999
2021 02 05 22  -106  -161 10074   240   103     4     0 -9999
2021 02 05 23  -111  -161 10081   250    77     2     0 -9999
2021 02 06 00  -111  -167 10086   250    88     2     0 -9999
2021 02 06 01  -117  -167 10096   260    82     2     0 -9999
2021 02 06 02  -122  -172 10104   270    77     2     0 -9999
2021 02 06 03  -122  -172 10112   260    77     2     0 -9999
2021 02 06 04  -122  -172 10121   260    72     2     0 -9999
2021 02 06 05  -128  -172 10126   280    67     0     0 -9999
2021 02 06 06  -133  -178 10133   270    72     0     0 -9999
2021 02 06 07  -133  -178 10134   270    46     0     0 -9999
2021 02 06 08  -133  -183 10141   250    36     0     0 -9999
2021 02 06 09  -139  -183 10149   240    41     0     0 -9999
2021 02 06 10  -144  -183 10156   250    41     0     0 -9999
2021 02 06 11  -150  -189 10163   250    26     0     0 -9999
2021 02 06 12  -150  -189 10170   250    31     0     0 -9999
2021 02 06 13  -156  -194 10177   230    31     2     0 -9999
2021 02 06 14  -156  -189 10190   240    36     2     0 -9999
2021 02 06 15  -144  -189 10199   270    51 -9999     0 -9999
2021 02 06 16  -128  -183 10205   260    41 -9999     0 -9999
2021 02 06 17  -128  -183 10210   270    41 -9999     0 -9999
2021 02 06 18  -117  -178 10204 -9999    26     8     0 -9999
2021 02 06 19  -117  -183 10205   260    41 -9999     0 -9999
2021 02 06 20  -111  -183 10194   250    41 -9999     0 -9999
2021 02 06 21  -111  -161 -9999   240    31 -9999    -1 -9999
2021 02 06 22  -117  -150 10193   250    31 -9999     5 -9999
2021 02 06 23  -122  -156 10197   270    51     9     5 -9999
2021 02 07 00  -122  -156 10198   240    41     8     5    10
2021 02 07 01  -128  -161 10195   250    36 -9999    -1 -9999
2021 02 07 02  -128  -167 10201   280    46 -9999     3 -9999
2021 02 07 03  -133  -172 10206   270    57 -9999    -1 -9999
2021 02 07 04  -139  -183 10208   280    57 -9999    -1 -9999
2021 02 07 05  -150  -189 10206   290    46 -9999     0 -9999
2021 02 07 06  -167  -222 10211   290    57     4     0     5
2021 02 07 07  -172  -228 10214   300    57     2     0 -9999
2021 02 07 08  -183  -239 10219   300    51     2     0 -9999
2021 02 07 09  -194  -244 10224   300    46     0     0 -9999
2021 02 07 10  -200  -250 10226   300    46     0     0 -9999
2021 02 07 11  -206  -256 10236   300    41     0     0 -9999
2021 02 07 12  -211  -256 10241   300    41     0     0 -9999
2021 02 07 13  -217  -261 10247   310    41     0     0 -9999
2021 02 07 14  -211  -256 10251   300    41     2     0 -9999
2021 02 07 15  -206  -256 10260   300    57     2     0 -9999
2021 02 07 16  -189  -256 10263   320    41     4     0 -9999
2021 02 07 17  -178  -250 10269   260    36 -9999     0 -9999
2021 02 07 18  -172  -250 10263   290    36     6     0     0
2021 02 07 19  -161  -250 10254   310    41 -9999     0 -9999
2021 02 07 20  -150  -250 10256   310    41 -9999     0 -9999
2021 02 07 21  -150  -244 10258 -9999    26 -9999     0 -9999
2021 02 07 22  -161  -239 10264   260    46 -9999     0 -9999
2021 02 07 23  -167  -239 10268   240    46 -9999     0 -9999
2021 02 08 00  -172  -244 10267   250    26     6     0 -9999
2021 02 08 01  -178  -239 10274   250    26 -9999     0 -9999
2021 02 08 02  -178  -233 10277   240    26 -9999     0 -9999
2021 02 08 03  -172  -233 10278   260    21 -9999     0 -9999
2021 02 08 04  -178  -233 10279   260    26 -9999     0 -9999
2021 02 08 05  -178  -233 10280   250    21 -9999     0 -9999
2021 02 08 06  -172  -228 10280     0     0     8     0 -9999
2021 02 08 07  -167  -228 10279     0     0 -9999     0 -9999
2021 02 08 08  -167  -239 10277   300    15 -9999     0 -9999
2021 02 08 09  -167  -233 10283   290    15 -9999     0 -9999
2021 02 08 10  -161  -228 10282   350    15 -9999     0 -9999
2021 02 08 11  -167  -228 10280   350    21 -9999     0 -9999
2021 02 08 12  -161  -228 10283   350    26     8     0 -9999
2021 02 08 13  -161  -228 10282     0     0 -9999    -1 -9999
2021 02 08 14  -156  -211 10285     0     0 -9999    -1 -9999
2021 02 08 15  -150  -200 10285   360    21 -9999    -1 -9999
2021 02 08 16  -133  -183 10283     0     0 -9999    -1 -9999
2021 02 08 17  -117  -167 10281     0     0 -9999    -1 -9999
2021 02 08 18  -111  -161 10275     0     0     8    -1    -1
2021 02 08 19  -100  -156 10262     0     0 -9999    -1 -9999
2021 02 08 20  -100  -139 10258     0     0     9     3 -9999
2021 02 08 21  -100  -144 10257     0     0 -9999     3 -9999
2021 02 08 22  -100  -133 10254   340    21     9     3 -9999
2021 02 08 23  -106  -133 10261   320    26     9     5 -9999
2021 02 09 00  -111  -139 10261   360    46     8     5    20
2021 02 09 01  -117  -150 -9999   350    36 -9999    -1 -9999
2021 02 09 02  -117  -150 10266   320    36 -9999     3 -9999
2021 02 09 03  -133  -167 10267   340    31 -9999    -1 -9999
2021 02 09 04  -133  -172 10272   350    26 -9999    -1 -9999
2021 02 09 05  -128  -161 10269   340    41 -9999    -1 -9999
2021 02 09 06  -128  -161 10275   350    51     8    -1     5
2021 02 09 07  -133  -167 10270   360    36 -9999    -1 -9999
2021 02 09 08  -139  -189 10275   330    57 -9999     0 -9999
2021 02 09 09  -167  -217 10275   340    36     2     0 -9999
2021 02 09 10  -167  -217 10272   350    51     0     0 -9999
2021 02 09 11  -167  -217 10277   340    36 -9999     0 -9999
2021 02 09 12  -172  -222 10282   340    57     2     0    -1
2021 02 09 13  -172  -228 10291   340    41     2     0 -9999
2021 02 09 14  -178  -228 10296   360    72     2     0 -9999
2021 02 09 15  -167  -228 10302   350    51     2     0 -9999
2021 02 09 16  -144  -222 10303   350    51     2    -1 -9999
2021 02 09 17  -128  -222 10304   360    36     2     0 -9999
2021 02 09 18  -111  -217 10300   360    36     6     0 -9999
2021 02 09 19  -100  -211 10291   350    21     4     0 -9999
2021 02 09 20   -89  -217 10286    10    15     2     0 -9999
2021 02 09 21   -89  -200 10292   300    26     2     0 -9999
2021 02 09 22   -83  -217 10294   320    36     2     0 -9999
2021 02 09 23   -89  -211 10294   320    26     2     0 -9999
2021 02 10 00  -106  -200 10298   300    31     2     0 -9999
2021 02 10 01  -128  -200 10309   300    36     2     0 -9999
2021 02 10 02  -139  -211 10308   310    36     4     0 -9999
2021 02 10 03  -139  -217 10307   300    31     4     0 -9999
2021 02 10 04  -139  -211 10307   290    26 -9999     0 -9999
2021 02 10 05  -144  -217 10306   310    31 -9999     0 -9999
2021 02 10 06  -144  -217 10308 -9999    15     6     0 -9999
2021 02 10 07  -144  -211 10314   260    26 -9999     0 -9999
2021 02 10 08  -144  -206 10315   310    21 -9999     0 -9999
2021 02 10 09  -144  -206 10312   310    21 -9999     0 -9999
2021 02 10 10  -139  -206 10307   340    31 -9999     0 -9999
2021 02 10 11  -139  -194 10304   360    36 -9999     0 -9999
2021 02 10 12  -133  -200 10300    10    41 -9999     0 -9999
2021 02 10 13  -133  -189 10301   360    21 -9999     0 -9999
2021 02 10 14  -128  -189 10310     0     0 -9999     0 -9999
2021 02 10 15  -122  -183 10309   320    21 -9999     0 -9999
2021 02 10 16  -117  -178 10302   300    21 -9999    -1 -9999
2021 02 10 17  -111  -156 10302   310    31 -9999    -1 -9999
2021 02 10 18  -106  -139 10299   320    46 -9999     3     3
2021 02 10 19  -100  -133 10291   320    31 -9999     5 -9999
2021 02 10 20   -94  -133 10287   340    41 -9999    -1 -9999
2021 02 10 21   -89  -139 10284   340    36 -9999    -1 -9999
2021 02 10 22   -94  -172 10285   360    57 -9999    -1 -9999
2021 02 10 23   -94  -189 10284   350    41 -9999    -1 -9999
2021 02 11 00   -94  -183 10285   350    46     8     0     5
2021 02 11 01  -100  -178 10291   350    46 -9999     0 -9999
2021 02 11 02  -111  -183 10294   360    46 -9999     0 -9999
2021 02 11 03  -111  -183 10299   360    46 -9999     0 -9999
2021 02 11 04  -117  -189 10304   350    62 -9999     0 -9999
2021 02 11 05  -122  -189 10307   350    62 -9999     0 -9999
2021 02 11 06  -128  -200 10317   350    57 -9999     0 -9999
2021 02 11 07  -139  -206 10309   350    57     2     0 -9999
2021 02 11 08  -144  -211 10310   350    67     2     0 -9999
2021 02 11 09  -144  -211 10312   340    57     2     0 -9999
2021 02 11 10  -150  -222 10313   340    46     2     0 -9999
2021 02 11 11  -156  -217 10317   350    46 -9999     0 -9999
2021 02 11 12  -156  -211 10320   340    46     2     0 -9999
2021 02 11 13  -161  -217 10321   350    51     2     0 -9999
2021 02 11 14  -167  -211 10324   350    41 -9999     0 -9999
2021 02 11 15  -128  -183 10323   350    36     4     0 -9999
2021 02 11 16   -94  -156 10321   350    41     4    -1 -9999
2021 02 11 17   -78  -139 10319   360    57 -9999    -1 -9999
2021 02 11 18   -67  -128 10309    10    46 -9999    -1    -1
2021 02 11 19   -61  -106 10304    40    67 -9999    -1 -9999
2021 02 11 20   -61  -106 10299    30    72 -9999     3 -9999
2021 02 11 21   -67  -100 10299    30    72 -9999    -1 -9999
2021 02 11 22   -67  -100 10305    30    77 -9999    -1 -9999
2021 02 11 23   -72  -106 10303    10    57 -9999    -1 -9999
2021 02 12 00   -78  -111 10296    10    57 -9999    -1 -9999
2021 02 12 01   -83  -117 10294    10    67 -9999    -1 -9999
2021 02 12 02   -83  -117 10292   340    51 -9999    -1 -9999
2021 02 12 03   -83  -117 10292   320    41 -9999    -1 -9999
2021 02 12 04   -89  -122 10289   320    31 -9999    -1 -9999
2021 02 12 05   -94  -122 10288   320    15 -9999    -1 -9999
2021 02 12 06  -100  -128 -9999   340    31 -9999    -1    -1
2021 02 12 07  -106  -133 10287   330    36 -9999    -1 -9999
2021 02 12 08  -106  -139 10291   330    36 -9999     0 -9999
2021 02 12 09  -117  -150 10295   330    51 -9999     0 -9999
2021 02 12 10  -117  -150 10289   330    36 -9999     0 -9999
2021 02 12 11  -122  -156 10283   350    36 -9999     0 -9999
2021 02 12 12  -117  -150 10288   310    31 -9999     0    -1
2021 02 12 13  -122  -156 10295   300    36 -9999     0 -9999
2021 02 12 14  -117  -150 10291   320    31 -9999     0 -9999
2021 02 12 15  -122  -161 10302   310    46 -9999     0 -9999
2021 02 12 16  -106  -150 10301   310    31 -9999     0 -9999
2021 02 12 17   -89  -144 10296   320    36 -9999     0 -9999
2021 02 12 18   -89  -150 10296   310    51 -9999     0 -9999
2021 02 12 19   -94  -156 10294   320    41 -9999     0 -9999
2021 02 12 20   -94  -156 10293   310    57 -9999     0 -9999
2021 02 12 21   -94  -161 10294   310    51 -9999     0 -9999
2021 02 12 22  -100  -172 10297   340    51 -9999     0 -9999
2021 02 12 23  -111  -172 10301   330    51 -9999     0 -9999
2021 02 13 00  -111  -178 10305   340    41 -9999     0 -9999
2021 02 13 01  -122  -183 10310   330    46 -9999     0 -9999
2021 02 13 02  -122  -183 10310   340    46 -9999     0 -9999
2021 02 13 03  -122  -183 10307   350    57 -9999     0 -9999
2021 02 13 04  -128  -178 10310   340    41 -9999    -1 -9999
2021 02 13 05  -133  -172 10304   320    51 -9999     3 -9999
2021 02 13 06  -133  -178 10298   320    46 -9999    -1     3
2021 02 13 07  -139  -183 10301   320    51 -9999    -1 -9999
2021 02 13 08  -144  -183 10299   320    57 -9999     3 -9999
2021 02 13 09  -150  -189 10295   320    57 -9999    -1 -9999
2021 02 13 10  -150  -189 10285   330    51 -9999    -1 -9999
2021 02 13 11  -150  -183 -9999   350    46 -9999    -1 -9999
2021 02 13 12  -150  -189 10280   340    51     8     3     5
2021 02 13 13  -150  -189 -9999   330    36 -9999    -1 -9999
2021 02 13 14  -150  -178 10286   330    36 -9999     3 -9999
2021 02 13 15  -144  -178 10283   320    36 -9999     3 -9999
2021 02 13 16  -139  -178 10277   340    46 -9999     3 -9999
2021 02 13 17  -128  -167 10271   330    41 -9999     3 -9999
2021 02 13 18  -122  -156 10267   300    36     8     3     8
2021 02 13 19  -117  -150 10256   300    51 -9999     3 -9999
2021 02 13 20  -111  -150 10255   310    31 -9999     3 -9999
2021 02 13 21  -122  -161 -9999   310    51 -9999     2 -9999
2021 02 13 22  -128  -167 10262   300    46 -9999     3 -9999
2021 02 13 23  -139  -183 10266   310    57     4    -1 -9999
2021 02 14 00  -150  -194 10270   320    36     2     0     8
2021 02 14 01  -156  -200 10276   320    57     0     0 -9999
2021 02 14 02  -161  -206 10279   320    57     0     0 -9999
2021 02 14 03  -167  -217 10286   320    57     2     0 -9999
2021 02 14 04  -178  -228 10293   310    51     0     0 -9999
2021 02 14 05  -178  -239 10298   320    57     0     0 -9999
2021 02 14 06  -183  -244 10298   330    67     0     0 -9999
2021 02 14 07  -189  -250 10309   330    67     0     0 -9999
2021 02 14 08  -194  -250 10315   330    46     2     0 -9999
2021 02 14 09  -194  -261 10314   320    36     4     0 -9999
2021 02 14 10  -200  -267 10323   320    41     2     0 -9999
2021 02 14 11  -200  -267 10321   330    51 -9999     0 -9999
2021 02 14 12  -194  -267 10320   340    41     6     0 -9999
2021 02 14 13  -200  -272 10338   310    31 -9999     0 -9999
2021 02 14 14  -194  -272 10344   340    41 -9999     0 -9999
2021 02 14 15  -183  -261 10346   330    62 -9999     0 -9999
2021 02 14 16  -172  -261 10342   320    51 -9999     0 -9999
2021 02 14 17  -167  -261 10343   340    41 -9999     0 -9999
2021 02 14 18  -161  -256 10343   320    51     8     0 -9999
2021 02 14 19  -167  -256 10339   320    41 -9999     0 -9999
2021 02 14 20  -161  -250 10332   330    51 -9999     0 -9999
2021 02 14 21  -161  -244 10331   340    51 -9999     0 -9999
2021 02 14 22  -167  -244 10342   320    36 -9999    -1 -9999
2021 02 14 23  -167  -228 10339   330    36 -9999    -1 -9999
2021 02 15 00  -172  -217 10342   330    36     8     3 -9999
2021 02 15 01  -172  -217 10342   320    51 -9999     3 -9999
2021 02 15 02  -178  -222 10340   320    46 -9999    -1 -9999
2021 02 15 03  -178  -217 10337   330    72 -9999     3 -9999
2021 02 15 04  -172  -217 10333   340    57 -9999    -1 -9999
2021 02 15 05  -172  -217 10332   330    51 -9999    -1 -9999
2021 02 15 06  -172  -222 10331   340    67     8    -1     8
2021 02 15 07  -172  -217 10331   340    72 -9999    -1 -9999
2021 02 15 08  -178  -217 10331   340    72 -9999    -1 -9999
2021 02 15 09  -178  -222 -9999   340    62 -9999    -1 -9999
2021 02 15 10  -178  -217 10316   340    57 -9999     3 -9999
2021 02 15 11  -178  -217 10313   350    67 -9999    -1 -9999
2021 02 15 12  -172  -217 10321   340    57     8    -1 -9999
2021 02 15 13  -172  -211 -9999   330    67 -9999    -1 -9999
2021 02 15 14  -172  -217 10311   340    57 -9999     3 -9999
2021 02 15 15  -167  -211 10293   350    72 -9999    -1 -9999
2021 02 15 16  -150  -206 -9999   350    72 -9999     0 -9999
2021 02 15 17  -139  -183 10291   360    67 -9999    -1 -9999
2021 02 15 18  -133  -172 10290   350    57     8    -1     3
2021 02 15 19  -122  -161 -9999    10    67 -9999    -1 -9999
2021 02 15 20  -111  -150 10246    10    88 -9999    -1 -9999
2021 02 15 21  -117  -150 10232   360   103 -9999    -1 -9999
2021 02 15 22  -117  -150 10233   350    88 -9999    -1 -9999
2021 02 15 23  -122  -150 10218   360    98     9    -1 -9999
2021 02 16 00  -128  -156 10200   350    93     9     5     5
2021 02 16 01  -133  -161 10202   350    88     9     5 -9999
2021 02 16 02  -139  -167 10204   350    72     9     8 -9999
2021 02 16 03  -139  -172 10195   340    62     9     8 -9999
2021 02 16 04  -144  -172 10192   330    62     9     5 -9999
2021 02 16 05  -144  -172 10179   340    46     9     8 -9999
2021 02 16 06  -139  -172 10172   330    67     8     5    40
2021 02 16 07  -133  -167 10169   330    67     9    -1 -9999
2021 02 16 08  -133  -161 10166   340    67 -9999     3 -9999
2021 02 16 09  -128  -161 10163   330    57 -9999    -1 -9999
2021 02 16 10  -128  -161 10164   320    72 -9999    -1 -9999
2021 02 16 11  -122  -161 10165   330    77 -9999    -1 -9999
2021 02 16 12  -128  -161 10169   330    62     8    -1     3
2021 02 16 13  -128  -161 10173   330    57 -9999    -1 -9999
2021 02 16 14  -128  -161 10183   330    57     4    -1 -9999
2021 02 16 15  -111  -156 10188   340    62     4     0 -9999
2021 02 16 16  -106  -144 10192   320    51 -9999     0 -9999
2021 02 16 17   -94  -139 10196   330    51 -9999     0 -9999
2021 02 16 18   -78  -133 10198   330    41     6     0    -1
2021 02 16 19   -67  -122 10198   330    41 -9999    -1 -9999
2021 02 16 20   -67  -122 10206   330    41 -9999    -1 -9999
2021 02 16 21   -67  -128 10209   340    36 -9999     0 -9999
2021 02 16 22   -67  -128 10216   320    41 -9999     0 -9999
2021 02 16 23   -67  -133 10223   320    41 -9999     0 -9999
2021 02 17 00   -72  -133 10232   320    36     6     0     0
2021 02 17 01   -72  -133 10240   270    21 -9999     0 -9999
2021 02 17 02   -89  -144 10245   300    26 -9999     0 -9999
2021 02 17 03  -100  -156 10248   290    21     2     0 -9999
2021 02 17 04  -111  -156 10254   280    21 -9999     0 -9999
2021 02 17 05  -111  -156 10256   300    26 -9999     0 -9999
2021 02 17 06  -117  -156 10258   300    26     6     0 -9999
2021 02 17 07  -111  -156 10264   300    21 -9999     0 -9999
2021 02 17 08  -111  -156 10270   250    26 -9999     0 -9999
2021 02 17 09  -111  -156 10275   260    21 -9999     0 -9999
2021 02 17 10  -117  -156 10278   240    31 -9999     0 -9999
2021 02 17 11  -122  -167 10278     0     0 -9999     0 -9999
2021 02 17 12  -133  -172 10282   250    15     2     0 -9999
2021 02 17 13  -144  -172 10289   230    15     4     0 -9999
2021 02 17 14  -128  -156 10297   240    26 -9999     0 -9999
2021 02 17 15  -106  -144 10301   250    15 -9999     0 -9999
2021 02 17 16   -78  -144 10302     0     0 -9999     0 -9999
2021 02 17 17   -72  -150 10304   210    26 -9999     0 -9999
2021 02 17 18   -61  -144 10300   180    26     8     0 -9999
2021 02 17 19   -56  -150 10291   270    15 -9999     0 -9999
2021 02 17 20   -39  -144 10285     0     0 -9999     0 -9999
2021 02 17 21   -44  -144 10283     0     0 -9999     0 -9999
2021 02 17 22   -39  -139 10280   120    31 -9999     0 -9999
2021 02 17 23   -50  -128 10278    90    36 -9999     0 -9999
2021 02 18 00   -61  -133 10285   100    41     8     0 -9999
2021 02 18 01   -72  -117 10294   110    31 -9999     0 -9999
2021 02 18 02   -67  -111 10290   110    21 -9999     0 -9999
2021 02 18 03   -72  -122 10290   140    31 -9999     0 -9999
2021 02 18 04   -72  -128 10291   150    36 -9999     0 -9999
2021 02 18 05   -72  -128 10291   150    26 -9999     0 -9999
2021 02 18 06   -67  -122 10294   110    26     8     0 -9999
2021 02 18 07   -72  -128 10293   130    21 -9999     0 -9999
2021 02 18 08   -72  -128 10292   120    36 -9999    -1 -9999
2021 02 18 09   -78  -122 10283   110    21 -9999    -1 -9999
2021 02 18 10   -78  -117 10280   100    26 -9999    -1 -9999
2021 02 18 11   -83  -117 10279    40    15 -9999    -1 -9999
2021 02 18 12   -83  -111 10280   350    21     8     3     3
2021 02 18 13   -78  -106 10275   350    31 -9999     3 -9999
2021 02 18 14   -78  -106 10277   340    31 -9999    -1 -9999
2021 02 18 15   -67   -89 10283   360    15 -9999     3 -9999
2021 02 18 16   -56   -72 -9999     0     0 -9999    -1 -9999
2021 02 18 17   -50   -94 10284   110    31 -9999     3 -9999
2021 02 18 18   -39   -89 10282   110    15     8    -1     8
2021 02 18 19   -39   -78 10276    10    15 -9999    -1 -9999
2021 02 18 20   -44   -83 10264   350    31 -9999    -1 -9999
2021 02 18 21   -33   -94 10272    20    36 -9999    -1 -9999
2021 02 18 22   -39   -89 10267    30    36     4    -1 -9999
2021 02 18 23   -56  -122 10271    20    31     4     0 -9999
2021 02 19 00   -61  -117 10271    10    21     2     0    -1
2021 02 19 01   -72  -122 10278   350    15     2     0 -9999
2021 02 19 02   -72  -111 10278   270    21     2     0 -9999
2021 02 19 03   -78  -117 10276   280    21 -9999     0 -9999
2021 02 19 04   -67  -111 10273   280    31 -9999     0 -9999
2021 02 19 05   -67  -117 10267   290    31 -9999     0 -9999
2021 02 19 06   -67  -111 10266   270    26     8     0 -9999
2021 02 19 07   -72  -122 10268   280    41 -9999     0 -9999
2021 02 19 08   -89  -133 10268   260    31     0     0 -9999
2021 02 19 09  -106  -144 10263   260    36     0     0 -9999
2021 02 19 10  -117  -156 10262   260    31     0     0 -9999
2021 02 19 11  -122  -161 10267   250    26     0     0 -9999
2021 02 19 12  -128  -161 10263   250    36     0     0 -9999
2021 02 19 13  -133  -167 10262   260    31 -9999     0 -9999
2021 02 19 14  -133  -156 10267   260    41 -9999     0 -9999
2021 02 19 15  -117  -156 10269   270    36 -9999     0 -9999
2021 02 19 16  -100  -150 10267   270    41 -9999     0 -9999
2021 02 19 17   -83  -144 10269   270    62 -9999     0 -9999
2021 02 19 18   -67  -139 10261   290    51 -9999     0 -9999
2021 02 19 19   -72  -133 10259   260    51 -9999     0 -9999
2021 02 19 20   -72  -122 10258   240    41 -9999    -1 -9999
2021 02 19 21   -72  -117 -9999   240    41 -9999    -1 -9999
2021 02 19 22   -67  -122 10257   260    46 -9999    -1 -9999
2021 02 19 23   -72  -122 10256   240    46 -9999     0 -9999
2021 02 20 00   -72  -122 10259   240    41 -9999     0    -1
2021 02 20 01   -83  -128 10265   260    36 -9999     0 -9999
2021 02 20 02   -83  -128 10268   250    21 -9999    -1 -9999
2021 02 20 03   -83  -122 10272   260    41 -9999    -1 -9999
2021 02 20 04   -89  -128 10275   280    41 -9999    -1 -9999
2021 02 20 05   -94  -133 10274   260    36 -9999     0 -9999
2021 02 20 06  -106  -139 10273   280    26 -9999     0    -1
2021 02 20 07  -111  -150 10275   290    26 -9999     0 -9999
2021 02 20 08  -117  -156 10276   230    21 -9999     0 -9999
2021 02 20 09  -128  -161 10276   260    21 -9999     0 -9999
2021 02 20 10  -133  -161 10277   260    26 -9999     0 -9999
2021 02 20 11  -139  -172 10280   250    15 -9999     0 -9999
2021 02 20 12  -139  -172 10282   230    15 -9999     0 -9999
2021 02 20 13  -144  -178 10285     0     0 -9999     0 -9999
2021 02 20 14  -139  -144 10290   250    15 -9999     0 -9999
2021 02 20 15  -106  -139 10288     0     0 -9999     0 -9999
2021 02 20 16   -83  -133 10290     0     0 -9999     0 -9999
2021 02 20 17   -61  -139 10290   190    31 -9999     0 -9999
2021 02 20 18   -44  -133 10287   210    26 -9999     0    -1
2021 02 20 19   -33  -111 10281   200    41 -9999     0 -9999
2021 02 20 20   -28  -100 10276   220    36 -9999     0 -9999
2021 02 20 21   -17   -94 10273   200    21 -9999     0 -9999
2021 02 20 22   -17   -89 10276   220    31 -9999     0 -9999
2021 02 20 23   -22   -94 10277   180    26 -9999     0 -9999
2021 02 21 00   -28   -94 10279   170    26 -9999     0 -9999
2021 02 21 01   -39  -100 10281   160    21 -9999     0 -9999
2021 02 21 02   -50  -106 10279   160    31 -9999     0 -9999
2021 02 21 03   -56  -100 10281   160    26 -9999     0 -9999
2021 02 21 04   -61  -106 10283   160    31 -9999     0 -9999
2021 02 21 05   -61  -111 10281   160    31 -9999     0 -9999
2021 02 21 06   -67  -111 10278   150    36 -9999     0 -9999
2021 02 21 07   -67  -111 10272   170    21 -9999     0 -9999
2021 02 21 08   -72  -117 10271   150    31 -9999     0 -9999
2021 02 21 09   -78  -117 10272   150    31 -9999     0 -9999
2021 02 21 10   -78  -117 10269   140    31 -9999     0 -9999
2021 02 21 11   -83  -122 10264   150    36 -9999     0 -9999
2021 02 21 12   -72  -117 10255   160    41 -9999     0 -9999
2021 02 21 13   -61  -111 10251   160    46 -9999     0 -9999
2021 02 21 14   -56  -100 10253   160    51 -9999     0 -9999
2021 02 21 15   -39   -94 10245   160    41 -9999     0 -9999
2021 02 21 16   -28   -83 10237   150    51 -9999     0 -9999
2021 02 21 17   -11   -67 10226   150    36 -9999     0 -9999
2021 02 21 18     6   -67 10212   160    51     8     0 -9999
2021 02 21 19    17   -56 10185   140    51 -9999     0 -9999
2021 02 21 20    22   -56 10168   140    57 -9999     0 -9999
2021 02 21 21    28   -50 10146   140    57 -9999     0 -9999
2021 02 21 22    22   -50 10130   140    72 -9999     0 -9999
2021 02 21 23    17   -33 -9999   190    62 -9999    -1 -9999
2021 02 22 00    11   -11 10117   170    51     8    10     8
2021 02 22 01    11   -11 10104   160    77 -9999    13 -9999
2021 02 22 02    11    -6 10092   170    67 -9999     8 -9999
2021 02 22 03    11    -6 10078   170    57 -9999    15 -9999
2021 02 22 04    17     0 10066   190    46 -9999    13 -9999
2021 02 22 05    28     6 10054   210    67 -9999     5 -9999
2021 02 22 06    22     6 10047   220    51     8    -1    60
2021 02 22 07    17     0 10046   250    82 -9999     0 -9999
2021 02 22 08    11   -11 10050   270    88 -9999     0 -9999
2021 02 22 09     6   -22 10053   260    62 -9999     0 -9999
2021 02 22 10     6   -28 10056   250    72 -9999     0 -9999
2021 02 22 11   -11   -44 10070   270    82 -9999     0 -9999
2021 02 22 12   -17   -50 10081   290    46     8     0    -1
2021 02 22 13   -22   -61 10088   270    72 -9999     0 -9999
2021 02 22 14   -33   -61 10100   270    46 -9999     0 -9999
2021 02 22 15   -28   -56 10106   260    51 -9999     0 -9999
2021 02 22 16   -22   -44 10103   250    62 -9999     0 -9999
2021 02 22 17   -17   -44 10103   240    82 -9999     0 -9999
2021 02 22 18   -11   -33 10101   230    82     8     0 -9999
2021 02 22 19    -6   -28 10093   230    82 -9999     0 -9999
2021 02 22 20    11   -22 10088   210    62 -9999     0 -9999
2021 02 22 21    28   -22 10080   220    62 -9999     0 -9999
2021 02 22 22    33   -17 10072   210    46 -9999     0 -9999
2021 02 22 23    33   -17 10064   210    67 -9999     0 -9999
2021 02 23 00    28   -17 10062   210    62     6     0 -9999
2021 02 23 01    33   -17 10054   220    82 -9999     0 -9999
2021 02 23 02    33   -17 10048   220    62 -9999     0 -9999
2021 02 23 03    39   -17 10040   230    62 -9999     0 -9999
2021 02 23 04    39   -17 10036   230    72 -9999     0 -9999
2021 02 23 05    44   -17 10028   240    77 -9999     0 -9999
2021 02 23 06    39   -17 10024   250    62     6     0 -9999
2021 02 23 07    39   -11 10024   250    62 -9999     0 -9999
2021 02 23 08    39   -11 10025   250    57 -9999     0 -9999
2021 02 23 09    33   -11 10025   270    51     2     0 -9999
2021 02 23 10    33   -11 10029   260    46     2     0 -9999
2021 02 23 11    39    -6 10044   280    62     0     0 -9999
2021 02 23 12    33    -6 10055   270    51     2     0 -9999
2021 02 23 13    33    -6 10060   280    46     0     0 -9999
2021 02 23 14    39    -6 10078   270    46     0     0 -9999
2021 02 23 15    44    -6 10090   280    67     0     0 -9999
2021 02 23 16    50    -6 10102   260    62     0     0 -9999
2021 02 23 17    61     0 10106   240    36     2     0 -9999
2021 02 23 18    72     0 10104   260    31     2     0 -9999
2021 02 23 19    78     0 10107   230    46     2     0 -9999
2021 02 23 20    67    -6 10112   250    41     4     0 -9999
2021 02 23 21    72    -6 10104   220    31 -9999     0 -9999
2021 02 23 22    72   -11 10105   220    41 -9999     0 -9999
2021 02 23 23    67    -6 10111   210    41 -9999     0 -9999
2021 02 24 00    61    -6 10114   220    36     6     0 -9999
2021 02 24 01    50   -11 10111   180    26     4     0 -9999
2021 02 24 02    44    -6 10100   160    36 -9999     0 -9999
2021 02 24 03    44     0 10098   170    31 -9999     0 -9999
2021 02 24 04    50     6 10085   170    41 -9999     0 -9999
2021 02 24 05    61     6 10084   200    36 -9999     0 -9999
2021 02 24 06    72     0 10066   180    62     4     0 -9999
2021 02 24 07    67     0 10055   190    72 -9999     0 -9999
2021 02 24 08    61     6 10046   200    57     4     0 -9999
2021 02 24 09    61     6 10036   210    57     4     0 -9999
2021 02 24 10    56     6 10039   230    51 -9999     0 -9999
2021 02 24 11    50    11 10036   220    62 -9999     0 -9999
2021 02 24 12    44     6 10042   240    41     6     0 -9999
2021 02 24 13    44     6 10045   240    46 -9999     0 -9999
2021 02 24 14    39     6 10061   250    46 -9999     0 -9999
2021 02 24 15    56     6 10070   280    57     2     0 -9999
2021 02 24 16    67     6 10081   290    62     2     0 -9999
2021 02 24 17    67     0 10093   310    82     2     0 -9999
2021 02 24 18    72     0 10105   290    57     2     0 -9999
2021 02 24 19    56    -6 10119   320    82 -9999     0 -9999
2021 02 24 20    56    -6 10128   320    62 -9999     0 -9999
2021 02 24 21    50     0 10150   320    82 -9999     0 -9999
2021 02 24 22    44    -6 -9999   330    41 -9999     0 -9999
2021 02 24 23    50   -11 10181   330    41 -9999     0 -9999
2021 02 25 00    39   -28 10194   350    41     2     0 -9999
2021 02 25 01    33   -28 10209   300    21     2     0 -9999
2021 02 25 02    22   -28 10219   250    21     2     0 -9999
2021 02 25 03    17   -28 10228   270    21     0     0 -9999
2021 02 25 04    11   -28 10237   280    21     0     0 -9999
2021 02 25 05     6   -33 10242   270    21     0     0 -9999
2021 02 25 06     0   -33 10245   280    26     0     0 -9999
2021 02 25 07    -6   -39 10249   290    26     0     0 -9999
2021 02 25 08    -6   -44 10255   300    26     0     0 -9999
2021 02 25 09   -17   -50 10255   270    26     0     0 -9999
2021 02 25 10   -17   -50 10255   260    21     0     0 -9999
2021 02 25 11   -22   -56 10257   260    21     0     0 -9999
2021 02 25 12   -22   -56 10260   240    15     0     0 -9999
2021 02 25 13   -28   -56 10266   260    31     4     0 -9999
2021 02 25 14   -22   -56 10277   270    41 -9999     0 -9999
2021 02 25 15    -6   -44 10281   270    31     4     0 -9999
2021 02 25 16    17   -50 10281   290    41     2     0 -9999
2021 02 25 17    28   -50 10281   320    51     2     0 -9999
2021 02 25 18    33   -56 10281   310    72     2     0 -9999
2021 02 25 19    39   -61 10277   290    46     2     0 -9999
2021 02 25 20    44   -56 10272   300    46 -9999     0 -9999
2021 02 25 21    39   -50 10271   270    41     4     0 -9999
2021 02 25 22    39   -50 10273   270    41 -9999     0 -9999
2021 02 25 23    28   -44 10272   250    41 -9999     0 -9999
2021 02 26 00    22   -44 10275   220    21     4     0 -9999
2021 02 26 01    11   -44 10277   210    21     4     0 -9999
2021 02 26 02     6   -44 10274   220    21     2     0 -9999
2021 02 26 03     0   -44 10273   180    15     0     0 -9999
2021 02 26 04    -6   -44 10271   210    31     0     0 -9999
2021 02 26 05   -11   -50 10267   190    21     0     0 -9999
2021 02 26 06   -17   -50 10264   210    21     0     0 -9999
2021 02 26 07   -11   -50 10265   220    26     0     0 -9999
2021 02 26 08   -22   -56 10263   230    21     0     0 -9999
2021 02 26 09   -28   -61 10256   160    21     0     0 -9999
2021 02 26 10   -33   -67 10250     0     0     0     0 -9999
2021 02 26 11   -33   -67 10246   150    15     0     0 -9999
2021 02 26 12   -39   -67 10236   130    15     2     0 -9999
2021 02 26 13   -22   -56 10244   180    36     2     0 -9999
2021 02 26 14    -6   -50 10252   170    41     2     0 -9999
2021 02 26 15    11   -56 10245   160    51     2     0 -9999
2021 02 26 16    22   -72 10245   160    57     2     0 -9999
2021 02 26 17    39   -83 10230   150    51     0     0 -9999
2021 02 26 18    44   -89 10210   150    46     2     0 -9999
2021 02 26 19    56   -83 10194   150    57     2     0 -9999
2021 02 26 20    56   -83 10179   150    51     2     0 -9999
2021 02 26 21    61   -61 10169   150    46 -9999     0 -9999
2021 02 26 22    61   -56 10152   140    46     4     0 -9999
2021 02 26 23    50   -50 10143   130    62 -9999     0 -9999
2021 02 27 00    44   -44 10138   140    46     8     0 -9999
2021 02 27 01    39   -39 10136   150    31 -9999     0 -9999
2021 02 27 02    39   -33 10125   130    46 -9999    -1 -9999
2021 02 27 03    39   -28 10120   120    36 -9999    -1 -9999
2021 02 27 04    39   -22 10117   150    46 -9999    -1 -9999
2021 02 27 05    33   -11 10112   200    21 -9999     3 -9999
2021 02 27 06    22    -6 10105   180    21     8     3     5
2021 02 27 07    28     0 10108   220    26 -9999    -1 -9999
2021 02 27 08    28     0 10110   210    31 -9999    -1 -9999
2021 02 27 09    22     0 10112   230    31     2     0 -9999
2021 02 27 10    17    -6 10116   230    26     0     0 -9999
2021 02 27 11    11   -11 10122   220    26     0     0 -9999
2021 02 27 12    11   -11 10131   210    26     0     0    -1
2021 02 27 13     6   -11 10136   210    41 -9999     0 -9999
2021 02 27 14     6    -6 10149   220    41 -9999     0 -9999
2021 02 27 15    22    17 10155   210    31     2     0 -9999
2021 02 27 16    50    11 10164   250    46     0     0 -9999
2021 02 27 17    67    17 10173   220    51     0     0 -9999
2021 02 27 18    83    17 10177   230    26     2     0 -9999
2021 02 27 19    94    11 10174   220    26     2     0 -9999
2021 02 27 20   100    11 10175   200    31     4     0 -9999
2021 02 27 21   106    11 10176   210    31     4     0 -9999
2021 02 27 22   111     6 10175   210    36     4     0 -9999
2021 02 27 23   100    17 10178   190    31     4     0 -9999
2021 02 28 00    83    28 10180   170    36     4     0 -9999
2021 02 28 01    67    28 10180   130    21 -9999     0 -9999
2021 02 28 02    61    28 10177   140    31 -9999     0 -9999
2021 02 28 03    50    22 10173   130    36 -9999     0 -9999
2021 02 28 04    50    22 10172   140    31 -9999     0 -9999
2021 02 28 05    44    17 10169   130    26 -9999     0 -9999
2021 02 28 06    39    17 10150    90    26     6     0 -9999
2021 02 28 07    33    11 10143   110    26 -9999     0 -9999
2021 02 28 08    39    11 10131   120    26 -9999     0 -9999
2021 02 28 09    44    22 10114    90    26 -9999     0 -9999
2021 02 28 10    44    22 10097   110    26 -9999     0 -9999
2021 02 28 11    56    28 -9999   110    26 -9999     0 -9999
2021 02 28 12    50    28 10081   110    26     8     0 -9999
2021 02 28 13    50    28 10076   120    15 -9999    -1 -9999
2021 02 28 14    50    33 10075   160    36     9     3 -9999
2021 02 28 15    67    50 10071   200    36 -9999     0 -9999
2021 02 28 16    78    61 10066   220    51 -9999     0 -9999
2021 02 28 17    89    78 10063   220    41 -9999     0 -9999
2021 02 28 18    94    78 10059   240    77     8     0     3
2021 02 28 19    89    72 10056   250    72 -9999     0 -9999
2021 02 28 20    78    56 10059   260    93 -9999     0 -9999
2021 02 28 21    61    28 -9999   250    98 -9999     0 -9999
2021 02 28 22    56    17 10077   270    88 -9999     0 -9999
2021 02 28 23    50     6 10084   260    72 -9999     0 -9999
2021 03 01 00    44     6 10096   290    82     8     0 -9999
2021 03 01 01    39    -6 10111   290    67 -9999     0 -9999
2021 03 01 02    33    -6 10113   300    51 -9999     0 -9999
2021 03 01 03    33   -11 10122   300    51 -9999     0 -9999
2021 03 01 04    28   -17 10135   290    57     4     0 -9999
2021 03 01 05    22   -17 10140   290    62     2     0 -9999
2021 03 01 06    11   -33 10147   300    46     0     0 -9999
2021 03 01 07     0   -33 10157   290    41     0     0 -9999
2021 03 01 08     0   -50 10167   290    51     0     0 -9999
2021 03 01 09   -11   -50 10173   300    31     0     0 -9999
2021 03 01 10   -17   -56 10183   290    31     0     0 -9999
2021 03 01 11   -28   -61 10190   290    36     2     0 -9999
2021 03 01 12   -33   -72 10200   290    36     4     0 -9999
2021 03 01 13   -33   -78 10207   290    41 -9999     0 -9999
2021 03 01 14   -33   -78 10222   300    51 -9999     0 -9999
2021 03 01 15   -17   -78 10229   320    62     4     0 -9999
2021 03 01 16    -6   -78 10231   330    41     2     0 -9999
2021 03 01 17     0   -67 10242   340    67 -9999     0 -9999
2021 03 01 18     6   -61 10250   330    67     4     0 -9999
2021 03 01 19     6   -78 10254   330    57     4     0 -9999
2021 03 01 20    11   -83 10258   330    62     2     0 -9999
2021 03 01 21     6  -117 10263   300    41     2     0 -9999
2021 03 01 22     6  -111 10268   300    41     2     0 -9999
2021 03 01 23     0  -133 10272   300    46     0     0 -9999
2021 03 02 00   -11  -128 10281   320    46     0     0 -9999
2021 03 02 01   -22  -122 10289   310    36     0     0 -9999
2021 03 02 02   -28  -133 10297   310    21     0     0 -9999
2021 03 02 03   -28  -128 10298     0     0     0     0 -9999
2021 03 02 04   -33  -122 10303     0     0     0     0 -9999
2021 03 02 05   -39  -117 10304     0     0     0     0 -9999
2021 03 02 06   -39  -117 10299     0     0     0     0 -9999
2021 03 02 07   -44  -111 10296     0     0     0     0 -9999
2021 03 02 08   -50  -111 10292     0     0     0     0 -9999
2021 03 02 09   -56  -111 10282     0     0     0     0 -9999
2021 03 02 10   -56  -106 10278     0     0     0     0 -9999
2021 03 02 11   -56  -111 10277     0     0     0     0 -9999
2021 03 02 12   -56  -111 10273   210    21     2     0 -9999
2021 03 02 13   -50  -111 10266   210    21     2     0 -9999
2021 03 02 14   -28  -117 10259   190    46     2     0 -9999
2021 03 02 15   -11  -111 10259   200    57     0     0 -9999
2021 03 02 16     0   -83 10254   200    77     0     0 -9999
2021 03 02 17    17   -83 10246   210    72     0     0 -9999
2021 03 02 18    22   -83 10235   210    93     0     0 -9999
2021 03 02 19    33   -72 10221   210    77     0     0 -9999
2021 03 02 20    44   -56 10212   210    82     0     0 -9999
2021 03 02 21    56   -39 10203   220    67     0     0 -9999
2021 03 02 22    56   -28 10189   230    77     0     0 -9999
2021 03 02 23    61   -17 10176   220    57     0     0 -9999
2021 03 03 00    56   -11 10168   210    51     0     0 -9999
2021 03 03 01    50    -6 10162   210    51     0     0 -9999
2021 03 03 02    44    -6 10155   210    57     0     0 -9999
2021 03 03 03    50     0 10151   210    51     0     0 -9999
2021 03 03 04    44    -6 10148   210    51     0     0 -9999
2021 03 03 05    50     0 10142   210    67     0     0 -9999
2021 03 03 06    50    -6 10137   220    72     0     0 -9999
2021 03 03 07    44    -6 10135   220    62     0     0 -9999
2021 03 03 08    39    -6 10128   220    57     0     0 -9999
2021 03 03 09    33    -6 10125   220    57     0     0 -9999
2021 03 03 10    33   -11 10124   230    46     0     0 -9999
2021 03 03 11    28   -11 10128   230    26     0     0 -9999
2021 03 03 12    28   -17 10128   240    36     0     0 -9999
2021 03 03 13    22   -17 10134   250    26     0     0 -9999
2021 03 03 14    39   -17 10140   280    36     0     0 -9999
2021 03 03 15    61   -11 10144   290    36     0     0 -9999
2021 03 03 16    83     0 10147 -9999    21     0     0 -9999
2021 03 03 17   100    11 10149     0     0     0     0 -9999
2021 03 03 18   122     6 10152 -9999    21     0     0 -9999
2021 03 03 19   139   -11 10153   330    46     0     0 -9999
2021 03 03 20   139   -22 10155   300    62     0     0 -9999
2021 03 03 21   139   -22 10161   300    46     0     0 -9999
2021 03 03 22   128   -44 10167   320    51     0     0 -9999
2021 03 03 23   117   -28 10173   340    31     0     0 -9999
2021 03 04 00    94   -11 10180   340    31     0     0 -9999
2021 03 04 01    56    -6 10193    40    51     0     0 -9999
2021 03 04 02    33     0 10202    30    51     0     0 -9999
2021 03 04 03    22    -6 10207    40    26     0     0 -9999
2021 03 04 04    22    -6 10208    40    26     0     0 -9999
2021 03 04 05    17    -6 10212    40    26     0     0 -9999
2021 03 04 06     6   -17 10215   340    21     0     0 -9999
2021 03 04 07     6   -17 10221   340    15     0     0 -9999
2021 03 04 08     6   -17 10228    10    36 -9999     0 -9999
2021 03 04 09    17   -11 10230    30    72 -9999     0 -9999
2021 03 04 10    11   -11 10236    30    77 -9999     0 -9999
2021 03 04 11    11   -22 10247    20    67 -9999     0 -9999
2021 03 04 12     6   -28 10253    30    72     6     0 -9999
2021 03 04 13     6   -39 10263    30    72 -9999     0 -9999
2021 03 04 14     6   -44 10270    30    88 -9999     0 -9999
2021 03 04 15    11   -44 10273    30    77     4     0 -9999
2021 03 04 16    17   -44 10276    20    82     2     0 -9999
2021 03 04 17    22   -44 10283    30    57     4     0 -9999
2021 03 04 18    22   -44 10281    30    77     4     0 -9999
2021 03 04 19    28   -44 10280    20    72     4     0 -9999
2021 03 04 20    22   -44 10278    40    77     2     0 -9999
2021 03 04 21    22   -50 10279    50    72     2     0 -9999
2021 03 04 22    17   -50 10280    20    77     2     0 -9999
2021 03 04 23     6   -56 10283    10    62     2     0 -9999
2021 03 05 00    -6   -61 10285    20    62     2     0 -9999
2021 03 05 01    -6   -61 10288    10    57     2     0 -9999
2021 03 05 02   -11   -61 10288    10    57     0     0 -9999
2021 03 05 03   -17   -61 10291    20    46     0     0 -9999
2021 03 05 04   -28   -67 10288    20    21     0     0 -9999
2021 03 05 05   -28   -67 10284    30    21     0     0 -9999
2021 03 05 06   -28   -67 10282   350    26     0     0 -9999
2021 03 05 07   -28   -67 10284   330    15     0     0 -9999
2021 03 05 08   -28   -67 10283   330    15     0     0 -9999
2021 03 05 09   -33   -67 10283   280    15     0     0 -9999
2021 03 05 10   -33   -67 10286   280    21     0     0 -9999
2021 03 05 11   -33   -67 10288     0     0     0     0 -9999
2021 03 05 12   -39   -72 10289     0     0     0     0 -9999
2021 03 05 13   -28   -61 10290     0     0     2     0 -9999
2021 03 05 14   -11   -44 10293   300    26     2     0 -9999
2021 03 05 15    17   -44 10294   310    31     2     0 -9999
2021 03 05 16    39   -67 10292   300    26     2     0 -9999
2021 03 05 17    67   -78 10287   340    26     2     0 -9999
2021 03 05 18    83   -78 10281    20    57     2     0 -9999
2021 03 05 19    89   -72 10275   360    62     2     0 -9999
2021 03 05 20    89   -72 10269   320    62     2     0 -9999
2021 03 05 21    89   -72 10268   320    46     2     0 -9999
2021 03 05 22    83   -72 10266   320    41     2     0 -9999
2021 03 05 23    78   -67 10269   330    46     2     0 -9999
2021 03 06 00    44   -56 10276    40    51     4     0 -9999
2021 03 06 01    33   -67 10281    60    46 -9999     0 -9999
2021 03 06 02    28   -56 10280    20    21 -9999     0 -9999
2021 03 06 03    11   -56 10280     0     0     2     0 -9999
2021 03 06 04    11   -56 10278     0     0     2     0 -9999
2021 03 06 05     6   -56 10274     0     0     2     0 -9999
2021 03 06 06     0   -56 10267     0     0     0     0 -9999
2021 03 06 07    -6   -61 10268     0     0     0     0 -9999
2021 03 06 08   -17   -61 10271     0     0     0     0 -9999
2021 03 06 09   -17   -61 10270   120    15     0     0 -9999
2021 03 06 10   -22   -61 10271   200    15     0     0 -9999
2021 03 06 11   -28   -72 10274     0     0     0     0 -9999
2021 03 06 12   -17   -56 10280     0     0     2     0 -9999
2021 03 06 13   -22   -56 10282     0     0     2     0 -9999
2021 03 06 14    11   -33 10285     0     0     2     0 -9999
2021 03 06 15    33   -39 10286   130    21     2     0 -9999
2021 03 06 16    56   -44 10284 -9999    15     2     0 -9999
2021 03 06 17    61   -50 10285    50    21     2     0 -9999
2021 03 06 18    67   -56 10279     0     0     0     0 -9999
2021 03 06 19    83   -44 10272    60    21     2     0 -9999
2021 03 06 20    83   -39 10263    90    31     2     0 -9999
2021 03 06 21    72   -28 10261    90    57     2     0 -9999
2021 03 06 22    72   -22 10263    80    31     2     0 -9999
2021 03 06 23    61   -33 10267    90    31     0     0 -9999
2021 03 07 00    50   -39 10267    90    15     0     0 -9999
2021 03 07 01    22   -50 10273   100    26     0     0 -9999
2021 03 07 02    11   -44 10271   110    21     0     0 -9999
2021 03 07 03     6   -50 10273     0     0     0     0 -9999
2021 03 07 04     0   -56 10272     0     0     0     0 -9999
2021 03 07 05    -6   -50 10272   210    15     0     0 -9999
2021 03 07 06   -11   -56 10274   230    15     0     0 -9999
2021 03 07 07   -17   -67 10278     0     0     0     0 -9999
2021 03 07 08   -28   -61 10281     0     0     0     0 -9999
2021 03 07 09   -22   -61 10286     0     0     0     0 -9999
2021 03 07 10   -22   -56 10292   230    15     2     0 -9999
2021 03 07 11   -28   -56 10294     0     0     2     0 -9999
2021 03 07 12   -28   -61 10301     0     0     4     0 -9999
2021 03 07 13   -22   -44 10303   180    15 -9999     0 -9999
2021 03 07 14     0   -56 10308   160    46 -9999     0 -9999
2021 03 07 15    17   -67 10310   160    31 -9999     0 -9999
2021 03 07 16    39   -67 10311   140    41 -9999     0 -9999
2021 03 07 17    61   -67 10308   180    36 -9999     0 -9999
2021 03 07 18    72   -72 10303   180    31     6     0 -9999
2021 03 07 19    89   -67 10290   170    46 -9999     0 -9999
2021 03 07 20   100   -56 10285   210    36 -9999     0 -9999
2021 03 07 21   106   -39 10277   170    62 -9999     0 -9999
2021 03 07 22   106   -33 10271   170    51 -9999     0 -9999
2021 03 07 23   106   -28 10271   170    51 -9999     0 -9999
2021 03 08 00    94   -22 10268   180    46     4     0 -9999
2021 03 08 01    83   -17 10272   180    31     2     0 -9999
2021 03 08 02    78   -17 10274   180    31     4     0 -9999
2021 03 08 03    72   -17 10269   170    41     4     0 -9999
2021 03 08 04    78   -11 10266   190    51     4     0 -9999
2021 03 08 05    83    -6 10263   190    46     4     0 -9999
2021 03 08 06    89    -6 10260   200    51     4     0 -9999
2021 03 08 07    78    -6 10258   200    51 -9999     0 -9999
2021 03 08 08    72    -6 10256   200    46 -9999     0 -9999
2021 03 08 09    67   -11 10250   210    36 -9999     0 -9999
2021 03 08 10    78    -6 10248   210    67 -9999     0 -9999
2021 03 08 11    72     0 10248   210    57 -9999     0 -9999
2021 03 08 12    67     0 10246   210    62     6     0 -9999
2021 03 08 13    72     0 10246   210    62     4     0 -9999
2021 03 08 14    83     6 10247   220    62     4     0 -9999
2021 03 08 15   106     6 10250   240    67     4     0 -9999
2021 03 08 16   133     0 10249   250    77     4     0 -9999
2021 03 08 17   144     6 10246   250    72     4     0 -9999
2021 03 08 18   150     6 10246   250    93     4     0 -9999
2021 03 08 19   156    17 10243   270    88     4     0 -9999
2021 03 08 20   161    28 10239   270    67     4     0 -9999
2021 03 08 21   167    28 10238   260    46     4     0 -9999
2021 03 08 22   161    33 10238   260    62     4     0 -9999
2021 03 08 23   156    39 10242   260    36 -9999     0 -9999
2021 03 09 00   144    44 10245   280    31     6     0 -9999
2021 03 09 01   128    44 10251   300    21     4     0 -9999
2021 03 09 02   111    39 10249     0     0     4     0 -9999
2021 03 09 03    94    39 10254     0     0     4     0 -9999
2021 03 09 04    89    39 10254   210    21     2     0 -9999
2021 03 09 05    89    39 10254   200    21     2     0 -9999
2021 03 09 06    94    39 10252   210    15     4     0 -9999
2021 03 09 07    72    33 10254     0     0 -9999     0 -9999
2021 03 09 08    56    22 10255     0     0 -9999     0 -9999
2021 03 09 09    61    22 10252     0     0 -9999     0 -9999
2021 03 09 10    56    22 10251     0     0 -9999     0 -9999
2021 03 09 11    56    22 10252    80    21 -9999     0 -9999
2021 03 09 12    56    17 10254   140    21     8     0 -9999
2021 03 09 13    67    17 10250   150    21 -9999     0 -9999
2021 03 09 14    83    22 10251   170    31 -9999     0 -9999
2021 03 09 15   100    22 10253   160    26 -9999     0 -9999
2021 03 09 16   117    17 10250   210    31 -9999     0 -9999
2021 03 09 17   144    17 10243   180    31 -9999     0 -9999
2021 03 09 18   172    22 10234   160    41     6     0 -9999
2021 03 09 19   183    11 10221   190    72 -9999     0 -9999
2021 03 09 20   200     0 10208   180    77 -9999     0 -9999
2021 03 09 21   194     0 10201   200    93     2     0 -9999
2021 03 09 22   194     0 10192   180    77     4     0 -9999
2021 03 09 23   189    -6 10186   180    77 -9999     0 -9999
2021 03 10 00   178    11 10188   180    82     4     0 -9999
2021 03 10 01   172    22 10187   170    57 -9999     0 -9999
2021 03 10 02   161    33 10180   180    57 -9999     0 -9999
2021 03 10 03   156    39 10181   180    67     4     0 -9999
2021 03 10 04   156    50 10178   180    67     4     0 -9999
2021 03 10 05   150    56 10174   190    82     4     0 -9999
2021 03 10 06   144    56 10170   190    57     4     0 -9999
2021 03 10 07   144    56 10168   200    62 -9999     0 -9999
2021 03 10 08   144    56 10163   200    62 -9999     0 -9999
2021 03 10 09   139    61 10157   200    72 -9999     0 -9999
2021 03 10 10   144    56 10156   190    67 -9999     0 -9999
2021 03 10 11   139    56 10154   200    57 -9999     0 -9999
2021 03 10 12   139    44 10151   200    67     8     0 -9999
2021 03 10 13   139    44 10151   190    82 -9999     0 -9999
2021 03 10 14   139    44 10151   200    88 -9999    -1 -9999
2021 03 10 15   144    50 10146   190    82 -9999    -1 -9999
2021 03 10 16   150    56 10141   200    82 -9999     0 -9999
2021 03 10 17   156    61 10133   190    77 -9999     0 -9999
2021 03 10 18   183    72 10118   190    93     8     0    -1
2021 03 10 19   194    78 10111   190    82 -9999     0 -9999
2021 03 10 20   194    89 10101   190    98 -9999     0 -9999
2021 03 10 21   206    94 10094   190    88 -9999     0 -9999
2021 03 10 22   200   106 10091   210    98 -9999     0 -9999
2021 03 10 23   194   111 10089   180    88 -9999     0 -9999
2021 03 11 00   183   111 10092   200   103     8     0 -9999
2021 03 11 01   178   117 10092   200    82 -9999     0 -9999
2021 03 11 02   172   117 10090   200   108 -9999     0 -9999
2021 03 11 03   172   117 10087   200   108 -9999     0 -9999
2021 03 11 04   172   122 10082   190   108 -9999     0 -9999
2021 03 11 05   178   122 10085   210    72 -9999     0 -9999
2021 03 11 06   178   122 10087   220   108     8     0 -9999
2021 03 11 07   172   128 10092   230    98 -9999    -1 -9999
2021 03 11 08   150   106 10099   230    82 -9999    41 -9999
2021 03 11 09   144    89 10097   230    57 -9999     0 -9999
2021 03 11 10   139    89 10103   230    67 -9999     0 -9999
2021 03 11 11   122    83 10113   260    67 -9999     0 -9999
2021 03 11 12    89    22 10123   250    67     8     0    40
2021 03 11 13    78    17 10136   250    67     4     0 -9999
2021 03 11 14    72    11 10140   250    77 -9999     0 -9999
2021 03 11 15    72    17 10155   250   103     4     0 -9999
2021 03 11 16    83    17 10161   260    72     2     0 -9999
2021 03 11 17    89    17 10165   260    72     2     0 -9999
2021 03 11 18   100    17 10173   250    77     2     0 -9999
2021 03 11 19   106    17 10175   250    77     2     0 -9999
2021 03 11 20   117    17 10176   250    77     2     0 -9999
2021 03 11 21   117    22 10183   270    67     2     0 -9999
2021 03 11 22   117    17 10188   260    67     2     0 -9999
2021 03 11 23   111    11 10196   250    67     2     0 -9999
2021 03 12 00   100    11 10209   270    41     0     0 -9999
2021 03 12 01    94     6 10219   280    26     0     0 -9999
2021 03 12 02    83     6 10227   260    26     0     0 -9999
2021 03 12 03    72     0 10234   240    26     0     0 -9999
2021 03 12 04    67     6 10241   240    31     2     0 -9999
2021 03 12 05    67     6 10248   250    36     2     0 -9999
2021 03 12 06    61     6 10247   270    46     2     0 -9999
2021 03 12 07    50     6 10255   270    31     2     0 -9999
2021 03 12 08    39     0 10260   270    26     2     0 -9999
2021 03 12 09    33    -6 10262   260    26     2     0 -9999
2021 03 12 10    33   -22 10269   300    31     2     0 -9999
2021 03 12 11    39   -33 10280   320    46     2     0 -9999
2021 03 12 12    28   -33 10283   310    41     2     0 -9999
2021 03 12 13    33   -33 10293   310    31     4     0 -9999
2021 03 12 14    50   -28 10297   330    41     4     0 -9999
2021 03 12 15    72   -22 10302   330    41     4     0 -9999
2021 03 12 16    83   -28 10309   330    51     4     0 -9999
2021 03 12 17   100   -28 10312   310    51     4     0 -9999
2021 03 12 18   111   -28 10309   350    41     4     0 -9999
2021 03 12 19   117   -33 10309   320    46 -9999     0 -9999
2021 03 12 20   111   -33 10305   320    31     4     0 -9999
2021 03 12 21   111   -33 10301   320    57 -9999     0 -9999
2021 03 12 22   106   -39 10299   330    57 -9999     0 -9999
2021 03 12 23   100   -33 10306   310    36 -9999     0 -9999
2021 03 13 00    78   -22 10308    80    46     8     0 -9999
2021 03 13 01    56   -28 10312    70    36 -9999     0 -9999
2021 03 13 02    50   -39 10320    90    26 -9999     0 -9999
2021 03 13 03    44   -39 10321   100    26 -9999     0 -9999
2021 03 13 04    44   -39 10317    80    36 -9999     0 -9999
2021 03 13 05    39   -28 10318   100    21 -9999     0 -9999
2021 03 13 06    33   -28 10320    80    21     4     0 -9999
2021 03 13 07    28   -17 10322    80    21     0     0 -9999
2021 03 13 08    17   -22 10322   100    26     0     0 -9999
2021 03 13 09    17   -17 10317    80    21     0     0 -9999
2021 03 13 10     6   -28 10320     0     0     0     0 -9999
2021 03 13 11     0   -39 10320     0     0     2     0 -9999
2021 03 13 12    -6   -39 10322     0     0     4     0 -9999
2021 03 13 13     0   -17 10324     0     0     4     0 -9999
2021 03 13 14    33   -50 10322   160    26     4     0 -9999
2021 03 13 15    61   -67 10326   200    31     4     0 -9999
2021 03 13 16    83   -61 10321   200    31 -9999     0 -9999
2021 03 13 17   100   -67 10314 -9999    21 -9999     0 -9999
2021 03 13 18   117   -61 10307   250    36     6     0 -9999
2021 03 13 19   128   -61 10295   240    21 -9999     0 -9999
2021 03 13 20   139   -61 10283   240    41     4     0 -9999
2021 03 13 21   144   -50 10276   260    41     4     0 -9999
2021 03 13 22   144   -44 10274   300    31     4     0 -9999
2021 03 13 23   144   -44 10270   280    36     4     0 -9999
2021 03 14 00   133   -39 10267   260    31     4     0 -9999
2021 03 14 01   117   -17 10269   240    26     4     0 -9999
2021 03 14 02   111   -17 10263   240    26     4     0 -9999
2021 03 14 03   106   -17 10263   250    26     4     0 -9999
2021 03 14 04   100   -17 10259   260    21     4     0 -9999
2021 03 14 05    89   -17 10262   270    31 -9999     0 -9999
2021 03 14 06    89   -22 10256   250    31     6     0 -9999
2021 03 14 07    83   -22 10256   260    36 -9999     0 -9999
2021 03 14 08    72   -22 10253   270    26 -9999     0 -9999
2021 03 14 09    61   -22 10251   280    21     4     0 -9999
2021 03 14 10    56   -28 10254   280    26     4     0 -9999
2021 03 14 11    56   -28 10256   320    31 -9999     0 -9999
2021 03 14 12    50   -22 10267   360    41     6     0 -9999
2021 03 14 13    67   -33 10275    30    72 -9999     0 -9999
2021 03 14 14    67   -33 10288    40    93 -9999     0 -9999
2021 03 14 15    72   -33 10295    40    88 -9999     0 -9999
2021 03 14 16    78   -39 10297    40   103 -9999     0 -9999
2021 03 14 17    72   -50 10299    40    88 -9999     0 -9999
2021 03 14 18    67   -61 10299    40   103     6     0 -9999
2021 03 14 19    67   -56 10294    40    82 -9999     0 -9999
2021 03 14 20    61   -56 10295    30   108 -9999     0 -9999
2021 03 14 21    50   -33 10294    30   118 -9999     0 -9999
2021 03 14 22    39   -28 10290    30   113 -9999     0 -9999
2021 03 14 23    28   -33 10287    30   113 -9999     0 -9999
2021 03 15 00    22   -33 10285    40   118     6     0 -9999
2021 03 15 01    28   -28 10286    40    77 -9999     0 -9999
2021 03 15 02    22   -22 10283    40    82 -9999     0 -9999
2021 03 15 03    28   -28 10286    60    62 -9999     0 -9999
2021 03 15 04    33   -28 10284    60    67 -9999     0 -9999
2021 03 15 05    39   -33 10283    80    62 -9999     0 -9999
2021 03 15 06    39   -44 10280    90    62     6     0 -9999
2021 03 15 07    39   -56 10276   100    72 -9999     0 -9999
2021 03 15 08    39   -61 10274   100    77 -9999     0 -9999
2021 03 15 09    33   -61 10266   100    98 -9999     0 -9999
2021 03 15 10    22   -61 10258    90   113 -9999     0 -9999
2021 03 15 11    17   -56 10255   100    93 -9999     0 -9999
2021 03 15 12    11   -72 10251    90    98     8     0 -9999
2021 03 15 13     6   -72 10238    90    77 -9999     0 -9999
2021 03 15 14     6   -89 10241   100    93 -9999     0 -9999
2021 03 15 15    11   -89 10231    90    82 -9999     0 -9999
2021 03 15 16    11   -94 10230    90    93 -9999     0 -9999
2021 03 15 17    11   -94 10252   100    62 -9999     0 -9999
2021 03 15 18    -6   -44 10247   130    88     8     2 -9999
2021 03 15 19   -17   -33 -9999    90    72     9    -1 -9999
2021 03 15 20   -11   -28 -9999   100    82 -9999    -1 -9999
2021 03 15 21    -6   -28 10186    90    77 -9999    13 -9999
2021 03 15 22     0   -28 10178   100    72 -9999     3 -9999
2021 03 15 23     0   -22 10169   100    77 -9999     3 -9999
2021 03 16 00     6   -28 10167   120    88     8    -1    50
2021 03 16 01     0   -17 10167   100    46 -9999    -1 -9999
2021 03 16 02     6   -17 10159   100    41 -9999     3 -9999
2021 03 16 03     6   -11 10158   100    41 -9999    -1 -9999
2021 03 16 04     6   -11 10155   110    31 -9999    -1 -9999
2021 03 16 05     6   -11 10150   110    26 -9999    -1 -9999
2021 03 16 06     6   -11 10149   110    21     8     3     5
2021 03 16 07    11   -11 10145    90    21 -9999    -1 -9999
2021 03 16 08    11   -11 10141    40    21 -9999    -1 -9999
2021 03 16 09    11    -6 10137    10    26 -9999     0 -9999
2021 03 16 10    11    -6 10144     0     0 -9999    -1 -9999
2021 03 16 11    11    -6 10142    30    31 -9999    -1 -9999
2021 03 16 12    11    -6 10145    50    21     8    -1    -1
2021 03 16 13    17     0 10145    40    31 -9999     0 -9999
2021 03 16 14    17     0 10150    10    31 -9999     0 -9999
2021 03 16 15    17    -6 10157   360    31 -9999     0 -9999
2021 03 16 16    22    -6 10162    20    21 -9999     0 -9999
2021 03 16 17    28    -6 10165    30    41 -9999     0 -9999
2021 03 16 18    22    -6 10168    40    41     8     0 -9999
2021 03 16 19    22   -11 10171    20    36 -9999     0 -9999
2021 03 16 20    28   -11 10164    40    41 -9999     0 -9999
2021 03 16 21    28   -11 10171    20    21 -9999     0 -9999
2021 03 16 22    33   -11 10170    30    31 -9999     0 -9999
2021 03 16 23    28   -11 10171    40    36 -9999     0 -9999
2021 03 17 00    22   -17 10177    80    26     8     0 -9999
2021 03 17 01    22   -17 10180    70    21 -9999     0 -9999
2021 03 17 02    22   -17 10186    50    31 -9999     0 -9999
2021 03 17 03    17   -22 10187    60    31 -9999     0 -9999
2021 03 17 04    17   -22 10188    60    36 -9999     0 -9999
2021 03 17 05    11   -22 10189    60    46 -9999     0 -9999
2021 03 17 06    17   -17 10189    70    26     8     0 -9999
2021 03 17 07    17   -17 10191    70    26 -9999     0 -9999
2021 03 17 08    11   -17 10186    70    41 -9999     0 -9999
2021 03 17 09    11   -17 10184    60    26 -9999     0 -9999
2021 03 17 10    11   -17 10175   110    46 -9999     0 -9999
2021 03 17 11    11   -17 10175   110    31 -9999     0 -9999
2021 03 17 12    11   -11 10172   100    36     8     0 -9999
2021 03 17 13    17   -11 10169   110    41 -9999     0 -9999
2021 03 17 14    11    -6 10167    90    36 -9999     0 -9999
2021 03 17 15    22    -6 10157   100    26 -9999     0 -9999
2021 03 17 16    22     0 10161    60    21 -9999     0 -9999
2021 03 17 17    28     6 10157    20    31 -9999     0 -9999
2021 03 17 18    33    11 10160    10    46     8     0 -9999
2021 03 17 19    33    11 10150    40    62 -9999     0 -9999
2021 03 17 20    33     6 10148    30    77 -9999     0 -9999
2021 03 17 21    33     0 10138    30   103 -9999     0 -9999
2021 03 17 22    33    -6 10149    40    57 -9999    -1 -9999
2021 03 17 23    28     0 10130    50    62 -9999    15 -9999
2021 03 18 00    28     6 10114    30   103     8    30    40
2021 03 18 01    28     6 10119    30    72 -9999    20 -9999
2021 03 18 02    28     6 10123    30    88 -9999    13 -9999
2021 03 18 03    28     6 10119    20   108 -9999     5 -9999
2021 03 18 04    28    11 10130    30    82 -9999     8 -9999
2021 03 18 05    28    11 10127    30    98 -9999     3 -9999
2021 03 18 06    28    11 10118    20   103     8    -1    50
2021 03 18 07    33    17 10116    30   118 -9999     5 -9999
2021 03 18 08    33    17 10116    40   124 -9999     3 -9999
2021 03 18 09    33    17 10112    40   118 -9999    -1 -9999
2021 03 18 10    39    17 10113    30   118 -9999    -1 -9999
2021 03 18 11    33    17 10115    50   108 -9999     0 -9999
2021 03 18 12    33    11 10112    40   118     8    -1     8
2021 03 18 13    33     0 10124    40   134 -9999     3 -9999
2021 03 18 14    28     6 10132    40   129 -9999     3 -9999
2021 03 18 15    33     0 10142    30   129 -9999     3 -9999
2021 03 18 16    33     0 10152    30   154 -9999    -1 -9999
2021 03 18 17    39     6 10160    30   144 -9999    -1 -9999
2021 03 18 18    44     6 10168    30   139     8     0     8
2021 03 18 19    61    11 10170    30   160 -9999     0 -9999
2021 03 18 20    56    11 10176    30   160 -9999     0 -9999
2021 03 18 21    56     0 10184    20   144 -9999     0 -9999
2021 03 18 22    50   -11 10199    20   139 -9999     0 -9999
2021 03 18 23    44   -22 10217    20   139 -9999     0 -9999
2021 03 19 00    33   -28 10230    20   103     6     0 -9999
2021 03 19 01    33   -28 10240    20   108 -9999     0 -9999
2021 03 19 02    33   -22 10249    20   118 -9999     0 -9999
2021 03 19 03    28   -22 10258    30   118 -9999     0 -9999
2021 03 19 04    28   -22 10267    30    98 -9999     0 -9999
2021 03 19 05    28   -22 10276    30   108     2     0 -9999
2021 03 19 06    22   -28 10283    30    82     2     0 -9999
2021 03 19 07    22   -33 10291    40    67     2     0 -9999
2021 03 19 08    28   -83 10294    50    72     2     0 -9999
2021 03 19 09    22   -78 10298    50    82     2     0 -9999
2021 03 19 10    17   -94 10306    60    72     2     0 -9999
2021 03 19 11    17   -89 10313    60    72     2     0 -9999
2021 03 19 12    17   -94 10319    60    77     2     0 -9999
2021 03 19 13    17   -89 10328    60    67     2     0 -9999
2021 03 19 14    28   -83 10336    70    77     2     0 -9999
2021 03 19 15    39   -72 10343    90    57     2     0 -9999
2021 03 19 16    44   -72 10345    60    67     2     0 -9999
2021 03 19 17    56   -67 10345    70    46     0     0 -9999
2021 03 19 18    67   -61 10344    60    51     0     0 -9999
2021 03 19 19    67   -67 10339    70    46     0     0 -9999
2021 03 19 20    72   -61 10335    50    51     0     0 -9999
2021 03 19 21    72   -72 10335    80    26     0     0 -9999
2021 03 19 22    72   -67 10333    60    31     0     0 -9999
2021 03 19 23    72   -61 10332    60    36     0     0 -9999
2021 03 20 00    56   -61 10333    90    26     0     0 -9999
2021 03 20 01    39   -56 10335    50    26     0     0 -9999
2021 03 20 02    28   -56 10335    90    26     0     0 -9999
2021 03 20 03    22   -50 10335    90    15     0     0 -9999
2021 03 20 04    11   -44 10338     0     0     0     0 -9999
2021 03 20 05     6   -44 10338     0     0     0     0 -9999
2021 03 20 06     6   -39 10337    80    15     0     0 -9999
2021 03 20 07     0   -39 10341     0     0     0     0 -9999
2021 03 20 08    -6   -39 10338     0     0     0     0 -9999
2021 03 20 09    -6   -39 10335     0     0     0     0 -9999
2021 03 20 10   -11   -39 10340   290    15     0     0 -9999
2021 03 20 11   -17   -50 10343     0     0     0     0 -9999
2021 03 20 12   -17   -44 10350     0     0     0     0 -9999
2021 03 20 13    11   -22 10352   160    31     0     0 -9999
2021 03 20 14    33   -56 10351   150    46     0     0 -9999
2021 03 20 15    56   -78 10349   180    41     0     0 -9999
2021 03 20 16    78   -67 10345   190    36     0     0 -9999
2021 03 20 17   100   -61 10340   220    31     0     0 -9999
2021 03 20 18   117   -56 10331   220    31     0     0 -9999
2021 03 20 19   128   -50 10322   180    41     0     0 -9999
2021 03 20 20   133   -50 10312   170    41     0     0 -9999
2021 03 20 21   139   -50 10305   180    57     0     0 -9999
2021 03 20 22   144   -50 10300   190    36     0     0 -9999
2021 03 20 23   139   -44 10294   160    41     0     0 -9999
2021 03 21 00   128   -50 10294   180    41     0     0 -9999
2021 03 21 01    94   -28 10292   130    26     0     0 -9999
2021 03 21 02    83   -28 10294   140    31     0     0 -9999
2021 03 21 03    67   -28 10293   140    31     0     0 -9999
2021 03 21 04    67   -28 10290   160    26     0     0 -9999
2021 03 21 05    61   -17 10282   150    31     0     0 -9999
2021 03 21 06    67   -17 10281   160    36     0     0 -9999
2021 03 21 07    61   -17 10277   160    26     0     0 -9999
2021 03 21 08    50   -17 10276   160    26     2     0 -9999
2021 03 21 09    50   -22 10276   180    21     2     0 -9999
2021 03 21 10    33   -28 10275   150    21     2     0 -9999
2021 03 21 11    33   -28 10279   200    15     2     0 -9999
2021 03 21 12    28   -28 10280   160    26     2     0 -9999
2021 03 21 13    39   -28 10281   170    26     2     0 -9999
2021 03 21 14    72   -22 10282   170    31     2     0 -9999
2021 03 21 15   117   -28 10277   200    46     2     0 -9999
2021 03 21 16   139   -22 10272   210    62     2     0 -9999
2021 03 21 17   150   -11 10262   220    72     2     0 -9999
2021 03 21 18   161   -17 10253   200    62     2     0 -9999
2021 03 21 19   172   -22 10243   190    41     2     0 -9999
2021 03 21 20   178   -39 10231   180    62     4     0 -9999
2021 03 21 21   178   -56 10222   190    72     4     0 -9999
2021 03 21 22   178   -61 10214   180    77     4     0 -9999
2021 03 21 23   172   -56 10210   170    57 -9999     0 -9999
2021 03 22 00   161   -56 10205   170    67     6     0 -9999
2021 03 22 01   150   -39 10204   180    51 -9999     0 -9999
2021 03 22 02   139   -28 10207   170    41 -9999     0 -9999
2021 03 22 03   133   -28 10207   180    46 -9999     0 -9999
2021 03 22 04   122   -22 10208   190    46     2     0 -9999
2021 03 22 05   111   -22 10206   170    36     2     0 -9999
2021 03 22 06   100   -22 10204   170    36     2     0 -9999
2021 03 22 07    89   -22 10202   180    31     2     0 -9999
2021 03 22 08    89   -28 10198   180    31 -9999     0 -9999
2021 03 22 09    89   -28 10197   180    36     4     0 -9999
2021 03 22 10   100   -28 10195   180    41 -9999     0 -9999
2021 03 22 11    94   -28 10195   190    41 -9999     0 -9999
2021 03 22 12    94   -22 10193   190    41     6     0 -9999
2021 03 22 13   100   -17 10192   190    36 -9999     0 -9999
2021 03 22 14   122   -11 10192   200    41 -9999     0 -9999
2021 03 22 15   139   -11 10192   200    67 -9999     0 -9999
2021 03 22 16   161   -11 10187   200    72 -9999     0 -9999
2021 03 22 17   167     0 10181   200    67 -9999     0 -9999
2021 03 22 18   172     0 10172   210    72     8     0 -9999
2021 03 22 19   172     0 10164   190    57 -9999     0 -9999
2021 03 22 20   189     0 10158   190    57 -9999     0 -9999
2021 03 22 21   200     0 10155   180    51 -9999     0 -9999
2021 03 22 22   194     0 10150   180    57 -9999     0 -9999
2021 03 22 23   183    17 10151   170    51 -9999     0 -9999
2021 03 23 00   172    11 10155   180    31     6     0 -9999
2021 03 23 01   161    33 10158   170    46 -9999     0 -9999
2021 03 23 02   144    39 10160   160    36 -9999     0 -9999
2021 03 23 03   139    39 10162   170    31 -9999     0 -9999
2021 03 23 04   133    39 10159   170    21 -9999     0 -9999
2021 03 23 05   122    39 10157   150    26 -9999     0 -9999
2021 03 23 06   117    39 10155   150    26     8     0 -9999
2021 03 23 07   106    39 10154   140    21 -9999     0 -9999
2021 03 23 08   106    39 10149   140    26 -9999     0 -9999
2021 03 23 09   106    39 10143   150    26 -9999     0 -9999
2021 03 23 10   100    39 10137   130    26 -9999     0 -9999
2021 03 23 11   111    44 10136   140    36 -9999     0 -9999
2021 03 23 12   111    44 10137   130    31     8     0 -9999
2021 03 23 13   122    50 10136   140    36 -9999     0 -9999
2021 03 23 14   128    50 10137   140    31 -9999     3 -9999
2021 03 23 15   156    61 10129   130    51 -9999    -1 -9999
2021 03 23 16   167    50 10126   160    46 -9999     0 -9999
2021 03 23 17   172    50 10118   140    41 -9999    -1 -9999
2021 03 23 18   178    44 10105   110    46     8    -1     3
2021 03 23 19   178    44 10091   100    51 -9999     0 -9999
2021 03 23 20   172    50 10086   150    41 -9999    -1 -9999
2021 03 23 21   150   106 10077   110    36 -9999     3 -9999
2021 03 23 22   133   106 10077   130    41 -9999    15 -9999
2021 03 23 23   128   106 10071   110    57 -9999    18 -9999
2021 03 24 00   133   106 10063   130    77     8     3    40
2021 03 24 01   128   106 10063   130    46 -9999     8 -9999
2021 03 24 02   133   106 10062   140    51 -9999    -1 -9999
2021 03 24 03   133   106 10053   140    72 -9999    10 -9999
2021 03 24 04   133   106 10045   140    88 -9999     3 -9999
2021 03 24 05   133   106 10038   140    72 -9999    -1 -9999
2021 03 24 06   144   100 10035   160    72     8     0    20
2021 03 24 07   144   106 10030   160    72 -9999    -1 -9999
2021 03 24 08   144   106 10029   180    77 -9999    -1 -9999
2021 03 24 09   133   106 10028   190    46 -9999    -1 -9999
2021 03 24 10   122    83 10032   210    36 -9999    -1 -9999
2021 03 24 11   117    89 10031   180    31     4     0 -9999
2021 03 24 12   111    83 10036   170    36     6     0    -1
2021 03 24 13   117    78 10037   180    57 -9999     0 -9999
2021 03 24 14   117    78 10034   180    57 -9999     0 -9999
2021 03 24 15   128    78 10035   190    72 -9999     0 -9999
2021 03 24 16   133    72 10035   210    88 -9999     0 -9999
2021 03 24 17   128    72 10035   200    93 -9999     0 -9999
2021 03 24 18   117    83 10043   210    67     8    -1    -1
2021 03 24 19   122    78 10040   220   103 -9999     0 -9999
2021 03 24 20   133    83 10040   220    98 -9999     0 -9999
2021 03 24 21   139    83 10044   210   108 -9999     0 -9999
2021 03 24 22   133    94 10053   220    72 -9999    -1 -9999
2021 03 24 23   128    89 10060   230    88 -9999    -1 -9999
2021 03 25 00   133    83 10067   230    77     8    -1    -1
2021 03 25 01   111    94 10080   250    51 -9999     3 -9999
2021 03 25 02   100    72 10093   250    67 -9999    -1 -9999
2021 03 25 03   100    67 10102   250    57 -9999     0 -9999
2021 03 25 04    89    61 10108   260    67 -9999     0 -9999
2021 03 25 05    83    50 10115   250    46 -9999     0 -9999
2021 03 25 06    78    44 10119   250    36     8     0     3
2021 03 25 07    78    44 10127   240    51 -9999     0 -9999
2021 03 25 08    78    39 10120   260    51 -9999     0 -9999
2021 03 25 09    67    33 10114   270    36 -9999     0 -9999
2021 03 25 10    72    33 10127 -9999    15 -9999     0 -9999
2021 03 25 11    67    33 10126   280    21 -9999     0 -9999
2021 03 25 12    67    33 10122     0     0     8     0 -9999
2021 03 25 13    72    33 10140   170    26 -9999     0 -9999
2021 03 25 14    78    33 10139     0     0 -9999     0 -9999
2021 03 25 15    83    39 10134     0     0 -9999     0 -9999
2021 03 25 16    89    39 10137     0     0 -9999     0 -9999
2021 03 25 17    94    39 10124   360    36 -9999     0 -9999
2021 03 25 18    89    39 10116    70    51     8     0 -9999
2021 03 25 19    83    39 10122    60    46 -9999     0 -9999
2021 03 25 20    72    33 10119    70    57 -9999     0 -9999
2021 03 25 21    78    39 10101    30    72 -9999     0 -9999
2021 03 25 22    72    28 10091    40    77 -9999     0 -9999
2021 03 25 23    67    22 10080    40    82 -9999     0 -9999
2021 03 26 00    56    22 10066    40    82     8     0 -9999
2021 03 26 01    50    22 10069    30    82 -9999     3 -9999
2021 03 26 02    44    22 10068    20    88 -9999     5 -9999
2021 03 26 03    39    17 10058    20   103 -9999     5 -9999
2021 03 26 04    33    17 10048    10   113 -9999     5 -9999
2021 03 26 05    33    17 10046    10    98 -9999    15 -9999
2021 03 26 06    33    11 10054   350    72     8    13    50
2021 03 26 07    33    11 10069   350    82 -9999    -1 -9999
2021 03 26 08    28     6 10083   350    82 -9999    -1 -9999
2021 03 26 09    22     0 10095   350    77 -9999    -1 -9999
2021 03 26 10    22     0 10110   340    51 -9999     0 -9999
2021 03 26 11    17    -6 10125   350    51 -9999     0 -9999
2021 03 26 12    22    -6 10146    10    36     8     0    -1
2021 03 26 13    22    -6 10158     0     0 -9999     0 -9999
2021 03 26 14    28     0 10166   260    15 -9999     0 -9999
2021 03 26 15    44    11 10167     0     0 -9999     0 -9999
2021 03 26 16    44     6 10177 -9999    21 -9999     0 -9999
2021 03 26 17    56    11 10179     0     0 -9999     0 -9999
2021 03 26 18    56    17 10182   240    21     8     0 -9999
2021 03 26 19    67    22 10188     0     0 -9999     0 -9999
2021 03 26 20    67    17 10184    90    36 -9999     0 -9999
2021 03 26 21    56    11 10188   100    31 -9999     0 -9999
2021 03 26 22    56    17 10191   120    31 -9999     0 -9999
2021 03 26 23    50    17 10193   140    26 -9999     0 -9999
2021 03 27 00    50    11 10198   140    31     8     0 -9999
2021 03 27 01    50    17 10199   130    21 -9999     0 -9999
2021 03 27 02    44    11 10198   130    26 -9999     0 -9999
2021 03 27 03    44    11 10193     0     0     2     0 -9999
2021 03 27 04    33     6 10194    20    21     2     0 -9999
2021 03 27 05    28     0 10197    30    15     2     0 -9999
2021 03 27 06    22     0 10196    20    21     6     0 -9999
2021 03 27 07    28     0 10195     0     0 -9999     0 -9999
2021 03 27 08    33    11 10194     0     0 -9999     0 -9999
2021 03 27 09    39    17 10191    50    15 -9999     0 -9999
2021 03 27 10    44    22 10185    80    15 -9999     0 -9999
2021 03 27 11    50    28 10188    80    15 -9999     0 -9999
2021 03 27 12    50    33 10182   100    26     8     0 -9999
2021 03 27 13    61    39 10172    90    21 -9999     0 -9999
2021 03 27 14    67    50 10164   130    51 -9999     0 -9999
2021 03 27 15    89    61 10132   120    67 -9999     0 -9999
2021 03 27 16   111    67 10140   150    41 -9999     0 -9999
2021 03 27 17   139    72 10126   160    62 -9999     0 -9999
2021 03 27 18   156    78 10117   190    46     6     0 -9999
2021 03 27 19   172    89 10104   190    62 -9999     0 -9999
2021 03 27 20   178    94 10097   180    62 -9999     0 -9999
2021 03 27 21   183   100 10083   190    57 -9999     0 -9999
2021 03 27 22   183   100 10076   220    57 -9999     0 -9999
2021 03 27 23   172   100 10077   220    82 -9999     0 -9999
2021 03 28 00   161   111 10078   210    62     6     0 -9999
2021 03 28 01   156   111 10080   220    51 -9999     0 -9999
2021 03 28 02   150   111 10070   230    41     4     0 -9999
2021 03 28 03   144   111 10067   270    41 -9999     0 -9999
2021 03 28 04   133    94 10064   270    57 -9999     0 -9999
2021 03 28 05   117    67 10067   270    57 -9999     0 -9999
2021 03 28 06   100    61 10063   280    51     8     0 -9999
2021 03 28 07    94    72 -9999   280    62 -9999    -1 -9999
2021 03 28 08    83    44 10058   290    67 -9999    -1 -9999
2021 03 28 09    72    28 10058   270    93 -9999     0 -9999
2021 03 28 10    61    17 10062   260    82 -9999     0 -9999
2021 03 28 11    50     0 10068   300    88 -9999     0 -9999
2021 03 28 12    44   -11 10078   300    88     8     0    -1
2021 03 28 13    39   -11 10090   300    88 -9999     0 -9999
2021 03 28 14    44   -17 10101   300    82 -9999     0 -9999
2021 03 28 15    44   -28 10111   320    88 -9999     0 -9999
2021 03 28 16    44   -22 10124   310   108 -9999    -1 -9999
2021 03 28 17    72   -28 10130   320    98 -9999     0 -9999
2021 03 28 18    72   -61 10135   290   124     4     0     0
2021 03 28 19    78   -72 10147   300   113     4     0 -9999
2021 03 28 20    78   -72 10151   300    67     4     0 -9999
2021 03 28 21    78   -78 10159   330    82     4     0 -9999
2021 03 28 22    83   -78 10167   310    93     4     0 -9999
2021 03 28 23    72   -83 10179   290    67     4     0 -9999
2021 03 29 00    67   -78 10190   310    57     2     0 -9999
2021 03 29 01    56   -78 10198   290    26     0     0 -9999
2021 03 29 02    44   -67 10207   260    31     0     0 -9999
2021 03 29 03    39   -61 10212   270    26     0     0 -9999
2021 03 29 04    33   -56 10214   280    31     0     0 -9999
2021 03 29 05    22   -56 10211   270    26     0     0 -9999
2021 03 29 06    17   -56 10211   260    26     0     0 -9999
2021 03 29 07    11   -56 10210   260    26     0     0 -9999
2021 03 29 08     6   -50 10211   220    15     0     0 -9999
2021 03 29 09     0   -50 10210   170    21     2     0 -9999
2021 03 29 10     0   -44 10213   190    26     2     0 -9999
2021 03 29 11     0   -44 10217   200    21     2     0 -9999
2021 03 29 12     6   -44 10219   210    26     6     0 -9999
2021 03 29 13    17   -33 10216   180    31 -9999     0 -9999
2021 03 29 14    39   -33 10213   170    46     4     0 -9999
2021 03 29 15    67   -39 10207   190    57     2     0 -9999
2021 03 29 16    89   -33 10198   180    67     2     0 -9999
2021 03 29 17   111   -22 10183   170    67     2     0 -9999
2021 03 29 18   128    -6 10168   190    93     0     0 -9999
2021 03 29 19   144     0 10157   170    98     2     0 -9999
2021 03 29 20   156    11 10140   180    93     2     0 -9999
2021 03 29 21   167    22 10130   180    88     2     0 -9999
2021 03 29 22   167    22 10123   180   103     2     0 -9999
2021 03 29 23   161    17 10114   180    98     2     0 -9999
2021 03 30 00   150    17 10111   180    93     2     0 -9999
2021 03 30 01   139    17 10110   180   103     0     0 -9999
2021 03 30 02   133     6 10101   180   108     0     0 -9999
2021 03 30 03   128    -6 10102   180   118     0     0 -9999
2021 03 30 04   122    -6 10100   190    88     0     0 -9999
2021 03 30 05   122    -6 10102   190    88     0     0 -9999
2021 03 30 06   117    -6 10097   190    98     0     0 -9999
2021 03 30 07   111     0 10099   190    93     0     0 -9999
2021 03 30 08   106     6 10091   190    82     0     0 -9999
2021 03 30 09   100     6 10086   190    72     2     0 -9999
2021 03 30 10   100    11 10087   190    88     2     0 -9999
2021 03 30 11    94    11 10083   190    62 -9999     0 -9999
2021 03 30 12   100    11 10078   200    62     2     0 -9999
2021 03 30 13   111    17 10080   210    72     2     0 -9999
2021 03 30 14   128    22 10078   200    98 -9999     0 -9999
2021 03 30 15   144    28 10072   200   103 -9999     0 -9999
2021 03 30 16   161    33 10073   220    93 -9999     0 -9999
2021 03 30 17   172    33 10070   240   103 -9999     0 -9999
2021 03 30 18   183    44 10069   220    98     6     0 -9999
2021 03 30 19   189    44 10071   250    93 -9999     0 -9999
2021 03 30 20   194    44 10070   230    93 -9999     0 -9999
2021 03 30 21   189    50 10068   240    88 -9999     0 -9999
2021 03 30 22   167    33 10078   270    88 -9999     0 -9999
2021 03 30 23   150     6 10083   290    72 -9999    -1 -9999
2021 03 31 00   144   -17 10093   270    46     8    -1     0
2021 03 31 01   128   -39 10107   290    46 -9999    -1 -9999
2021 03 31 02   111   -56 10125   280    51 -9999    -1 -9999
2021 03 31 03   100   -56 10133   290    46 -9999     0 -9999
2021 03 31 04    89   -67 10140   290    67 -9999    -1 -9999
2021 03 31 05    83   -72 10146   290    57 -9999     0 -9999
2021 03 31 06    67   -67 10155   290    57     2     0    -1
2021 03 31 07    56   -67 10166   300    72     0     0 -9999
2021 03 31 08    44   -72 10170   290    62     0     0 -9999
2021 03 31 09    39   -72 10175   290    51     2     0 -9999
2021 03 31 10    28   -67 10181   280    46     0     0 -9999
2021 03 31 11    17   -72 10191   270    57     0     0 -9999
2021 03 31 12    11   -78 10200   280    51     0     0 -9999
2021 03 31 13    17   -78 10205   280    41     0     0 -9999
2021 03 31 14    22   -83 10206   290    72     0     0 -9999
2021 03 31 15    33   -83 10211   290    62     2     0 -9999
2021 03 31 16    39   -89 10218   270    67     2     0 -9999
2021 03 31 17    44   -83 10220   280    72     4     0 -9999
2021 03 31 18    44   -83 10220   280    57     6     0 -9999
2021 03 31 19    56   -83 10222   270    72 -9999     0 -9999
2021 03 31 20    50   -89 10221   310    77 -9999     0 -9999
2021 03 31 21    44  -100 10225   300    82 -9999     0 -9999
2021 03 31 22    44   -94 10233   290    62 -9999     0 -9999
2021 03 31 23    39   -94 10239   290    67 -9999     0 -9999
2021 04 01 00    33   -94 10248   320    46     6     0 -9999
2021 04 01 01    33  -100 10254   300    67 -9999     0 -9999
2021 04 01 02    33  -106 10261   330    62 -9999     0 -9999
2021 04 01 03    28  -100 10266   330    67 -9999     0 -9999
2021 04 01 04    22   -89 10270   320    77 -9999     0 -9999
2021 04 01 05    11  -100 10276   350    67 -9999     0 -9999
2021 04 01 06     0  -117 10280   350    62     6     0 -9999
2021 04 01 07     0  -117 10281   340    72 -9999     0 -9999
2021 04 01 08   -11  -106 10286   360    67 -9999     0 -9999
2021 04 01 09   -11   -78 10288    20    51 -9999     0 -9999
2021 04 01 10   -22  -111 10296   360    72     4     0 -9999
2021 04 01 11   -39  -128 10307   350    72     2     0 -9999
2021 04 01 12   -44  -144 10318   350    67     2     0 -9999
2021 04 01 13   -33  -144 10324   360    77     2     0 -9999
2021 04 01 14   -22  -139 10328   340    82     2     0 -9999
2021 04 01 15   -11  -133 10336   350    72     2     0 -9999
2021 04 01 16     0  -128 10341   360    57     2     0 -9999
2021 04 01 17    22  -117 10343   340    51     2     0 -9999
2021 04 01 18    33  -117 10342   360    72     2     0 -9999
2021 04 01 19    33  -117 10337   340    62     2     0 -9999
2021 04 01 20    33   -89 10334    30    57     2     0 -9999
2021 04 01 21    39   -83 10331    30    46     2     0 -9999
2021 04 01 22    33   -83 10329    50    41     0     0 -9999
2021 04 01 23    28   -72 10331    40    57     0     0 -9999
2021 04 02 00    11   -72 10338    60    46     0     0 -9999
2021 04 02 01     6   -67 10336    70    41     0     0 -9999
2021 04 02 02     0   -67 10338    70    36     0     0 -9999
2021 04 02 03     0   -61 10340    70    36     0     0 -9999
2021 04 02 04    -6   -61 10338   100    15     0     0 -9999
2021 04 02 05    -6   -67 10337     0     0     0     0 -9999
2021 04 02 06   -11   -67 10338     0     0     0     0 -9999
2021 04 02 07   -17   -67 10338     0     0     0     0 -9999
2021 04 02 08   -22   -72 10337     0     0     0     0 -9999
2021 04 02 09   -28   -67 10338   250    15     0     0 -9999
2021 04 02 10   -28   -67 10339   230    21     0     0 -9999
2021 04 02 11   -28   -72 10342     0     0     2     0 -9999
2021 04 02 12   -28   -67 10348   250    26     2     0 -9999
2021 04 02 13   -11   -56 10351   210    21     2     0 -9999
2021 04 02 14    11   -56 10354   210    21     4     0 -9999
2021 04 02 15    39   -83 10351   170    41     2     0 -9999
2021 04 02 16    50  -133 10349   170    41     2     0 -9999
2021 04 02 17    67  -122 10339   170    46     2     0 -9999
2021 04 02 18    72  -128 10328   170    36     2     0 -9999
2021 04 02 19    78  -133 10318   210    41     2     0 -9999
2021 04 02 20    89  -144 10304   220    57     2     0 -9999
2021 04 02 21    94  -139 10293   190    72     2     0 -9999
2021 04 02 22   100  -133 10285   200    62     2     0 -9999
2021 04 02 23   100  -122 10277   180    57     2     0 -9999
2021 04 03 00    94  -122 10267   190    57     2     0 -9999
2021 04 03 01    89  -117 10261   180    67     0     0 -9999
2021 04 03 02    78  -117 10258   180    57     0     0 -9999
2021 04 03 03    72  -111 10258   200    57     0     0 -9999
2021 04 03 04    72  -100 10255   200    62     0     0 -9999
2021 04 03 05    61   -89 10257   200    46     0     0 -9999
2021 04 03 06    56   -83 10251   190    46     0     0 -9999
2021 04 03 07    50   -78 10244   190    57     0     0 -9999
2021 04 03 08    44   -72 10240   190    41     4     0 -9999
2021 04 03 09    50   -72 10233   200    46 -9999     0 -9999
2021 04 03 10    56   -72 10228   210    67     4     0 -9999
2021 04 03 11    56   -61 10222   210    62     2     0 -9999
2021 04 03 12    56   -56 10217   210    67     4     0 -9999
2021 04 03 13    61   -44 10214   210    82 -9999     0 -9999
2021 04 03 14    78   -39 10209   220    77     2     0 -9999
2021 04 03 15   106   -22 10207   230    77     0     0 -9999
2021 04 03 16   139   -17 10202   240    82     0     0 -9999
2021 04 03 17   150    -6 10192   230    77     0     0 -9999
2021 04 03 18   178     6 10187   240    88     2     0 -9999
2021 04 03 19   189     6 10182   230    93     2     0 -9999
2021 04 03 20   200    11 10180   250    72     0     0 -9999
2021 04 03 21   211    17 10175   250    88     0     0 -9999
2021 04 03 22   211    17 10176   240    62     0     0 -9999
2021 04 03 23   211    22 10180   270    67     0     0 -9999
2021 04 04 00   200    22 10185   270    46     2     0 -9999
2021 04 04 01   183    22 10190   260    26     2     0 -9999
2021 04 04 02   167    28 10197   250    26     0     0 -9999
2021 04 04 03   156    28 10201   250    31     0     0 -9999
2021 04 04 04   139    28 10202   250    26     0     0 -9999
2021 04 04 05   133    28 10199   240    31     0     0 -9999
2021 04 04 06   106    28 10201     0     0     0     0 -9999
2021 04 04 07    94    28 10202     0     0     0     0 -9999
2021 04 04 08    89    28 10202     0     0     2     0 -9999
2021 04 04 09    83    28 10202   210    15     2     0 -9999
2021 04 04 10    72    22 10202   210    26     2     0 -9999
2021 04 04 11    72    22 10206     0     0     2     0 -9999
2021 04 04 12    67    17 10210     0     0     2     0 -9999
2021 04 04 13    94    39 10216     0     0     2     0 -9999
2021 04 04 14   128    39 10215     0     0     2     0 -9999
2021 04 04 15   150    44 10217     0     0     2     0 -9999
2021 04 04 16   178    44 10215     0     0     2     0 -9999
2021 04 04 17   206    50 10210   140    26     2     0 -9999
2021 04 04 18   217    33 10203 -9999    21     2     0 -9999
2021 04 04 19   228    39 10192   150    46     2     0 -9999
2021 04 04 20   233    11 10183   200    67     2     0 -9999
2021 04 04 21   239     6 10174   190    57     4     0 -9999
2021 04 04 22   239    28 10166   180    46     4     0 -9999
2021 04 04 23   239    22 10162   200    51     4     0 -9999
2021 04 05 00   233    22 10159   190    51     4     0 -9999
2021 04 05 01   217    28 10155   190    31     4     0 -9999
2021 04 05 02   194    39 10157   170    41     4     0 -9999
2021 04 05 03   183    39 10158   170    26     4     0 -9999
2021 04 05 04   178    44 10159   160    31     4     0 -9999
2021 04 05 05   172    50 10156   180    36 -9999     0 -9999
2021 04 05 06   178    61 10151   190    51     6     0 -9999
2021 04 05 07   178    67 10144   210    46 -9999     0 -9999
2021 04 05 08   178    67 10147   240    88 -9999    -1 -9999
2021 04 05 09   167    89 10141   220    67 -9999    -1 -9999
2021 04 05 10   183    83 10126   220    62 -9999    -1 -9999
2021 04 05 11   178    89 10135   230    51 -9999     0 -9999
2021 04 05 12   156   100 10130   210    62     8     0    -1
2021 04 05 13   167    94 10116   230    77 -9999     0 -9999
2021 04 05 14   206    94 10122   240    67 -9999     0 -9999
2021 04 05 15   200    94 10131   240    72 -9999     0 -9999
2021 04 05 16   194   100 10136   240    67 -9999     0 -9999
2021 04 05 17   189   111 10131   230    41 -9999    -1 -9999
2021 04 05 18   194   111 10124   220    41     8    -1     0
2021 04 05 19   200   111 10136   230    15 -9999    -1 -9999
2021 04 05 20   217   128 10123   180    46 -9999    -1 -9999
2021 04 05 21   228   122 10112   170    51 -9999     0 -9999
2021 04 05 22   228   117 10097   170    57 -9999     0 -9999
2021 04 05 23   244   106 10099   190    41 -9999     0 -9999
2021 04 06 00   239    83 10102   200    46     4     0     0
2021 04 06 01   217    83 10103   180    31     2     0 -9999
2021 04 06 02   211    83 10108   180    31 -9999     0 -9999
2021 04 06 03   194    83 10112   180    41     4     0 -9999
2021 04 06 04   200    78 10110   190    51     2     0 -9999
2021 04 06 05   189    78 10108   200    41     2     0 -9999
2021 04 06 06   189    78 10111   190    51     2     0 -9999
2021 04 06 07   178    78 10106   190    51     2     0 -9999
2021 04 06 08   172    83 10105   200    41 -9999     0 -9999
2021 04 06 09   167    83 10105   210    51 -9999     0 -9999
2021 04 06 10   161    89 10109   210    31 -9999     0 -9999
2021 04 06 11   156    89 10111   200    41 -9999     0 -9999
2021 04 06 12   156    89 10117   210    41     8     0 -9999
2021 04 06 13   161    94 10119   210    41 -9999     0 -9999
2021 04 06 14   189    94 10116   220    46 -9999     0 -9999
2021 04 06 15   206   100 10115   230    57 -9999     0 -9999
2021 04 06 16   228   111 10114   230    57     4     0 -9999
2021 04 06 17   244   111 10109   240    67     2     0 -9999
2021 04 06 18   250   111 10104   220    57     2     0 -9999
2021 04 06 19   261   106 10101   220    72     4     0 -9999
2021 04 06 20   267   100 10096   210    62 -9999     0 -9999
2021 04 06 21   267    94 10095   220    57 -9999     0 -9999
2021 04 06 22   267    94 10090   210    46 -9999     0 -9999
2021 04 06 23   261   100 10089   190    62 -9999     0 -9999
2021 04 07 00   256   100 10091   210    51     8     0 -9999
2021 04 07 01   244   100 10090   200    41 -9999     0 -9999
2021 04 07 02   233   106 10095   200    31 -9999     0 -9999
2021 04 07 03   222   106 10097   190    36 -9999     0 -9999
2021 04 07 04   217   100 10103   200    46 -9999     0 -9999
2021 04 07 05   211   100 10104   200    41     2     0 -9999
2021 04 07 06   194    94 10104   170    31     2     0 -9999
2021 04 07 07   189    89 10103   200    36     0     0 -9999
2021 04 07 08   189    83 10100   210    36 -9999     0 -9999
2021 04 07 09   178    83 10100   170    36     2     0 -9999
2021 04 07 10   167    83 10097   160    36     2     0 -9999
2021 04 07 11   161    83 10097   180    41 -9999     0 -9999
2021 04 07 12   156    78 10099   180    46     6     0 -9999
2021 04 07 13   167    89 10102   180    41 -9999     0 -9999
2021 04 07 14   189   106 10099   180    46 -9999     0 -9999
2021 04 07 15   211   117 10093   180    51     4     0 -9999
2021 04 07 16   228   128 10091   170    62     4     0 -9999
2021 04 07 17   228   133 10089   180    62 -9999     0 -9999
2021 04 07 18   250   133 10080   210    62     6     0 -9999
2021 04 07 19   256   139 10071   160    57 -9999     0 -9999
2021 04 07 20   272   133 10060   160    82     4     0 -9999
2021 04 07 21   222   150 10063   260    67 -9999    -1 -9999
2021 04 07 22   228   144 10052     0     0     4    -1 -9999
2021 04 07 23   228   139 10050   190    31     4     0 -9999
2021 04 08 00   222   139 10043   140    31     4     0    -1
2021 04 08 01   211   133 10044   110    36     4     0 -9999
2021 04 08 02   194   128 10050   100    31     0     0 -9999
2021 04 08 03   222   139 10047   160    57     4     0 -9999
2021 04 08 04   211   139 10044   160    72     4     0 -9999
2021 04 08 05   206   128 10038   160    57 -9999     0 -9999
2021 04 08 06   206   128 10031   170    51     6     0 -9999
2021 04 08 07   194   128 10026   160    36 -9999     0 -9999
2021 04 08 08   189   128 10021   170    36 -9999     0 -9999
2021 04 08 09   183   128 10014   150    15 -9999     0 -9999
2021 04 08 10   183   128 10009   140    46 -9999     0 -9999
2021 04 08 11   183   139 10010   170    62 -9999     3 -9999
2021 04 08 12   167   144 10013   170    31     8     5     8
2021 04 08 13   167   139 10014   160    67 -9999     3 -9999
2021 04 08 14   167   133 10013   170    62 -9999    -1 -9999
2021 04 08 15   167   133 10010   160    57 -9999    -1 -9999
2021 04 08 16   128   111 10017   240    36 -9999    18 -9999
2021 04 08 17   133   117 10016   260    26 -9999    28 -9999
2021 04 08 18   133   117 10010   210    15     8     8    60
2021 04 08 19   150   117 10004   100    15 -9999     3 -9999
2021 04 08 20   150   111 -9999   180    21 -9999    -1 -9999
2021 04 08 21   150   111  9995   190    31 -9999    -1 -9999
2021 04 08 22   139   117  9997   170    21 -9999     5 -9999
2021 04 08 23   139   111 -9999   150    31 -9999     2 -9999
2021 04 09 00   128    94 10010   210    62     6    13    30
2021 04 09 01   111    72 10018   200    62 -9999     0 -9999
2021 04 09 02   111    72 10024   200    62 -9999     0 -9999
2021 04 09 03   111    72 10025   180    31 -9999     0 -9999
2021 04 09 04   111    72 10023   170    51 -9999     0 -9999
2021 04 09 05   111    78 10021   170    46 -9999     0 -9999
2021 04 09 06   111    78 10017   170    72     8     0 -9999
2021 04 09 07   111    78 10014   170    51 -9999     0 -9999
2021 04 09 08   111    78 10009   180    57 -9999     0 -9999
2021 04 09 09   106    83 10008   190    41 -9999     0 -9999
2021 04 09 10   106    83 -9999   180    41 -9999    -1 -9999
2021 04 09 11   106    83 10013   210    36 -9999    -1 -9999
2021 04 09 12   106    83 10022   200    46     8    -1    -1
2021 04 09 13   106    89 -9999   190    36 -9999    -1 -9999
2021 04 09 14   111    89 10024   180    46 -9999    -1 -9999
2021 04 09 15   122    89 10024   200    57 -9999     0 -9999
2021 04 09 16   133   100 10021   190    46 -9999     0 -9999
2021 04 09 17   144    89 10022   220    62 -9999     0 -9999
2021 04 09 18   139    83 10031   240    82     8     0    -1
2021 04 09 19   144    83 10036   220    62 -9999     0 -9999
2021 04 09 20   144    89 10041   240    51 -9999    -1 -9999
2021 04 09 21   156    89 10044   240    62 -9999     0 -9999
2021 04 09 22   156    83 10046   230    77 -9999     0 -9999
2021 04 09 23   161    83 10048   240    62 -9999     0 -9999
2021 04 10 00   156    89 10054   260    41     6     0     0
2021 04 10 01   150    94 10061   240    31 -9999     0 -9999
2021 04 10 02   139    89 10072   210    26     0     0 -9999
2021 04 10 03   133    89 10076   220    21     4     0 -9999
2021 04 10 04   122    89 10068   270    15     4     0 -9999
2021 04 10 05   117    83 10067   240    15     4     0 -9999
2021 04 10 06   111    83 10067   240    26     6     0 -9999
2021 04 10 07   117    83 10067     0     0 -9999     0 -9999
2021 04 10 08   111    78 10068   220    15 -9999     0 -9999
2021 04 10 09    94    72 10056   160    15     2     0 -9999
2021 04 10 10    89    67 10059   180    15     2     0 -9999
2021 04 10 11    89    67 10053     0     0 -9999     0 -9999
2021 04 10 12   100    78 10050    20    21     6    -1 -9999
2021 04 10 13   111    89 10047    40    36 -9999     3 -9999
2021 04 10 14   117    89 10039    60    51 -9999    -1 -9999
2021 04 10 15   117    89 10034    50    51 -9999     5 -9999
2021 04 10 16   122    94 10023    40    67 -9999    -1 -9999
2021 04 10 17   117    94 10015    50    72 -9999     0 -9999
2021 04 10 18   128    94  9996    50    77     8     0     8
2021 04 10 19   117    89  9993    50    51 -9999     5 -9999
2021 04 10 20   106    83  9979    30    62 -9999    10 -9999
2021 04 10 21   100    83  9964    20    57 -9999     8 -9999
2021 04 10 22   106    89  9950    30    67 -9999    -1 -9999
2021 04 10 23   100    83  9940    30    57 -9999    -1 -9999
2021 04 11 00   100    83  9937    50    51     8    15    30
2021 04 11 01   100    89  9941     0     0 -9999    20 -9999
2021 04 11 02   106    89  9936     0     0 -9999    -1 -9999
2021 04 11 03   106    89  9936   160    21 -9999     0 -9999
2021 04 11 04   117   100  9929   180    31 -9999     0 -9999
2021 04 11 05   111    89  9930   180    41 -9999     0 -9999
2021 04 11 06    94    61  9926   190    15     4     0    30
2021 04 11 07    83    56  9921   180    41     2     0 -9999
2021 04 11 08    78    56  9921   160    26     2     0 -9999
2021 04 11 09    78    56  9921   150    41 -9999     0 -9999
2021 04 11 10    72    50  9921   170    15 -9999     0 -9999
2021 04 11 11    72    50  9921   130    26 -9999     0 -9999
2021 04 11 12    78    61  9926   100    26     8    -1     0
2021 04 11 13    83    67  9929    80    21 -9999     0 -9999
2021 04 11 14    89    67  9929    40    26 -9999    -1 -9999
2021 04 11 15    94    67  9932    40    26 -9999     0 -9999
2021 04 11 16   111    67  9937    20    21 -9999     0 -9999
2021 04 11 17   106    61  9942    70    31 -9999     0 -9999
2021 04 11 18   106    61  9946    30    15     8     0    -1
2021 04 11 19   122    61  9950     0     0 -9999     0 -9999
2021 04 11 20   122    61  9955   300    31 -9999     0 -9999
2021 04 11 21   122    67  9962    50    36 -9999     0 -9999
2021 04 11 22   133    67  9967    70    31 -9999     0 -9999
2021 04 11 23   128    67  9974 -9999    15 -9999     0 -9999
2021 04 12 00   122    61  9981    70    31     6     0 -9999
2021 04 12 01   100    56  9990   130    21     4     0 -9999
2021 04 12 02   106    61  9999   200    21 -9999     0 -9999
2021 04 12 03   106    61 10002   200    15 -9999     0 -9999
2021 04 12 04   106    67 10008   210    21 -9999     0 -9999
2021 04 12 05   106    78 10011   210    15 -9999    -1 -9999
2021 04 12 06   106    83 10012     0     0     8     3     3
2021 04 12 07   111    94 10017   290    31 -9999     0 -9999
2021 04 12 08   111    89 10022   290    26 -9999    -1 -9999
2021 04 12 09   106    89 10028   300    26 -9999    -1 -9999
2021 04 12 10   106    83 10033   290    36 -9999     0 -9999
2021 04 12 11   106    83 10044   280    36 -9999     0 -9999
2021 04 12 12   106    83 10052   280    36     8     0     0
2021 04 12 13   111    78 10057   270    31 -9999     0 -9999
2021 04 12 14   117    78 10061   270    62 -9999     0 -9999
2021 04 12 15   128    72 10068   270    62 -9999     0 -9999
2021 04 12 16   144    78 10069   280    36     4     0 -9999
2021 04 12 17   156    67 10075   270    72     2     0 -9999
2021 04 12 18   156    56 10080   280    67     4     0 -9999
2021 04 12 19   161    56 10086   280    77     4     0 -9999
2021 04 12 20   156    39 10092   270    93     2     0 -9999
2021 04 12 21   156    39 10095   280    88     2     0 -9999
2021 04 12 22   156    22 10099   260    98     2     0 -9999
2021 04 12 23   150    17 10107   270    88     2     0 -9999
2021 04 13 00   139    11 10114   280    57     2     0 -9999
2021 04 13 01   128    11 10124   250    46     2     0 -9999
2021 04 13 02   117    11 10137   240    41     0     0 -9999
2021 04 13 03   106    17 10143   240    31     0     0 -9999
2021 04 13 04   100    17 10147   230    26     0     0 -9999
2021 04 13 05    94    11 10148   220    31     0     0 -9999
2021 04 13 06    89    17 10150   230    31     0     0 -9999
2021 04 13 07    83    17 10152   220    31     0     0 -9999
2021 04 13 08    78    11 10155   230    31     0     0 -9999
2021 04 13 09    78     6 10159   230    36     0     0 -9999
2021 04 13 10    72     0 10164   250    36     0     0 -9999
2021 04 13 11    61     0 10167   250    31     0     0 -9999
2021 04 13 12    61     0 10175   250    36     0     0 -9999
2021 04 13 13    67    11 10179   260    62     0     0 -9999
2021 04 13 14    78    11 10181   230    62     0     0 -9999
2021 04 13 15    89    11 10186   250    82 -9999     0 -9999
2021 04 13 16    94     0 10189   260    72     2     0 -9999
2021 04 13 17   100    11 10191   270    82     4     0 -9999
2021 04 13 18   106     0 10192   270    72     4     0 -9999
2021 04 13 19   111   -11 10189   260    77     4     0 -9999
2021 04 13 20   117   -11 10190   250    88     4     0 -9999
2021 04 13 21   111   -17 10188   270    67     4     0 -9999
2021 04 13 22   117   -11 10187   250    82     4     0 -9999
2021 04 13 23   117   -11 10188   270    57 -9999     0 -9999
2021 04 14 00   111   -11 10189   280    36     6     0 -9999
2021 04 14 01   106   -11 10192   250    26     2     0 -9999
2021 04 14 02    94   -11 10197   210    15     2     0 -9999
2021 04 14 03    89    -6 10197   210    21     2     0 -9999
2021 04 14 04    83    -6 10196   220    21     2     0 -9999
2021 04 14 05    78    -6 10199   300    46     2     0 -9999
2021 04 14 06    61   -28 10201   310    62     4     0 -9999
2021 04 14 07    50   -44 10205   280    26     2     0 -9999
2021 04 14 08    44   -44 10205   260    21     2     0 -9999
2021 04 14 09    33   -44 10203   230    21     0     0 -9999
2021 04 14 10    28   -44 10200   220    21     0     0 -9999
2021 04 14 11    22   -50 10201   240    26     0     0 -9999
2021 04 14 12    22   -44 10204   250    21     0     0 -9999
2021 04 14 13    39   -44 10206   260    41     0     0 -9999
2021 04 14 14    50   -44 10206   270    57     0     0 -9999
2021 04 14 15    61   -50 10203   300    82     4     0 -9999
2021 04 14 16    67   -44 10200   250    67     4     0 -9999
2021 04 14 17    72   -44 10193   290    62 -9999     0 -9999
2021 04 14 18    83   -33 10187   280    57     4     0 -9999
2021 04 14 19    89   -33 10182   270    46 -9999     0 -9999
2021 04 14 20    94   -28 10175   300    51 -9999     0 -9999
2021 04 14 21    94   -28 10174   310    62 -9999     0 -9999
2021 04 14 22    89   -22 10173   300    62 -9999     0 -9999
2021 04 14 23    78   -22 10177   310    57 -9999     0 -9999
2021 04 15 00    67   -22 10182   300    57     8     0 -9999
2021 04 15 01    61   -28 10184   280    46 -9999     0 -9999
2021 04 15 02    56   -28 10187   300    57 -9999     0 -9999
2021 04 15 03    56   -28 10184   290    41 -9999     0 -9999
2021 04 15 04    56   -33 10175   310    46 -9999     0 -9999
2021 04 15 05    50   -33 10171   300    41 -9999     0 -9999
2021 04 15 06    44   -28 10172   300    41     2     0 -9999
2021 04 15 07    39   -22 10170   280    41 -9999     0 -9999
2021 04 15 08    39   -17 10162   280    31 -9999     0 -9999
2021 04 15 09    44   -17 10162   280    36 -9999     0 -9999
2021 04 15 10    44   -11 10163   310    46 -9999     0 -9999
2021 04 15 11    44    -6 10167   330    41 -9999     0 -9999
2021 04 15 12    44    -6 10173   320    46     6     0 -9999
2021 04 15 13    50     0 10176   320    57 -9999     0 -9999
2021 04 15 14    67     6 10173   310    51 -9999     0 -9999
2021 04 15 15    83     6 10174   340    72 -9999     0 -9999
2021 04 15 16    89     6 10172   320    51 -9999     0 -9999
2021 04 15 17   100    11 10170   330    46 -9999     0 -9999
2021 04 15 18   117    11 10166   330    51     6     0 -9999
2021 04 15 19   122     0 10161   320    67 -9999     0 -9999
2021 04 15 20   122     6 10159   360    62 -9999     0 -9999
2021 04 15 21   100    17 10161    50    57 -9999     0 -9999
2021 04 15 22   106    11 10159    30    26 -9999     0 -9999
2021 04 15 23   100    11 10162    40    46 -9999     0 -9999
2021 04 16 00    89     6 10163    70    31     4     0 -9999
2021 04 16 01    72     0 10164    70    21     2     0 -9999
2021 04 16 02    72     6 10171   110    21 -9999     0 -9999
2021 04 16 03    72     6 10171     0     0 -9999     0 -9999
2021 04 16 04    78     6 10171   230    21 -9999     0 -9999
2021 04 16 05    61     6 10170   240    21     2     0 -9999
2021 04 16 06    61     6 10171   250    21     6     0 -9999
2021 04 16 07    61     6 10166   260    15     4     0 -9999
2021 04 16 08    61     6 10158   280    26 -9999     0 -9999
2021 04 16 09    67    11 10160   290    31 -9999     0 -9999
2021 04 16 10    61    11 10157   330    41     2     0 -9999
2021 04 16 11    50    17 10161    40    51     2     0 -9999
2021 04 16 12    44    17 10162    20    26     2     0 -9999
2021 04 16 13    56    22 10164    40    31     2     0 -9999
2021 04 16 14    72    28 10170    10    26     4     0 -9999
2021 04 16 15    78    28 10170   360    15     4     0 -9999
2021 04 16 16    94    33 10164    60    21     4     0 -9999
2021 04 16 17   106    33 10153     0     0 -9999     0 -9999
2021 04 16 18   122    17 10142 -9999    21     6     0 -9999
2021 04 16 19   122    39 10141    70    51     4     0 -9999
2021 04 16 20   128    39 10143   100    36 -9999     0 -9999
2021 04 16 21   128    33 10139    80    41     2     0 -9999
2021 04 16 22   122    33 10138    70    46     2     0 -9999
2021 04 16 23   106    28 10142    70    51     4     0 -9999
2021 04 17 00    78    22 10145    80    36     6     0 -9999
2021 04 17 01    61    17 10151    70    31 -9999     0 -9999
2021 04 17 02    50    11 10154    40    41     4     0 -9999
2021 04 17 03    44     6 10154   120    21     4     0 -9999
2021 04 17 04    44     6 10151   120    21     2     0 -9999
2021 04 17 05    44     0 10146     0     0     4     0 -9999
2021 04 17 06    33     0 10144    10    21     6     0 -9999
2021 04 17 07    28     0 10140   350    21 -9999     0 -9999
2021 04 17 08    17    -6 10141   360    31 -9999     0 -9999
2021 04 17 09    17    -6 10142   360    31 -9999     0 -9999
2021 04 17 10    22    -6 10140   340    21 -9999     0 -9999
2021 04 17 11    17    -6 10139   350    31 -9999     0 -9999
2021 04 17 12    33    11 10145   360    36     4     0 -9999
2021 04 17 13    56    22 10148    10    57     4     0 -9999
2021 04 17 14    67    28 10148    20    31 -9999     0 -9999
2021 04 17 15    78    28 10150 -9999    26     4     0 -9999
2021 04 17 16    94    22 10148    60    31     4     0 -9999
2021 04 17 17   111    17 10147    20    57     4     0 -9999
2021 04 17 18   117    11 10145    40    51     4     0 -9999
2021 04 17 19   106    -6 10145    30    46     4     0 -9999
2021 04 17 20   122     0 10141    70    36 -9999     0 -9999
2021 04 17 21   128     6 10138    40    31     4     0 -9999
2021 04 17 22   128     6 10137    90    31     4     0 -9999
2021 04 17 23   117   -11 10139    60    51     4     0 -9999
2021 04 18 00   100   -28 10141    50    36     4     0 -9999
2021 04 18 01    83   -28 10144    60    31     4     0 -9999
2021 04 18 02    72   -50 10150    40    26     4     0 -9999
2021 04 18 03    61   -56 10151    60    26     2     0 -9999
2021 04 18 04    61   -50 10148     0     0     2     0 -9999
2021 04 18 05    50   -39 10146   220    15     4     0 -9999
2021 04 18 06    50   -39 10144   230    21     2     0 -9999
2021 04 18 07    50   -33 10142   240    21     2     0 -9999
2021 04 18 08    50   -33 10140   230    15 -9999     0 -9999
2021 04 18 09    44   -28 10142     0     0 -9999     0 -9999
2021 04 18 10    44   -22 10140     0     0 -9999     0 -9999
2021 04 18 11    44   -17 10138     0     0 -9999     0 -9999
2021 04 18 12    44   -11 10144     0     0     6     0 -9999
2021 04 18 13    72   -11 10145   180    15     4     0 -9999
2021 04 18 14    94    -6 10142 -9999    21     4     0 -9999
2021 04 18 15   117     6 10138   200    21     4     0 -9999
2021 04 18 16   144     0 10133   250    21     4     0 -9999
2021 04 18 17   156   -22 10126   210    26     4     0 -9999
2021 04 18 18   150   -28 10120   230    46     6     0 -9999
2021 04 18 19   156   -33 10116   220    51 -9999     0 -9999
2021 04 18 20   167   -22 10111   230    51 -9999     0 -9999
2021 04 18 21   167   -22 10105   240    57 -9999     0 -9999
2021 04 18 22   161   -28 10104   260    26 -9999     0 -9999
2021 04 18 23   161   -28 10103   240    31 -9999     0 -9999
2021 04 19 00   161   -33 10099   280    26     6     0 -9999
2021 04 19 01   144   -22 10099   260    21 -9999     0 -9999
2021 04 19 02   139    -6 10104   240    41 -9999     0 -9999
2021 04 19 03   128    -6 10102   230    26     4     0 -9999
2021 04 19 04   117     0 10101   220    26     2     0 -9999
2021 04 19 05   111     6 10097   220    36     2     0 -9999
2021 04 19 06   106     6 10096   220    36     2     0 -9999
2021 04 19 07   100     6 10092   220    36     2     0 -9999
2021 04 19 08   100     0 10087   230    51     2     0 -9999
2021 04 19 09   100     0 10086   230    57     4     0 -9999
2021 04 19 10   100     6 10081   230    57 -9999     0 -9999
2021 04 19 11   100     6 10080   250    51 -9999     0 -9999
2021 04 19 12   100     6 10084   250    51     6     0 -9999
2021 04 19 13   100    11 10086   250    51     4     0 -9999
2021 04 19 14   111    28 10089   290    57 -9999    -1 -9999
2021 04 19 15    94    50 -9999   310    67 -9999    -1 -9999
2021 04 19 16    78    22 10109   290    62 -9999    -1 -9999
2021 04 19 17    83    17 10109   290    62 -9999    -1 -9999
2021 04 19 18    89     6 10109   290    62     8    -1    -1
2021 04 19 19    89    -6 10109   250    67 -9999    -1 -9999
2021 04 19 20    89   -17 10114   290    46 -9999     0 -9999
2021 04 19 21    94   -28 10118   280    62 -9999     0 -9999
2021 04 19 22    94   -33 10121   310    51 -9999     0 -9999
2021 04 19 23    89   -33 10126   310    62 -9999     0 -9999
2021 04 20 00    89   -39 10129   280    36     8     0    -1
2021 04 20 01    78   -39 10136   320    57 -9999     0 -9999
2021 04 20 02    72   -44 10148   330    51 -9999     0 -9999
2021 04 20 03    61   -50 10154   340    62 -9999     0 -9999
2021 04 20 04    56   -56 10159   310    41 -9999     0 -9999
2021 04 20 05    50   -56 10160   320    46 -9999     0 -9999
2021 04 20 06    50   -56 10163   330    46     8     0 -9999
2021 04 20 07    44   -56 10164   340    46 -9999     0 -9999
2021 04 20 08    39   -50 10163   350    46 -9999     0 -9999
2021 04 20 09    39   -50 10168   330    51 -9999     0 -9999
2021 04 20 10    33   -44 10166   350    41 -9999     0 -9999
2021 04 20 11    33   -39 10171    10    46 -9999     0 -9999
2021 04 20 12    28   -33 10178    20    36     8     0 -9999
2021 04 20 13    33   -33 10186    20    26 -9999     0 -9999
2021 04 20 14    28   -28 -9999   360    41 -9999    -1 -9999
2021 04 20 15    17   -17 -9999     0     0 -9999    -1 -9999
2021 04 20 16    17   -11 10197     0     0 -9999    -1 -9999
2021 04 20 17    39   -11 10190    80    21     4    -1 -9999
2021 04 20 18    50   -44 10186   350    21     2     0    -1
2021 04 20 19    50   -56 10183   330    26 -9999     0 -9999
2021 04 20 20    56   -56 10177    70    26 -9999     0 -9999
2021 04 20 21    50   -67 10174    60    36 -9999     0 -9999
2021 04 20 22    44   -67 10178    90    46 -9999     0 -9999
2021 04 20 23    44   -67 10181   100    26 -9999     0 -9999
2021 04 21 00    39   -61 10183    90    31     8     0 -9999
2021 04 21 01    33   -61 10185   110    31 -9999     0 -9999
2021 04 21 02    33   -61 10190   100    26 -9999     0 -9999
2021 04 21 03    28   -50 10196   200    15 -9999     0 -9999
2021 04 21 04    22   -44 10192   180    15 -9999     0 -9999
2021 04 21 05    22   -44 10191   240    15 -9999     0 -9999
2021 04 21 06    22   -33 10190   220    21     8     0 -9999
2021 04 21 07    17   -28 10188   230    26 -9999     0 -9999
2021 04 21 08    11   -22 10186   220    21 -9999     0 -9999
2021 04 21 09    11   -17 10186   220    15 -9999     0 -9999
2021 04 21 10    11   -17 10187   190    26 -9999     0 -9999
2021 04 21 11    11   -17 10188   220    36 -9999     0 -9999
2021 04 21 12    11   -11 10192   200    26     8     0 -9999
2021 04 21 13    22    -6 10197   260    21 -9999     0 -9999
2021 04 21 14    44   -17 10194   280    21     4     0 -9999
2021 04 21 15    56   -67 10191   290    41 -9999     0 -9999
2021 04 21 16    67   -89 10192   280    57 -9999     0 -9999
2021 04 21 17    72   -94 10189   310    72 -9999     0 -9999
2021 04 21 18    83   -94 10185   320    88     6     0 -9999
2021 04 21 19    83   -94 10183   290    72 -9999     0 -9999
2021 04 21 20    72   -89 10184   320   113 -9999     0 -9999
2021 04 21 21    83   -44 10183   350    51     4    -1 -9999
2021 04 21 22    50    -6 10186    40    82 -9999    -1 -9999
2021 04 21 23    39   -11 10190    50    46 -9999     0 -9999
2021 04 22 00    33   -11 10191    50    41     6     0     0
2021 04 22 01    28   -17 10189    80    31     4     0 -9999
2021 04 22 02    22   -22 10193   120    21     2     0 -9999
2021 04 22 03    17   -22 10195   100    15     2     0 -9999
2021 04 22 04    17   -22 10193   170    21     2     0 -9999
2021 04 22 05    11   -22 10193    50    21     2     0 -9999
2021 04 22 06    11   -28 10193     0     0     2     0 -9999
2021 04 22 07     6   -28 10186     0     0     2     0 -9999
2021 04 22 08     0   -33 10183     0     0     2     0 -9999
2021 04 22 09     6   -22 10186   270    31 -9999     0 -9999
2021 04 22 10     0   -28 10190   280    26     0     0 -9999
2021 04 22 11     0   -39 10194   260    26     2     0 -9999
2021 04 22 12     6   -39 10200   270    21     2     0 -9999
2021 04 22 13    22   -44 10203   260    36     2     0 -9999
2021 04 22 14    50   -72 10205   290    26     2     0 -9999
2021 04 22 15    67   -67 10204   280    62     2     0 -9999
2021 04 22 16    78   -61 10205   280    36     2     0 -9999
2021 04 22 17   100   -44 10200   290    31     2     0 -9999
2021 04 22 18   111   -44 10191   270    57     2     0 -9999
2021 04 22 19   128   -39 10183   270    62     2     0 -9999
2021 04 22 20   139   -28 10176   290    46     4     0 -9999
2021 04 22 21   150   -33 10166   270    77     4     0 -9999
2021 04 22 22   144   -50 10164   270    41     4     0 -9999
2021 04 22 23   150   -50 10162   260    46     4     0 -9999
2021 04 23 00   144   -56 10158   270    57     2     0 -9999
2021 04 23 01   139   -50 10159   240    36     0     0 -9999
2021 04 23 02   122   -44 10165   220    36     0     0 -9999
2021 04 23 03   117   -44 10171   240    57     0     0 -9999
2021 04 23 04   111   -39 10171   240    57     0     0 -9999
2021 04 23 05   100   -33 10172   240    57     0     0 -9999
2021 04 23 06    89   -33 10173   240    51     0     0 -9999
2021 04 23 07    83   -33 10174   240    51     2     0 -9999
2021 04 23 08    78   -33 10173   240    46     2     0 -9999
2021 04 23 09    78   -28 10174   230    41 -9999     0 -9999
2021 04 23 10    72   -28 10175   230    46 -9999     0 -9999
2021 04 23 11    67   -22 10178   210    36 -9999     0 -9999
2021 04 23 12    67   -22 10181   220    36     8     0 -9999
2021 04 23 13    72   -17 10185   220    41 -9999     0 -9999
2021 04 23 14   111   -33 10180   230    51 -9999     0 -9999
2021 04 23 15   128   -33 10175   220    51 -9999     0 -9999
2021 04 23 16   139   -33 10171   200    62     2     0 -9999
2021 04 23 17   150   -28 10166   200    51 -9999     0 -9999
2021 04 23 18   144   -22 10162   220    72     8     0 -9999
2021 04 23 19   156   -17 10154   210    51 -9999     0 -9999
2021 04 23 20   161   -17 10149   230    77 -9999     0 -9999
2021 04 23 21   150     0 10145   220    46 -9999     0 -9999
2021 04 23 22   150     0 10144   200    46 -9999     0 -9999
2021 04 23 23   144    17 10144   200    62 -9999     0 -9999
2021 04 24 00   139    11 10139   220    72     6     0 -9999
2021 04 24 01   133    33 10136   210    41 -9999     0 -9999
2021 04 24 02   128    39 10139   200    31 -9999     0 -9999
2021 04 24 03   122    44 10142   220    41 -9999     0 -9999
2021 04 24 04   122    44 10143   210    36 -9999     0 -9999
2021 04 24 05   117    44 10144   210    26 -9999     0 -9999
2021 04 24 06   117    50 10141   210    26     8     0 -9999
2021 04 24 07   117    50 10133   230    21 -9999     0 -9999
2021 04 24 08   111    50 10129     0     0 -9999     0 -9999
2021 04 24 09   111    50 10128     0     0 -9999     0 -9999
2021 04 24 10   117    50 10123     0     0 -9999     0 -9999
2021 04 24 11   111    50 10124     0     0 -9999     0 -9999
2021 04 24 12   111    50 10126     0     0     8     0 -9999
2021 04 24 13   117    50 10125     0     0 -9999     0 -9999
2021 04 24 14   117    50 10121   140    15 -9999     0 -9999
2021 04 24 15   122    56 10118   170    15 -9999     0 -9999
2021 04 24 16   128    61 10116   130    21 -9999     0 -9999
2021 04 24 17   139    61 10113 -9999    15 -9999     0 -9999
2021 04 24 18   139    56 10108     0     0     8     0 -9999
2021 04 24 19   144    61 10104     0     0 -9999     0 -9999
2021 04 24 20   156    61 10096   240    21 -9999     0 -9999
2021 04 24 21   161    61 10089   340    21 -9999     0 -9999
2021 04 24 22   172    56 10080     0     0     4     0 -9999
2021 04 24 23   167    44 10081     0     0 -9999     0 -9999
2021 04 25 00   150    78 10080   130    36     6    -1    -1
2021 04 25 01   150    78 10082   160    31 -9999    -1 -9999
2021 04 25 02   139    72 10099   350    62 -9999     0 -9999
2021 04 25 03   117    72 10109   350    62     2     0 -9999
2021 04 25 04   117    56 10114   360    77 -9999     0 -9999
2021 04 25 05    94    33 10123   350    57     4     0 -9999
2021 04 25 06    72    39 10137    30    72     6     0    -1
2021 04 25 07    61    28 10143    30    62 -9999     0 -9999
2021 04 25 08    56    17 10147    30    62 -9999     0 -9999
2021 04 25 09    56    17 10153    40    57 -9999     0 -9999
2021 04 25 10    50    17 10157    40    57 -9999     0 -9999
2021 04 25 11    50    17 10164    30    51 -9999     0 -9999
2021 04 25 12    50    11 10177    20    41     6     0 -9999
2021 04 25 13    50     6 10186    50    41 -9999     0 -9999
2021 04 25 14    56     0 10193   340    36 -9999     0 -9999
2021 04 25 15    78    -6 10201   340    31     4     0 -9999
2021 04 25 16    83   -33 10203    20    36     2     0 -9999
2021 04 25 17    78   -28 10210    40    51     2     0 -9999
2021 04 25 18    83   -39 10210    40    51     6     0 -9999
2021 04 25 19    78   -39 10212    30    51 -9999     0 -9999
2021 04 25 20    72   -39 10207    60    51 -9999     0 -9999
2021 04 25 21    61   -50 10208    50    67 -9999     0 -9999
2021 04 25 22    56   -50 10206    50    57     4     0 -9999
2021 04 25 23    50   -44 10201    60    67 -9999     0 -9999
2021 04 26 00    50   -44 10200    70    51     8     0 -9999
2021 04 26 01    44   -39 10196    90    36     4     0 -9999
2021 04 26 02    44   -39 10198    90    46 -9999     0 -9999
2021 04 26 03    50   -33 10198    90    46 -9999     0 -9999
2021 04 26 04    50   -39 10200    90    41 -9999     0 -9999
2021 04 26 05    50   -44 10206    60    36 -9999     0 -9999
2021 04 26 06    50   -50 10200    70    46     8     0 -9999
2021 04 26 07    56   -44 10191    80    51 -9999     0 -9999
2021 04 26 08    56   -39 10182   100    36 -9999     0 -9999
2021 04 26 09    50   -33 10180   100    31 -9999     0 -9999
2021 04 26 10    50   -11 10173   110    51 -9999     0 -9999
2021 04 26 11    44     0 10174   130    36 -9999     0 -9999
2021 04 26 12    50   -22 10177   140    62     6     0 -9999
2021 04 26 13    72   -11 10174   140    46     4     0 -9999
2021 04 26 14   100    -6 10163   160    67 -9999     0 -9999
2021 04 26 15   133    11 10154   160    51 -9999     0 -9999
2021 04 26 16   167    33 10147   160    72 -9999     0 -9999
2021 04 26 17   189    44 10131   170    93 -9999     0 -9999
2021 04 26 18   217    56 10108   170    98     6     0 -9999
2021 04 26 19   233    67 10092   170    88 -9999     0 -9999
2021 04 26 20   244    56 10066   170    93 -9999     0 -9999
2021 04 26 21   256    44 10052   170   103 -9999     0 -9999
2021 04 26 22   256    44 10041   180   124     2     0 -9999
2021 04 26 23   256    56 10045   190   108     2     0 -9999
2021 04 27 00   250    56 10047   190    72     4     0 -9999
2021 04 27 01   239    61 10047   180    62     2     0 -9999
2021 04 27 02   228    61 10054   190    51     4     0 -9999
2021 04 27 03   217    61 10063   180    46 -9999     0 -9999
2021 04 27 04   211    67 10062   190    57 -9999     0 -9999
2021 04 27 05   200    72 10060   200    77     4     0 -9999
2021 04 27 06   194    78 10062   200    67     6     0 -9999
2021 04 27 07   189    94 10061   210    62 -9999     0 -9999
2021 04 27 08   189   100 10062   210    72 -9999     0 -9999
2021 04 27 09   189   100 10065   210    82 -9999     0 -9999
2021 04 27 10   189   106 10067   210    77 -9999     0 -9999
2021 04 27 11   183   106 10072   210    72 -9999     0 -9999
2021 04 27 12   183   106 10070   210    82     8     0 -9999
2021 04 27 13   194   111 10074   220    72 -9999     0 -9999
2021 04 27 14   206   111 10073   220    77 -9999     0 -9999
2021 04 27 15   228   117 10070   210    77 -9999     0 -9999
2021 04 27 16   239   117 10068   220    62 -9999     0 -9999
2021 04 27 17   261   122 10067   230    67 -9999     0 -9999
2021 04 27 18   267   122 10057   200    72     6     0 -9999
2021 04 27 19   278   128 10051   220    62 -9999     0 -9999
2021 04 27 20   283   133 10044   220    72 -9999     0 -9999
2021 04 27 21   300   139 10040   220    57     4     0 -9999
2021 04 27 22   300   133 10034   190    62 -9999     0 -9999
2021 04 27 23   294   133 10041   200    77 -9999     0 -9999
2021 04 28 00   289   128 10046   210    88     6     0 -9999
2021 04 28 01   278   128 10056    40    46 -9999     0 -9999
2021 04 28 02   122    67 10072    30    51 -9999     0 -9999
2021 04 28 03   117    67 10077    30    36 -9999     0 -9999
2021 04 28 04   111    61 10079    20    46 -9999     0 -9999
2021 04 28 05   106    61 10074    60    26 -9999 -9999 -9999
2021 04 28 06   106    61 10080    30    51     8     0 -9999
2021 04 28 07   100    61 10082    40    31 -9999     0 -9999
2021 04 28 08   100    61 10088    60    31 -9999     0 -9999
2021 04 28 09    89    50 10101    50    51 -9999 -9999 -9999
2021 04 28 10    89    56 10098    60    41 -9999    -1 -9999
2021 04 28 11    83    61 10095   110    36 -9999    -1 -9999
2021 04 28 12    83    56 10109    60    36     8    -1    -1
2021 04 28 13    89    56 10114    30    41 -9999     0 -9999
2021 04 28 14   100    61 10121    70    36 -9999     0 -9999
2021 04 28 15   106    61 10123    70    41 -9999     0 -9999
2021 04 28 16   100    61 10134    70    46 -9999     0 -9999
2021 04 28 17    83    61 10134    70    46 -9999    -1 -9999
2021 04 28 18    83    56 10133    50    46     8    -1    -1
2021 04 28 19    83    56 10137    70    46 -9999     0 -9999
2021 04 28 20    94    56 10129    60    51 -9999    -1 -9999
2021 04 28 21    94    56 10131    60    46 -9999     0 -9999
2021 04 28 22   100    56 10130   110    36 -9999     0 -9999
2021 04 28 23   106    61 10129    50    62 -9999     0 -9999
2021 04 29 00   100    56 10127    50    36     8     0    -1
2021 04 29 01    94    56 10127    70    41 -9999     0 -9999
2021 04 29 02    89    61 10132    50    21 -9999     3 -9999
2021 04 29 03    89    61 10126    30    36 -9999    -1 -9999
2021 04 29 04    89    67 10113    50    41 -9999     8 -9999
2021 04 29 05    89    67 10108    30    46 -9999    -1 -9999
2021 04 29 06    89    67 10108    40    36     8     0    10
2021 04 29 07    89    67 10098    30    51 -9999     0 -9999
2021 04 29 08    89    67 10097    20    41 -9999     0 -9999
2021 04 29 09    89    67 10092    30    31 -9999     0 -9999
2021 04 29 10    89    67 10086    30    57 -9999     0 -9999
2021 04 29 11    89    72 10085    10    31 -9999     0 -9999
2021 04 29 12    94    72 10092   330    46     8     0 -9999
2021 04 29 13    94    78 10097   350    51 -9999     8 -9999
2021 04 29 14   100    83 10104   340    51 -9999    -1 -9999
2021 04 29 15   106    83 10095   360    62 -9999     3 -9999
2021 04 29 16   117    94 10107   350    46 -9999    -1 -9999
2021 04 29 17   144   106 10107    10    36 -9999     0 -9999
2021 04 29 18   161   106 10105   360    31     6     0    10
2021 04 29 19   172    94 10103   320    51 -9999     0 -9999
2021 04 29 20   194    89 10100   330    51 -9999     0 -9999
2021 04 29 21   200    83 10097 -9999    31     4     0 -9999
2021 04 29 22   206    61 10094   310    62 -9999     0 -9999
2021 04 29 23   206    28 10095   120    36     4     0 -9999
2021 04 30 00   206    11 10101   280    36     6    -1 -9999
2021 04 30 01   139    78 10123    10    51     4    -1 -9999
2021 04 30 02   133    83 10132   250    21     2     0 -9999
2021 04 30 03   128    72 10140   290    31     0     0 -9999
2021 04 30 04   139    56 10145   320    57     2     0 -9999
2021 04 30 05   128    56 10153    20    41     0     0 -9999
2021 04 30 06   111    56 10155   330    15     0     0     0
2021 04 30 07    89    50 10156   240    21     0     0 -9999
2021 04 30 08    94    56 10151   230    31     0     0 -9999
2021 04 30 09   100    39 10147   230    41     2     0 -9999
2021 04 30 10    94    33 10142   240    41     2     0 -9999
2021 04 30 11    94    22 10141   250    46     2     0 -9999
2021 04 30 12   111     6 10152   280    51     2     0 -9999
2021 04 30 13   128    17 10170   340    88     2     0 -9999
2021 04 30 14   122    22 10186   360   103     2     0 -9999
2021 04 30 15   122    39 10198    30    77     4     0 -9999
2021 04 30 16   111     6 10208    30   118     4     0 -9999
2021 04 30 17   106    22 10221    30   108     2     0 -9999
2021 04 30 18   106     6 10229    50    77     2     0 -9999
2021 04 30 19   106     0 10231    60    82     2     0 -9999
2021 04 30 20   106     0 10232    60    46     2     0 -9999
2021 04 30 21   111     0 10231    70    31     2     0 -9999
2021 04 30 22   117     0 10229    90    26     2     0 -9999
2021 04 30 23   117    -6 10227   110    41     2     0 -9999
2021 05 01 00   100    -6 10224    90    41     4     0 -9999
2021 05 01 01    78   -11 10223   100    46     4     0 -9999
2021 05 01 02    67    -6 10228   160    41 -9999     0 -9999
2021 05 01 03    61    -6 10229   150    36 -9999     0 -9999
2021 05 01 04    61     0 10227   180    26 -9999     0 -9999
2021 05 01 05    56     6 10220   190    26 -9999     0 -9999
2021 05 01 06    56     0 10217   190    26     2     0 -9999
2021 05 01 07    56     0 10204   160    26     2     0 -9999
2021 05 01 08    61     0 10192   170    26     4     0 -9999
2021 05 01 09    61    -6 10189   180    36     4     0 -9999
2021 05 01 10    67     0 10183   190    46 -9999     0 -9999
2021 05 01 11    78    -6 10173   180    46 -9999     0 -9999
2021 05 01 12    83    -6 10171   190    46     4     0 -9999
2021 05 01 13   100   -17 10163   180    51     4     0 -9999
2021 05 01 14   122   -28 10152   170    93     2     0 -9999
2021 05 01 15   144   -22 10136   190    98     4     0 -9999
2021 05 01 16   167     0 10125   200    82 -9999     0 -9999
2021 05 01 17   183    17 10111   200   108     2     0 -9999
2021 05 01 18   211    39 10089   200   113     2     0 -9999
2021 05 01 19   244    61 10071   230   103     2     0 -9999
2021 05 01 20   272    67 10055   220   124     2     0 -9999
2021 05 01 21   278    78 10046   220   139     2     0 -9999
2021 05 01 22   289    89 10037   230    93     4     0 -9999
2021 05 01 23   294    61 10034   240   113     4     0 -9999
2021 05 02 00   283    67 10034   240   113     4     0 -9999
2021 05 02 01   267    72 10039   230    72     4     0 -9999
2021 05 02 02   256    83 10045   230    72     4     0 -9999
2021 05 02 03   244    89 10052   220    62     2     0 -9999
2021 05 02 04   233    89 10053   220    67     2     0 -9999
2021 05 02 05   222    94 10053   220    67     4     0 -9999
2021 05 02 06   217    94 10051   230    67     4     0 -9999
2021 05 02 07   200    89 10048   230    57     4     0 -9999
2021 05 02 08   189    89 10043   230    46     4     0 -9999
2021 05 02 09   178    83 10045   220    41     4     0 -9999
2021 05 02 10   172    83 10043   220    41 -9999     0 -9999
2021 05 02 11   172    83 10042   230    41 -9999     0 -9999
2021 05 02 12   172    89 10042   220    57     6     0 -9999
2021 05 02 13   194    89 10041   220    62 -9999     0 -9999
2021 05 02 14   211   106 10039   230    77 -9999     0 -9999
2021 05 02 15   239   122 10034   230    62 -9999     0 -9999
2021 05 02 16   250   133 10029   230    62 -9999     0 -9999
2021 05 02 17   261   133 10029   230    72 -9999     0 -9999
2021 05 02 18   278   139 10020   220    88     4     0 -9999
2021 05 02 19   283   133 10017   210   103     4     0 -9999
2021 05 02 20   283   128 10011   230    88     4     0 -9999
2021 05 02 21   289   117 10007   230    93     4     0 -9999
2021 05 02 22   283   117 10006   210    93     4     0 -9999
2021 05 02 23   272   128 10008   210    72 -9999     0 -9999
2021 05 03 00   250   117 10010   190    77     6     0 -9999
2021 05 03 01   228   133 10013   200    93     4     0 -9999
2021 05 03 02   206   122 10019   190    98     4     0 -9999
2021 05 03 03   194   122 10029   200    77 -9999     0 -9999
2021 05 03 04   183   128 10030   200    57 -9999     0 -9999
2021 05 03 05   178   117 10028   200    77 -9999     0 -9999
2021 05 03 06   178   117 10020   200    88     6     0 -9999
2021 05 03 07   167   133 -9999   200    51 -9999     0 -9999
2021 05 03 08   167   139 10018   190    57 -9999    -1 -9999
2021 05 03 09   156   139 10018   200    31 -9999     3 -9999
2021 05 03 10   150   139 -9999   190    36 -9999    -1 -9999
2021 05 03 11   150   139 10014   200    31 -9999    -1 -9999
2021 05 03 12   156   139 10015   210    26     8    -1     3
2021 05 03 13   156   144 10016   220    41 -9999    -1 -9999
2021 05 03 14   161   144 10014   220    21 -9999     0 -9999
2021 05 03 15   167   144 10010   230    26 -9999     0 -9999
2021 05 03 16   178   150 10010 -9999    21 -9999     0 -9999
2021 05 03 17   178   150 10013   160    21 -9999     0 -9999
2021 05 03 18   194   150 10011   180    41     8     0    -1
2021 05 03 19   206   150 10009   190    31 -9999     0 -9999
2021 05 03 20   206   150 10006   190    36 -9999     0 -9999
2021 05 03 21   217   156 10005   170    26 -9999     0 -9999
2021 05 03 22   217   156 10005   190    62 -9999     0 -9999
2021 05 03 23   211   156 10009   220    62 -9999     0 -9999
2021 05 04 00   211   156 10008   200    51     6     0 -9999
2021 05 04 01   183   161 10017   230    36 -9999     8 -9999
2021 05 04 02   172   156 10018   270    41 -9999     8 -9999
2021 05 04 03   167   150 10024   260    36 -9999    -1 -9999
2021 05 04 04   167   150 10031   280    41 -9999     0 -9999
2021 05 04 05   161   144 10039   300    57 -9999    -1 -9999
2021 05 04 06   144   122 10056   330    46     8    -1    20
2021 05 04 07   144   122 10051   330    36 -9999     0 -9999
2021 05 04 08   133   117 10060   330    46 -9999    -1 -9999
2021 05 04 09   128   106 10067   340    31     4     0 -9999
2021 05 04 10   122    94 10065   330    41     2     0 -9999
2021 05 04 11   128   100 10073   340    21 -9999     0 -9999
2021 05 04 12   133   106 10084     0     0     8     0     0
2021 05 04 13   133   106 10085   320    41 -9999     0 -9999
2021 05 04 14   128   100 10091   350    57 -9999     0 -9999
2021 05 04 15   122    89 10093   330    46 -9999     0 -9999
2021 05 04 16   122    83 10099   340    46 -9999     0 -9999
2021 05 04 17   117    78 10105   340    41 -9999     0 -9999
2021 05 04 18   117    72 10108   310    46     8     0 -9999
2021 05 04 19   117    72 10108   320    41 -9999     0 -9999
2021 05 04 20   111    67 10110   340    41 -9999     0 -9999
2021 05 04 21   117    67 10112   340    31 -9999     0 -9999
2021 05 04 22   117    56 10115   360    51 -9999     0 -9999
2021 05 04 23   122    56 10108   360    57 -9999     0 -9999
2021 05 05 00   122    56 10116    20    46     8     0 -9999
2021 05 05 01   117    50 10119    30    57 -9999     0 -9999
2021 05 05 02   106    44 10134   350    26 -9999     0 -9999
2021 05 05 03   100    44 10137   340    26     4     0 -9999
2021 05 05 04   100    44 10139   320    15     4     0 -9999
2021 05 05 05    89    50 10137   320    21 -9999     0 -9999
2021 05 05 06    78    44 10140   360    41     6     0 -9999
2021 05 05 07    78    50 10146    20    31 -9999     0 -9999
2021 05 05 08    72    44 10156    30    36     2     0 -9999
2021 05 05 09    61    33 10164    30    31     0     0 -9999
2021 05 05 10    56    28 10168   340    21     2     0 -9999
2021 05 05 11    56    28 10176     0     0     0     0 -9999
2021 05 05 12    67    44 10185   290    15     0     0 -9999
2021 05 05 13    89    39 10192   310    41     2     0 -9999
2021 05 05 14   106    22 10196   330    46     2     0 -9999
2021 05 05 15   122    17 10196   340    62     2     0 -9999
2021 05 05 16   139    17 10198   350    57     4     0 -9999
2021 05 05 17   144   -11 10198   360    77     2     0 -9999
2021 05 05 18   156   -11 10197   350    57     2     0 -9999
2021 05 05 19   144    17 10199    40    51     2     0 -9999
2021 05 05 20   150    22 10201    70    51     2     0 -9999
2021 05 05 21   144    17 10200    60    57     2     0 -9999
2021 05 05 22   139     0 10202    80    62     2     0 -9999
2021 05 05 23   128    -6 10207    90    46     2     0 -9999
2021 05 06 00   111   -11 10208    90    46     6     0 -9999
2021 05 06 01   100   -11 10209   100    41 -9999     0 -9999
2021 05 06 02    89   -17 10210   110    46 -9999     0 -9999
2021 05 06 03    89    -6 10213   150    26 -9999     0 -9999
2021 05 06 04    89   -11 10214   150    31 -9999     0 -9999
2021 05 06 05    94   -11 10206   160    31 -9999     0 -9999
2021 05 06 06    94    -6 10202   160    31     8     0 -9999
2021 05 06 07   100    -6 10197   150    31 -9999     0 -9999
2021 05 06 08   100   -11 10196     0     0 -9999    -1 -9999
2021 05 06 09    94    11 10196   140    31 -9999    -1 -9999
2021 05 06 10    94    17 10189   130    21 -9999    -1 -9999
2021 05 06 11   100    17 10191   240    26 -9999    -1 -9999
2021 05 06 12    83    44 10196   210    21     8    13    10
2021 05 06 13    83    44 10192   140    36 -9999     3 -9999
2021 05 06 14    89    44 10185   140    36 -9999    -1 -9999
2021 05 06 15    94    44 10188   360    26 -9999    -1 -9999
2021 05 06 16    89    56 10189    30    67 -9999     0 -9999
2021 05 06 17    78    39 10191    30    62 -9999     0 -9999
2021 05 06 18    83    44 10191    30    51     8    -1     3
2021 05 06 19    83    44 10187   360    51 -9999     0 -9999
2021 05 06 20    89    50 10185   360    36 -9999     0 -9999
2021 05 06 21   111    33 10181    10    51     2     0 -9999
2021 05 06 22   128     6 10175    20    51     2     0 -9999
2021 05 06 23   133     0 10175    50    46     2     0 -9999
2021 05 07 00   122   -22 10175    80    36     2     0 -9999
2021 05 07 01   100   -33 10177   100    26     2     0 -9999
2021 05 07 02    94   -22 10179   130    26     4     0 -9999
2021 05 07 03    89   -22 10182   150    26     4     0 -9999
2021 05 07 04    89   -11 10180   200    26 -9999     0 -9999
2021 05 07 05    89   -17 10179     0     0 -9999     0 -9999
2021 05 07 06    67     0 10171   170    26     2     0 -9999
2021 05 07 07    67    -6 10166   200    26     2     0 -9999
2021 05 07 08    67    11 10161   220    36     0     0 -9999
2021 05 07 09    67    17 10155   220    36     2     0 -9999
2021 05 07 10    72    17 10149   220    36 -9999     0 -9999
2021 05 07 11    72    22 10152   240    36 -9999     0 -9999
2021 05 07 12    78    22 10153   280    21     6     0 -9999
2021 05 07 13   100    22 10154   260    31 -9999     0 -9999
2021 05 07 14   122    17 10152   290    36 -9999     0 -9999
2021 05 07 15   133    22 10150   310    57     4     0 -9999
2021 05 07 16   139    22 10150   330    51 -9999     0 -9999
2021 05 07 17   139     0 10153   320    72 -9999     0 -9999
2021 05 07 18   144   -17 10152   310    57     6     0 -9999
2021 05 07 19   144   -17 10154   340    57 -9999     0 -9999
2021 05 07 20   117    11 -9999    50    62 -9999     0 -9999
2021 05 07 21   111    11 10163    30    51 -9999     0 -9999
2021 05 07 22   111    11 10166    50    57 -9999     0 -9999
2021 05 07 23    94    17 10171    60    67 -9999     0 -9999
2021 05 08 00    78    22 10176    30    77     4     0 -9999
2021 05 08 01    72    17 10178    30    51     2     0 -9999
2021 05 08 02    61    17 10183    30    41     2     0 -9999
2021 05 08 03    56    17 10188    30    36     2     0 -9999
2021 05 08 04    56    17 10191    30    15     0     0 -9999
2021 05 08 05    50    11 10193    20    31     0     0 -9999
2021 05 08 06    44     6 10193    10    21     0     0 -9999
2021 05 08 07    39     0 10193   360    15     2     0 -9999
2021 05 08 08    39     0 10196   330    15     0     0 -9999
2021 05 08 09    28     0 10198   290    21     2     0 -9999
2021 05 08 10    39     6 10203   290    15     2     0 -9999
2021 05 08 11    28     0 10207   320    21     2     0 -9999
2021 05 08 12    50    22 10211   340    21     6     0 -9999
2021 05 08 13    67    17 10214    10    15     2     0 -9999
2021 05 08 14    83    11 10215   120    26     4     0 -9999
2021 05 08 15    94    11 10215     0     0     4     0 -9999
2021 05 08 16   100   -11 10213 -9999 -9999 -9999     0 -9999
2021 05 08 17   106    -6 10210 -9999    15 -9999     0 -9999
2021 05 08 18   111    -6 10201    90    41     6     0 -9999
2021 05 08 19   117    -6 10196   100    31 -9999     0 -9999
2021 05 08 20   117   -22 10195    90    51 -9999     0 -9999
2021 05 08 21   100   -22 10195    90    51 -9999     0 -9999
2021 05 08 22   106   -17 10190    90    41 -9999     0 -9999
2021 05 08 23    94   -17 10185    90    41 -9999     0 -9999
2021 05 09 00    83   -11 10173   100    51     8     0 -9999
2021 05 09 01    78   -22 10173    60    62 -9999     0 -9999
2021 05 09 02    72    -6 10178   150    15 -9999     3 -9999
2021 05 09 03    56    22 10185   200    36 -9999    18 -9999
2021 05 09 04    56    28 10186   190    46 -9999     3 -9999
2021 05 09 05    50    33 10177   160    26 -9999    -1 -9999
2021 05 09 06    44    28 10173   180    26     8     3    30
2021 05 09 07    50    22 10161   150    26 -9999    -1 -9999
2021 05 09 08    50    28 10146   100    46 -9999     0 -9999
2021 05 09 09    56    28 10140    90    31 -9999     0 -9999
2021 05 09 10    61    28 10135    90    62 -9999    -1 -9999
2021 05 09 11    61    33 10130    80    57 -9999    -1 -9999
2021 05 09 12    56    33 10127    80    57     8    10     5
2021 05 09 13    56    33 10120    90    67 -9999     5 -9999
2021 05 09 14    61    33 10126    60    67 -9999     8 -9999
2021 05 09 15    67    39 10118    80    67 -9999     8 -9999
2021 05 09 16    78    39 10117    50    72 -9999    -1 -9999
2021 05 09 17    83    28 10134    60    62 -9999     0 -9999
2021 05 09 18   100    33 10134    40    62     6     0    30
2021 05 09 19   111    22 10138    20    72 -9999     0 -9999
2021 05 09 20   117    11 10136    30    82     4     0 -9999
2021 05 09 21   139   -17 10137    30    77     4     0 -9999
2021 05 09 22   133   -39 10148    20    88     4     0 -9999
2021 05 09 23   139   -39 10150    20    72     2     0 -9999
2021 05 10 00   122   -33 10156    30    77     2     0 -9999
2021 05 10 01    94   -11 10165    20    51     4     0 -9999
2021 05 10 02    78     6 10170    30    36     4     0 -9999
2021 05 10 03    72     6 10180    10    26     0     0 -9999
2021 05 10 04    61     6 10181   340    15     2     0 -9999
2021 05 10 05    56     6 10179   350    26     2     0 -9999
2021 05 10 06    50     6 10184   350    21     2     0 -9999
2021 05 10 07    44     6 10185    10    21     2     0 -9999
2021 05 10 08    56    17 10190   300    15 -9999     0 -9999
2021 05 10 09    56    22 10195   350    21 -9999     0 -9999
2021 05 10 10    61    22 10195   330    15 -9999     0 -9999
2021 05 10 11    67    17 10197    20    36 -9999     0 -9999
2021 05 10 12    72    11 10200    40    26     8     0 -9999
2021 05 10 13    72    17 10201    70    26 -9999    -1 -9999
2021 05 10 14    78    11 10203    60    36 -9999    -1 -9999
2021 05 10 15    78     6 10209    40    62 -9999    -1 -9999
2021 05 10 16    72    22 10214    50    67 -9999    -1 -9999
2021 05 10 17    94    11 10215    40    57     4     0 -9999
2021 05 10 18    94    11 10210    70    36     6     0     0
2021 05 10 19   106    11 10216    60    46 -9999     0 -9999
2021 05 10 20   106     6 10217    50    46     4     0 -9999
2021 05 10 21   106     6 10218    50    62     4     0 -9999
2021 05 10 22   100     6 10215    60    67     2     0 -9999
2021 05 10 23   100    -6 10218    60    72     2     0 -9999
2021 05 11 00    94   -50 10217    60    57     4     0 -9999
2021 05 11 01    83   -56 10225    60    46 -9999     0 -9999
2021 05 11 02    78   -33 10230    60    46 -9999     0 -9999
2021 05 11 03    67    -6 10238    40    36 -9999     0 -9999
2021 05 11 04    67     0 10239    20    31 -9999     0 -9999
2021 05 11 05    67    -6 10237    50    26 -9999     0 -9999
2021 05 11 06    61     0 10241    20    31     6     0 -9999
2021 05 11 07    39    -6 10244    20    26 -9999     0 -9999
2021 05 11 08    28   -11 10245   360    21     2     0 -9999
2021 05 11 09    39    -6 10250   320    15     2     0 -9999
2021 05 11 10    22   -11 10255   350    21     2     0 -9999
2021 05 11 11    39    -6 10261     0     0     2     0 -9999
2021 05 11 12    56     6 10266    10    15     2     0 -9999
2021 05 11 13    72    11 10275    40    31     2     0 -9999
2021 05 11 14    89     6 10280 -9999    15     2     0 -9999
2021 05 11 15   106    11 10279    20    31 -9999     0 -9999
2021 05 11 16   100   -11 10281   350    26 -9999     0 -9999
2021 05 11 17   106   -17 10282    20    41 -9999     0 -9999
2021 05 11 18   128     6 10278    40    82     4     0 -9999
2021 05 11 19   122     0 10275    30    57     2     0 -9999
2021 05 11 20   117   -11 10277    70    62     2     0 -9999
2021 05 11 21   111   -17 10278    60    62     2     0 -9999
2021 05 11 22   106   -17 10280    50    77     4     0 -9999
2021 05 11 23   106   -22 10284    40    57     4     0 -9999
2021 05 12 00   100   -28 10286    60    41     2     0 -9999
2021 05 12 01    94   -33 10287    60    46     2     0 -9999
2021 05 12 02    83   -39 10295    50    21     0     0 -9999
2021 05 12 03    78   -39 10304     0     0     0     0 -9999
2021 05 12 04    72   -33 10302     0     0     0     0 -9999
2021 05 12 05    56   -22 10303     0     0     0     0 -9999
2021 05 12 06    56   -11 10300     0     0     0     0 -9999
2021 05 12 07    44   -11 10298   290    15     0     0 -9999
2021 05 12 08    39   -11 10299     0     0     0     0 -9999
2021 05 12 09    39   -11 10303     0     0     0     0 -9999
2021 05 12 10    33   -11 10306     0     0     0     0 -9999
2021 05 12 11    44   -17 10312     0     0     0     0 -9999
2021 05 12 12    61   -11 10317    10    21     0     0 -9999
2021 05 12 13   100   -11 10320    40    31     0     0 -9999
2021 05 12 14   122   -33 10323    80    51     0     0 -9999
2021 05 12 15   133   -33 10323 -9999    21     0     0 -9999
2021 05 12 16   139   -39 10322    70    21     2     0 -9999
2021 05 12 17   150   -33 10321    70    36     2     0 -9999
2021 05 12 18   156   -28 10316    90    62     2     0 -9999
2021 05 12 19   156   -33 10312   100    46     2     0 -9999
2021 05 12 20   161   -39 10309    60    26     2     0 -9999
2021 05 12 21   156   -44 10303    80    46     2     0 -9999
2021 05 12 22   156   -44 10302    80    57     2     0 -9999
2021 05 12 23   150   -50 10299    90    51     2     0 -9999
2021 05 13 00   144   -67 10295    90    36     2     0 -9999
2021 05 13 01   128   -89 10295    90    36     2     0 -9999
2021 05 13 02   117   -72 10295   100    26     2     0 -9999
2021 05 13 03   111   -78 10297    80    21     0     0 -9999
2021 05 13 04   100   -56 10297     0     0     0     0 -9999
2021 05 13 05    78   -28 10299     0     0     0     0 -9999
2021 05 13 06    72   -28 10299   260    15     0     0 -9999
2021 05 13 07    61   -22 10296   260    21     0     0 -9999
2021 05 13 08    67   -33 10295   270    15     0     0 -9999
2021 05 13 09    67   -33 10295     0     0     0     0 -9999
2021 05 13 10    56   -28 10297     0     0     0     0 -9999
2021 05 13 11    61   -28 10299   270    15     0     0 -9999
2021 05 13 12    83   -28 10303     0     0     0     0 -9999
2021 05 13 13   117   -33 10306   280    26     0     0 -9999
2021 05 13 14   156   -50 10305   270    26     0     0 -9999
2021 05 13 15   161   -50 10301   260    41     0     0 -9999
2021 05 13 16   183   -22 10297   310    36     0     0 -9999
2021 05 13 17   189   -33 10292   100    15     2     0 -9999
2021 05 13 18   183   -50 10283   330    21     2     0 -9999
2021 05 13 19   194   -44 10277     0     0     4     0 -9999
2021 05 13 20   194   -33 10271    50    31     4     0 -9999
2021 05 13 21   211   -39 10265    90    36     4     0 -9999
2021 05 13 22   194   -50 10262    80    41     2     0 -9999
2021 05 13 23   194   -56 10261   100    36     2     0 -9999
2021 05 14 00   183   -61 10260   100    46     2     0 -9999
2021 05 14 01   167   -56 10259   110    31     2     0 -9999
2021 05 14 02   156   -50 10262   140    26     2     0 -9999
2021 05 14 03   144   -44 10264   160    15     2     0 -9999
2021 05 14 04   128   -33 10261   170    15     0     0 -9999
2021 05 14 05   128   -33 10259   190    21     0     0 -9999
2021 05 14 06   117   -28 10258   190    15     0     0 -9999
2021 05 14 07   106   -28 10256   200    21     0     0 -9999
2021 05 14 08   100   -17 10258   230    26     0     0 -9999
2021 05 14 09   100    -6 10260   250    15     0     0 -9999
2021 05 14 10    94     0 10263   260    31     2     0 -9999
2021 05 14 11    89     0 10265   270    31     2     0 -9999
2021 05 14 12   106     0 10269   290    26     2     0 -9999
2021 05 14 13   144     0 10272   300    26     2     0 -9999
2021 05 14 14   183   -11 10271   320    36     4     0 -9999
2021 05 14 15   194   -28 10267 -9999    21     2     0 -9999
2021 05 14 16   194   -39 10266     0     0     2     0 -9999
2021 05 14 17   200   -33 10260     0     0     4     0 -9999
2021 05 14 18   217   -22 10254   170    46     6     0 -9999
2021 05 14 19   206   -28 10249   160    15 -9999     0 -9999
2021 05 14 20   206   -17 10246    90    57 -9999     0 -9999
2021 05 14 21   211   -22 10238   110    57 -9999     0 -9999
2021 05 14 22   200   -28 10232   130    51 -9999     0 -9999
2021 05 14 23   194   -22 10231   110    57 -9999     0 -9999
2021 05 15 00   189   -22 10229   110    57     6     0 -9999
2021 05 15 01   172   -22 10229   120    36 -9999     0 -9999
2021 05 15 02   161   -17 10230   150    26 -9999     0 -9999
2021 05 15 03   161   -11 10233   160    21 -9999     0 -9999
2021 05 15 04   150    -6 10232   160    26 -9999     0 -9999
2021 05 15 05   144     6 10230   160    26 -9999     0 -9999
2021 05 15 06   139    11 10230   160    21     8     0 -9999
2021 05 15 07   133    17 10227   150    21 -9999     0 -9999
2021 05 15 08   133    11 10223   190    21 -9999     0 -9999
2021 05 15 09   133    17 10222   170    21 -9999     0 -9999
2021 05 15 10   133    17 10227   190    21 -9999     0 -9999
2021 05 15 11   133    17 10230   180    26 -9999     0 -9999
2021 05 15 12   144    17 10235   190    26     4     0 -9999
2021 05 15 13   161    11 10234   230    51 -9999     0 -9999
2021 05 15 14   144    44 10240   230    31 -9999     0 -9999
2021 05 15 15   150    56 10237   210    46 -9999     0 -9999
2021 05 15 16   144    78 10239   200    62 -9999    -1 -9999
2021 05 15 17   133    89 10236   200    62 -9999    -1 -9999
2021 05 15 18   128    94 10232   190    36     8     3     3
2021 05 15 19   150    94 10222   180    62 -9999     0 -9999
2021 05 15 20   156    72 10220   180    41 -9999     0 -9999
2021 05 15 21   150    72 10216   190    41 -9999     0 -9999
2021 05 15 22   156    72 10212   170    36 -9999     0 -9999
2021 05 15 23   156    72 10208   190    31 -9999    -1 -9999
2021 05 16 00   150    83 10206   170    36     8     0     0
2021 05 16 01   150    78 10207   190    31 -9999     0 -9999
2021 05 16 02   150    67 10210   180    26 -9999    -1 -9999
2021 05 16 03   144    78 10210   170    21 -9999    -1 -9999
2021 05 16 04   144    78 10210   230    15 -9999    -1 -9999
2021 05 16 05   133    94 10208   280    15 -9999    -1 -9999
2021 05 16 06   133    94 10210     0     0     8     0     0
2021 05 16 07   133    94 10209     0     0 -9999     0 -9999
2021 05 16 08   139    89 10206     0     0 -9999     0 -9999
2021 05 16 09   133    94 10210     0     0 -9999     0 -9999
2021 05 16 10   133    89 10212     0     0 -9999     0 -9999
2021 05 16 11   128    89 10217     0     0 -9999     0 -9999
2021 05 16 12   133    89 10221   170    15     4     0 -9999
2021 05 16 13   150    89 10224   140    15     4     0 -9999
2021 05 16 14   161    78 10226   220    21 -9999     0 -9999
2021 05 16 15   178    72 10224 -9999    15     4     0 -9999
2021 05 16 16   189    78 10221   210    31 -9999     0 -9999
2021 05 16 17   206    78 10217 -9999    31     4     0 -9999
2021 05 16 18   211    78 10213   230    36     6     0 -9999
2021 05 16 19   217    83 10206   220    15 -9999     0 -9999
2021 05 16 20   217    83 10204   200    26 -9999     0 -9999
2021 05 16 21   217    83 10202   210    31 -9999     0 -9999
2021 05 16 22   211    83 10200   230    15 -9999     0 -9999
2021 05 16 23   206    83 10198    90    41 -9999     0 -9999
2021 05 17 00   194    83 10199   100    36     8     0 -9999
2021 05 17 01   189    83 10203    90    26 -9999     0 -9999
2021 05 17 02   178    78 10205   130    26 -9999     0 -9999
2021 05 17 03   161    78 10208   130    15 -9999     0 -9999
2021 05 17 04   156    72 10207   120    21 -9999     0 -9999
2021 05 17 05   161    78 10203    90    21 -9999     0 -9999
2021 05 17 06   156    78 10203   100    21     8     0 -9999
2021 05 17 07   156    78 10199    50    26 -9999     0 -9999
2021 05 17 08   156    72 10197    80    26 -9999     0 -9999
2021 05 17 09   144    78 10200    60    31 -9999     0 -9999
2021 05 17 10   139    83 10201    40    26 -9999     0 -9999
2021 05 17 11   139    78 10205    70    15 -9999     0 -9999
2021 05 17 12   139    83 10213    20    15     8     0 -9999
2021 05 17 13   150    89 10217     0     0 -9999     0 -9999
2021 05 17 14   167    94 10221   150    15 -9999     0 -9999
2021 05 17 15   183   117 10220   200    31 -9999     0 -9999
2021 05 17 16   194   111 10221   200    26     0     0 -9999
2021 05 17 17   200   111 10220   110    36 -9999     0 -9999
2021 05 17 18   206   111 10217   150    51     8     0 -9999
2021 05 17 19   206   111 10217   120    46 -9999     0 -9999
2021 05 17 20   206   117 10215   140    51 -9999     0 -9999
2021 05 17 21   211   111 10214   120    57 -9999     0 -9999
2021 05 17 22   206   117 10215   120    57 -9999     0 -9999
2021 05 17 23   200   117 10216   120    51 -9999     0 -9999
2021 05 18 00   194   117 10213   120    57     6     0 -9999
2021 05 18 01   183   117 10213   110    62     4     0 -9999
2021 05 18 02   167   111 10219    90    36     4     0 -9999
2021 05 18 03   156   111 10226   100    31 -9999     0 -9999
2021 05 18 04   150   111 10227    90    26 -9999     0 -9999
2021 05 18 05   150   111 10222    80    26 -9999     0 -9999
2021 05 18 06   150   117 10222   110    26     6     0 -9999
2021 05 18 07   150   122 10222   100    31 -9999     0 -9999
2021 05 18 08   144   122 10223   110    26 -9999     0 -9999
2021 05 18 09   144   117 10224    80    21 -9999     0 -9999
2021 05 18 10   150   122 10225    90    21 -9999     0 -9999
2021 05 18 11   150   122 10226    90    26 -9999     0 -9999
2021 05 18 12   161   128 10229   100    31     8     0 -9999
2021 05 18 13   167   133 10230   120    57 -9999     0 -9999
2021 05 18 14   178   133 10230   120    41 -9999     0 -9999
2021 05 18 15   194   139 10231   160    51 -9999     0 -9999
2021 05 18 16   222   133 10227   150    57 -9999     0 -9999
2021 05 18 17   228   133 10225   150    46 -9999     0 -9999
2021 05 18 18   239   128 10221   150    46     8     0 -9999
2021 05 18 19   233   128 10218   150    72 -9999    -1 -9999
2021 05 18 20   239   139 10215   160    72 -9999    -1 -9999
2021 05 18 21   233   144 10210   140    77 -9999    -1 -9999
2021 05 18 22   228   139 10208   160    93 -9999    -1 -9999
2021 05 18 23   211   139 10209   160    51 -9999    -1 -9999
2021 05 19 00   194   156 10210   150    36     8     8     8
2021 05 19 01   189   161 10210   140    26 -9999     3 -9999
2021 05 19 02   189   167 10209   130    31 -9999     5 -9999
2021 05 19 03   189   167 10208   110    41 -9999     3 -9999
2021 05 19 04   189   161 10205   130    26 -9999    -1 -9999
2021 05 19 05   189   161 10203   130    36 -9999     0 -9999
2021 05 19 06   200   156 10200   150    51     8     0    10
2021 05 19 07   200   156 10197   160    46 -9999     0 -9999
2021 05 19 08   200   150 10197   170    41 -9999     0 -9999
2021 05 19 09   200   150 10198   170    36 -9999     0 -9999
2021 05 19 10   194   150 10201   160    31 -9999     0 -9999
2021 05 19 11   194   150 10204   160    41 -9999    -1 -9999
2021 05 19 12   194   150 10213   170    41     8    -1    -1
2021 05 19 13   189   156 10219   170    46 -9999    -1 -9999
2021 05 19 14   183   161 10219   170    36 -9999     3 -9999
2021 05 19 15   189   161 10222   170    62 -9999     5 -9999
2021 05 19 16   200   172 10224   170    72 -9999    -1 -9999
2021 05 19 17   217   172 10224   190    57 -9999     0 -9999
2021 05 19 18   233   178 10222   170    77     6     0     8
2021 05 19 19   233   172 10218   180    62 -9999     0 -9999
2021 05 19 20   228   172 10218   160    77 -9999     0 -9999
2021 05 19 21   228   172 10219   180    82 -9999     0 -9999
2021 05 19 22   239   172 10219   170    57 -9999     0 -9999
2021 05 19 23   233   172 10217   170    62 -9999     0 -9999
2021 05 20 00   222   172 10214   180    46     6     0 -9999
2021 05 20 01   222   172 10215   170    46 -9999     0 -9999
2021 05 20 02   211   161 10219   180    46 -9999     0 -9999
2021 05 20 03   206   156 10224   180    31 -9999     0 -9999
2021 05 20 04   200   156 10224   160    26 -9999     0 -9999
2021 05 20 05   200   161 10224   180    26 -9999     3 -9999
2021 05 20 06   194   167 10224   180    26     8    -1     3
2021 05 20 07   194   161 10224   170    15 -9999     0 -9999
2021 05 20 08   194   167 10224   140    21 -9999     0 -9999
2021 05 20 09   194   161 10223   150    21 -9999     0 -9999
2021 05 20 10   194   161 10227   150    26 -9999     0 -9999
2021 05 20 11   200   156 10229   160    31 -9999     0 -9999
2021 05 20 12   206   156 10231   160    31     8     0 -9999
2021 05 20 13   217   156 10236   170    36 -9999     0 -9999
2021 05 20 14   228   150 10239   180    36 -9999     0 -9999
2021 05 20 15   250   156 10238   180    57 -9999     0 -9999
2021 05 20 16   267   156 10236   190    77 -9999     0 -9999
2021 05 20 17   278   156 10233   170    82 -9999     0 -9999
2021 05 20 18   289   156 10230   170    77     6     0 -9999
2021 05 20 19   289   150 10226   190    72 -9999     0 -9999
2021 05 20 20   289   150 10224   180    88 -9999     0 -9999
2021 05 20 21   294   150 10220   170    67 -9999     0 -9999
2021 05 20 22   289   150 10221   200    88 -9999     0 -9999
2021 05 20 23   289   150 10221   190    62 -9999     0 -9999
2021 05 21 00   278   150 10220   180    62     6     0 -9999
2021 05 21 01   272   156 10222   170    57 -9999     0 -9999
2021 05 21 02   261   156 10228   180    31 -9999     0 -9999
2021 05 21 03   250   156 10232   170    36 -9999     0 -9999
2021 05 21 04   244   150 10232   170    36     4     0 -9999
2021 05 21 05   233   150 10233   180    21 -9999     0 -9999
2021 05 21 06   228   150 10232   180    31     6     0 -9999
2021 05 21 07   222   150 10235   180    31 -9999     0 -9999
2021 05 21 08   217   144 10235   170    36 -9999     0 -9999
2021 05 21 09   211   144 10238   180    26 -9999     0 -9999
2021 05 21 10   211   144 10243   180    31 -9999     0 -9999
2021 05 21 11   211   144 10248   190    31 -9999     0 -9999
2021 05 21 12   211   144 10257   180    26     6     0 -9999
2021 05 21 13   228   144 10263   200    46 -9999     0 -9999
2021 05 21 14   250   139 10264   210    62 -9999     0 -9999
2021 05 21 15   256   139 10266   210    67 -9999     0 -9999
2021 05 21 16   272   139 10265   200    62 -9999     0 -9999
2021 05 21 17   283   133 10267   210    77 -9999     0 -9999
2021 05 21 18   289   133 10264   220    57     6     0 -9999
2021 05 21 19   289   133 10260   220    46 -9999     0 -9999
2021 05 21 20   300   133 10256   200    62 -9999     0 -9999
2021 05 21 21   289   133 10254   220    57 -9999     0 -9999
2021 05 21 22   272   167 10260   280    62 -9999     0 -9999
2021 05 21 23   261   172 10260   280    51 -9999     0 -9999
2021 05 22 00   256   172 10261   290    41     6     0 -9999
2021 05 22 01   244   172 10261   280    15 -9999     0 -9999
2021 05 22 02   233   178 10264   330    15 -9999     0 -9999
2021 05 22 03   233   178 10266     0     0 -9999     0 -9999
2021 05 22 04   239   178 10267     0     0 -9999     0 -9999
2021 05 22 05   228   167 10268   110    21 -9999     0 -9999
2021 05 22 06   222   167 10267     0     0     8     0 -9999
2021 05 22 07   222   167 10264     0     0 -9999     0 -9999
2021 05 22 08   217   172 10262   160    15 -9999     0 -9999
2021 05 22 09   217   172 10264     0     0 -9999     0 -9999
2021 05 22 10   217   172 10267     0     0 -9999     0 -9999
2021 05 22 11   217   172 10272   210    31 -9999     0 -9999
2021 05 22 12   217   156 10278   210    26     6     0 -9999
2021 05 22 13   233   156 10277   210    41 -9999     0 -9999
2021 05 22 14   244   150 10276   240    41 -9999     0 -9999
2021 05 22 15   256   144 10271   240    41 -9999     0 -9999
2021 05 22 16   278   150 10267   240    51 -9999     0 -9999
2021 05 22 17   289   156 10262   230    41 -9999     0 -9999
2021 05 22 18   294   150 10255 -9999    31     6     0 -9999
2021 05 22 19   300   156 10249   200    46 -9999     0 -9999
2021 05 22 20   311   144 10243   220    36     4     0 -9999
2021 05 22 21   311   144 10235   240    36     4     0 -9999
2021 05 22 22   306   144 10230   210    57     4     0 -9999
2021 05 22 23   294   144 10226   260    41     4     0 -9999
2021 05 23 00   294   144 10223   240    46     4     0 -9999
2021 05 23 01   278   150 10223   250    46     4     0 -9999
2021 05 23 02   267   150 10225   240    41     2     0 -9999
2021 05 23 03   256   161 10227   260    36     2     0 -9999
2021 05 23 04   244   172 10225   260    41     2     0 -9999
2021 05 23 05   239   178 10225   250    36     4     0 -9999
2021 05 23 06   233   183 10227   260    36     4     0 -9999
2021 05 23 07   228   183 10226   260    41 -9999     0 -9999
2021 05 23 08   222   183 10223   260    31     2     0 -9999
2021 05 23 09   211   183 10225   260    26     2     0 -9999
2021 05 23 10   211   178 10224   260    31 -9999     0 -9999
2021 05 23 11   211   178 10226   250    21 -9999     0 -9999
2021 05 23 12   211   183 10229   280    15     6     0 -9999
2021 05 23 13   217   183 10231   260    36 -9999    -1 -9999
2021 05 23 14   233   189 10229   270    41 -9999     0 -9999
2021 05 23 15   228   183 10226   280    36 -9999    -1 -9999
2021 05 23 16   233   189 10222 -9999    21 -9999     0 -9999
2021 05 23 17   250   183 10219   260    51 -9999     0 -9999
2021 05 23 18   250   183 10217   270    41     8     0    -1
2021 05 23 19   267   178 10211   250    57 -9999     0 -9999
2021 05 23 20   261   178 10208 -9999    21 -9999     0 -9999
2021 05 23 21   267   178 10201   270    26 -9999     0 -9999
2021 05 23 22   272   178 10197   280    36 -9999     0 -9999
2021 05 23 23   194   161 10203    50    51 -9999     3 -9999
2021 05 24 00   156   133 10209    30    57     6     0     3
2021 05 24 01   144   122 10214    30    46 -9999     0 -9999
2021 05 24 02   144   128 -9999    40    26     4     3 -9999
2021 05 24 03   139   122 10215    30    36 -9999     0 -9999
2021 05 24 04   139   122 10213    70    21 -9999     0 -9999
2021 05 24 05   139   122 10212    20    26 -9999     0 -9999
2021 05 24 06   133   122 10208    60    31     9     0     3
2021 05 24 07   133   122 10205    60    21     9     0 -9999
2021 05 24 08   133   122 10204    60    21 -9999     0 -9999
2021 05 24 09   133   128 10203     0     0 -9999     0 -9999
2021 05 24 10   133   122 10205    30    21 -9999     0 -9999
2021 05 24 11   139   128 10208     0     0 -9999     0 -9999
2021 05 24 12   150   133 10211   140    15     6     0 -9999
2021 05 24 13   167   139 10211     0     0 -9999     0 -9999
2021 05 24 14   211   161 10211   190    26 -9999     0 -9999
2021 05 24 15   239   172 10207   200    21 -9999     0 -9999
2021 05 24 16   278   167 10203   230    36 -9999     0 -9999
2021 05 24 17   289   156 10196   220    62 -9999     0 -9999
2021 05 24 18   300   161 10187   200    36     6     0 -9999
2021 05 24 19   311   150 10179   220    26 -9999     0 -9999
2021 05 24 20   317   144 10171   220    57 -9999     0 -9999
2021 05 24 21   311   133 10167   220    62 -9999     0 -9999
2021 05 24 22   311   133 10162   220    51 -9999     0 -9999
2021 05 24 23   311   117 10157   220    46 -9999     0 -9999
2021 05 25 00   300   128 10155   220    31     8     0 -9999
2021 05 25 01   294   128 10156   200    31 -9999     0 -9999
2021 05 25 02   283   122 10158   220    41 -9999     0 -9999
2021 05 25 03   267   117 10165   210    51     4     0 -9999
2021 05 25 04   261   122 10166   210    41     4     0 -9999
2021 05 25 05   256   122 10165   210    41 -9999     0 -9999
2021 05 25 06   244   133 10162   220    46     6     0 -9999
2021 05 25 07   233   139 10161   220    36 -9999     0 -9999
2021 05 25 08   228   144 10157   210    36 -9999     0 -9999
2021 05 25 09   228   150 10156   220    36 -9999     0 -9999
2021 05 25 10   228   150 10154   210    41 -9999     0 -9999
2021 05 25 11   228   156 10154   210    36 -9999     0 -9999
2021 05 25 12   228   156 10158   210    41     6     0 -9999
2021 05 25 13   239   161 10156   220    46 -9999     0 -9999
2021 05 25 14   244   161 10155   220    57 -9999     0 -9999
2021 05 25 15   272   161 10153   210    77 -9999     0 -9999
2021 05 25 16   278   156 10152   250    72 -9999     0 -9999
2021 05 25 17   272   156 10152   220    67 -9999     0 -9999
2021 05 25 18   272   150 10146   220    77     6     0 -9999
2021 05 25 19   289   144 10140   240    93 -9999     0 -9999
2021 05 25 20   289   150 10134   230    67 -9999     0 -9999
2021 05 25 21   289   150 10130   230    98 -9999    -1 -9999
2021 05 25 22   272   172 10127   250    62 -9999     0 -9999
2021 05 25 23   278   156 10123   230    57 -9999     0 -9999
2021 05 26 00   256   156 10128   240   108     8    -1    -1
2021 05 26 01   211   178 10130   250    51 -9999    -1 -9999
2021 05 26 02   222   172 10128   240    62 -9999    -1 -9999
2021 05 26 03   228   172 10136   210    57 -9999    -1 -9999
2021 05 26 04   222   172 10132   240    51     4    -1 -9999
2021 05 26 05   211   183 10131   230    57 -9999    -1 -9999
2021 05 26 06   206   183 10128   220    62     8     8     5
2021 05 26 07   200   183 10125   220    67 -9999   112 -9999
2021 05 26 08   200   183 10127   240    57 -9999    23 -9999
2021 05 26 09   200   183 10127   260    46 -9999     5 -9999
2021 05 26 10   194   178 -9999   210    26 -9999     5 -9999
2021 05 26 11   189   172 10130   220    41 -9999     8 -9999
2021 05 26 12   189   172 10138   220    46     8     0   190
2021 05 26 13   189   178 10140   240    26 -9999     0 -9999
2021 05 26 14   206   178 10144   250    31 -9999     0 -9999
2021 05 26 15   222   161 10146   270    51 -9999     0 -9999
2021 05 26 16   244   139 10150   270    57     4     0 -9999
2021 05 26 17   250   117 10154   310    57     2     0 -9999
2021 05 26 18   261   106 10158   290    62     2     0 -9999
2021 05 26 19   267    89 10156   290    72     2     0 -9999
2021 05 26 20   272    83 10157   290    57     2     0 -9999
2021 05 26 21   278    89 10155   280    62     2     0 -9999
2021 05 26 22   267    72 10159   290    46     4     0 -9999
2021 05 26 23   267    78 10159   280    51     2     0 -9999
2021 05 27 00   261    83 10160   320    57     2     0 -9999
2021 05 27 01   228    89 10172    50    51     4     0 -9999
2021 05 27 02   206   100 10182    70    46     4     0 -9999
2021 05 27 03   156   111 10194    30    57     2     0 -9999
2021 05 27 04   144   100 10201    30    67     2     0 -9999
2021 05 27 05   139    94 10204    30    57     2     0 -9999
2021 05 27 06   133    83 10201    40    62     2     0 -9999
2021 05 27 07   128    89 10201    30    57     2     0 -9999
2021 05 27 08   128   100 10203    30    41     2     0 -9999
2021 05 27 09   133    94 10208    50    57 -9999     0 -9999
2021 05 27 10   128    89 10211    50    62 -9999     0 -9999
2021 05 27 11   122    67 10214    50    62 -9999     0 -9999
2021 05 27 12   122    67 10217    60    57     8     0 -9999
2021 05 27 13   122    67 10219    60    72 -9999     0 -9999
2021 05 27 14   122    56 10217    60    82 -9999     0 -9999
2021 05 27 15   128    44 10216    80    77 -9999     0 -9999
2021 05 27 16   139    39 10213    60    82 -9999     0 -9999
2021 05 27 17   144    33 10201    70    82 -9999     0 -9999
2021 05 27 18   139    39 10185    60    82     6     0 -9999
2021 05 27 19   117    44 10186    40    88 -9999     0 -9999
2021 05 27 20   106    67 10181    40    98 -9999    -1 -9999
2021 05 27 21   100    72 10162    40   103 -9999     8 -9999
2021 05 27 22   106    72 10148    40    77 -9999    -1 -9999
2021 05 27 23   117    72 10140    30    72 -9999     0 -9999
2021 05 28 00   133    61 10134    60    82     8     0     8
2021 05 28 01   133    72 10136    50    77 -9999     0 -9999
2021 05 28 02   122    78 10132    30    82 -9999     0 -9999
2021 05 28 03   117    83 10141    30    93 -9999     0 -9999
2021 05 28 04   106    78 10138    30   113 -9999     0 -9999
2021 05 28 05   106    78 10141    30    98 -9999     0 -9999
2021 05 28 06   100    72 10139    30   103     8     0 -9999
2021 05 28 07    89    67 10136    30   113 -9999     0 -9999
2021 05 28 08    83    56 10140    40    98 -9999     0 -9999
2021 05 28 09    72    50 10139    40   118 -9999     3 -9999
2021 05 28 10    67    50 10144    50    98 -9999    38 -9999
2021 05 28 11    67    50 10138    40   108 -9999    13 -9999
2021 05 28 12    72    50 10144    60    67     8    -1    50
2021 05 28 13    72    50 10150    60    77 -9999     0 -9999
2021 05 28 14    78    50 10152    50    88 -9999     0 -9999
2021 05 28 15    78    50 10154    50    88 -9999     0 -9999
2021 05 28 16    78    56 10160    60    88 -9999    -1 -9999
2021 05 28 17    78    61 10162    50    93 -9999    -1 -9999
2021 05 28 18    78    56 10164    50    67     8    -1    -1
2021 05 28 19    83    56 10165    50   113 -9999    -1 -9999
2021 05 28 20    89    56 10164    60   113 -9999    -1 -9999
2021 05 28 21    89    56 10165    30   103 -9999     0 -9999
2021 05 28 22    89    50 10189    30    67 -9999    -1 -9999
2021 05 28 23    78    56 -9999    30    88 -9999     5 -9999
2021 05 29 00    78    56 10185    30    93     8    25    60
2021 05 29 01    78    50 10186    20    93 -9999     5 -9999
2021 05 29 02    83    44 10189    20    93 -9999     0 -9999
2021 05 29 03    83    50 10197    20    67 -9999     0 -9999
2021 05 29 04    89    50 10200    30    51 -9999     0 -9999
2021 05 29 05    89    33 10201    50    57 -9999     0 -9999
2021 05 29 06    89     0 10201    50    57     4     0    10
2021 05 29 07    83   -28 10200    50    77     4     0 -9999
2021 05 29 08    78   -22 10203    50    77     2     0 -9999
2021 05 29 09    78   -17 10208    50    67     2     0 -9999
2021 05 29 10    72   -11 10215    50    57     2     0 -9999
2021 05 29 11    72    -6 10225    40    46     2     0 -9999
2021 05 29 12    89     6 10230    50    57     2     0 -9999
2021 05 29 13   106    -6 10236    40    77     2     0 -9999
2021 05 29 14   117    -6 10236    40    77     2     0 -9999
2021 05 29 15   128    -6 10235    60    72     0     0 -9999
2021 05 29 16   133   -33 10237    40    72     0     0 -9999
2021 05 29 17   139   -39 10238    50    88     0     0 -9999
2021 05 29 18   144   -39 10237    50    72     2     0 -9999
2021 05 29 19   150   -39 10238    30    72     2     0 -9999
2021 05 29 20   156   -28 10239    40    57     2     0 -9999
2021 05 29 21   150   -28 10238    20    46     2     0 -9999
2021 05 29 22   156   -28 10236    50    51     2     0 -9999
2021 05 29 23   150   -28 10235    50    46     2     0 -9999
2021 05 30 00   144   -28 10237    40    46     2     0 -9999
2021 05 30 01   128   -28 10237    40    51     2     0 -9999
2021 05 30 02   111   -28 10237    30    46     2     0 -9999
2021 05 30 03   106    -6 10243    40    36     2     0 -9999
2021 05 30 04    94    -6 10248    30    21     2     0 -9999
2021 05 30 05    94     6 10247   350    15     2     0 -9999
2021 05 30 06    83    17 10250   330    21     2     0 -9999
2021 05 30 07    83    17 10244   340    21     4     0 -9999
2021 05 30 08    61    17 10249     0     0     4     0 -9999
2021 05 30 09    61    22 10247   330    15     2     0 -9999
2021 05 30 10    61    11 10248   340    21     2     0 -9999
2021 05 30 11    61    17 10252    10    21     2     0 -9999
2021 05 30 12    89    33 10255     0     0     2     0 -9999
2021 05 30 13   122    56 10259     0     0     2     0 -9999
2021 05 30 14   144    44 10263 -9999    15     2     0 -9999
2021 05 30 15   161    11 10260     0     0     2     0 -9999
2021 05 30 16   178    11 10255   170    15     2     0 -9999
2021 05 30 17   194    11 10255    60    26     0     0 -9999
2021 05 30 18   200     0 10252   120    31     4     0 -9999
2021 05 30 19   200   -11 10246    70    41     4     0 -9999
2021 05 30 20   194   -22 10245    90    21     4     0 -9999
2021 05 30 21   194   -17 10241   100    57     4     0 -9999
2021 05 30 22   206    -6 10237    80    36 -9999     0 -9999
2021 05 30 23   189   -28 10236    90    41     4     0 -9999
2021 05 31 00   178   -22 10237    90    36     6     0 -9999
2021 05 31 01   167   -17 10238   100    31 -9999     0 -9999
2021 05 31 02   156   -11 10236   110    26 -9999     0 -9999
2021 05 31 03   156     0 10237   150    31 -9999     0 -9999
2021 05 31 04   156    11 10240   200    15 -9999     0 -9999
2021 05 31 05   144    28 10236   150    26 -9999     0 -9999
2021 05 31 06   144    28 10236     0     0     8     0 -9999
2021 05 31 07   150    39 10239     0     0 -9999     0 -9999
2021 05 31 08   144    44 10239   180    31 -9999     0 -9999
2021 05 31 09   150    50 10239   180    36 -9999     0 -9999
2021 05 31 10   144    56 10237   180    26 -9999     0 -9999
2021 05 31 11   139    61 10242   190    21 -9999     0 -9999
2021 05 31 12   144    78 10246     0     0     8     0 -9999
2021 05 31 13   156    83 10250   220    26 -9999     0 -9999
2021 05 31 14   167    83 10251   200    31 -9999     0 -9999
2021 05 31 15   178    78 10247   210    36 -9999     0 -9999
2021 05 31 16   194    56 10244   250    31 -9999     0 -9999
2021 05 31 17   206    72 10240   230    41 -9999     0 -9999
2021 05 31 18   206    78 10236   240    46     8     0 -9999
2021 05 31 19   206    67 10237   210    67 -9999     0 -9999
2021 05 31 20   211    67 10233   210    57 -9999     0 -9999
2021 05 31 21   206    67 10231   210    46 -9999     0 -9999
2021 05 31 22   200    67 10227   230    31 -9999     0 -9999
2021 05 31 23   194    72 10228   230    51 -9999     0 -9999
2021 06 01 00   183    56 10231   220    57     6     0 -9999
2021 06 01 01   172    72 10227   240    31 -9999     0 -9999
2021 06 01 02   167    67 10227   270    26 -9999     0 -9999
2021 06 01 03   156    72 10230   220    21 -9999     0 -9999
2021 06 01 04   133    72 10232   160    26     2     0 -9999
2021 06 01 05   133    72 10230   190    21     4     0 -9999
2021 06 01 06   122    78 10231   210    21     4     0 -9999
2021 06 01 07   122    83 10228   240    21     4     0 -9999
2021 06 01 08   117    83 10227   230    15     2     0 -9999
2021 06 01 09   111    89 10226   230    15     2     0 -9999
2021 06 01 10   106    83 10227     0     0     2     0 -9999
2021 06 01 11   111    94 10232     0     0     4     0 -9999
2021 06 01 12   128   111 10237     0     0     6     0 -9999
2021 06 01 13   156   117 10237     0     0 -9999     0 -9999
2021 06 01 14   178   106 10234     0     0 -9999     0 -9999
2021 06 01 15   194    89 10234     0     0 -9999     0 -9999
2021 06 01 16   211    89 10233   200    21 -9999     0 -9999
2021 06 01 17   228    83 10228   150    26 -9999     0 -9999
2021 06 01 18   233    78 10223   170    26     6     0 -9999
2021 06 01 19   239    78 10215   160    26     4     0 -9999
2021 06 01 20   239    67 10212   110    31 -9999     0 -9999
2021 06 01 21   244    50 10210    90    31     4     0 -9999
2021 06 01 22   244    39 10205    70    31     4     0 -9999
2021 06 01 23   239    56 10201    80    41     4     0 -9999
2021 06 02 00   228    50 10196    90    41     4     0 -9999
2021 06 02 01   211    67 10197   100    36     2     0 -9999
2021 06 02 02   194    72 10196    90    31     2     0 -9999
2021 06 02 03   178    83 10199   120    26     2     0 -9999
2021 06 02 04   167    83 10199   150    26     2     0 -9999
2021 06 02 05   156    78 10195   150    21     0     0 -9999
2021 06 02 06   161    78 10190     0     0     0     0 -9999
2021 06 02 07   150    72 10184     0     0     2     0 -9999
2021 06 02 08   139    83 10179     0     0 -9999     0 -9999
2021 06 02 09   139    83 10176    30    15 -9999     0 -9999
2021 06 02 10   133    83 10172   350    15     2     0 -9999
2021 06 02 11   133    83 10172    10    15     2     0 -9999
2021 06 02 12   161    94 10171    10    15     2     0 -9999
2021 06 02 13   194   100 10171     0     0     2     0 -9999
2021 06 02 14   211    94 10168    90    15     4     0 -9999
2021 06 02 15   228    94 10165    80    36 -9999     0 -9999
2021 06 02 16   233    94 10163   100    36 -9999     0 -9999
2021 06 02 17   233   100 10157   100    51 -9999     0 -9999
2021 06 02 18   239    94 10153    80    36     6     0 -9999
2021 06 02 19   244   100 10147    70    51 -9999     0 -9999
2021 06 02 20   256   100 10140    60    46 -9999     0 -9999
2021 06 02 21   244    94 10134    60    46 -9999     0 -9999
2021 06 02 22   244    94 10129    60    46 -9999     0 -9999
2021 06 02 23   228    94 10126    60    41 -9999     0 -9999
2021 06 03 00   228    89 10126    70    46     6     0 -9999
2021 06 03 01   211    89 10124    80    26     4     0 -9999
2021 06 03 02   206    89 10126    80    31     2     0 -9999
2021 06 03 03   189    89 10130    90    31     2     0 -9999
2021 06 03 04   183    89 10130   110    15     2     0 -9999
2021 06 03 05   172    94 10128   100    21     0     0 -9999
2021 06 03 06   161   100 10128     0     0     0     0 -9999
2021 06 03 07   150   100 10124   260    15     2     0 -9999
2021 06 03 08   144    94 10122     0     0     2     0 -9999
2021 06 03 09   139   100 10121     0     0     2     0 -9999
2021 06 03 10   139   100 10121   220    15     2     0 -9999
2021 06 03 11   139   106 10124     0     0     2     0 -9999
2021 06 03 12   156   106 10127     0     0     2     0 -9999
2021 06 03 13   194   128 10127   270    21     2     0 -9999
2021 06 03 14   222   133 10126   250    26     2     0 -9999
2021 06 03 15   244   106 10122   270    31     2     0 -9999
2021 06 03 16   261    94 10121 -9999    21     2     0 -9999
2021 06 03 17   272    78 10119   280    36     2     0 -9999
2021 06 03 18   278    72 10113   290    36     2     0 -9999
2021 06 03 19   283    78 10109   230    36     2     0 -9999
2021 06 03 20   289    83 10103   280    21     4     0 -9999
2021 06 03 21   300    83 10099   240    31     4     0 -9999
2021 06 03 22   300    78 10095   270    41     4     0 -9999
2021 06 03 23   300    72 10093   250    41 -9999     0 -9999
2021 06 04 00   289    83 10092   220    36     6     0 -9999
2021 06 04 01   278    89 10097   220    36 -9999     0 -9999
2021 06 04 02   267    89 10102   220    31 -9999     0 -9999
2021 06 04 03   261    94 10106   220    36 -9999     0 -9999
2021 06 04 04   256   100 10106   230    41 -9999     0 -9999
2021 06 04 05   250   100 10109   250    31 -9999     0 -9999
2021 06 04 06   233   117 10115     0     0     8     0 -9999
2021 06 04 07   217   122 10115   130    21 -9999     0 -9999
2021 06 04 08   228   106 10114   180    21 -9999     0 -9999
2021 06 04 09   222   106 10117   260    26 -9999     0 -9999
2021 06 04 10   222   111 10118   240    46 -9999     0 -9999
2021 06 04 11   217   117 10126   280    21 -9999    -1 -9999
2021 06 04 12   222   122 10131   260    41     8     0    -1
2021 06 04 13   228   122 10136   260    57 -9999     0 -9999
2021 06 04 14   233   122 10138   260    51 -9999     0 -9999
2021 06 04 15   261   128 10136   260    62 -9999     0 -9999
2021 06 04 16   278   111 10135   260    62 -9999     0 -9999
2021 06 04 17   300   106 10131   260    67     4     0 -9999
2021 06 04 18   311   100 10128   280    57     2     0 -9999
2021 06 04 19   317    89 10124   280    51     2     0 -9999
2021 06 04 20   322    78 10119   240    82     2     0 -9999
2021 06 04 21   322    83 10117   220    62     2     0 -9999
2021 06 04 22   322    78 10114   230    57     2     0 -9999
2021 06 04 23   317    83 10112   210    72     0     0 -9999
2021 06 05 00   306    78 10113   220    67     0     0 -9999
2021 06 05 01   294    83 10114   230    51     0     0 -9999
2021 06 05 02   278    89 10116   220    41     0     0 -9999
2021 06 05 03   267    89 10119   220    51     0     0 -9999
2021 06 05 04   256   100 10121   230    41     0     0 -9999
2021 06 05 05   250   106 10123   220    36     0     0 -9999
2021 06 05 06   233   111 10123   220    31     0     0 -9999
2021 06 05 07   228   117 10126   210    36     0     0 -9999
2021 06 05 08   217   122 10131   210    36     0     0 -9999
2021 06 05 09   211   122 10126   220    41     0     0 -9999
2021 06 05 10   211   122 10123   210    46     2     0 -9999
2021 06 05 11   206   133 10128   220    51     2     0 -9999
2021 06 05 12   217   139 10130   220    57     2     0 -9999
2021 06 05 13   239   144 10131   220    57     4     0 -9999
2021 06 05 14   261   150 10128   230    41     4     0 -9999
2021 06 05 15   278   161 10124   220    57     4     0 -9999
2021 06 05 16   294   167 10119   230    77     4     0 -9999
2021 06 05 17   300   150 10116   220    88     4     0 -9999
2021 06 05 18   317   150 10112   210    57     4     0 -9999
2021 06 05 19   317   144 10107   230    67     4     0 -9999
2021 06 05 20   328   144 10105   220    72     4     0 -9999
2021 06 05 21   328   144 10101   240    67     4     0 -9999
2021 06 05 22   328   139 10099   200    82     4     0 -9999
2021 06 05 23   322   139 10097   210    67     4     0 -9999
2021 06 06 00   317   144 10098   220    57     2     0 -9999
2021 06 06 01   306   144 10103   220    41     2     0 -9999
2021 06 06 02   294   156 10105   210    36     2     0 -9999
2021 06 06 03   283   156 10112   210    36     2     0 -9999
2021 06 06 04   272   150 10117   210    31     2     0 -9999
2021 06 06 05   267   144 10119   220    51     2     0 -9999
2021 06 06 06   256   139 10116   220    57     0     0 -9999
2021 06 06 07   250   139 10117   220    57     0     0 -9999
2021 06 06 08   244   139 10119   220    57     0     0 -9999
2021 06 06 09   233   139 10121   220    46     0     0 -9999
2021 06 06 10   228   139 10127   210    36     2     0 -9999
2021 06 06 11   222   139 10134   220    41     2     0 -9999
2021 06 06 12   228   144 10140   220    31     2     0 -9999
2021 06 06 13   244   150 10141   230    41     2     0 -9999
2021 06 06 14   267   150 10139   220    41     2     0 -9999
2021 06 06 15   283   150 10136   200    41     4     0 -9999
2021 06 06 16   294   156 10132   190    62     4     0 -9999
2021 06 06 17   300   156 10128   190    67 -9999     0 -9999
2021 06 06 18   306   161 10121   170    57     6     0 -9999
2021 06 06 19   300   161 10116   210    72 -9999     0 -9999
2021 06 06 20   306   167 10112   180    82 -9999     0 -9999
2021 06 06 21   300   172 10113   170    82 -9999     0 -9999
2021 06 06 22   306   167 10109   190    77 -9999     0 -9999
2021 06 06 23   300   167 10105   200    62 -9999     0 -9999
2021 06 07 00   294   172 10105   190    46     6     0 -9999
2021 06 07 01   289   172 10107   190    36 -9999     0 -9999
2021 06 07 02   283   172 10107   190    41 -9999     0 -9999
2021 06 07 03   272   172 10114   180    31 -9999     0 -9999
2021 06 07 04   267   178 10118   170    31 -9999     0 -9999
2021 06 07 05   261   189 10119   190    51 -9999     0 -9999
2021 06 07 06   256   189 10118   200    46     6     0 -9999
2021 06 07 07   244   194 10119   200    46 -9999     0 -9999
2021 06 07 08   239   194 10121   200    46 -9999     0 -9999
2021 06 07 09   233   194 10122   190    46 -9999     0 -9999
2021 06 07 10   233   200 10125   190    41 -9999     0 -9999
2021 06 07 12   233   200 10132   200    41     8     0 -9999
2021 06 07 13   239   206 10135   200    36 -9999     0 -9999
2021 06 07 14   239   200 10136   210    31 -9999     0 -9999
2021 06 07 15   244   206 10136   180    36 -9999     0 -9999
2021 06 07 16   239   211 10139   210    41 -9999    -1 -9999
2021 06 07 17   239   211 10139   200    36 -9999    -1 -9999
2021 06 07 18   250   211 10136   220    36     8    -1    -1
2021 06 07 19   261   206 10132   200    26 -9999    -1 -9999
2021 06 07 20   267   206 10128   190    26 -9999    -1 -9999
2021 06 07 21   256   217 10127   180    31 -9999    -1 -9999
2021 06 07 22   250   217 10127   170    31 -9999    -1 -9999
2021 06 07 23   244   206 10125   190    31 -9999    -1 -9999
2021 06 08 00   239   206 10129   190    26     8    -1    -1
2021 06 08 01   233   206 10130   190    21 -9999    -1 -9999
2021 06 08 02   233   206 10131   170    21 -9999     0 -9999
2021 06 08 03   228   211 10136   210    21 -9999    -1 -9999
2021 06 08 04   228   206 10141   240    26 -9999     0 -9999
2021 06 08 05   222   206 10145   270    15 -9999     0 -9999
2021 06 08 06   222   200 10144     0     0     8     0    -1
2021 06 08 07   222   206 10141   120    15 -9999     0 -9999
2021 06 08 08   222   206 10144     0     0 -9999     0 -9999
2021 06 08 09   222   200 10144   200    15 -9999     0 -9999
2021 06 08 10   217   200 10145   210    15 -9999     0 -9999
2021 06 08 11   217   200 10151     0     0 -9999     0 -9999
2021 06 08 12   222   206 10157     0     0     6     0 -9999
2021 06 08 13   244   200 10160     0     0 -9999     0 -9999
2021 06 08 14   244   194 10165   180    15 -9999     0 -9999
2021 06 08 15   256   200 10164     0     0 -9999     0 -9999
2021 06 08 16   278   194 10165    70    26 -9999     0 -9999
2021 06 08 17   283   189 10163    70    36 -9999     0 -9999
2021 06 08 18   300   194 10160    80    31     6     0 -9999
2021 06 08 19   306   189 10153   120    31     4     0 -9999
2021 06 08 20   311   178 10147   130    26     4     0 -9999
2021 06 08 21   322   183 10143   170    36     4     0 -9999
2021 06 08 22   311   183 10140   210    41 -9999    -1 -9999
2021 06 08 23   289   206 10139    90    26 -9999     3 -9999
2021 06 09 00   283   200 10139    70    26     6    -1     3
2021 06 09 01   272   200 10140   100    26     4     0 -9999
2021 06 09 02   261   189 10144   100    41     4     0 -9999
2021 06 09 03   250   194 10156    90    26 -9999     0 -9999
2021 06 09 04   239   194 10158   120    15     2     0 -9999
2021 06 09 05   239   194 10158     0     0     4     0 -9999
2021 06 09 06   239   200 10156   210    15     2     0 -9999
2021 06 09 07   239   194 10157   220    21     2     0 -9999
2021 06 09 08   233   194 10155     0     0     4     0 -9999
2021 06 09 09   228   194 10153     0     0     2     0 -9999
2021 06 09 10   222   189 10151     0     0     2     0 -9999
2021 06 09 11   222   194 10157     0     0     2     0 -9999
2021 06 09 12   239   194 10165     0     0     2     0 -9999
2021 06 09 13   250   200 10172    10    15     4     0 -9999
2021 06 09 14   267   194 10174    20    21     4     0 -9999
2021 06 09 15   278   183 10175     0     0 -9999     0 -9999
2021 06 09 16   289   194 10173    80    26 -9999     0 -9999
2021 06 09 17   294   194 10169   110    36 -9999     0 -9999
2021 06 09 18   306   189 10166    80    46     4     0 -9999
2021 06 09 19   317   189 10156    90    46     4     0 -9999
2021 06 09 20   311   189 10155   100    41     2     0 -9999
2021 06 09 21   306   189 10151    80    41     2     0 -9999
2021 06 09 22   306   189 10146    70    51     2     0 -9999
2021 06 09 23   294   189 10143    70    46     2     0 -9999
2021 06 10 00   267   200 10151    50    46     2     0 -9999
2021 06 10 01   250   189 10150    80    51     2     0 -9999
2021 06 10 02   233   189 10153    50    41     2     0 -9999
2021 06 10 03   222   178 10161    40    31     2     0 -9999
2021 06 10 04   222   178 10165   340    15 -9999     0 -9999
2021 06 10 05   211   178 10158   360    15     2     0 -9999
2021 06 10 06   211   178 10154   360    15     4     0 -9999
2021 06 10 07   211   172 10147   350    26 -9999     0 -9999
2021 06 10 08   217   178 10144    50    31     2     0 -9999
2021 06 10 09   200   172 10141    40    31     2     0 -9999
2021 06 10 10   200   172 10141   360    26     2     0 -9999
2021 06 10 11   194   172 10144   350    15     2     0 -9999
2021 06 10 12   217   178 10146    10    15     2     0 -9999
2021 06 10 13   233   183 10145     0     0     2     0 -9999
2021 06 10 14   261   194 10143     0     0     2     0 -9999
2021 06 10 15   272   200 10141     0     0     2     0 -9999
2021 06 10 16   283   200 10139     0     0     4     0 -9999
2021 06 10 17   289   194 10136   100    21 -9999     0 -9999
2021 06 10 18   300   200 10132 -9999    26     4     0 -9999
2021 06 10 19   311   194 10128    60    46     2     0 -9999
2021 06 10 20   311   178 10120    80    46     2     0 -9999
2021 06 10 21   317   172 10111    70    46     2     0 -9999
2021 06 10 22   311   178 10112    70    41     2     0 -9999
2021 06 10 23   300   178 10109    90    51     2     0 -9999
2021 06 11 00   294   178 10108    90    46     2     0 -9999
2021 06 11 01   272   183 10107    90    36     2     0 -9999
2021 06 11 02   256   189 10107    90    31     2     0 -9999
2021 06 11 03   250   189 10110    80    26     2     0 -9999
2021 06 11 04   244   189 10112   100    21     0     0 -9999
2021 06 11 05   239   189 10110    90    21     0     0 -9999
2021 06 11 06   239   189 10114    80    15     0     0 -9999
2021 06 11 07   228   189 10106   100    21     2     0 -9999
2021 06 11 08   228   189 10100   100    26     2     0 -9999
2021 06 11 09   222   189 10097   100    21     0     0 -9999
2021 06 11 10   222   189 10098     0     0     2     0 -9999
2021 06 11 11   222   189 10099     0     0     2     0 -9999
2021 06 11 12   250   194 10098     0     0     2     0 -9999
2021 06 11 13   267   200 10099     0     0     2     0 -9999
2021 06 11 14   283   206 10102 -9999    21     4     0 -9999
2021 06 11 15   289   200 10103     0     0 -9999     0 -9999
2021 06 11 16   294   200 10102   280    21     2     0 -9999
2021 06 11 17   328   194 10100    10    41     4     0 -9999
2021 06 11 18   328   178 10097    10    31     4     0 -9999
2021 06 11 19   322   189 10093    90    26 -9999     0 -9999
2021 06 11 20   328   189 10086    80    36     4     0 -9999
2021 06 11 21   311   200 10081   220    36 -9999     0 -9999
2021 06 11 22   322   189 10088     0     0     4     0 -9999
2021 06 11 23   322   189 10084 -9999    15     4     0 -9999
2021 06 12 00   300   189 10088   280    31     4     0 -9999
2021 06 12 01   294   189 10083     0     0 -9999     0 -9999
2021 06 12 02   289   183 10068   150    36 -9999     0 -9999
2021 06 12 03   283   189 10096   280    21 -9999     0 -9999
2021 06 12 04   267   183 10103   270    26 -9999     0 -9999
2021 06 12 05   256   189 10106    60    36     4     0 -9999
2021 06 12 06   244   206 10107    70    21     6     0 -9999
2021 06 12 07   233   206 10103    60    31 -9999     0 -9999
2021 06 12 08   228   200 10097   100    21 -9999     0 -9999
2021 06 12 09   222   200 10099     0     0 -9999     0 -9999
2021 06 12 10   228   200 10094     0     0 -9999     0 -9999
2021 06 12 11   222   200 10099   310    15     4     0 -9999
2021 06 12 12   233   206 10103    20    21     4     0 -9999
2021 06 12 13   261   206 10101     0     0     4     0 -9999
2021 06 12 14   289   206 10103     0     0     4     0 -9999
2021 06 12 15   300   206 10103   280    15     0     0 -9999
2021 06 12 16   328   200 10102   270    31     2     0 -9999
2021 06 12 17   328   194 10101   330    15     4     0 -9999
2021 06 12 18   311   206 10099    60    41     6     0 -9999
2021 06 12 19   306   206 10084   100    62 -9999    -1 -9999
2021 06 12 20   211   183 10109   100    21 -9999   356 -9999
2021 06 12 21   239   211 10103   300    26 -9999    25 -9999
2021 06 12 22   267   228 10103   200    26     4     0 -9999
2021 06 12 23   278   189 10093   220    15     2     0 -9999
2021 06 13 00   289   200 10090   330    26     2     0   380
2021 06 13 01   278   206 10098   350    31     2     0 -9999
2021 06 13 02   267   200 10101   350    36     4     0 -9999
2021 06 13 03   261   200 10113    10    21     4     0 -9999
2021 06 13 04   256   183 10121    10    46 -9999     0 -9999
2021 06 13 05   239   189 10124    20    31 -9999     0 -9999
2021 06 13 06   239   189 10127    10    26     6     0 -9999
2021 06 13 07   222   172 10126   340    21     2     0 -9999
2021 06 13 08   217   128 10128   330    31     2     0 -9999
2021 06 13 09   211   117 10129   340    31     4     0 -9999
2021 06 13 10   194   122 10132   350    41     2     0 -9999
2021 06 13 11   194   122 10142   340    36     0     0 -9999
2021 06 13 12   206   139 10148   350    36     0     0 -9999
2021 06 13 13   222   167 10152   360    36     0     0 -9999
2021 06 13 14   244   172 10157   360    21     0     0 -9999
2021 06 13 15   267   167 10154   360    31     0     0 -9999
2021 06 13 16   278   133 10155    70    36     2     0 -9999
2021 06 13 17   283   106 10156 -9999    21     2     0 -9999
2021 06 13 18   283   111 10152   110    26     2     0 -9999
2021 06 13 19   289   111 10147 -9999    15     2     0 -9999
2021 06 13 20   300   117 10143 -9999    31     2     0 -9999
2021 06 13 21   300   106 10136    80    36     2     0 -9999
2021 06 13 22   294   111 10134   100    46     2     0 -9999
2021 06 13 23   289   100 10129    90    41     0     0 -9999
2021 06 14 00   283   100 10128   110    36     0     0 -9999
2021 06 14 01   267   100 10125   140    31     0     0 -9999
2021 06 14 02   250   100 10125   140    26     2     0 -9999
2021 06 14 03   239   100 10127   160    21     2     0 -9999
2021 06 14 04   239   100 10125   190    36     2     0 -9999
2021 06 14 05   233   106 10113   180    41     0     0 -9999
2021 06 14 06   233   117 10108   200    36     2     0 -9999
2021 06 14 07   228   122 10100   220    41     4     0 -9999
2021 06 14 08   228   128 10094   230    57     2     0 -9999
2021 06 14 09   239   117 10096   240    57     2     0 -9999
2021 06 14 10   222   122 10100   270    46     2     0 -9999
2021 06 14 11   194   144 10116   330    77     2     0 -9999
2021 06 14 12   183   139 10124   360    93     2     0 -9999
2021 06 14 13   200   139 10136    10    62     2     0 -9999
2021 06 14 14   217   128 10144    10    62     2     0 -9999
2021 06 14 15   228   117 10148    40    62     2     0 -9999
2021 06 14 16   239   117 10152    10    36     2     0 -9999
2021 06 14 17   261   122 10148   330    67     2     0 -9999
2021 06 14 18   270   110 10142    10    67     2     0 -9999
2021 06 14 19   278   106 10138   350    98     4     0 -9999
2021 06 14 20   261   122 10141    60    77     2     0 -9999
2021 06 14 21   261   117 10144    50    57     4     0 -9999
2021 06 14 22   261   100 10145    60    51     4     0 -9999
2021 06 14 23   256   100 10148    60    51 -9999     0 -9999
2021 06 15 00   233   117 10157    50    62     4     0 -9999
2021 06 15 01   228   100 10158    10    26     4     0 -9999
2021 06 15 02   222   100 10157    30    31     4     0 -9999
2021 06 15 03   217   106 10163   360    21     2     0 -9999
2021 06 15 04   211   111 10165   310    15     2     0 -9999
2021 06 15 05   200   117 10165   290    15     2     0 -9999
2021 06 15 06   189   122 10164   280    15     0     0 -9999
2021 06 15 07   183   122 10167     0     0     0     0 -9999
2021 06 15 08   178   122 10168   290    15     0     0 -9999
2021 06 15 09   172   122 10169   270    15     0     0 -9999
2021 06 15 10   172   122 10172     0     0     2     0 -9999
2021 06 15 11   172   122 10180   350    26     2     0 -9999
2021 06 15 12   189   128 10184    20    36     2     0 -9999
2021 06 15 13   206   133 10188    40    41     2     0 -9999
2021 06 15 14   222   133 10191    40    36     2     0 -9999
2021 06 15 15   233   117 10193    20    51     2     0 -9999
2021 06 15 16   233   111 10191    40    46     4     0 -9999
2021 06 15 17   244   117 10191    50    51 -9999     0 -9999
2021 06 15 18   250   106 10192    30    67     4     0 -9999
2021 06 15 19   233   106 10189    40    57 -9999     0 -9999
2021 06 15 20   244   111 10189    30    67     4     0 -9999
2021 06 15 21   244   117 10188    40    51     2     0 -9999
2021 06 15 22   233   106 10189    50    72     2     0 -9999
2021 06 15 23   228    89 10189    40    67     2     0 -9999
2021 06 16 00   217    67 10184    30    67     0     0 -9999
2021 06 16 01   206    56 10189    30    77     0     0 -9999
2021 06 16 02   194    56 10192    30    57     0     0 -9999
2021 06 16 03   172    72 10191    10    36     0     0 -9999
2021 06 16 04   167    83 10192    10    31     0     0 -9999
2021 06 16 05   172    89 10195    20    31     0     0 -9999
2021 06 16 06   150    94 10193   360    31     0     0 -9999
2021 06 16 07   167    94 10190    20    41     0     0 -9999
2021 06 16 08   144    94 10192   340    31     0     0 -9999
2021 06 16 09   144    94 10194   360    36     0     0 -9999
2021 06 16 10   150   100 10195    30    36     0     0 -9999
2021 06 16 11   156   106 10196    10    31     2     0 -9999
2021 06 16 12   167   106 10201    20    26     2     0 -9999
2021 06 16 13   183   106 10205    10    31     2     0 -9999
2021 06 16 14   200   106 10208    20    26     2     0 -9999
2021 06 16 15   217    78 10205 -9999    26     2     0 -9999
2021 06 16 16   228    67 10202    30    26     2     0 -9999
2021 06 16 17   233    39 10198    20    31     2     0 -9999
2021 06 16 18   233    39 10194    10    26     2     0 -9999
2021 06 16 19   239    33 10191    40    36     2     0 -9999
2021 06 16 20   244    22 10188    50    46     2     0 -9999
2021 06 16 21   239    50 10183    50    51     2     0 -9999
2021 06 16 22   233    44 10182    70    46     2     0 -9999
2021 06 16 23   228    28 10176    60    51     2     0 -9999
2021 06 17 00   222   -33 10174    50    46     2     0 -9999
2021 06 17 01   211    -6 10173    90    36     2     0 -9999
2021 06 17 02   194    17 10169   100    26     2     0 -9999
2021 06 17 03   189    50 10173    90    26     2     0 -9999
2021 06 17 04   178    72 10173   100    26     2     0 -9999
2021 06 17 05   178    78 10171     0     0     0     0 -9999
2021 06 17 06   167    83 10169     0     0     0     0 -9999
2021 06 17 07   161    83 10167     0     0     0     0 -9999
2021 06 17 08   156    89 10161     0     0     0     0 -9999
2021 06 17 09   150    94 10160     0     0     2     0 -9999
2021 06 17 10   144    94 10161   190    15     2     0 -9999
2021 06 17 11   150   100 10164     0     0     2     0 -9999
2021 06 17 12   172    89 10166   200    15     2     0 -9999
2021 06 17 13   206    44 10163   190    31     2     0 -9999
2021 06 17 14   233    56 10159   200    46 -9999     0 -9999
2021 06 17 15   244    61 10150   190    46 -9999     0 -9999
2021 06 17 16   267    83 10154   220    41 -9999     0 -9999
2021 06 17 17   278    89 10148   220    46     4     0 -9999
2021 06 17 18   283   100 10143   210    46     4     0 -9999
2021 06 17 19   267   150 10139   150    36 -9999    10 -9999
2021 06 17 20   300   122 10126   200    36     2     0 -9999
2021 06 17 21   311   122 10122   200    46     2     0 -9999
2021 06 17 22   311   122 10109   200    72     2     0 -9999
2021 06 17 23   306   122 10104   180    77     4     0 -9999
2021 06 18 00   300   122 10112   210    41     6     0    10
2021 06 18 01   294   122 10125   260    46 -9999     0 -9999
2021 06 18 02   289   128 10122   200    31 -9999     0 -9999
2021 06 18 03   283   133 10099   180    46 -9999     0 -9999
2021 06 18 04   278   144 10083   170    57 -9999     0 -9999
2021 06 18 05   278   144 10080   190    51 -9999     0 -9999
2021 06 18 06   272   150 10082   210    46     8     0 -9999
2021 06 18 07   272   156 10075   190    57 -9999     0 -9999
2021 06 18 08   267   161 10066   190    46 -9999     0 -9999
2021 06 18 09   267   172 10068   210    51 -9999     0 -9999
2021 06 18 10   200   183 -9999    20    93 -9999     7 -9999
2021 06 18 11   194   178 10101    70    31 -9999    13 -9999
2021 06 18 12   194   178 10089   150    62     6    13    50
2021 06 18 13   200   183 10064   160    57     4    -1 -9999
2021 06 18 14   222   194 10071   210    26     2     3 -9999
2021 06 18 15   256   211 10071   240    41     2     0 -9999
2021 06 18 16   278   217 10070   260    41     4     0 -9999
2021 06 18 17   283   217 10074   280    46 -9999     0 -9999
2021 06 18 18   289   217 10080   330    46     4     0     3
2021 06 18 19   294   206 10073   320    31     4     0 -9999
2021 06 18 20   311   189 10074    20    46     4     0 -9999
2021 06 18 21   317   178 10076   320    51 -9999     0 -9999
2021 06 18 22   317   139 10076   350    31 -9999     0 -9999
2021 06 18 23   311   133 10077   330    31 -9999     0 -9999
2021 06 19 00   306   128 10080   280    21     6     0 -9999
2021 06 19 01   300   133 10081   240    15 -9999     0 -9999
2021 06 19 02   283   144 10082   230    15 -9999     0 -9999
2021 06 19 03   261   150 10084   240    21 -9999     0 -9999
2021 06 19 04   250   144 10088   240    21     4     0 -9999
2021 06 19 05   239   150 10078     0     0     4     0 -9999
2021 06 19 06   228   156 10072     0     0     2     0 -9999
2021 06 19 07   228   161 10080     0     0 -9999     0 -9999
2021 06 19 08   233   167 10078     0     0 -9999     0 -9999
2021 06 19 09   233   167 10085   220    15 -9999     0 -9999
2021 06 19 10   239   172 10085   220    46 -9999     0 -9999
2021 06 19 11   228   189 10082   200    31 -9999     0 -9999
2021 06 19 12   228   183 10079   200    51     6     0 -9999
2021 06 19 13   233   183 10075   200    72 -9999     0 -9999
2021 06 19 14   239   183 10082   240    41 -9999     0 -9999
2021 06 19 15   256   183 10082   230    93     4     0 -9999
2021 06 19 16   261   178 10073   220    67     4     0 -9999
2021 06 19 17   272   189 10068   230    46     2     0 -9999
2021 06 19 18   289   183 10064   240    62     4     0 -9999
2021 06 19 19   294   189 10062   250    51     4     0 -9999
2021 06 19 20   300   189 10055   220    62     4     0 -9999
2021 06 19 21   311   183 10049   240    72     4     0 -9999
2021 06 19 22   317   161 10044   270    88     4     0 -9999
2021 06 19 23   272   183 10053    40    67     4     0 -9999
2021 06 20 00   261   161 10057    30    57     2     0 -9999
2021 06 20 01   239   161 10062    40    62     2     0 -9999
2021 06 20 02   217   167 10068    30    51     2     0 -9999
2021 06 20 03   200   167 10076    30    41     2     0 -9999
2021 06 20 04   189   161 10077    40    41     2     0 -9999
2021 06 20 05   189   161 10080    50    21     2     0 -9999
2021 06 20 06   189   156 10073    10    26     2     0 -9999
2021 06 20 07   172   150 10064   360    21     2     0 -9999
2021 06 20 08   178   150 10070   340    15     2     0 -9999
2021 06 20 09   172   150 10065    10    15     2     0 -9999
2021 06 20 10   178   150 10056     0     0     4     0 -9999
2021 06 20 11   183   150 10068     0     0 -9999     0 -9999
2021 06 20 12   194   161 10069    30    31     8     0 -9999
2021 06 20 13   206   167 10076   160    26 -9999     0 -9999
2021 06 20 14   228   172 10070     0     0 -9999     0 -9999
2021 06 20 15   239   172 10071 -9999    15 -9999     0 -9999
2021 06 20 16   244   178 10069   200    41 -9999     0 -9999
2021 06 20 17   261   178 10055   100    31 -9999     0 -9999
2021 06 20 18   267   178 10045   110    26     8     0 -9999
2021 06 20 19   272   206 10041   190    41 -9999     0 -9999
2021 06 20 20   272   200 10038   160    46 -9999    -1 -9999
2021 06 20 21   278   206 10028   190    31 -9999     0 -9999
2021 06 20 22   267   211 10028   240    31 -9999    -1 -9999
2021 06 20 23   272   217 10009   240    36 -9999    -1 -9999
2021 06 21 00   272   189 10006    40    26     6     0    -1
2021 06 21 01   272   183 10012   240    31 -9999     0 -9999
2021 06 21 02   267   183 10004 -9999    26 -9999     0 -9999
2021 06 21 03   228   206  9989   110    51 -9999     3 -9999
2021 06 21 04   200   189 -9999   320    82 -9999    20 -9999
2021 06 21 05   194   189  9969   100    31 -9999   439 -9999
2021 06 21 06   206   194  9985   200    51     8     5   470
2021 06 21 07   200   183  9982   240    51 -9999     0 -9999
2021 06 21 08   200   183  9975   260    72 -9999     0 -9999
2021 06 21 09   200   183  9982   270    46 -9999     0 -9999
2021 06 21 10   200   183  9995   270    51 -9999     0 -9999
2021 06 21 11   194   172 10005   280    57 -9999     0 -9999
2021 06 21 12   178   128 10023   320    67     8     0 -9999
2021 06 21 13   178   128 10037   320    62 -9999     0 -9999
2021 06 21 14   183   122 10053   320    46 -9999     0 -9999
2021 06 21 15   183   117 10065   290    46 -9999     0 -9999
2021 06 21 16   200   117 10072   300    67 -9999     0 -9999
2021 06 21 17   211   122 10075   300    51 -9999     0 -9999
2021 06 21 18   217   111 10072   310    62     8     0 -9999
2021 06 21 19   217    94 10071   300    67 -9999     0 -9999
2021 06 21 20   217    78 10073   310    62 -9999     0 -9999
2021 06 21 21   211    61 10078   330    82 -9999     0 -9999
2021 06 21 22   217    72 10093   320    77 -9999     0 -9999
2021 06 21 23   200    56 10097   340    57 -9999     0 -9999
2021 06 22 00   194    56 10104   320    82     6     0 -9999
2021 06 22 01   178    50 10112   320    62 -9999     0 -9999
2021 06 22 02   172    44 10118   340    36 -9999     0 -9999
2021 06 22 03   156    56 10130    40    51 -9999     0 -9999
2021 06 22 04   150   100 10137    60    31     4     0 -9999
2021 06 22 05   144    94 10139   110    31     2     0 -9999
2021 06 22 06   139    94 10139     0     0     2     0 -9999
2021 06 22 07   133   100 10137     0     0     0     0 -9999
2021 06 22 08   122    94 10133     0     0     0     0 -9999
2021 06 22 09   122    94 10134   230    26     0     0 -9999
2021 06 22 10   122    94 10138   230    26     2     0 -9999
2021 06 22 11   122    89 10144   230    36     2     0 -9999
2021 06 22 12   139    83 10148   240    26     2     0 -9999
2021 06 22 13   156    67 10155   250    31     2     0 -9999
2021 06 22 14   178    61 10156   260    41     2     0 -9999
2021 06 22 15   189    56 10158   240    51     4     0 -9999
2021 06 22 16   194    56 10160   270    67 -9999     0 -9999
2021 06 22 17   200    56 10157   240    67 -9999     0 -9999
2021 06 22 18   211    56 10151   250    36     4     0 -9999
2021 06 22 19   217    50 10145   290    51     4     0 -9999
2021 06 22 20   217    56 10142   270    46 -9999     0 -9999
2021 06 22 21   217    61 10139   280    46 -9999     0 -9999
2021 06 22 22   222    67 10137   260    46 -9999     0 -9999
2021 06 22 23   222    72 10136   240    57     4     0 -9999
2021 06 23 00   217    78 10138   240    31     6     0 -9999
2021 06 23 01   217    78 10139   210    21 -9999     0 -9999
2021 06 23 02   211    83 10139     0     0 -9999     0 -9999
2021 06 23 03   200    89 10148   170    26 -9999     0 -9999
2021 06 23 04   200    89 10151   170    21 -9999     0 -9999
2021 06 23 05   194   100 10151   170    26 -9999     0 -9999
2021 06 23 06   200    94 10146   180    51     6     0 -9999
2021 06 23 07   189   100 10146   180    41 -9999     0 -9999
2021 06 23 08   189   100 10144   200    46     4     0 -9999
2021 06 23 09   189   106 10147   210    41 -9999     0 -9999
2021 06 23 10   189   100 10149   200    51 -9999     0 -9999
2021 06 23 11   189   106 10157   200    36 -9999     0 -9999
2021 06 23 12   183   111 10164   220    62     8     0 -9999
2021 06 23 13   189   133 10168   220    72 -9999     0 -9999
2021 06 23 14   183   139 10170   220    62 -9999     0 -9999
2021 06 23 15   194   139 10170   220    67 -9999    -1 -9999
2021 06 23 16   189   139 10173   210    72 -9999    -1 -9999
2021 06 23 17   178   133 10169   200    57 -9999     5 -9999
2021 06 23 18   200   133 10164   190    62     8    -1     5
2021 06 23 19   211   128 10159   190    62 -9999    -1 -9999
2021 06 23 20   244   133 10155   200    62 -9999     0 -9999
2021 06 23 21   250   122 10150   190    98     4     0 -9999
2021 06 23 22   256   111 10148   200    98 -9999     0 -9999
2021 06 23 23   261   128 10144   190    77     4     0 -9999
2021 06 24 00   261   111 10143   200    88     2     0     0
2021 06 24 01   250   122 10144   180    77     2     0 -9999
2021 06 24 02   239   117 10148   180    82     2     0 -9999
2021 06 24 03   233   117 10153   190    57     2     0 -9999
2021 06 24 04   222   122 10154   190    62     2     0 -9999
2021 06 24 05   222   117 10157   190    51 -9999     0 -9999
2021 06 24 06   222   111 10156   200    62     4     0 -9999
2021 06 24 07   211   117 10152   190    62     2     0 -9999
2021 06 24 08   206   117 10144   190    57     2     0 -9999
2021 06 24 09   200   117 10146   190    41     4     0 -9999
2021 06 24 10   200   122 10149   190    41 -9999     0 -9999
2021 06 24 11   200   128 10144   190    46 -9999     0 -9999
2021 06 24 12   206   128 10143   190    46     6     0 -9999
2021 06 24 13   206   133 10139   190    62 -9999     0 -9999
2021 06 24 14   211   139 10138   200    51 -9999     0 -9999
2021 06 24 15   233   144 10141   200    62 -9999     0 -9999
2021 06 24 16   239   156 10134   210    46 -9999     0 -9999
2021 06 24 17   244   161 10129   200    77 -9999     0 -9999
2021 06 24 18   239   178 10143   220    46     8     0 -9999
2021 06 24 19   211   194 -9999   220    41 -9999    53 -9999
2021 06 24 20   206   189 10153   250    21 -9999    58 -9999
2021 06 24 21   217   200 10153   170    36 -9999    -1 -9999
2021 06 24 22   217   200 10143   130    36 -9999    -1 -9999
2021 06 24 23   211   200 10134   150    62 -9999     5 -9999
2021 06 25 00   217   206 10138   180    41     8    -1    80
2021 06 25 01   217   200 10135   180    57 -9999     0 -9999
2021 06 25 02   217   200 10134   180    41 -9999     0 -9999
2021 06 25 03   217   200 10142   190    46 -9999     0 -9999
2021 06 25 04   217   200 10144   190    46 -9999     0 -9999
2021 06 25 05   211   200 10139   170    26 -9999     0 -9999
2021 06 25 06   211   200 10131   170    31     8     0 -9999
2021 06 25 07   217   200 10123   190    41 -9999     0 -9999
2021 06 25 08   217   200 10121   170    46 -9999    -1 -9999
2021 06 25 09   211   200 10110   150    21 -9999   104 -9999
2021 06 25 10   211   206 -9999   150    31 -9999     7 -9999
2021 06 25 11   217   206 10106   150    51 -9999    30 -9999
2021 06 25 12   211   206 10104   150    57     8    10   260
2021 06 25 13   217   206 -9999   160    72 -9999     2 -9999
2021 06 25 14   217   206 10100   200    77 -9999    30 -9999
2021 06 25 15   217   211 10098   230    57 -9999     5 -9999
2021 06 25 16   222   211 10103   230    57 -9999    -1 -9999
2021 06 25 17   233   211 10103   230    67 -9999     0 -9999
2021 06 25 18   239   217 10096   230    57     8     0    70
2021 06 25 19   233   211 10106   220    51 -9999     0 -9999
2021 06 25 20   233   211 10110   210    36 -9999    -1 -9999
2021 06 25 21   244   217 10110   230    31 -9999    -1 -9999
2021 06 25 22   244   211 10112   210    46 -9999    -1 -9999
2021 06 25 23   244   211 -9999   210    31 -9999     0 -9999
2021 06 26 00   244   206 10102   220    21     6    -1    -1
2021 06 26 01   244   211 10099   220    15     4    -1 -9999
2021 06 26 02   239   211 10096   140    15     4    -1 -9999
2021 06 26 03   239   217 10106   140    21 -9999    -1 -9999
2021 06 26 04   239   217 10101    90    26 -9999    -1 -9999
2021 06 26 05   239   217 10101   110    26 -9999     0 -9999
2021 06 26 06   233   217 10100   170    41     8     0    -1
2021 06 26 07   228   211 -9999   210    46 -9999    15 -9999
2021 06 26 08   222   211 10098   220    46 -9999    25 -9999
2021 06 26 09   222   211 10094   200    41 -9999    -1 -9999
2021 06 26 10   217   206 10088   200    26 -9999     0 -9999
2021 06 26 11   217   206 10086   170    31 -9999     0 -9999
2021 06 26 12   222   206 10090   180    31     8     0    40
2021 06 26 13   222   211 -9999   200    51 -9999     2 -9999
2021 06 26 14   228   211 10093   200    46 -9999     3 -9999
2021 06 26 15   233   217 10086   180    36 -9999     0 -9999
2021 06 26 16   244   228 10078   190    57 -9999    -1 -9999
2021 06 26 17   239   228 -9999   240    21 -9999     2 -9999
2021 06 26 18   228   217 10084   260    36     8    23   120
2021 06 26 19   256   222 10081   220    36 -9999     0 -9999
2021 06 26 20   272   228 10075   230    41 -9999     0 -9999
2021 06 26 21   278   217 10071   230    72 -9999     0 -9999
2021 06 26 22   278   206 10073   210    72     4     0 -9999
2021 06 26 23   261   211 10071   200    57     4     0 -9999
2021 06 27 00   244   228 10070   200    46     6    -1     0
2021 06 27 01   244   222 10072   200    62     4     0 -9999
2021 06 27 02   239   222 10080   200    57     4     0 -9999
2021 06 27 03   233   222 -9999   200    62 -9999     0 -9999
2021 06 27 04   239   222 10091   210    41 -9999     0 -9999
2021 06 27 05   239   217 10091   200    51     4     0 -9999
2021 06 27 06   239   217 10091   210    57     2     0 -9999
2021 06 27 07   239   211 10085   210    62     4     0 -9999
2021 06 27 08   233   211 10085   210    62 -9999     0 -9999
2021 06 27 09   233   211 10085   200    51 -9999     0 -9999
2021 06 27 10   233   211 10088   220    62 -9999     0 -9999
2021 06 27 11   233   211 10096   220    57 -9999     0 -9999
2021 06 27 12   233   211 10103   220    51     6     0 -9999
2021 06 27 13   239   206 10106   230    67 -9999     0 -9999
2021 06 27 14   250   206 10112   230    67 -9999     0 -9999
2021 06 27 15   256   200 10117   240    67 -9999     0 -9999
2021 06 27 16   250   194 10124   230    88 -9999     0 -9999
2021 06 27 17   244   189 10134   230    72 -9999     0 -9999
2021 06 27 18   250   194 10137   240    72     6    -1    -1
2021 06 27 19   267   189 10137   250    67 -9999     0 -9999
2021 06 27 20   272   189 10134   240    51     4     0 -9999
2021 06 27 21   278   200 10137   270    31     4     0 -9999
2021 06 27 22   278   194 10141   300    57     4     0 -9999
2021 06 27 23   267   183 10142   260    51     4     0 -9999
2021 06 28 00   261   183 10148   320    31     4     0 -9999
2021 06 28 01   261   189 10152   350    36     4     0 -9999
2021 06 28 02   222   172 10164    80    36     4     0 -9999
2021 06 28 03   206   167 10175    80    36     4     0 -9999
2021 06 28 04   200   161 10176   100    41 -9999     0 -9999
2021 06 28 05   200   161 10176    90    31     4     0 -9999
2021 06 28 06   206   167 10180   100    26     6     0 -9999
2021 06 28 07   206   167 10181   100    26 -9999    -1 -9999
2021 06 28 08   200   167 10183   100    26 -9999    -1 -9999
2021 06 28 09   194   167 10177    70    31 -9999    -1 -9999
2021 06 28 10   189   167 10180    90    36 -9999     0 -9999
2021 06 28 11   194   178 10183   100    36 -9999     0 -9999
2021 06 28 12   194   178 10188   120    31     8     0    -1
2021 06 28 13   200   178 10197    10    36 -9999     0 -9999
2021 06 28 14   206   178 10200    20    36 -9999     0 -9999
2021 06 28 15   211   183 10199    90    31 -9999     0 -9999
2021 06 28 16   222   183 10202   110    21 -9999     0 -9999
2021 06 28 17   233   189 10201     0     0 -9999     0 -9999
2021 06 28 18   250   206 10199    20    15     8     0 -9999
2021 06 28 19   278   217 10192   320    15 -9999     0 -9999
2021 06 28 20   250   217 10186    40    21 -9999     8 -9999
2021 06 28 21   244   217 10196   110    41 -9999     3 -9999
2021 06 28 22   239   222 10190   190    26 -9999    33 -9999
2021 06 28 23   261   228 10189   150    46 -9999     0 -9999
2021 06 29 00   256   217 10183   170    21     6     0    40
2021 06 29 01   250   222 10187   180    26 -9999     0 -9999
2021 06 29 02   244   222 10192     0     0 -9999    -1 -9999
2021 06 29 03   239   222 10198     0     0 -9999    -1 -9999
2021 06 29 04   233   222 10205   180    21 -9999    -1 -9999
2021 06 29 05   233   217 10206   200    36 -9999     0 -9999
2021 06 29 06   228   211 10203   230    31     6     0    -1
2021 06 29 07   228   206 10196   210    31 -9999     0 -9999
2021 06 29 08   222   211 10201   210    31 -9999     0 -9999
2021 06 29 09   222   211 10198   200    21 -9999     0 -9999
2021 06 29 10   222   211 10199     0     0 -9999     0 -9999
2021 06 29 11   222   211 10204   180    26 -9999     0 -9999
2021 06 29 12   233   217 10210   200    36     8    -1     0
2021 06 29 13   228   222 10212   190    36 -9999    28 -9999
2021 06 29 14   239   228 10212   190    31 -9999    -1 -9999
2021 06 29 15   228   217 10219   230    31 -9999    15 -9999
2021 06 29 16   228   217 10210   190    36 -9999    30 -9999
2021 06 29 17   244   228 10206   200    36 -9999     0 -9999
2021 06 29 18   267   222 10203   230    41     6     0    70
2021 06 29 19   283   222 10200   240    51 -9999     0 -9999
2021 06 29 20   283   206 10193   250    57 -9999     0 -9999
2021 06 29 21   289   206 10189   270    57 -9999     0 -9999
2021 06 29 22   283   211 10187   230    41 -9999     0 -9999
2021 06 29 23   283   211 10184   240    36 -9999     0 -9999
2021 06 30 00   278   211 10184   260    36     8     0 -9999
2021 06 30 01   267   189 10191   290    51 -9999     0 -9999
2021 06 30 02   261   200 10190   290    26 -9999     0 -9999
2021 06 30 03   250   206 10200   260    15 -9999     0 -9999
2021 06 30 04   244   206 10197   240    21 -9999     0 -9999
2021 06 30 05   244   206 10197   210    21 -9999     0 -9999
2021 06 30 06   239   200 10194   250    15     8    -1    -1
2021 06 30 07   233   206 10190   230    26 -9999    -1 -9999
2021 06 30 08   228   200 10184   250    21 -9999     0 -9999
2021 06 30 09   228   200 10179   260    26 -9999     0 -9999
2021 06 30 10   228   200 10178   270    31 -9999     0 -9999
2021 06 30 11   228   200 10180   270    26 -9999     0 -9999
2021 06 30 12   228   206 10181   260    26     6     0    -1
2021 06 30 13   233   206 10186   260    26 -9999     0 -9999
2021 06 30 14   239   211 10189   220    21 -9999     0 -9999
2021 06 30 15   256   211 10187   250    15 -9999     0 -9999
2021 06 30 16   261   211 10182 -9999    15 -9999     0 -9999
2021 06 30 17   261   200 10179   260    15 -9999    -1 -9999
2021 06 30 18   256   211 10178   270    31     8     3     3
2021 06 30 19   244   206 10174   270    21 -9999    -1 -9999
2021 06 30 20   267   211 10169   240    31 -9999     0 -9999
2021 06 30 21   283   206 10160     0     0 -9999     0 -9999
2021 06 30 22   283   194 10157   180    31 -9999     0 -9999
2021 06 30 23   217   200 10156   340    36 -9999    64 -9999
2021 07 01 00   233   211 10157   140    46     6     8    70
2021 07 01 01   233   206 10156   210    26 -9999     0 -9999
2021 07 01 02   222   200 10154   230    21 -9999     0 -9999
2021 07 01 03   222   200 10155   210    15 -9999     0 -9999
2021 07 01 04   217   200 10151     0     0 -9999     0 -9999
2021 07 01 05   222   206 10152     0     0 -9999     0 -9999
2021 07 01 06   211   189 10154    30    77     8     0 -9999
2021 07 01 07   206   172 10150     0     0 -9999     0 -9999
2021 07 01 08   194   178 10141   240    21 -9999     0 -9999
2021 07 01 09   200   178 10142    10    26 -9999     0 -9999
2021 07 01 10   189   172 10148    20    57     4     0 -9999
2021 07 01 11   189   178 10157    20    62 -9999     0 -9999
2021 07 01 12   200   178 10157    10    46     4     0 -9999
2021 07 01 13   211   161 10161    30    57     2     0 -9999
2021 07 01 14   211   167 10166    30    67     2     0 -9999
2021 07 01 15   222   172 10168    20    72     2     0 -9999
2021 07 01 16   228   167 10173    40    72     2     0 -9999
2021 07 01 17   239   139 10171    30    82     2     0 -9999
2021 07 01 18   239   144 10170    40    72     2     0 -9999
2021 07 01 19   239   128 10173    30    88     2     0 -9999
2021 07 01 20   239   122 10172    40    93     0     0 -9999
2021 07 01 21   233   122 10171    20    93     0     0 -9999
2021 07 01 22   222   122 10171    30    82     0     0 -9999
2021 07 01 23   211   128 10174    40    88     0     0 -9999
2021 07 02 00   200   133 10176    30    72     0     0 -9999
2021 07 02 01   189   128 10178    30    62     2     0 -9999
2021 07 02 02   178   122 10177    20    62     2     0 -9999
2021 07 02 03   167   128 10179    20    51     4     0 -9999
2021 07 02 04   161   122 10180    10    46     2     0 -9999
2021 07 02 05   150   122 10179    10    41     2     0 -9999
2021 07 02 06   150   122 10180   350    41     2     0 -9999
2021 07 02 07   144   117 10180   360    36 -9999     0 -9999
2021 07 02 08   144   122 10180   360    36 -9999     0 -9999
2021 07 02 09   139   117 10179   350    36 -9999     0 -9999
2021 07 02 10   139   117 10182   350    36 -9999     0 -9999
2021 07 02 11   144   122 10188   340    21 -9999     0 -9999
2021 07 02 12   161   133 10190    10    26     4     0 -9999
2021 07 02 13   178   139 10195    10    41     4     0 -9999
2021 07 02 14   194   144 10197    20    26 -9999     0 -9999
2021 07 02 15   200   144 10199    20    51 -9999     0 -9999
2021 07 02 16   206   144 10199    40    36 -9999     0 -9999
2021 07 02 17   211   139 10200   340    26 -9999     0 -9999
2021 07 02 18   217   117 10195    30    41     6     0 -9999
2021 07 02 19   222   117 10189    40    46 -9999     0 -9999
2021 07 02 20   222   111 10188    30    21 -9999     0 -9999
2021 07 02 21   222   111 10185    60    41 -9999     0 -9999
2021 07 02 22   222   117 10180    40    36 -9999     0 -9999
2021 07 02 23   222   117 10179    30    36 -9999     0 -9999
2021 07 03 00   217   100 10177    60    26     4     0 -9999
2021 07 03 01   200    83 10177    40    26     4     0 -9999
2021 07 03 02   189    94 10171    30    21     2     0 -9999
2021 07 03 03   183   111 10174    60    15     2     0 -9999
2021 07 03 04   167   111 10174    20    15     2     0 -9999
2021 07 03 05   172   117 10174     0     0     2     0 -9999
2021 07 03 06   161   117 10176   230    15     2     0 -9999
2021 07 03 07   156   117 10175     0     0     2     0 -9999
2021 07 03 08   150   117 10175   270    15     2     0 -9999
2021 07 03 09   150   111 10174   260    26     0     0 -9999
2021 07 03 10   156   100 10175   270    36     2     0 -9999
2021 07 03 11   156   111 10176   260    36     4     0 -9999
2021 07 03 12   172   117 10180   260    36     4     0 -9999
2021 07 03 13   189   122 10177   260    46     4     0 -9999
2021 07 03 14   211   133 10175   290    31     4     0 -9999
2021 07 03 15   233   133 10167   290    46     4     0 -9999
2021 07 03 16   250   139 10162   300    36     0     0 -9999
2021 07 03 17   267   156 10157   310    51     0     0 -9999
2021 07 03 18   278   161 10150   320    62     0     0 -9999
2021 07 03 19   283   161 10143   270    46     0     0 -9999
2021 07 03 20   294   161 10140   290    46     0     0 -9999
2021 07 03 21   294   167 10137   300    51     0     0 -9999
2021 07 03 22   294   167 10133   270    46     0     0 -9999
2021 07 03 23   294   172 10131   300    57     0     0 -9999
2021 07 04 00   289   172 10130   290    51     0     0 -9999
2021 07 04 01   278   178 10131   270    51     2     0 -9999
2021 07 04 02   267   178 10132   260    41     2     0 -9999
2021 07 04 03   256   178 10134   270    46     2     0 -9999
2021 07 04 04   244   183 10134   260    36     2     0 -9999
2021 07 04 05   239   183 10131   260    36     2     0 -9999
2021 07 04 06   233   178 10130   270    31     4     0 -9999
2021 07 04 07   228   178 10134   260    21     4     0 -9999
2021 07 04 08   222   172 10135   270    21     4     0 -9999
2021 07 04 09   217   172 10136   260    15     4     0 -9999
2021 07 04 10   211   167 10134     0     0     4     0 -9999
2021 07 04 11   211   172 10138   260    26     2     0 -9999
2021 07 04 12   217   178 10139   200    15     2     0 -9999
2021 07 04 13   233   183 10139   290    15     2     0 -9999
2021 07 04 14   250   183 10146   290    36     2     0 -9999
2021 07 04 15   267   189 10144   290    41     2     0 -9999
2021 07 04 16   283   183 10142   310    21     2     0 -9999
2021 07 04 17   289   189 10141   250    21 -9999     0 -9999
2021 07 04 18   300   172 10139   240    41     6     0 -9999
2021 07 04 19   306   183 10133   240    41 -9999     0 -9999
2021 07 04 20   311   178 10129   240    31     4     0 -9999
2021 07 04 21   311   178 10129   230    46     4     0 -9999
2021 07 04 22   306   183 10129   260    51     4     0 -9999
2021 07 04 23   306   194 10128   260    57     4     0 -9999
2021 07 05 00   300   206 10130   230    51     4     0 -9999
2021 07 05 01   283   200 10131   240    31     4     0 -9999
2021 07 05 02   278   200 10131   220    41     4     0 -9999
2021 07 05 03   272   206 10136   220    26     4     0 -9999
2021 07 05 04   267   200 10134   230    41     4     0 -9999
2021 07 05 05   261   194 10137   250    46     4     0 -9999
2021 07 05 06   250   200 10137   250    41     4     0 -9999
2021 07 05 07   244   200 10136   240    57     2     0 -9999
2021 07 05 08   239   200 10135   240    46     2     0 -9999
2021 07 05 09   233   194 10135   230    51     2     0 -9999
2021 07 05 10   233   194 10137   250    41     0     0 -9999
2021 07 05 11   228   194 10137   240    41     4     0 -9999
2021 07 05 12   233   194 10144   250    36     2     0 -9999
2021 07 05 13   250   194 10144   250    41     2     0 -9999
2021 07 05 14   261   200 10146   260    46     2     0 -9999
2021 07 05 15   278   206 10148   260    62     2     0 -9999
2021 07 05 16   289   206 10146   270    67     0     0 -9999
2021 07 05 17   300   206 10145   250    41     2     0 -9999
2021 07 05 18   311   200 10145   240    67     2     0 -9999
2021 07 05 19   322   189 10141   240    72     2     0 -9999
2021 07 05 20   322   194 10141   240    67     2     0 -9999
2021 07 05 21   322   200 10139   230    93     2     0 -9999
2021 07 05 22   317   194 10138   250    88     2     0 -9999
2021 07 05 23   311   194 10136   230    67     2     0 -9999
2021 07 06 00   306   200 10142   240    67     2     0 -9999
2021 07 06 01   300   206 10140   230    41     2     0 -9999
2021 07 06 02   289   206 10142   220    46     2     0 -9999
2021 07 06 03   283   206 10143   230    57     4     0 -9999
2021 07 06 04   278   206 10148   230    57     4     0 -9999
2021 07 06 05   267   206 10151   230    36     4     0 -9999
2021 07 06 06   261   211 10152   230    36     2     0 -9999
2021 07 06 07   256   206 10154   230    36 -9999     0 -9999
2021 07 06 08   261   206 10154   240    62 -9999     0 -9999
2021 07 06 09   256   200 10157   250    46 -9999     0 -9999
2021 07 06 10   256   200 10157   240    57 -9999     0 -9999
2021 07 06 11   250   200 10162   260    51 -9999     0 -9999
2021 07 06 12   256   200 10161   240    41     4     0 -9999
2021 07 06 13   261   200 10161   250    46     4     0 -9999
2021 07 06 14   278   194 10161   250    46     2     0 -9999
2021 07 06 15   289   200 10162   280    51     2     0 -9999
2021 07 06 16   300   194 10161   270    57     4     0 -9999
2021 07 06 17   311   194 10158   230    57     2     0 -9999
2021 07 06 18   311   200 10154   250    46     4     0 -9999
2021 07 06 19   317   200 10152   240    46     4     0 -9999
2021 07 06 20   322   172 10147   260    51     4     0 -9999
2021 07 06 21   322   167 10143   240    41     4     0 -9999
2021 07 06 22   317   183 10136   220    41     4     0 -9999
2021 07 06 23   306   200 10132   210    67     4     0 -9999
2021 07 07 00   294   200 10134   230    46     4     0 -9999
2021 07 07 01   294   194 10139   250    46     4     0 -9999
2021 07 07 02   283   200 10142   220    36 -9999     0 -9999
2021 07 07 03   278   206 10146   220    26 -9999     0 -9999
2021 07 07 04   267   206 10141   220    26 -9999     0 -9999
2021 07 07 05   261   206 10139   230    31 -9999     0 -9999
2021 07 07 06   250   206 10137   220    31     6     0 -9999
2021 07 07 07   244   206 10136   230    31 -9999     0 -9999
2021 07 07 08   244   200 10136   230    31 -9999     0 -9999
2021 07 07 09   239   200 10134   220    31 -9999     0 -9999
2021 07 07 10   233   200 10130   230    26 -9999     0 -9999
2021 07 07 11   228   200 10131   220    26 -9999     0 -9999
2021 07 07 12   239   206 10133   220    36     8     0 -9999
2021 07 07 13   250   206 10132   230    31 -9999     0 -9999
2021 07 07 14   267   206 10131   220    41 -9999     0 -9999
2021 07 07 15   278   206 10127   240    31 -9999     0 -9999
2021 07 07 16   289   206 10124   240    36 -9999     0 -9999
2021 07 07 17   300   183 10119   270    51 -9999     0 -9999
2021 07 07 18   311   172 10108   250    51     6     0 -9999
2021 07 07 19   300   183 10109   290    41 -9999     0 -9999
2021 07 07 20   306   183 10104   250    41 -9999     0 -9999
2021 07 07 21   306   178 10101   300    41 -9999     0 -9999
2021 07 07 22   256   194 10106    20    67 -9999     0 -9999
2021 07 07 23   244   194 10103    40    46 -9999     0 -9999
2021 07 08 00   239   189 10106    80    36     6     0 -9999
2021 07 08 01   211   183 10115    30    62 -9999    -1 -9999
2021 07 08 02   206   183 10114    50    41 -9999    -1 -9999
2021 07 08 03   206   178 10116    80    26 -9999    -1 -9999
2021 07 08 04   200   178 10119    10    46 -9999     0 -9999
2021 07 08 05   194   178 10111    50    36 -9999    -1 -9999
2021 07 08 06   194   172 10108    30    41     8    -1    -1
2021 07 08 07   189   172 10108    30    46 -9999     0 -9999
2021 07 08 08   183   167 10109    40    46 -9999     0 -9999
2021 07 08 09   178   161 10113    30    36 -9999     0 -9999
2021 07 08 10   172   161 10115   360    36 -9999     0 -9999
2021 07 08 11   178   156 10113    30    36 -9999     0 -9999
2021 07 08 12   178   144 10118    20    46     8     0 -9999
2021 07 08 13   178   150 10121    10    31 -9999     0 -9999
2021 07 08 14   183   156 10128   360    26 -9999     0 -9999
2021 07 08 15   183   150 10131    10    31 -9999     0 -9999
2021 07 08 16   194   156 10130   350    26 -9999     0 -9999
2021 07 08 17   200   150 10130 -9999    15 -9999     0 -9999
2021 07 08 18   194   156 10139   340    41     8     0 -9999
2021 07 08 19   194   156 10137   320    36 -9999     0 -9999
2021 07 08 20   194   150 10140   340    36 -9999     0 -9999
2021 07 08 21   194   144 10140   350    36 -9999     0 -9999
2021 07 08 22   194   144 10138    10    36 -9999     0 -9999
2021 07 08 23   189   144 10137    40    41 -9999     0 -9999
2021 07 09 00   178   144 10145    40    46     8     0 -9999
2021 07 09 01   178   139 10145    50    41 -9999     0 -9999
2021 07 09 02   178   139 10148    30    36 -9999     0 -9999
2021 07 09 03   172   139 10157   350    46 -9999     0 -9999
2021 07 09 04   172   133 10155   350    31 -9999     0 -9999
2021 07 09 05   167   133 10156   310    26     2     0 -9999
2021 07 09 06   161   133 10157   290    21     0     0 -9999
2021 07 09 07   156   128 10155   300    21     0     0 -9999
2021 07 09 08   156   133 10157   300    21     0     0 -9999
2021 07 09 09   150   128 10159   310    26     2     0 -9999
2021 07 09 10   150   122 10159   320    21     2     0 -9999
2021 07 09 11   150   128 10166   320    15     4     0 -9999
2021 07 09 12   167   133 10183   310    36     6     0 -9999
2021 07 09 13   194   133 10180   340    41 -9999     0 -9999
2021 07 09 14   200   122 10182    10    57 -9999     0 -9999
2021 07 09 15   211   111 10180    30    57 -9999     0 -9999
2021 07 09 16   222   122 10182    30    31 -9999     0 -9999
2021 07 09 17   217   122 10180    90    26 -9999     0 -9999
2021 07 09 18   222   111 10179    60    46     6     0 -9999
2021 07 09 19   233   100 10176    60    51 -9999     0 -9999
2021 07 09 20   233    89 10178    70    36 -9999     0 -9999
2021 07 09 21   239    94 10181    90    36 -9999     0 -9999
2021 07 09 22   244    83 10180    60    36     4     0 -9999
2021 07 09 23   239    83 10175    60    36     4     0 -9999
2021 07 10 00   233    72 10177   100    31     4     0 -9999
2021 07 10 01   222    89 10178   100    36     4     0 -9999
2021 07 10 02   211    94 10176   100    41     4     0 -9999
2021 07 10 03   206   100 10181   100    31     4     0 -9999
2021 07 10 04   194   106 10174   100    31     4     0 -9999
2021 07 10 05   189   111 10172   100    26     2     0 -9999
2021 07 10 06   189   128 10161    90    26     4     0 -9999
2021 07 10 07   178   128 10158   110    36     2     0 -9999
2021 07 10 08   178   133 10167     0     0     2     0 -9999
2021 07 10 09   178   139 10157    70    31 -9999     0 -9999
2021 07 10 10   178   150 10158    90    21 -9999     0 -9999
2021 07 10 11   183   156 10160    90    21 -9999     0 -9999
2021 07 10 12   189   161 10158    80    31     6     0 -9999
2021 07 10 13   206   167 10160    80    31 -9999     0 -9999
2021 07 10 14   222   161 10155   110    51 -9999     0 -9999
2021 07 10 15   228   167 10153   110    46 -9999     0 -9999
2021 07 10 16   233   167 10152   130    36 -9999     0 -9999
2021 07 10 17   239   161 10145    90    57 -9999     0 -9999
2021 07 10 18   233   167 10146    90    31     8     0 -9999
2021 07 10 19   222   167 10141    80    67 -9999     0 -9999
2021 07 10 20   222   167 10137   100    67 -9999     0 -9999
2021 07 10 21   217   178 10135    90    51 -9999    -1 -9999
2021 07 10 22   217   178 10132    70    51 -9999     3 -9999
2021 07 10 23   217   178 10129    70    57 -9999    -1 -9999
2021 07 11 00   217   178 10126    60    46     8    -1     3
2021 07 11 01   200   183 10127    70    41 -9999    10 -9999
2021 07 11 02   200   183 10123    60    51 -9999     8 -9999
2021 07 11 03   200   183 10125    60    51 -9999     5 -9999
2021 07 11 04   200   183 10127    60    57 -9999    -1 -9999
2021 07 11 05   200   183 10123    60    57 -9999     3 -9999
2021 07 11 06   194   178 10122    60    67     8    -1    30
2021 07 11 07   189   178 10119    60    57 -9999    10 -9999
2021 07 11 08   189   178 10117    60    51 -9999    -1 -9999
2021 07 11 09   189   178 10117    60    67 -9999     0 -9999
2021 07 11 10   189   172 10116    70    51 -9999     0 -9999
2021 07 11 11   194   172 10117    50    51 -9999     0 -9999
2021 07 11 12   194   167 10120    60    62     8    -1    10
2021 07 11 13   200   172 10127    60    51 -9999    -1 -9999
2021 07 11 14   194   172 10129    60    67 -9999     5 -9999
2021 07 11 15   200   172 10132    60    72 -9999     3 -9999
2021 07 11 16   200   172 10137    70    67 -9999    -1 -9999
2021 07 11 17   194   167 10141    50    62 -9999    -1 -9999
2021 07 11 18   200   172 10144    30    62     8    -1     8
2021 07 11 19   194   172 10145    30    57 -9999     5 -9999
2021 07 11 20   200   161 10146    40    72 -9999    -1 -9999
2021 07 11 21   206   167 10147    50    57 -9999    -1 -9999
2021 07 11 22   217   167 10143    50    72 -9999     0 -9999
2021 07 11 23   206   161 10145    50    77 -9999     0 -9999
2021 07 12 00   200   161 10147    40    72     8     0     5
2021 07 12 01   200   161 10148    50    57 -9999     0 -9999
2021 07 12 02   200   161 10152    50    62 -9999     0 -9999
2021 07 12 03   200   161 10157    50    57 -9999     0 -9999
2021 07 12 04   200   161 10160    60    46 -9999     0 -9999
2021 07 12 05   200   167 10159    60    31 -9999     0 -9999
2021 07 12 06   200   167 10158    40    36     8     0 -9999
2021 07 12 07   200   167 10158    50    36 -9999     0 -9999
2021 07 12 08   206   167 10155    60    31 -9999     0 -9999
2021 07 12 09   200   172 10156    80    46 -9999     0 -9999
2021 07 12 10   200   172 10155    80    36 -9999     0 -9999
2021 07 12 11   194   178 10158    80    36 -9999     0 -9999
2021 07 12 12   200   178 10159    70    41     8     0 -9999
2021 07 12 13   206   178 10163    70    31 -9999     0 -9999
2021 07 12 14   206   178 10165    90    41 -9999     0 -9999
2021 07 12 15   211   178 10165    60    41 -9999     0 -9999
2021 07 12 16   217   183 10168    70    41 -9999     0 -9999
2021 07 12 17   217   183 10170    60    36 -9999     0 -9999
2021 07 12 18   233   189 10166    80    41     8     0 -9999
2021 07 12 19   228   183 10163    70    41 -9999     0 -9999
2021 07 12 20   233   189 10164    80    26 -9999     0 -9999
2021 07 12 21   228   189 10156    70    36 -9999     0 -9999
2021 07 12 22   222   189 10155    50    41 -9999    -1 -9999
2021 07 12 23   222   189 10155    40    46 -9999     0 -9999
2021 07 13 00   217   183 10155    40    41     8     0    -1
2021 07 13 01   217   189 10155    30    41 -9999     0 -9999
2021 07 13 02   211   189 10153    30    46 -9999     0 -9999
2021 07 13 03   200   183 10155    40    41 -9999     0 -9999
2021 07 13 04   206   189 10155    60    26 -9999    -1 -9999
2021 07 13 05   206   189 10154    30    36 -9999    -1 -9999
2021 07 13 06   200   194 10148    10    21     8    10    10
2021 07 13 07   200   194 10149   340    21 -9999    -1 -9999
2021 07 13 08   200   194 10147     0     0 -9999    -1 -9999
2021 07 13 09   200   194 10144     0     0 -9999    -1 -9999
2021 07 13 10   206   200 10144   180    15 -9999     0 -9999
2021 07 13 11   200   194 10146     0     0 -9999     0 -9999
2021 07 13 12   206   200 10150   260    15     8     0    -1
2021 07 13 13   206   194 10156   310    21 -9999     0 -9999
2021 07 13 14   211   200 10158   320    26 -9999    -1 -9999
2021 07 13 15   217   194 10160   320    36 -9999     0 -9999
2021 07 13 16   211   194 10161   310    36 -9999     0 -9999
2021 07 13 17   222   200 10164   310    31 -9999     0 -9999
2021 07 13 18   228   194 10164   280    36     8     0     0
2021 07 13 19   244   189 10164   320    31     4     0 -9999
2021 07 13 20   250   189 10163   270    26 -9999     0 -9999
2021 07 13 21   261   189 10163   280    41 -9999     0 -9999
2021 07 13 22   261   189 10163   240    36 -9999     0 -9999
2021 07 13 23   261   183 10162   260    36 -9999     0 -9999
2021 07 14 00   261   189 10163   250    31     6     0 -9999
2021 07 14 01   256   189 10167   240    31     4     0 -9999
2021 07 14 02   244   194 10170   220    21     4     0 -9999
2021 07 14 03   239   194 10177   220    21 -9999     0 -9999
2021 07 14 04   228   189 10178   230    26     4     0 -9999
2021 07 14 05   222   189 10182   220    21     2     0 -9999
2021 07 14 06   217   189 10184   220    31     6     0 -9999
2021 07 14 07   217   189 10187   240    26     4     0 -9999
2021 07 14 08   211   189 10188   250    31     2     0 -9999
2021 07 14 09   211   189 10191   240    31     4     0 -9999
2021 07 14 10   206   189 10190   220    26     2     0 -9999
2021 07 14 11   206   189 10189   210    26     4     0 -9999
2021 07 14 12   211   194 10190   210    36     4     0 -9999
2021 07 14 13   228   194 10196   240    31     4     0 -9999
2021 07 14 14   244   200 10198   240    36     2     0 -9999
2021 07 14 15   261   200 10195   210    41     2     0 -9999
2021 07 14 16   272   189 10190   220    41     2     0 -9999
2021 07 14 17   283   183 10187   210    41     4     0 -9999
2021 07 14 18   289   178 10187   210    57     4     0 -9999
2021 07 14 19   289   183 10178   210    41     4     0 -9999
2021 07 14 20   289   194 10180   180    67 -9999     0 -9999
2021 07 14 21   278   194 10178   200    51 -9999     0 -9999
2021 07 14 22   267   206 10177   210    31 -9999    -1 -9999
2021 07 14 23   272   211 10167   170    46 -9999    -1 -9999
2021 07 15 00   267   211 10155   180    51     6     0    -1
2021 07 15 01   261   211 10151   180    57 -9999     0 -9999
2021 07 15 02   261   211 10146   180    62 -9999     0 -9999
2021 07 15 03   261   206 10149   200    67 -9999     0 -9999
2021 07 15 04   256   206 10144   200    51 -9999     0 -9999
2021 07 15 05   256   206 10142   200    57 -9999     0 -9999
2021 07 15 06   256   206 10137   190    77     8     0 -9999
2021 07 15 07   256   206 10135   210    82 -9999     0 -9999
2021 07 15 08   256   200 10133   240    67 -9999     0 -9999
2021 07 15 09   228   211 10123   220    46 -9999    20 -9999
2021 07 15 10   217   200 10125   230    77 -9999    -1 -9999
2021 07 15 11   211   194 10130   250    57 -9999     8 -9999
2021 07 15 12   206   189 10132   230    41     8     3    30
2021 07 15 13   211   194 10137   260    51 -9999     0 -9999
2021 07 15 14   222   194 10143   260    57 -9999    -1 -9999
2021 07 15 15   228   200 10143   250    51 -9999    -1 -9999
2021 07 15 16   233   200 10146   260    41 -9999     0 -9999
2021 07 15 17   228   200 10149   260    31 -9999     3 -9999
2021 07 15 18   228   206 10148   240    51     8    -1     3
2021 07 15 19   239   206 10143   230    36 -9999     0 -9999
2021 07 15 20   250   206 10142   230    36 -9999     0 -9999
2021 07 15 21   250   206 10143   290    31 -9999    -1 -9999
2021 07 15 22   256   189 10144   260    36 -9999     0 -9999
2021 07 15 23   256   194 10137    40    41 -9999     0 -9999
2021 07 16 00   233   200 10143    60    46     8     0     0
2021 07 16 01   217   189 10146    60    36 -9999    -1 -9999
2021 07 16 02   211   189 10145    90    41 -9999     3 -9999
2021 07 16 03   206   189 10149    70    36 -9999    23 -9999
2021 07 16 04   189   183 10152    10    26 -9999   122 -9999
2021 07 16 05   189   183 10155    90    31 -9999    91 -9999
2021 07 16 06   189   183 10152    30    31     8    13   250
2021 07 16 07   189   178 10148    60    41 -9999    10 -9999
2021 07 16 08   189   178 10147    70    31 -9999     0 -9999
2021 07 16 09   189   178 10147    30    46 -9999     0 -9999
2021 07 16 10   183   178 10149    50    41 -9999     0 -9999
2021 07 16 11   183   178 10151    40    31 -9999    -1 -9999
2021 07 16 12   189   178 10153    30    36     8    -1    10
2021 07 16 13   194   189 10154    50    36 -9999     0 -9999
2021 07 16 14   200   189 10154    50    46 -9999     0 -9999
2021 07 16 15   206   183 10157    30    57 -9999     0 -9999
2021 07 16 16   211   183 10159    30    51 -9999     0 -9999
2021 07 16 17   222   189 10157    20    57 -9999     0 -9999
2021 07 16 18   222   183 10158    20    57     8     0 -9999
2021 07 16 19   217   183 10157    20    67 -9999     0 -9999
2021 07 16 20   222   178 10159    20    67 -9999     0 -9999
2021 07 16 21   228   167 10157    30    77 -9999     0 -9999
2021 07 16 22   222   156 10155    30    67 -9999     0 -9999
2021 07 16 23   217   144 10152    30    67 -9999     0 -9999
2021 07 17 00   211   122 10151    20    67     8     0 -9999
2021 07 17 01   211   133 10152    20    67 -9999     0 -9999
2021 07 17 02   194   167 10156   360    57 -9999     0 -9999
2021 07 17 03   200   178 10158    10    51 -9999    -1 -9999
2021 07 17 04   200   178 10158    10    46 -9999    -1 -9999
2021 07 17 05   206   172 10156    10    51 -9999     0 -9999
2021 07 17 06   200   172 10155    20    41     8     0    -1
2021 07 17 07   200   172 10155    30    41 -9999     0 -9999
2021 07 17 08   200   172 10158    20    41 -9999     0 -9999
2021 07 17 09   200   178 10160    20    36 -9999     0 -9999
2021 07 17 10   189   172 10164   350    31 -9999     0 -9999
2021 07 17 11   183   167 10173   340    31 -9999     0 -9999
2021 07 17 12   183   172 10180   350    36     2     0 -9999
2021 07 17 13   200   178 10183   350    41     2     0 -9999
2021 07 17 14   217   178 10188    20    41     4     0 -9999
2021 07 17 15   233   178 -9999    20    62 -9999     0 -9999
2021 07 17 16   239   167 -9999    30    77 -9999     0 -9999
2021 07 17 17   239   178 10196    40    82     4     0 -9999
2021 07 17 18   239   172 10197    20    67     4     0 -9999
2021 07 17 19   244   172 10199    30    67     2     0 -9999
2021 07 17 20   239   183 10201    50    67     4     0 -9999
2021 07 17 21   239   178 10202    20    51     4     0 -9999
2021 07 17 22   244   178 10201    20    46     2     0 -9999
2021 07 17 23   239   161 10198    60    46 -9999     0 -9999
2021 07 18 00   228   167 10197    20    46     6     0 -9999
2021 07 18 01   222   161 -9999    30    57 -9999     0 -9999
2021 07 18 02   217   156 10204    40    62 -9999     0 -9999
2021 07 18 03   211   156 10211    40    57 -9999     0 -9999
2021 07 18 04   206   156 10214    30    41     4     0 -9999
2021 07 18 05   206   156 10215    30    26 -9999     0 -9999
2021 07 18 06   200   161 10214    30    31     2     0 -9999
2021 07 18 07   194   156 10214    20    21     2     0 -9999
2021 07 18 08   183   161 10214   350    31     2     0 -9999
2021 07 18 09   178   156 10215   360    31     2     0 -9999
2021 07 18 10   178   161 10218   360    31     4     0 -9999
2021 07 18 11   183   167 10225   360    31     4     0 -9999
2021 07 18 12   194   172 10227    20    26     2     0 -9999
2021 07 18 13   217   183 10230    20    36     2     0 -9999
2021 07 18 14   233   183 10228    60    36     2     0 -9999
2021 07 18 15   250   183 10227    80    31     2     0 -9999
2021 07 18 16   261   172 10227    90    41     2     0 -9999
2021 07 18 17   267   167 10226    80    36     2     0 -9999
2021 07 18 18   272   172 10225    80    36     2     0 -9999
2021 07 18 19   272   183 10219    70    51     2     0 -9999
2021 07 18 20   272   178 10218    50    46     2     0 -9999
2021 07 18 21   267   167 10216    50    46     2     0 -9999
2021 07 18 22   267   167 10215    40    51     0     0 -9999
2021 07 18 23   250   156 10213    40    57     0     0 -9999
2021 07 19 00   244   150 10214    50    46     0     0 -9999
2021 07 19 01   233   150 10216    50    46     0     0 -9999
2021 07 19 02   222   156 10217    50    46     0     0 -9999
2021 07 19 03   217   156 10221    60    41     0     0 -9999
2021 07 19 04   211   161 10222    50    26     0     0 -9999
2021 07 19 05   206   167 10220     0     0     0     0 -9999
2021 07 19 06   206   172 10218    30    26     0     0 -9999
2021 07 19 07   189   167 10216   350    26     0     0 -9999
2021 07 19 08   183   167 10213   350    21     0     0 -9999
2021 07 19 09   178   161 10213    10    21     0     0 -9999
2021 07 19 10   178   167 10213   360    21     0     0 -9999
2021 07 19 11   178   161 10217   360    21     2     0 -9999
2021 07 19 12   189   167 10220   350    21     0     0 -9999
2021 07 19 13   206   172 10223   340    15     0     0 -9999
2021 07 19 14   228   178 10224    20    26     0     0 -9999
2021 07 19 15   250   189 10220 -9999    15     0     0 -9999
2021 07 19 16   267   194 10219    20    15     2     0 -9999
2021 07 19 17   278   183 10214    20    21     4     0 -9999
2021 07 19 18   278   183 10210   350    31     4     0 -9999
2021 07 19 19   283   183 10208    20    41     4     0 -9999
2021 07 19 20   283   178 10208    60    26     4     0 -9999
2021 07 19 21   278   178 10205    90    46     2     0 -9999
2021 07 19 22   272   172 10199   110    41     2     0 -9999
2021 07 19 23   267   167 10196    90    36     2     0 -9999
2021 07 20 00   261   161 10191   100    31     2     0 -9999
2021 07 20 01   256   156 10191    90    21     2     0 -9999
2021 07 20 02   244   156 10192    80    21     0     0 -9999
2021 07 20 03   233   156 10198   110    21     0     0 -9999
2021 07 20 04   228   167 10193   170    15     0     0 -9999
2021 07 20 05   217   161 10191     0     0     0     0 -9999
2021 07 20 06   211   161 10188   220    15     0     0 -9999
2021 07 20 07   206   161 10188   240    26     0     0 -9999
2021 07 20 08   200   161 10188   270    31     0     0 -9999
2021 07 20 09   200   167 10186   260    31     0     0 -9999
2021 07 20 10   200   167 10185   270    31     0     0 -9999
2021 07 20 11   200   167 10186   280    21     4     0 -9999
2021 07 20 12   211   161 10186   290    26     6     0 -9999
2021 07 20 13   222   167 10188   290    26     4     0 -9999
2021 07 20 14   244   178 10184   270    21     2     0 -9999
2021 07 20 15   267   178 10182   320    41     0     0 -9999
2021 07 20 16   272   178 10179   280    31     2     0 -9999
2021 07 20 17   283   178 10176   290    36     4     0 -9999
2021 07 20 18   289   172 10170   280    41     4     0 -9999
2021 07 20 19   300   183 10166   290    46     4     0 -9999
2021 07 20 20   306   183 10160   290    51 -9999     0 -9999
2021 07 20 21   306   189 10156   330    57 -9999     0 -9999
2021 07 20 22   278   189 10160    40    67 -9999     0 -9999
2021 07 20 23   256   194 10168    30    82 -9999     0 -9999
2021 07 21 00   239   183 10170    60    57     6     0 -9999
2021 07 21 01   228   178 10173    30    57 -9999     0 -9999
2021 07 21 02   217   178 10176    40    51     4     0 -9999
2021 07 21 03   206   172 10181    30    46     0     0 -9999
2021 07 21 04   206   172 10184    40    51     0     0 -9999
2021 07 21 05   200   167 10183    30    36     0     0 -9999
2021 07 21 06   194   167 10181    30    46     0     0 -9999
2021 07 21 07   194   167 10180    30    57 -9999     0 -9999
2021 07 21 08   194   167 10182    40    57 -9999     0 -9999
2021 07 21 09   189   161 10183    30    51 -9999     0 -9999
2021 07 21 10   189   156 10187    20    41     2     0 -9999
2021 07 21 11   183   156 10193    20    41 -9999     0 -9999
2021 07 21 12   189   156 10198    20    41     8     0 -9999
2021 07 21 13   194   156 10203    50    51 -9999     0 -9999
2021 07 21 14   206   161 10206    60    46 -9999     0 -9999
2021 07 21 15   211   167 10209    30    57 -9999     0 -9999
2021 07 21 16   206   167 10212    40    41 -9999     0 -9999
2021 07 21 17   217   167 10212    50    46 -9999     0 -9999
2021 07 21 18   222   167 10210    60    31     8     0 -9999
2021 07 21 19   228   167 10206    10    31 -9999     0 -9999
2021 07 21 20   228   167 10206    30    36 -9999     0 -9999
2021 07 21 21   233   167 10206    10    36 -9999     0 -9999
2021 07 21 22   233   161 10201    50    41 -9999     0 -9999
2021 07 21 23   222   167 10201    60    41 -9999     0 -9999
2021 07 22 00   222   161 10203    60    31     4     0 -9999
2021 07 22 01   206   161 10208    30    41     2     0 -9999
2021 07 22 02   194   167 10209    60    36     4     0 -9999
2021 07 22 03   194   167 10210    90    21 -9999     0 -9999
2021 07 22 04   194   167 10212    70    26 -9999     0 -9999
2021 07 22 05   189   167 10212    80    26     4     0 -9999
2021 07 22 06   189   167 10215    60    26     2     0 -9999
2021 07 22 07   183   161 10215   100    21     2     0 -9999
2021 07 22 08   183   161 10215     0     0 -9999     0 -9999
2021 07 22 09   178   161 10215     0     0 -9999     0 -9999
2021 07 22 10   183   161 10215     0     0 -9999     0 -9999
2021 07 22 11   189   167 10218     0     0 -9999     0 -9999
2021 07 22 12   200   172 10219     0     0     8     0 -9999
2021 07 22 13   206   178 10220   150    15 -9999     0 -9999
2021 07 22 14   222   178 10221 -9999    15 -9999     0 -9999
2021 07 22 15   233   178 10220   230    21 -9999     0 -9999
2021 07 22 16   244   183 10220     0     0 -9999     0 -9999
2021 07 22 17   261   194 10216   200    21 -9999     0 -9999
2021 07 22 18   272   206 10208   220    31     6     0 -9999
2021 07 22 19   283   206 10202   230    31 -9999     0 -9999
2021 07 22 20   289   211 10200     0     0 -9999     0 -9999
2021 07 22 21   294   211 10197   250    15 -9999     0 -9999
2021 07 22 22   278   200 10196   100    51 -9999     0 -9999
2021 07 22 23   283   206 10193   120    41 -9999     0 -9999
2021 07 23 00   278   206 10191   130    36     6     0 -9999
2021 07 23 01   267   206 10191   120    31 -9999     0 -9999
2021 07 23 02   261   206 10191   140    26 -9999     0 -9999
2021 07 23 03   267   211 10192   170    26 -9999     0 -9999
2021 07 23 04   261   217 10194   180    31 -9999     0 -9999
2021 07 23 05   256   222 10196   190    36 -9999     0 -9999
2021 07 23 06   250   222 10195   190    26     6     0 -9999
2021 07 23 07   250   222 10190   210    36 -9999     0 -9999
2021 07 23 08   250   222 10188   210    36 -9999    -1 -9999
2021 07 23 09   244   222 10188   210    26 -9999    -1 -9999
2021 07 23 10   239   217 10185   220    26 -9999     0 -9999
2021 07 23 11   233   217 10193   240    15     4     0 -9999
2021 07 23 12   239   217 10195   230    36     6     0     0
2021 07 23 13   244   217 10193   240    41 -9999     0 -9999
2021 07 23 14   261   217 10195   250    46 -9999     0 -9999
2021 07 23 15   278   211 10194   250    41     4     0 -9999
2021 07 23 16   294   206 10188   260    31     2     0 -9999
2021 07 23 17   300   200 10182   230    26     4     0 -9999
2021 07 23 18   311   194 10178   260    41     6     0 -9999
2021 07 23 19   306   183 10174   240    41 -9999     0 -9999
2021 07 23 20   317   194 10169   240    51 -9999     0 -9999
2021 07 23 21   311   194 10167   240    41 -9999     0 -9999
2021 07 23 22   283   211 10165   100    26 -9999     0 -9999
2021 07 23 23   272   217 10159   110    41     4     0 -9999
2021 07 24 00   300   211 10156   230    31     4     0 -9999
2021 07 24 01   294   206 10151   210    36     2     0 -9999
2021 07 24 02   283   206 10153   220    31     0     0 -9999
2021 07 24 03   278   217 10155   210    21     0     0 -9999
2021 07 24 04   272   217 10155   200    21     0     0 -9999
2021 07 24 05   261   217 10149   210    26     0     0 -9999
2021 07 24 06   261   217 10143   220    46     2     0 -9999
2021 07 24 07   256   217 10143   220    36     0     0 -9999
2021 07 24 08   250   217 10142   220    36     0     0 -9999
2021 07 24 09   244   217 10138   220    31     2     0 -9999
2021 07 24 10   244   217 10135   220    36     2     0 -9999
2021 07 24 11   239   217 10132   210    46 -9999     0 -9999
2021 07 24 12   239   217 10135   230    46     2     0 -9999
2021 07 24 13   250   222 10133   240    41     4     0 -9999
2021 07 24 14   267   222 10132   220    46     4     0 -9999
2021 07 24 15   283   217 10127   230    62     4     0 -9999
2021 07 24 16   300   222 10119   250    62 -9999     0 -9999
2021 07 24 17   306   222 10113   240    46 -9999     0 -9999
2021 07 24 18   317   228 10108   230    67     6     0 -9999
2021 07 24 19   322   222 10101   240    62 -9999     0 -9999
2021 07 24 20   328   217 10094   230    82     4     0 -9999
2021 07 24 21   328   222 10090   220    82     4     0 -9999
2021 07 24 22   267   228 -9999   160    36     4    30 -9999
2021 07 24 23   278   233 10091   150    21     4    -1 -9999
2021 07 25 00   289   239 10090   240    21     4    -1    30
2021 07 25 01   289   244 10089   260    15     2     0 -9999
2021 07 25 02   283   222 10092   290    26     2     0 -9999
2021 07 25 03   278   217 10105   320    26     2     0 -9999
2021 07 25 04   261   211 10115    30    26     2     0 -9999
2021 07 25 05   250   211 10115   350    15     2     0 -9999
2021 07 25 06   239   211 10116   360    15     2     0 -9999
2021 07 25 07   233   211 10118     0     0     2     0 -9999
2021 07 25 08   228   211 10122   270    21     2     0 -9999
2021 07 25 09   233   211 10123   270    21     2     0 -9999
2021 07 25 10   233   211 10126   310    15     2     0 -9999
2021 07 25 11   228   206 10132   260    21     2     0 -9999
2021 07 25 12   233   206 10135   290    15     4     0 -9999
2021 07 25 13   250   200 10136   310    15     2     0 -9999
2021 07 25 14   272   189 10138   290    15     2     0 -9999
2021 07 25 15   283   172 10139   350    36     0     0 -9999
2021 07 25 16   306   139 10140   320    41     2     0 -9999
2021 07 25 17   311   111 10142    10    31     2     0 -9999
2021 07 25 18   311   100 10138 -9999    26     6     0 -9999
2021 07 25 19   322   122 10135   360    41 -9999     0 -9999
2021 07 25 20   322   111 10132   310    46 -9999     0 -9999
2021 07 25 21   322   100 10129 -9999    21 -9999     0 -9999
2021 07 25 22   317   133 10126   310    26 -9999     0 -9999
2021 07 25 23   306   133 10127   270    31 -9999     0 -9999
2021 07 26 00   294   139 10122   280    21     6     0 -9999
2021 07 26 01   289   150 10126   250    31 -9999     0 -9999
2021 07 26 02   272   161 10129   260    31 -9999     0 -9999
2021 07 26 03   267   167 10137   260    31 -9999     0 -9999
2021 07 26 04   256   172 10140   280    21 -9999     0 -9999
2021 07 26 05   239   172 10142   300    26 -9999     0 -9999
2021 07 26 06   239   167 10144   300    26     6     0 -9999
2021 07 26 07   228   156 10146   310    26     2     0 -9999
2021 07 26 08   222   156 10145   300    21     2     0 -9999
2021 07 26 09   217   156 10148   300    26     2     0 -9999
2021 07 26 10   211   150 10152   290    21     2     0 -9999
2021 07 26 11   211   150 10156     0     0     2     0 -9999
2021 07 26 12   222   161 10160     0     0     2     0 -9999
2021 07 26 13   250   161 10163   320    21     2     0 -9999
2021 07 26 14   272   161 10165   350    21     2     0 -9999
2021 07 26 15   294   150 10165     0     0     2     0 -9999
2021 07 26 16   306   117 10165 -9999    15     2     0 -9999
2021 07 26 17   317   111 10166 -9999    21     2     0 -9999
2021 07 26 18   328   106 10164     0     0     2     0 -9999
2021 07 26 19   333   111 10161     0     0     2     0 -9999
2021 07 26 20   339   117 10159   100    26     2     0 -9999
2021 07 26 21   339   117 10155   300    26     2     0 -9999
2021 07 26 22   339   117 10152   330    21     2     0 -9999
2021 07 26 23   328   128 10149   290    31     2     0 -9999
2021 07 27 00   317   156 10150   310    36     0     0 -9999
2021 07 27 01   306   156 10150   280    15     2     0 -9999
2021 07 27 02   289   172 10151   220    21     2     0 -9999
2021 07 27 03   272   178 10155   210    26     2     0 -9999
2021 07 27 04   267   172 10157   220    21     2     0 -9999
2021 07 27 05   256   178 10166   230    26     2     0 -9999
2021 07 27 06   250   183 10166   260    26     2     0 -9999
2021 07 27 07   244   183 10164   250    26     0     0 -9999
2021 07 27 08   239   183 10159   240    26     2     0 -9999
2021 07 27 09   228   178 10158     0     0     4     0 -9999
2021 07 27 10   228   183 10165     0     0     4     0 -9999
2021 07 27 11   222   183 10166   200    15     4     0 -9999
2021 07 27 12   228   183 10171   240    15     4     0 -9999
2021 07 27 13   239   183 10177   220    15     4     0 -9999
2021 07 27 14   261   183 10183   360    67     4     0 -9999
2021 07 27 15   261   167 10182 -9999    26     4     0 -9999
2021 07 27 16   272   167 10190    20    31     4     0 -9999
2021 07 27 17   278   167 10176   150    26 -9999     0 -9999
2021 07 27 18   278   172 10155   210    51     4     0 -9999
2021 07 27 19   289   178 10154   230    51     4     0 -9999
2021 07 27 20   300   167 10150   200    72 -9999     0 -9999
2021 07 27 21   300   178 10155   250    46 -9999     0 -9999
2021 07 27 22   300   189 10155   260    41     4     0 -9999
2021 07 27 23   300   189 10155   270    46     2     0 -9999
2021 07 28 00   289   194 10151   250    46     2     0 -9999
2021 07 28 01   283   194 10154   250    26     2     0 -9999
2021 07 28 02   272   200 10155   240    21     2     0 -9999
2021 07 28 03   267   200 10160   260    15     0     0 -9999
2021 07 28 04   256   206 10161   240    21     2     0 -9999
2021 07 28 05   261   206 10163   250    21 -9999     0 -9999
2021 07 28 06   256   206 10162   220    31     4     0 -9999
2021 07 28 07   250   206 10163   240    26 -9999     0 -9999
2021 07 28 08   250   206 10157   200    26 -9999     0 -9999
2021 07 28 09   250   206 10162   240    26 -9999     0 -9999
2021 07 28 10   239   217 10180   330   108 -9999    33 -9999
2021 07 28 11   211   194 10164   200    41 -9999    20 -9999
2021 07 28 12   228   217 10166   140    21     4     0    50
2021 07 28 13   244   222 10168   260    21     4     0 -9999
2021 07 28 14   267   222 10169   250    36     4     0 -9999
2021 07 28 15   278   222 10171   240    31     4     0 -9999
2021 07 28 16   294   222 10168   240    36     4     0 -9999
2021 07 28 17   294   217 10166   270    46     4     0 -9999
2021 07 28 18   300   222 10159   250    46     4     0 -9999
2021 07 28 19   311   228 10152   240    41     4     0 -9999
2021 07 28 20   306   233 10144   230    36 -9999     0 -9999
2021 07 28 21   306   233 10143   270    36 -9999     0 -9999
2021 07 28 22   306   233 10142   230    41 -9999     0 -9999
2021 07 28 23   311   228 10140   240    41 -9999     0 -9999
2021 07 29 00   300   233 10130   220    31     6     0 -9999
2021 07 29 01   289   233 10137   260    41     4     0 -9999
2021 07 29 02   283   239 10134 -9999    15 -9999     0 -9999
2021 07 29 03   278   244 10127   210    31     2     0 -9999
2021 07 29 04   278   250 10129   220    26     4     0 -9999
2021 07 29 05   278   244 10120   210    41 -9999     0 -9999
2021 07 29 06   272   250 10127   220    21     8     0 -9999
2021 07 29 07   272   250 10132   250    26 -9999     0 -9999
2021 07 29 08   261   233 -9999   330   149 -9999    -1 -9999
2021 07 29 09   222   189 10126   210    72 -9999    43 -9999
2021 07 29 10   239   172 10108   240    67 -9999    -1 -9999
2021 07 29 11   233   183 10098   230    77 -9999    -1 -9999
2021 07 29 12   239   183 10095   240    36     8     0    40
2021 07 29 13   244   206 10103   300    46 -9999     0 -9999
2021 07 29 14   278   217 10108   260    57 -9999     0 -9999
2021 07 29 15   289   211 10113   270    67     4     0 -9999
2021 07 29 16   300   222 10118   290    77 -9999     0 -9999
2021 07 29 17   294   228 10118   310    67 -9999     0 -9999
2021 07 29 18   311   233 10117   340    62     6     0 -9999
2021 07 29 19   306   228 10120   330    51 -9999     0 -9999
2021 07 29 20   294   222 10123    60    67 -9999     0 -9999
2021 07 29 21   283   211 10131    60    51     2     0 -9999
2021 07 29 22   278   206 10135    40    62     2     0 -9999
2021 07 29 23   261   200 10139    30    82     2     0 -9999
2021 07 30 00   250   194 10147    30    88     2     0 -9999
2021 07 30 01   233   189 10149    30    82     2     0 -9999
2021 07 30 02   228   172 10152    30    82     0     0 -9999
2021 07 30 03   222   167 10157    20    57     2     0 -9999
2021 07 30 04   217   167 10160    30    51     2     0 -9999
2021 07 30 05   217   172 10172    10    41     4     0 -9999
2021 07 30 06   206   178 10177    30    46     4     0 -9999
2021 07 30 07   206   172 10179    30    67     4     0 -9999
2021 07 30 08   206   156 10183    30    62     4     0 -9999
2021 07 30 09   200   139 10185    40    77     2     0 -9999
2021 07 30 10   194   139 10191    30    51     2     0 -9999
2021 07 30 11   189   139 10193    30    62     2     0 -9999
2021 07 30 12   189   133 10197    30    77     4     0 -9999
2021 07 30 13   200   139 10199    30    82     4     0 -9999
2021 07 30 14   200   133 10208    20    88     4     0 -9999
2021 07 30 15   211   128 10213    10    62     4     0 -9999
2021 07 30 16   217   128 10219    50    46     4     0 -9999
2021 07 30 17   228   122 10219    30    46     4     0 -9999
2021 07 30 18   228   128 10213    30    51     4     0 -9999
2021 07 30 19   222   128 10208    30    57 -9999     0 -9999
2021 07 30 20   211   128 10199    40    46 -9999     0 -9999
2021 07 30 21   211   133 10199    30    41 -9999     0 -9999
2021 07 30 22   211   133 10201    30    46 -9999     0 -9999
2021 07 30 23   206   128 10204    30    31 -9999     0 -9999
2021 07 31 00   200   128 10204    30    26     8     0 -9999
2021 07 31 01   194   133 10197    60    31 -9999    -1 -9999
2021 07 31 02   189   133 10196    60    36 -9999    -1 -9999
2021 07 31 03   194   128 10200    40    36 -9999    -1 -9999
2021 07 31 04   189   133 10196    60    36 -9999     0 -9999
2021 07 31 05   183   133 10193    40    26 -9999     0 -9999
2021 07 31 06   189   133 10192     0     0     8     0    -1
2021 07 31 07   183   133 10188     0     0 -9999     0 -9999
2021 07 31 08   183   139 10183     0     0 -9999     0 -9999
2021 07 31 09   172   139 10178     0     0 -9999     0 -9999
2021 07 31 10   167   139 10175     0     0     4     0 -9999
2021 07 31 11   167   133 10175     0     0     2     0 -9999
2021 07 31 12   167   144 10176     0     0     4     0 -9999
2021 07 31 13   194   144 10174   260    15     4     0 -9999
2021 07 31 14   200   139 10173 -9999    15 -9999     0 -9999
2021 07 31 15   222   144 10171   240    31     0     0 -9999
2021 07 31 16   228   139 10174   260    26     4     0 -9999
2021 07 31 17   233   133 10167   250    21     4     0 -9999
2021 07 31 18   239   139 10161   260    36     4     0 -9999
2021 07 31 19   250   139 10152   260    41     4     0 -9999
2021 07 31 20   256   150 10147   260    26 -9999     0 -9999
2021 07 31 21   261   144 10140   260    36     4     0 -9999
2021 07 31 22   261   150 10138   260    36     4     0 -9999
2021 07 31 23   261   150 10135   280    62     4     0 -9999
2021 08 01 00   256   156 10137   270    46     4     0 -9999
2021 08 01 01   244   161 10137   270    46     2     0 -9999
2021 08 01 02   233   167 10139   260    41     2     0 -9999
2021 08 01 03   228   167 10137   270    46     2     0 -9999
2021 08 01 04   222   172 10131   260    41     2     0 -9999
2021 08 01 05   217   172 10129   280    26     2     0 -9999
2021 08 01 06   217   172 10128   270    21     4     0 -9999
2021 08 01 07   211   172 10126   290    21     2     0 -9999
2021 08 01 08   206   172 10130   300    31     2     0 -9999
2021 08 01 09   194   167 10133   330    26     2     0 -9999
2021 08 01 10   183   167 10136   350    41     2     0 -9999
2021 08 01 11   183   167 10140   340    36     2     0 -9999
2021 08 01 12   189   172 10148   350    41     2     0 -9999
2021 08 01 13   211   161 10153    10    62     2     0 -9999
2021 08 01 14   222   167 10159    10    51     2     0 -9999
2021 08 01 15   228   150 10165    20    51     2     0 -9999
2021 08 01 16   233   139 10169    10    41     2     0 -9999
2021 08 01 17   233   144 10172    40    67     4     0 -9999
2021 08 01 18   239   133 10173    30    51     6     0 -9999
2021 08 01 19   239   128 10174    30    77     4     0 -9999
2021 08 01 20   239   139 10176    50    57     4     0 -9999
2021 08 01 21   233   133 10180    50    62     4     0 -9999
2021 08 01 22   228   139 10183    60    51     4     0 -9999
2021 08 01 23   222   133 10183    40    77     2     0 -9999
2021 08 02 00   217   133 10186    40    57     2     0 -9999
2021 08 02 01   206   139 10189    30    77     2     0 -9999
2021 08 02 02   200   139 10192    20    46     2     0 -9999
2021 08 02 03   189   139 10196    10    46     0     0 -9999
2021 08 02 04   178   139 10197   360    36     0     0 -9999
2021 08 02 05   172   139 10198   350    26     2     0 -9999
2021 08 02 06   172   133 10200   330    26     2     0 -9999
2021 08 02 07   167   133 10199   320    26     0     0 -9999
2021 08 02 08   167   133 10203   290    15     0     0 -9999
2021 08 02 09   161   133 10204   310    31     0     0 -9999
2021 08 02 10   161   133 10205   320    15     2     0 -9999
2021 08 02 11   161   133 10209   350    26     2     0 -9999
2021 08 02 12   172   144 10214   340    21     2     0 -9999
2021 08 02 13   194   150 10217   360    21     2     0 -9999
2021 08 02 14   217   150 10217     0     0     2     0 -9999
2021 08 02 15   228   139 10215 -9999    15     4     0 -9999
2021 08 02 16   239   133 10214   310    15 -9999     0 -9999
2021 08 02 17   239   111 10209    30    26 -9999     0 -9999
2021 08 02 18   233   128 10206    90    41     6     0 -9999
2021 08 02 19   233   122 10204   120    31 -9999     0 -9999
2021 08 02 20   250   117 10198    90    51 -9999     0 -9999
2021 08 02 21   250   117 10195   110    31 -9999     0 -9999
2021 08 02 22   244   111 10193    80    21 -9999     0 -9999
2021 08 02 23   244   111 10190   100    26 -9999     0 -9999
2021 08 03 00   239   111 10189    80    36     4     0 -9999
2021 08 03 01   222   111 10189    90    36     4     0 -9999
2021 08 03 02   211   122 10191   100    26     2     0 -9999
2021 08 03 03   200   122 10194   120    15     2     0 -9999
2021 08 03 04   200   122 10195     0     0     2     0 -9999
2021 08 03 05   189   128 10194     0     0     2     0 -9999
2021 08 03 06   178   128 10193     0     0     4     0 -9999
2021 08 03 07   178   128 10191   250    15     4     0 -9999
2021 08 03 08   172   128 10189     0     0     2     0 -9999
2021 08 03 09   167   128 10190     0     0     4     0 -9999
2021 08 03 10   172   133 10192     0     0 -9999     0 -9999
2021 08 03 11   172   133 10193     0     0     4     0 -9999
2021 08 03 12   178   133 10196   280    21     4     0 -9999
2021 08 03 13   206   128 10196     0     0     2     0 -9999
2021 08 03 14   222   133 10198   270    15     2     0 -9999
2021 08 03 15   244   128 10195   330    26     2     0 -9999
2021 08 03 16   250   122 10192   310    26     4     0 -9999
2021 08 03 17   256   117 10191   360    41     4     0 -9999
2021 08 03 18   261   106 10186 -9999    15     6     0 -9999
2021 08 03 19   283   100 10180    80    51 -9999     0 -9999
2021 08 03 20   278   122 10177   100    36 -9999     0 -9999
2021 08 03 21   256   117 10176   100    21     4     0 -9999
2021 08 03 22   272   117 10175   110    26     4     0 -9999
2021 08 03 23   278   117 10171   100    31     2     0 -9999
2021 08 04 00   267   117 10173   120    26     2     0 -9999
2021 08 04 01   250   128 10175    90    41     2     0 -9999
2021 08 04 02   233   128 10179   100    31     2     0 -9999
2021 08 04 03   222   133 10180   120    26     2     0 -9999
2021 08 04 04   228   133 10182     0     0     0     0 -9999
2021 08 04 05   211   139 10185   240    15     0     0 -9999
2021 08 04 06   200   139 10186     0     0     0     0 -9999
2021 08 04 07   200   139 10183     0     0     0     0 -9999
2021 08 04 08   189   139 10185     0     0     0     0 -9999
2021 08 04 09   194   139 10185     0     0     0     0 -9999
2021 08 04 10   178   139 10187     0     0     0     0 -9999
2021 08 04 11   183   144 10191     0     0     0     0 -9999
2021 08 04 12   189   144 10196     0     0     0     0 -9999
2021 08 04 13   211   156 10199     0     0     0     0 -9999
2021 08 04 14   239   144 10201     0     0     0     0 -9999
2021 08 04 15   261   139 10200     0     0     0     0 -9999
2021 08 04 16   267   128 10199     0     0     0     0 -9999
2021 08 04 17   272   122 10200     0     0     2     0 -9999
2021 08 04 18   283   122 10195 -9999    15     2     0 -9999
2021 08 04 19   294   122 10192 -9999    21     4     0 -9999
2021 08 04 20   283   117 10189    80    41     2     0 -9999
2021 08 04 21   283   117 10186   100    41     4     0 -9999
2021 08 04 22   289   111 10183    90    36     2     0 -9999
2021 08 04 23   278   111 10183    90    46     2     0 -9999
2021 08 05 00   267   111 10180   100    41     2     0 -9999
2021 08 05 01   250   111 10183   110    31     2     0 -9999
2021 08 05 02   244   117 10186   130    21     2     0 -9999
2021 08 05 03   239   122 10192   130    21     0     0 -9999
2021 08 05 04   233   128 10191   150    21     0     0 -9999
2021 08 05 05   222   133 10191   170    15     0     0 -9999
2021 08 05 06   217   133 10189   210    15     0     0 -9999
2021 08 05 07   206   139 10187   260    21     0     0 -9999
2021 08 05 08   200   150 10186   230    21     0     0 -9999
2021 08 05 09   194   156 10185     0     0     0     0 -9999
2021 08 05 10   194   156 10186     0     0     0     0 -9999
2021 08 05 11   189   161 10190   210    15     2     0 -9999
2021 08 05 12   194   167 10194   210    15     2     0 -9999
2021 08 05 13   217   172 10198   240    26     2     0 -9999
2021 08 05 14   239   161 10197   230    31     2     0 -9999
2021 08 05 15   261   167 10193   210    36     4     0 -9999
2021 08 05 16   278   150 10192   220    51     4     0 -9999
2021 08 05 17   278   133 10188   190    62 -9999     0 -9999
2021 08 05 18   289   122 10183   230    57     4     0 -9999
2021 08 05 19   294   111 10175   230    57 -9999     0 -9999
2021 08 05 20   294   111 10170   180    41     4     0 -9999
2021 08 05 21   289   117 10166   190    41     4     0 -9999
2021 08 05 22   289   117 10164   190    62     4     0 -9999
2021 08 05 23   283   122 10163   200    41 -9999     0 -9999
2021 08 06 00   272   128 10162   190    51     6     0 -9999
2021 08 06 01   261   133 10163   180    41 -9999     0 -9999
2021 08 06 02   256   133 10162   180    36 -9999     0 -9999
2021 08 06 03   250   139 10161   180    36 -9999     0 -9999
2021 08 06 04   244   139 10160   180    41 -9999     0 -9999
2021 08 06 05   239   150 10161   210    36 -9999     0 -9999
2021 08 06 06   239   156 10158   200    31     8     0 -9999
2021 08 06 07   233   161 10153   190    31 -9999     0 -9999
2021 08 06 08   233   161 10150   200    36 -9999     0 -9999
2021 08 06 09   233   161 10149   200    46 -9999     0 -9999
2021 08 06 10   233   161 10146   200    41 -9999     0 -9999
2021 08 06 11   228   161 10145   220    36 -9999     0 -9999
2021 08 06 12   233   156 10144   200    67     6     0 -9999
2021 08 06 13   228   156 10152   220    46 -9999     0 -9999
2021 08 06 14   239   172 10151   220    57 -9999     0 -9999
2021 08 06 15   244   178 10148   210    57 -9999     0 -9999
2021 08 06 16   256   189 10147   240    46 -9999     0 -9999
2021 08 06 17   250   194 10152   210    36 -9999    -1 -9999
2021 08 06 18   267   189 10147   210    57     6     0     0
2021 08 06 19   267   189 10146   200    51 -9999     0 -9999
2021 08 06 20   267   189 10143   230    57 -9999     0 -9999
2021 08 06 21   278   194 10134   210    57 -9999     0 -9999
2021 08 06 22   278   194 10133   220    67 -9999     0 -9999
2021 08 06 23   272   194 10126   220    51 -9999     0 -9999
2021 08 07 00   267   194 10132   230    51     6     0 -9999
2021 08 07 01   261   200 10138   230    31 -9999     0 -9999
2021 08 07 02   256   200 10145   230    21 -9999     0 -9999
2021 08 07 03   210   170 10165    20    93 -9999     3 -9999
2021 08 07 04   194   172 10157   160    21 -9999    46 -9999
2021 08 07 05   194   178 10140   200    41 -9999     0 -9999
2021 08 07 06   189   172 10153     0     0     8    -1    50
2021 08 07 07   194   178 10152   180    31 -9999     0 -9999
2021 08 07 08   194   178 10148     0     0 -9999     0 -9999
2021 08 07 09   194   178 10142   190    15     4     0 -9999
2021 08 07 10   194   178 10143   170    26 -9999     0 -9999
2021 08 07 11   200   183 10142   200    31 -9999     0 -9999
2021 08 07 12   211   194 10146   210    31     2     0 -9999
2021 08 07 13   228   206 10152   220    31     4     0 -9999
2021 08 07 14   239   211 10149   220    31     4     0 -9999
2021 08 07 15   261   211 10147   220    26     4     0 -9999
2021 08 07 16   278   217 10145   210    21 -9999     0 -9999
2021 08 07 17   289   211 10144   210    31 -9999     0 -9999
2021 08 07 18   300   206 10139   210    51     6     0 -9999
2021 08 07 19   300   200 10137   190    36 -9999     0 -9999
2021 08 07 20   311   200 10132   180    31 -9999     0 -9999
2021 08 07 21   311   200 10126   240    46 -9999     0 -9999
2021 08 07 22   311   200 10125   220    41 -9999     0 -9999
2021 08 07 23   311   200 10123   220    41 -9999     0 -9999
2021 08 08 00   300   200 10122   220    46     6     0 -9999
2021 08 08 01   289   200 10122   200    41 -9999     0 -9999
2021 08 08 02   283   211 10123   180    46 -9999     0 -9999
2021 08 08 03   278   211 10125   180    46 -9999     0 -9999
2021 08 08 04   272   211 10123   200    36 -9999     0 -9999
2021 08 08 05   272   211 10119   200    46 -9999     0 -9999
2021 08 08 06   267   217 10115   200    46     8     0 -9999
2021 08 08 07   261   217 10114   200    46 -9999     0 -9999
2021 08 08 08   261   211 10122   220    36 -9999     0 -9999
2021 08 08 09   256   206 10123   230    46 -9999     0 -9999
2021 08 08 10   250   206 10115   190    31 -9999     0 -9999
2021 08 08 11   244   206 10111   180    36 -9999     0 -9999
2021 08 08 12   244   206 10113   200    26     8     0 -9999
2021 08 08 13   256   211 10118   190    51 -9999     0 -9999
2021 08 08 14   261   211 10114   180    51 -9999     0 -9999
2021 08 08 15   278   211 10118   210    46 -9999     0 -9999
2021 08 08 16   289   211 10117   200    67 -9999     0 -9999
2021 08 08 17   306   211 10115   190    46 -9999     0 -9999
2021 08 08 18   311   206 10111   170    72     6     0 -9999
2021 08 08 19   328   200 10107   210    77 -9999     0 -9999
2021 08 08 20   328   200 10101   200    67     4     0 -9999
2021 08 08 21   322   200 10093   200    67     4     0 -9999
2021 08 08 22   322   211 10089   170    72     4     0 -9999
2021 08 08 23   300   206 10093   190    82     4     0 -9999
2021 08 09 00   267   194 10110   200    67     8    -1    -1
2021 08 09 01   239   206 10110   210    51 -9999     5 -9999
2021 08 09 02   233   200 10119   220    57 -9999    -1 -9999
2021 08 09 03   222   200 10126   230    57 -9999    -1 -9999
2021 08 09 04   217   200 10120   210    46 -9999     3 -9999
2021 08 09 05   222   200 10111   210    46 -9999     0 -9999
2021 08 09 06   222   200 10111   200    36     8     0     8
2021 08 09 07   222   200 10110   170    36 -9999     0 -9999
2021 08 09 08   222   194 10111   170    36 -9999     0 -9999
2021 08 09 09   217   194 10110   180    46 -9999     0 -9999
2021 08 09 10   217   194 10108   170    46 -9999     0 -9999
2021 08 09 11   217   194 10109   170    36 -9999     0 -9999
2021 08 09 12   217   194 10111   190    51     4     0 -9999
2021 08 09 13   222   200 10103   170    57 -9999     0 -9999
2021 08 09 14   228   200 10110   190    57 -9999     0 -9999
2021 08 09 15   217   206 10110   160    41 -9999    61 -9999
2021 08 09 16   233   211 10111   170    36 -9999    -1 -9999
2021 08 09 17   239   211 -9999   180    46 -9999     0 -9999
2021 08 09 18   256   206 10103   170    51     8     0    60
2021 08 09 19   256   206 10097   190    51 -9999     0 -9999
2021 08 09 20   267   211 10090   200    72 -9999     0 -9999
2021 08 09 21   267   217 10089   200    51 -9999     0 -9999
2021 08 09 22   278   222 10086   200    82 -9999     0 -9999
2021 08 09 23   272   228 10087   180    72 -9999     0 -9999
2021 08 10 00   256   228 10090   200    57     8     3     3
2021 08 10 01   250   233 10095   230    21 -9999    28 -9999
2021 08 10 02   250   233 10097   260    15 -9999    41 -9999
2021 08 10 03   250   239 10099   260    36 -9999    30 -9999
2021 08 10 04   250   239 10103   250    31 -9999    -1 -9999
2021 08 10 05   250   239 10107   260    26 -9999     0 -9999
2021 08 10 06   244   228 10113   270    21     8     0   100
2021 08 10 07   239   217 10112   260    21 -9999     0 -9999
2021 08 10 08   233   211 10112   270    15 -9999     0 -9999
2021 08 10 09   233   211 10117   230    21 -9999     0 -9999
2021 08 10 10   233   211 10117     0     0 -9999     0 -9999
2021 08 10 11   233   217 10122   160    15 -9999     0 -9999
2021 08 10 12   239   217 10126   190    21     6     0 -9999
2021 08 10 13   256   211 10126   190    21     4     0 -9999
2021 08 10 14   267   222 10124   200    31 -9999     0 -9999
2021 08 10 15   278   250 10123   220    26 -9999     0 -9999
2021 08 10 16   289   256 10123   220    31 -9999     0 -9999
2021 08 10 17   306   256 10119   220    31 -9999     0 -9999
2021 08 10 18   311   256 10115   220    51     6     0 -9999
2021 08 10 19   328   250 10108   220    62 -9999     0 -9999
2021 08 10 20   333   244 10101   210    62 -9999     0 -9999
2021 08 10 21   333   244 10092   230    57     4     0 -9999
2021 08 10 22   333   244 10085   210    67 -9999     0 -9999
2021 08 10 23   328   244 10091   210    77 -9999     0 -9999
2021 08 11 00   306   261 10095   220    46     8    10    10
2021 08 11 01   217   206 -9999   310    72 -9999    45 -9999
2021 08 11 02   217   206 10107   110    26 -9999    15 -9999
2021 08 11 03   222   206 10114   200    31 -9999    -1 -9999
2021 08 11 04   222   206 10117   200    36 -9999     0 -9999
2021 08 11 05   222   206 10116   220    26     4     0 -9999
2021 08 11 06   222   206 10115   210    31     2     0    90
2021 08 11 07   222   206 10113   210    21 -9999     0 -9999
2021 08 11 08   228   211 10110   170    21 -9999     0 -9999
2021 08 11 09   233   217 10105   200    26 -9999     0 -9999
2021 08 11 10   233   222 10097   160    26 -9999     0 -9999
2021 08 11 11   239   228 10093   190    31 -9999     0 -9999
2021 08 11 12   244   233 10094   200    26     4     0 -9999
2021 08 11 13   256   239 10091   220    51 -9999     0 -9999
2021 08 11 14   267   239 10090   220    57 -9999     0 -9999
2021 08 11 15   272   239 10107   220    82 -9999     0 -9999
2021 08 11 16   230   190 10133   230    88 -9999    10 -9999
2021 08 11 17   239   178 10105   240    46 -9999     3 -9999
2021 08 11 18   278   178 10094   210    46     8     0    10
2021 08 11 19   294   172 10079   220    82 -9999     0 -9999
2021 08 11 20   294   194 10074   220    93 -9999     0 -9999
2021 08 11 21   300   206 10068   220    72 -9999     0 -9999
2021 08 11 22   306   217 10073   230    98     4     0 -9999
2021 08 11 23   306   233 10079   220    93     4     0 -9999
2021 08 12 00   300   239 10077   240    77     6     0 -9999
2021 08 12 01   294   244 10075   220    51     4     0 -9999
2021 08 12 02   294   250 10072   210    77 -9999     0 -9999
2021 08 12 03   289   260 10084   240    82 -9999    -1 -9999
2021 08 12 04   278   256 10083   220    62 -9999    10 -9999
2021 08 12 05   278   256 10087   220    51 -9999     0 -9999
2021 08 12 06   278   250 10088   220    67     2     0    10
2021 08 12 07   278   250 10094   270    57 -9999    -1 -9999
2021 08 12 08   267   183 10094   290    41     4    -1 -9999
2021 08 12 09   256   178 10106   250    21     4     0 -9999
2021 08 12 10   244   172 10117   240    46 -9999     0 -9999
2021 08 12 11   233   178 10115   250    21 -9999     0 -9999
2021 08 12 12   228   178 10130     0     0     8     0    -1
2021 08 12 13   228   183 10131   190    21 -9999     0 -9999
2021 08 12 14   244   194 10132 -9999    21 -9999     0 -9999
2021 08 12 15   256   194 10134   230    41 -9999     0 -9999
2021 08 12 16   272   189 10130   210    46 -9999     0 -9999
2021 08 12 17   283   206 10125   210    57 -9999     0 -9999
2021 08 12 18   283   217 10120   220    57     6     0 -9999
2021 08 12 19   278   222 10127   210    88 -9999     0 -9999
2021 08 12 20   272   217 10132   220    72 -9999     0 -9999
2021 08 12 21   267   217 10133   230    82 -9999     0 -9999
2021 08 12 22   261   211 10124   230    77 -9999     0 -9999
2021 08 12 23   256   211 10123   230    51 -9999     0 -9999
2021 08 13 00   256   211 10127   240    51     8     0 -9999
2021 08 13 01   244   211 10130   230    41 -9999     0 -9999
2021 08 13 02   244   211 10132   250    36 -9999     0 -9999
2021 08 13 03   239   211 10134   240    31 -9999     0 -9999
2021 08 13 04   239   206 10140   240    21 -9999     0 -9999
2021 08 13 05   239   200 10145   260    31 -9999     0 -9999
2021 08 13 06   228   200 10152   200    21     6     0 -9999
2021 08 13 07   228   206 10150   260    31 -9999     0 -9999
2021 08 13 08   222   206 10150   270    26 -9999     0 -9999
2021 08 13 09   228   211 10155   310    31 -9999     0 -9999
2021 08 13 10   228   200 10161   320    36 -9999     0 -9999
2021 08 13 11   228   167 10162   350    31 -9999     0 -9999
2021 08 13 12   222   156 10166   360    41     8     0 -9999
2021 08 13 13   228   150 10174   350    31 -9999     0 -9999
2021 08 13 14   228   133 10180   350    26 -9999     0 -9999
2021 08 13 15   233   144 10183   350    31 -9999     0 -9999
2021 08 13 16   244   128 10188   340    15 -9999     0 -9999
2021 08 13 17   256   117 10189    20    21 -9999     0 -9999
2021 08 13 18   272   122 10189   360    31     6     0 -9999
2021 08 13 19   283   111 10189   350    26 -9999     0 -9999
2021 08 13 20   272   156 10188   140    36 -9999     0 -9999
2021 08 13 21   261   150 10184 -9999    21 -9999     0 -9999
2021 08 13 22   261   150 10181    90    15 -9999     0 -9999
2021 08 13 23   272    94 10181   300    31     4     0 -9999
2021 08 14 00   267   106 10183   280    41     4     0 -9999
2021 08 14 01   250   100 10191   310    31     4     0 -9999
2021 08 14 02   239   122 10198   260    26 -9999     0 -9999
2021 08 14 03   228   128 10204   250    21 -9999     0 -9999
2021 08 14 04   222   133 10204   260    26     4     0 -9999
2021 08 14 05   228   133 10212   320    31     4     0 -9999
2021 08 14 06   222   139 10213    10    46     4     0 -9999
2021 08 14 07   200   128 10214   350    41     0     0 -9999
2021 08 14 08   183   117 10216   350    36     0     0 -9999
2021 08 14 09   172   117 10223   360    36     0     0 -9999
2021 08 14 10   178   117 10226   350    31     0     0 -9999
2021 08 14 11   172   117 10233   350    26     2     0 -9999
2021 08 14 12   178   122 10241   350    26     2     0 -9999
2021 08 14 13   200   133 10243    10    21     2     0 -9999
2021 08 14 14   233   156 10245    80    21     2     0 -9999
2021 08 14 15   244   133 10246    60    21     4     0 -9999
2021 08 14 16   250   111 10251    90    36     4     0 -9999
2021 08 14 17   256   111 10249   100    51     4     0 -9999
2021 08 14 18   256   100 10247    60    31     4     0 -9999
2021 08 14 19   256    94 10247    70    41     4     0 -9999
2021 08 14 20   261    83 10247    70    31 -9999     0 -9999
2021 08 14 21   256    78 10242    80    41 -9999     0 -9999
2021 08 14 22   256    89 10237    60    51 -9999     0 -9999
2021 08 14 23   244    72 10235    60    41 -9999     0 -9999
2021 08 15 00   239    78 10232    90    41     4     0 -9999
2021 08 15 01   222    94 10234    90    31     4     0 -9999
2021 08 15 02   211   100 10237   100    26     2     0 -9999
2021 08 15 03   200   111 10241   110    15     0     0 -9999
2021 08 15 04   200   111 10238     0     0     0     0 -9999
2021 08 15 05   189   117 10239     0     0     0     0 -9999
2021 08 15 06   178   117 10241     0     0     0     0 -9999
2021 08 15 07   172   122 10238     0     0     0     0 -9999
2021 08 15 08   167   122 10236     0     0     0     0 -9999
2021 08 15 09   167   122 10234     0     0     0     0 -9999
2021 08 15 10   161   122 10234     0     0     0     0 -9999
2021 08 15 11   156   122 10237     0     0     0     0 -9999
2021 08 15 12   172   133 10240     0     0     2     0 -9999
2021 08 15 13   200   144 10243   150    15     2     0 -9999
2021 08 15 14   217   122 10245   160    31     2     0 -9999
2021 08 15 15   233   117 10244 -9999    26     2     0 -9999
2021 08 15 16   244   106 10244   140    41     2     0 -9999
2021 08 15 17   261    83 10236   100    46     2     0 -9999
2021 08 15 18   261    78 10233   110    51     2     0 -9999
2021 08 15 19   267    89 10226   130    51     2     0 -9999
2021 08 15 20   267    83 10219   100    46     2     0 -9999
2021 08 15 21   261    78 10213    90    51     2     0 -9999
2021 08 15 22   256   111 10209    40    41     0     0 -9999
2021 08 15 23   250   117 10203    70    57     0     0 -9999
2021 08 16 00   244   122 10199    80    46     2     0 -9999
2021 08 16 01   228   133 10199    80    46     2     0 -9999
2021 08 16 02   217   139 10204    80    36     2     0 -9999
2021 08 16 03   211   144 10203   100    21     0     0 -9999
2021 08 16 04   211   150 10202    90    21     0     0 -9999
2021 08 16 05   206   156 10202   100    26     0     0 -9999
2021 08 16 06   206   161 10199   100    26     0     0 -9999
2021 08 16 07   200   161 10194   100    15     0     0 -9999
2021 08 16 08   189   156 10193     0     0     0     0 -9999
2021 08 16 09   183   150 10193   130    15     0     0 -9999
2021 08 16 10   183   150 10191     0     0     0     0 -9999
2021 08 16 11   172   144 10191     0     0     2     0 -9999
2021 08 16 12   189   144 10196   130    15     2     0 -9999
2021 08 16 13   206   133 10195   140    15     2     0 -9999
2021 08 16 14   228   144 10196 -9999    21     2     0 -9999
2021 08 16 15   239   133 10195    90    41     2     0 -9999
2021 08 16 16   256   133 10198   100    57     4     0 -9999
2021 08 16 17   256   122 10193    60    36     2     0 -9999
2021 08 16 18   256   122 10188    60    36     2     0 -9999
2021 08 16 19   261   122 10187   100    41     2     0 -9999
2021 08 16 20   256   117 10181    60    46     2     0 -9999
2021 08 16 21   261   117 10176    80    36     2     0 -9999
2021 08 16 22   256   111 10171    70    41     0     0 -9999
2021 08 16 23   256   106 10167    80    31     0     0 -9999
2021 08 17 00   244   117 10164    70    46     0     0 -9999
2021 08 17 01   228   122 10166    60    36     0     0 -9999
2021 08 17 02   217   133 10168   100    36     0     0 -9999
2021 08 17 03   217   144 10169   100    21     0     0 -9999
2021 08 17 04   211   144 10169   120    15     0     0 -9999
2021 08 17 05   211   150 10167    90    15     0     0 -9999
2021 08 17 06   200   150 10166     0     0     0     0 -9999
2021 08 17 07   200   150 10164     0     0     0     0 -9999
2021 08 17 08   194   156 10164     0     0     0     0 -9999
2021 08 17 09   194   156 10164     0     0     0     0 -9999
2021 08 17 10   189   161 10166   350    15     0     0 -9999
2021 08 17 11   194   161 10170     0     0     2     0 -9999
2021 08 17 12   194   167 10175   360    15     2     0 -9999
2021 08 17 13   222   178 10177     0     0     2     0 -9999
2021 08 17 14   244   194 10177     0     0     2     0 -9999
2021 08 17 15   261   183 10176   360    21     4     0 -9999
2021 08 17 16   267   172 10175    90    21 -9999     0 -9999
2021 08 17 17   267   172 10170    80    26 -9999     0 -9999
2021 08 17 18   272   178 10168    80    31     6     0 -9999
2021 08 17 19   278   183 10165    70    36 -9999     0 -9999
2021 08 17 20   278   178 10160    70    46     4     0 -9999
2021 08 17 21   283   178 10155    80    41     2     0 -9999
2021 08 17 22   278   178 10152    90    46     2     0 -9999
2021 08 17 23   278   183 10150    80    46     2     0 -9999
2021 08 18 00   261   189 10151    80    41     2     0 -9999
2021 08 18 01   250   194 10155    80    36     4     0 -9999
2021 08 18 02   239   194 10160    90    31     4     0 -9999
2021 08 18 03   233   200 10161    90    31     2     0 -9999
2021 08 18 04   233   200 10166    90    31     4     0 -9999
2021 08 18 05   233   200 10166   100    21     2     0 -9999
2021 08 18 06   233   200 10167    70    15     2     0 -9999
2021 08 18 07   233   200 10165    70    21     4     0 -9999
2021 08 18 08   222   200 10166    40    21 -9999     0 -9999
2021 08 18 09   211   194 10167    30    21 -9999     0 -9999
2021 08 18 10   211   200 10173   360    15 -9999     0 -9999
2021 08 18 11   211   200 10176   360    21 -9999     0 -9999
2021 08 18 12   222   206 10181    10    21     6     0 -9999
2021 08 18 13   233   211 10185    30    26 -9999     0 -9999
2021 08 18 14   250   217 10187    40    21 -9999     0 -9999
2021 08 18 15   272   217 10187   100    31 -9999     0 -9999
2021 08 18 16   283   217 10188    80    31 -9999     0 -9999
2021 08 18 17   278   211 10189    90    46 -9999     0 -9999
2021 08 18 18   283   211 10186    80    36     8     0 -9999
2021 08 18 19   289   206 10184    70    41 -9999     0 -9999
2021 08 18 20   300   200 10179    80    31 -9999     0 -9999
2021 08 18 21   283   200 10177   100    36 -9999     0 -9999
2021 08 18 22   289   206 10175    90    46 -9999     0 -9999
2021 08 18 23   278   206 10176   100    46 -9999     0 -9999
2021 08 19 00   267   217 10177    70    36     4     0 -9999
2021 08 19 01   261   211 10177    70    36     4     0 -9999
2021 08 19 02   256   211 10184    80    31 -9999     0 -9999
2021 08 19 03   250   211 10189   100    21 -9999     0 -9999
2021 08 19 04   250   211 10189   100    36 -9999     0 -9999
2021 08 19 05   244   211 10187    80    21     4     0 -9999
2021 08 19 06   239   211 10183   100    21     2     0 -9999
2021 08 19 07   239   211 10180    50    21     2     0 -9999
2021 08 19 08   233   211 10182    30    21 -9999     0 -9999
2021 08 19 09   233   217 10180    20    15 -9999     0 -9999
2021 08 19 10   228   211 10179     0     0 -9999     0 -9999
2021 08 19 11   228   211 10180     0     0     2     0 -9999
2021 08 19 12   228   217 10182    10    15     2     0 -9999
2021 08 19 13   250   222 10184   360    15     2     0 -9999
2021 08 19 14   267   222 10182 -9999    21     2     0 -9999
2021 08 19 15   283   217 10184    10    21     2     0 -9999
2021 08 19 16   283   217 10183    30    31     4     0 -9999
2021 08 19 17   278   217 10183    90    67 -9999     0 -9999
2021 08 19 18   278   222 10182   100    26     6    -1     0
2021 08 19 19   289   211 10177   100    26 -9999     0 -9999
2021 08 19 20   306   200 10171    90    36 -9999     0 -9999
2021 08 19 21   311   194 10164    90    31 -9999     0 -9999
2021 08 19 22   306   189 10160   100    36     4     0 -9999
2021 08 19 23   289   189 10158    80    31     4     0 -9999
2021 08 20 00   283   200 10155    90    36     2     0 -9999
2021 08 20 01   267   194 10156   100    36     2     0 -9999
2021 08 20 02   256   206 10159   100    36     2     0 -9999
2021 08 20 03   250   217 10163    90    36     0     0 -9999
2021 08 20 04   244   217 10160   100    15     0     0 -9999
2021 08 20 05   239   211 10159    90    21     0     0 -9999
2021 08 20 06   244   211 10157   110    15     0     0 -9999
2021 08 20 07   233   211 10154     0     0     0     0 -9999
2021 08 20 08   228   206 10151     0     0     0     0 -9999
2021 08 20 09   222   211 10150     0     0     0     0 -9999
2021 08 20 10   222   211 10149    40    15     0     0 -9999
2021 08 20 11   217   211 10150    10    21     0     0 -9999
2021 08 20 12   222   217 10148     0     0     2     0 -9999
2021 08 20 13   233   222 10149     0     0     2     0 -9999
2021 08 20 14   261   228 10149    10    15     2     0 -9999
2021 08 20 15   289   222 10152    10    15     2     0 -9999
2021 08 20 16   300   211 10147   170    21 -9999     0 -9999
2021 08 20 17   289   200 10143    90    36 -9999     0 -9999
2021 08 20 18   317   200 10138   170    36     6     0 -9999
2021 08 20 19   306   194 10133   130    31     4     0 -9999
2021 08 20 20   322   189 10123   130    51 -9999     0 -9999
2021 08 20 21   311   194 10117   170    51 -9999     0 -9999
2021 08 20 22   311   189 10113   190    46 -9999     0 -9999
2021 08 20 23   311   183 10110   190    41     4     0 -9999
2021 08 21 00   300   183 10108   200    41     2     0 -9999
2021 08 21 01   283   189 10110   180    31     2     0 -9999
2021 08 21 02   272   194 10112   180    26     2     0 -9999
2021 08 21 03   267   194 10109   180    21     2     0 -9999
2021 08 21 04   256   200 10117   180    21     2     0 -9999
2021 08 21 05   250   200 10116   170    26     0     0 -9999
2021 08 21 06   244   200 10114   150    21     0     0 -9999
2021 08 21 07   244   206 10107   160    21     0     0 -9999
2021 08 21 08   239   206 10108   180    26     2     0 -9999
2021 08 21 09   239   206 10100   170    26 -9999     0 -9999
2021 08 21 10   233   206 10100   170    31 -9999     0 -9999
2021 08 21 11   233   206 10105   190    21 -9999     0 -9999
2021 08 21 12   239   206 10108   180    26     6     0 -9999
2021 08 21 13   244   211 10108   160    26 -9999     0 -9999
2021 08 21 14   267   211 10107   190    31 -9999     0 -9999
2021 08 21 15   283   211 10104   190    57 -9999     0 -9999
2021 08 21 16   294   200 10104   190    62 -9999     0 -9999
2021 08 21 17   311   200 10100   190    67 -9999     0 -9999
2021 08 21 18   306   206 10098   190    67     6     0 -9999
2021 08 21 19   306   206 10095   210    41 -9999     0 -9999
2021 08 21 20   283   211 10097   270    88 -9999     0 -9999
2021 08 21 21   239   228 -9999   150    36     4    -1 -9999
2021 08 21 22   267   239 10101   180    36     4     0 -9999
2021 08 21 23   261   228 10098   230    46     4     0 -9999
2021 08 22 00   267   222 10101   180    26     4     0   150
2021 08 22 01   261   233 10105   180    21     4     0 -9999
2021 08 22 02   256   233 10107   210    21     2     0 -9999
2021 08 22 03   261   228 10114   270    21     4     0 -9999
2021 08 22 04   256   228 10116   310    26     4     3 -9999
2021 08 22 05   250   222 10118   310    26     4     0 -9999
2021 08 22 06   250   217 10122   330    36     2     0     3
2021 08 22 07   233   189 10129   350    62 -9999     0 -9999
2021 08 22 08   228   172 10135   360    62 -9999     0 -9999
2021 08 22 09   228   167 10141   360    57 -9999     0 -9999
2021 08 22 10   211   167 10146   350    46 -9999     0 -9999
2021 08 22 11   211   161 10151   360    36 -9999     0 -9999
2021 08 22 12   211   161 10152    20    36     2     0 -9999
2021 08 22 13   217   167 10156   360    46 -9999     0 -9999
2021 08 22 14   222   172 10158    20    31 -9999     0 -9999
2021 08 22 15   239   183 10158    20    36 -9999     0 -9999
2021 08 22 16   250   189 10160    40    36 -9999     0 -9999
2021 08 22 17   261   189 10159    20    36     4     0 -9999
2021 08 22 18   272   189 10158    50    41     4     0 -9999
2021 08 22 19   272   189 10155     0     0 -9999     0 -9999
2021 08 22 20   272   194 10152    50    51     4     0 -9999
2021 08 22 21   267   194 10147    40    57     4     0 -9999
2021 08 22 22   261   189 10146    70    51     4     0 -9999
2021 08 22 23   250   189 10149    70    41     4     0 -9999
2021 08 23 00   239   183 10149    60    36     4     0 -9999
2021 08 23 01   228   178 10149    70    36     4     0 -9999
2021 08 23 02   222   178 10151    70    36     2     0 -9999
2021 08 23 03   222   178 10151    70    31     2     0 -9999
2021 08 23 04   217   183 10152    60    31     2     0 -9999
2021 08 23 05   217   183 10153    70    21     0     0 -9999
2021 08 23 06   211   183 10153   100    21     0     0 -9999
2021 08 23 07   211   183 10150   100    15     0     0 -9999
2021 08 23 08   211   183 10151     0     0     0     0 -9999
2021 08 23 09   200   178 10148     0     0     0     0 -9999
2021 08 23 10   200   178 10147     0     0     2     0 -9999
2021 08 23 11   194   172 10152     0     0     2     0 -9999
2021 08 23 12   200   183 10158     0     0     2     0 -9999
2021 08 23 13   217   194 10161   210    15     4     0 -9999
2021 08 23 14   233   194 10156   180    41     4     0 -9999
2021 08 23 15   256   200 10157   230    41 -9999     0 -9999
2021 08 23 16   256   194 10161   240    51 -9999     0 -9999
2021 08 23 17   261   189 10144 -9999    26 -9999     0 -9999
2021 08 23 18   278   189 10133   190    41     6     0 -9999
2021 08 23 19   294   189 10134   210    46 -9999     0 -9999
2021 08 23 20   294   189 10133   220    36     4     0 -9999
2021 08 23 21   294   194 10133   220    46     4     0 -9999
2021 08 23 22   294   206 10130   250    41     4     0 -9999
2021 08 23 23   294   194 10127   230    31     4     0 -9999
2021 08 24 00   294   206 10129   170    31     4     0 -9999
2021 08 24 01   283   217 10131   180    26     4     0 -9999
2021 08 24 02   278   211 10135   180    31     4     0 -9999
2021 08 24 03   272   217 10137   200    41     4     0 -9999
2021 08 24 04   267   222 10135   190    26 -9999     0 -9999
2021 08 24 05   261   222 10138   190    21 -9999     0 -9999
2021 08 24 06   256   228 10139   180    31     4     0 -9999
2021 08 24 07   250   228 10137   190    26 -9999     0 -9999
2021 08 24 08   250   228 10139   210    26     4     0 -9999
2021 08 24 09   250   228 10139   210    21     2     0 -9999
2021 08 24 10   244   228 10139   190    21     2     0 -9999
2021 08 24 11   244   228 10142   240    15     2     0 -9999
2021 08 24 12   244   222 10143   210    31     4     0 -9999
2021 08 24 13   256   222 10142   210    31     2     0 -9999
2021 08 24 14   267   222 10145   210    31     2     0 -9999
2021 08 24 15   283   222 10147   230    36     2     0 -9999
2021 08 24 16   294   228 10146   240    31     2     0 -9999
2021 08 24 17   317   233 10141   240    31     2     0 -9999
2021 08 24 18   333   233 10133   210    51     2     0 -9999
2021 08 24 19   344   222 10132   220    72 -9999     0 -9999
2021 08 24 20   344   222 10131   220    51 -9999     0 -9999
2021 08 24 21   350   217 10126   210    36 -9999     0 -9999
2021 08 24 22   328   228 10116   260    41 -9999    -1 -9999
2021 08 24 23   239   217 10125    10    88 -9999   122 -9999
2021 08 25 00   239   211 10131    40    51     8   221   340
2021 08 25 01   222   211 10152   310    77 -9999   137 -9999
2021 08 25 02   233   217 10136   190    26 -9999     5 -9999
2021 08 25 03   233   217 10136   130    46 -9999    -1 -9999
2021 08 25 04   233   222 10145   180    46 -9999    -1 -9999
2021 08 25 05   228   211 10151   120    15 -9999    -1 -9999
2021 08 25 06   228   211 10159   270    21     8     0   150
2021 08 25 07   222   211 10164   210    26 -9999     0 -9999
2021 08 25 08   222   206 10163   190    21 -9999     0 -9999
2021 08 25 09   217   206 10163   200    36 -9999     0 -9999
2021 08 25 10   217   206 10161   210    31 -9999     0 -9999
2021 08 25 11   217   206 10160   230    21     2     0 -9999
2021 08 25 12   222   206 10164   190    15     4     0 -9999
2021 08 25 13   239   206 10175   230    31     4     0 -9999
2021 08 25 14   261   217 10174   230    41     4     0 -9999
2021 08 25 15   272   222 10179   250    57     4     0 -9999
2021 08 25 16   283   228 10181   230    41     4     0 -9999
2021 08 25 17   300   228 10177   260    15     4     0 -9999
2021 08 25 18   306   222 10174   270    26     4     0 -9999
2021 08 25 19   333   217 10168 -9999    21     4     0 -9999
2021 08 25 20   333   217 10168     0     0 -9999     0 -9999
2021 08 25 21   328   211 10163     0     0 -9999     0 -9999
2021 08 25 22   322   228 10162    90    46 -9999     0 -9999
2021 08 25 23   311   222 10164   100    46 -9999     0 -9999
2021 08 26 00   239   217 10166   100    26     8    51    50
2021 08 26 01   228   206 10187   250    41 -9999    36 -9999
2021 08 26 02   233   200 10171    70    21 -9999     5 -9999
2021 08 26 03   233   211 10201   200    51 -9999    -1 -9999
2021 08 26 04   228   211 10207   190    36 -9999     5 -9999
2021 08 26 05   233   211 10197    20    31 -9999     3 -9999
2021 08 26 06   233   217 10186    60    21     8    -1    50
2021 08 26 07   228   211 10194   240    31 -9999    -1 -9999
2021 08 26 08   222   211 10194   220    15 -9999     0 -9999
2021 08 26 09   217   206 10194   240    26     2     0 -9999
2021 08 26 10   217   200 10192     0     0     2     0 -9999
2021 08 26 11   211   200 10198   320    21     2     0 -9999
2021 08 26 12   217   206 10200     0     0     2     0     0
2021 08 26 13   228   206 10206     0     0     2     0 -9999
2021 08 26 14   239   211 10208   220    15     2     0 -9999
2021 08 26 15   261   211 10205   150    26     2     0 -9999
2021 08 26 16   278   211 10205   140    26     2     0 -9999
2021 08 26 17   289   211 10204   170    31 -9999     0 -9999
2021 08 26 18   294   206 10197   230    26     6     0 -9999
2021 08 26 19   300   200 10190   220    21 -9999     0 -9999
2021 08 26 20   317   194 10186     0     0 -9999     0 -9999
2021 08 26 21   311   211 10181    70    36 -9999     0 -9999
2021 08 26 22   306   217 10183   100    41 -9999     0 -9999
2021 08 26 23   289   217 10181   140    41 -9999     0 -9999
2021 08 27 00   289   222 10173   100    51     6    -1     0
2021 08 27 01   272   211 10175   150    26 -9999     0 -9999
2021 08 27 02   267   211 10177   100    26 -9999     0 -9999
2021 08 27 03   261   217 10173   150    26 -9999     0 -9999
2021 08 27 04   261   222 10182   170    41 -9999     0 -9999
2021 08 27 05   256   222 10191   210    21 -9999     0 -9999
2021 08 27 06   244   222 10181   170    26     6     0 -9999
2021 08 27 07   239   217 10170   180    31 -9999     0 -9999
2021 08 27 08   239   211 10157   160    51 -9999     0 -9999
2021 08 27 09   233   206 10159   180    31 -9999     0 -9999
2021 08 27 10   233   206 10165   210    15 -9999     0 -9999
2021 08 27 11   228   200 10167     0     0 -9999     0 -9999
2021 08 27 12   228   206 10169   180    15     6     0 -9999
2021 08 27 13   239   206 10175   170    26 -9999     0 -9999
2021 08 27 14   250   206 10177   230    26     4     0 -9999
2021 08 27 15   267   211 10173     0     0 -9999     0 -9999
2021 08 27 16   283   206 10173   220    21 -9999     0 -9999
2021 08 27 17   306   200 10170     0     0 -9999     0 -9999
2021 08 27 18   306   200 10167   250    31     6     0 -9999
2021 08 27 19   317   206 10160     0     0     4     0 -9999
2021 08 27 20   322   206 10157 -9999    21     4     0 -9999
2021 08 27 21   322   211 10150   230    21     4     0 -9999
2021 08 27 22   317   217 10144   180    41     4     0 -9999
2021 08 27 23   317   222 10145   180    41     4     0 -9999
2021 08 28 00   311   228 10148   180    46     4     0 -9999
2021 08 28 01   300   228 10155   190    41     4     0 -9999
2021 08 28 02   294   233 10161   180    31     2     0 -9999
2021 08 28 03   289   239 10162   180    36     0     0 -9999
2021 08 28 04   283   233 10160   200    41     2     0 -9999
2021 08 28 05   278   233 10159   200    46     2     0 -9999
2021 08 28 06   278   233 10162   200    36     0     0 -9999
2021 08 28 07   267   228 10166   210    46     0     0 -9999
2021 08 28 08   261   222 10168   220    41     0     0 -9999
2021 08 28 09   256   217 10169   210    41     2     0 -9999
2021 08 28 10   250   217 10173   220    26     0     0 -9999
2021 08 28 11   244   211 10176   200    31     2     0 -9999
2021 08 28 12   244   217 10181   200    31     4     0 -9999
2021 08 28 13   244   217 10187   230    26 -9999     0 -9999
2021 08 28 14   261   222 10180   210    46     4     0 -9999
2021 08 28 15   278   228 10178   230    36     4     0 -9999
2021 08 28 16   289   228 10177   220    36     2     0 -9999
2021 08 28 17   306   233 10178   210    41     2     0 -9999
2021 08 28 18   322   228 10175   230    31     2     0 -9999
2021 08 28 19   328   233 10173   220    51     4     0 -9999
2021 08 28 20   328   228 10169   190    36     4     0 -9999
2021 08 28 21   333   222 10164   220    62     4     0 -9999
2021 08 28 22   322   228 10163   200    62     4     0 -9999
2021 08 28 23   311   233 10165   180    41     4     0 -9999
2021 08 29 00   311   228 10163   230    41     4     0 -9999
2021 08 29 01   300   222 10164   210    31     4     0 -9999
2021 08 29 02   294   228 10173   180    26     2     0 -9999
2021 08 29 03   283   228 10170   190    31     2     0 -9999
2021 08 29 04   278   222 10162   200    36     0     0 -9999
2021 08 29 05   272   222 10162   190    36     0     0 -9999
2021 08 29 06   272   217 10166   210    31     0     0 -9999
2021 08 29 07   267   217 10169   220    26     2     0 -9999
2021 08 29 08   261   217 10168   210    31     2     0 -9999
2021 08 29 09   256   217 10167   200    36     2     0 -9999
2021 08 29 10   256   217 10164   200    36     2     0 -9999
2021 08 29 11   250   217 10163   210    31     2     0 -9999
2021 08 29 12   250   217 10161   200    36     4     0 -9999
2021 08 29 13   261   217 10164   250    41 -9999     0 -9999
2021 08 29 14   244   222 -9999   200    51 -9999     2 -9999
2021 08 29 15   239   217 10153   200    31 -9999    28 -9999
2021 08 29 16   272   228 10144   200    72 -9999     0 -9999
2021 08 29 17   294   233 10141   210    77 -9999     0 -9999
2021 08 29 18   306   228 10138   240    88     6     0    30
2021 08 29 19   306   211 -9999   250    67 -9999     0 -9999
2021 08 29 20   311   211 10132   270    93 -9999     0 -9999
2021 08 29 21   244   206 -9999   280    77 -9999     7 -9999
2021 08 29 22   267   233 10128   220    21 -9999    23 -9999
2021 08 29 23   278   228 10128   230    62     4     0 -9999
2021 08 30 00   272   222 10132   240    46     6     0    40
2021 08 30 01   267   228 10137   250    26     4     0 -9999
2021 08 30 02   261   222 10141   260    26     2     0 -9999
2021 08 30 03   256   211 10145   270    26     2     0 -9999
2021 08 30 04   244   194 10147   300    31     2     0 -9999
2021 08 30 05   233   183 10152   300    31     2     0 -9999
2021 08 30 06   228   183 10156   310    26     4     0 -9999
2021 08 30 07   217   178 10154   310    31     4     0 -9999
2021 08 30 08   211   172 10151   300    15     4     0 -9999
2021 08 30 09   206   178 10152     0     0     4     0 -9999
2021 08 30 10   200   172 10155   300    15     2     0 -9999
2021 08 30 11   194   172 10155     0     0     2     0 -9999
2021 08 30 12   194   172 10157   290    15     2     0 -9999
2021 08 30 13   217   172 10157   330    21     2     0 -9999
2021 08 30 14   239   167 10156   360    31     2     0 -9999
2021 08 30 15   250   161 10154    10    31     2     0 -9999
2021 08 30 16   261   156 10151    40    26     2     0 -9999
2021 08 30 17   272   150 10148    60    21     2     0 -9999
2021 08 30 18   278   144 10140    80    15     2     0 -9999
2021 08 30 19   283   144 10129    20    15     2     0 -9999
2021 08 30 20   283   139 10120 -9999    21     2     0 -9999
2021 08 30 21   289   128 10120   110    36     2     0 -9999
2021 08 30 22   278   150 10122   120    46     2     0 -9999
2021 08 30 23   267   150 10120   120    41     2     0 -9999
2021 08 31 00   261   150 10117   100    26     2     0 -9999
2021 08 31 01   256   150 10120    70    36     2     0 -9999
2021 08 31 02   244   156 10127    80    26     4     0 -9999
2021 08 31 03   239   161 10127   100    21     2     0 -9999
2021 08 31 04   222   167 10123   110    21     2     0 -9999
2021 08 31 05   228   161 10120   160    15 -9999     0 -9999
2021 08 31 06   217   167 10114     0     0     2     0 -9999
2021 08 31 07   211   167 10110     0     0     0     0 -9999
2021 08 31 08   211   167 10108     0     0     0     0 -9999
2021 08 31 09   200   167 10103     0     0     0     0 -9999
2021 08 31 10   194   161 10103   250    15     2     0 -9999
2021 08 31 11   194   156 10106     0     0     4     0 -9999
2021 08 31 12   194   150 10109     0     0     6     0 -9999
2021 08 31 13   222   156 10110     0     0     4     0 -9999
2021 08 31 14   239   128 10108   140    15 -9999     0 -9999
2021 08 31 15   256   139 10108   100    31     4     0 -9999
2021 08 31 16   267   133 10107   110    36     4     0 -9999
2021 08 31 17   272   139 10104    50    46     4     0 -9999
2021 08 31 18   267   139 10103   100    36     6     0 -9999
2021 08 31 19   272   133 10097    70    41 -9999     0 -9999
2021 08 31 20   267   133 10093    70    57 -9999     0 -9999
2021 08 31 21   261   133 10090    60    62 -9999     0 -9999
2021 08 31 22   256   139 10088    80    62 -9999     0 -9999
2021 08 31 23   250   133 10091    50    57 -9999     0 -9999
2021 09 01 00   239   167 10092    30    62     6     0 -9999
2021 09 01 01   233   178 10096    30    72 -9999    -1 -9999
2021 09 01 02   228   178 10102    40    46 -9999    -1 -9999
2021 09 01 03   233   178 10106    40    57 -9999     0 -9999
2021 09 01 04   228   172 10105    30    57 -9999     0 -9999
2021 09 01 05   233   161 10102    50    72 -9999     0 -9999
2021 09 01 06   233   161 10101    60    51     6     0    -1
2021 09 01 07   222   156 10104    50    51     2     0 -9999
2021 09 01 08   222   156 10107    50    46 -9999     0 -9999
2021 09 01 09   222   150 10109    60    51 -9999     0 -9999
2021 09 01 10   222   150 10113    70    51 -9999     0 -9999
2021 09 01 11   211   144 10119    60    46     2     0 -9999
2021 09 01 12   211   144 10129    70    41     2     0 -9999
2021 09 01 13   217   150 10136    50    51     2     0 -9999
2021 09 01 14   217   144 10142    50    62 -9999     0 -9999
2021 09 01 15   233   144 10146    60    51 -9999     0 -9999
2021 09 01 16   233   139 10148    80    62 -9999     0 -9999
2021 09 01 17   239   139 10151    40    62 -9999     0 -9999
2021 09 01 18   239   133 10152    40    57     4     0 -9999
2021 09 01 19   239   122 10150    50    82     2     0 -9999
2021 09 01 20   244   144 10152    30    77     4     0 -9999
2021 09 01 21   239   128 10152    40    72     2     0 -9999
2021 09 01 22   233   111 10154    30    62     2     0 -9999
2021 09 01 23   228   111 10158    20    67     2     0 -9999
2021 09 02 00   217   133 10159    20    72     2     0 -9999
2021 09 02 01   206   133 10161    20    62     2     0 -9999
2021 09 02 02   200   122 10167   360    41     0     0 -9999
2021 09 02 03   183   128 10167   360    36     0     0 -9999
2021 09 02 04   178   128 10170   360    36     0     0 -9999
2021 09 02 05   178   133 10170   350    31     0     0 -9999
2021 09 02 06   178   139 10172   340    31     0     0 -9999
2021 09 02 07   178   139 10170   330    26     0     0 -9999
2021 09 02 08   178   144 10173   320    21     0     0 -9999
2021 09 02 09   183   144 10184   340    26     4     0 -9999
2021 09 02 10   178   144 10182    20    26     2     0 -9999
2021 09 02 11   172   139 10192     0     0     2     0 -9999
2021 09 02 12   172   144 10199     0     0     2     0 -9999
2021 09 02 13   200   150 10200     0     0     2     0 -9999
2021 09 02 14   211   128 10200   160    36     2     0 -9999
2021 09 02 15   222   133 10203   180    15     2     0 -9999
2021 09 02 16   233   128 10204   140    21     2     0 -9999
2021 09 02 17   244   128 10201   300    15     4     0 -9999
2021 09 02 18   250   117 10198    90    26     6     0 -9999
2021 09 02 19   256   106 10197     0     0 -9999     0 -9999
2021 09 02 20   250   122 10193    90    41 -9999     0 -9999
2021 09 02 21   250   117 10191    90    51 -9999     0 -9999
2021 09 02 22   244   122 10191    90    51 -9999     0 -9999
2021 09 02 23   233   122 10191    80    57 -9999     0 -9999
2021 09 03 00   222   122 10195    90    41     6     0 -9999
2021 09 03 01   222   128 10194    90    41 -9999     0 -9999
2021 09 03 02   217   133 10197    90    26 -9999     0 -9999
2021 09 03 03   217   139 10188    90    46 -9999     0 -9999
2021 09 03 04   206   139 10192   110    21 -9999     0 -9999
2021 09 03 05   206   139 10184   100    26 -9999     0 -9999
2021 09 03 06   200   139 10191     0     0     8     0 -9999
2021 09 03 07   194   150 10187   150    26 -9999     0 -9999
2021 09 03 08   194   144 10189   140    15 -9999     0 -9999
2021 09 03 09   194   150 10187   140    15 -9999     0 -9999
2021 09 03 10   189   144 10185   160    15 -9999     0 -9999
2021 09 03 11   178   128 10187   150    26 -9999     0 -9999
2021 09 03 12   178   122 10194   170    26     6     0 -9999
2021 09 03 13   194   122 10194   150    36 -9999     0 -9999
2021 09 03 14   211   117 10193   160    46 -9999     0 -9999
2021 09 03 15   217   122 10194   180    31 -9999     0 -9999
2021 09 03 16   222   128 10193   170    36 -9999     0 -9999
2021 09 03 17   233   128 10191   160    41 -9999     0 -9999
2021 09 03 18   228   128 10189   180    26     8    -1     0
2021 09 03 19   222   144 10185   180    31 -9999    -1 -9999
2021 09 03 20   217   161 10178   160    31 -9999     3 -9999
2021 09 03 21   217   161 10162   130    46 -9999    -1 -9999
2021 09 03 22   222   150 10156   140    41 -9999    -1 -9999
2021 09 03 23   222   144 10157   150    41 -9999     0 -9999
2021 09 04 00   222   144 10153   140    36     8     0     3
2021 09 04 01   217   150 10155   130    21 -9999     0 -9999
2021 09 04 02   217   144 10160   150    26 -9999     0 -9999
2021 09 04 03   217   144 10158   150    31 -9999     0 -9999
2021 09 04 04   211   144 10156   130    36 -9999    -1 -9999
2021 09 04 05   211   139 10151   140    41 -9999     0 -9999
2021 09 04 06   211   139 10147   150    31     8     0     0
2021 09 04 07   211   139 10142   170    26 -9999     0 -9999
2021 09 04 08   211   139 10134   170    57 -9999     0 -9999
2021 09 04 09   206   139 10133   170    36 -9999     0 -9999
2021 09 04 10   194   150 10132   170    41 -9999     0 -9999
2021 09 04 11   189   150 10130   180    36 -9999     0 -9999
2021 09 04 12   189   150 10127   170    46     8     0 -9999
2021 09 04 13   194   150 10123   180    41 -9999     0 -9999
2021 09 04 14   200   150 10119   180    41 -9999     0 -9999
2021 09 04 15   200   156 10120   200    57 -9999    -1 -9999
2021 09 04 16   211   167 10119   230    41 -9999    -1 -9999
2021 09 04 17   217   167 10114   220    46 -9999     0 -9999
2021 09 04 18   222   172 10108   220    31     8     0    -1
2021 09 04 19   222   178 10105   260    36 -9999     0 -9999
2021 09 04 20   222   178 10102   220    31 -9999     0 -9999
2021 09 04 21   228   189 10096   230    36 -9999     0 -9999
2021 09 04 22   228   189 10096   260    26 -9999     0 -9999
2021 09 04 23   228   189 10093   270    21 -9999     0 -9999
2021 09 05 00   217   189 10097   310    62     8    -1    -1
2021 09 05 01   206   183 -9999   330    36 -9999     0 -9999
2021 09 05 02   200   172 10112   320    51 -9999     0 -9999
2021 09 05 03   194   161 10113   320    36     2     0 -9999
2021 09 05 04   183   156 10115   320    31     2     0 -9999
2021 09 05 05   178   156 10117   290    21     2     0 -9999
2021 09 05 06   172   150 10117   290    26     0     0    -1
2021 09 05 07   167   144 10115   290    26     0     0 -9999
2021 09 05 08   161   144 10113   270    21     0     0 -9999
2021 09 05 09   161   144 10111   280    26     0     0 -9999
2021 09 05 10   161   139 10110   280    36     0     0 -9999
2021 09 05 11   156   133 10115   280    21     0     0 -9999
2021 09 05 12   156   139 10118   270    21     2     0 -9999
2021 09 05 13   172   139 10123   290    26     2     0 -9999
2021 09 05 14   200   139 10127   280    36     0     0 -9999
2021 09 05 15   217   128 10130   280    31     0     0 -9999
2021 09 05 16   233   122 10130 -9999    26     0     0 -9999
2021 09 05 17   250   111 10127   290    36     2     0 -9999
2021 09 05 18   261    89 10122   270    46     2     0 -9999
2021 09 05 19   267   100 10115   300    57 -9999     0 -9999
2021 09 05 20   272   106 10109   280    36     4     0 -9999
2021 09 05 21   278   100 10106   270    62     4     0 -9999
2021 09 05 22   267    94 10107   300    57     4     0 -9999
2021 09 05 23   267    94 10106   260    51     4     0 -9999
2021 09 06 00   256   100 10106   270    41     4     0 -9999
2021 09 06 01   239    94 10106   240    31     2     0 -9999
2021 09 06 02   228    94 10112   230    31     0     0 -9999
2021 09 06 03   217   106 10114   230    41     0     0 -9999
2021 09 06 04   217   111 10110   230    46     4     0 -9999
2021 09 06 05   217   111 10113   240    51 -9999     0 -9999
2021 09 06 06   211   117 10115   250    41     6     0 -9999
2021 09 06 07   194   122 10121   280    36     4     0 -9999
2021 09 06 08   189   128 10122   290    26     2     0 -9999
2021 09 06 09   183   128 10126   290    31     4     0 -9999
2021 09 06 10   178   128 10127   270    21     2     0 -9999
2021 09 06 11   167   122 10128   290    15     2     0 -9999
2021 09 06 12   161   128 10134     0     0     2     0 -9999
2021 09 06 13   189   139 10140   340    15     2     0 -9999
2021 09 06 14   211   144 10145    10    15     2     0 -9999
2021 09 06 15   228   128 10150   360    15     2     0 -9999
2021 09 06 16   239   111 10147     0     0     2     0 -9999
2021 09 06 17   250   117 10142   320    21     2     0 -9999
2021 09 06 18   256   106 10139     0     0     2     0 -9999
2021 09 06 19   261   100 10135     0     0     4     0 -9999
2021 09 06 20   272    94 10127     0     0     4     0 -9999
2021 09 06 21   267   122 10122    90    41     4     0 -9999
2021 09 06 22   256   128 10121    80    41     2     0 -9999
2021 09 06 23   244   128 10118    90    51     2     0 -9999
2021 09 07 00   228   133 10117   100    41     2     0 -9999
2021 09 07 01   211   139 10116   120    46     0     0 -9999
2021 09 07 02   206   144 10120   130    31     0     0 -9999
2021 09 07 03   200   144 10119   140    26     0     0 -9999
2021 09 07 04   200   139 10119     0     0     0     0 -9999
2021 09 07 05   194   139 10118   160    31     0     0 -9999
2021 09 07 06   194   133 10112   180    31     0     0 -9999
2021 09 07 07   189   128 10103   170    36     0     0 -9999
2021 09 07 08   189   133 10095   190    36 -9999     0 -9999
2021 09 07 09   189   139 10096   200    15     4     0 -9999
2021 09 07 10   194   161 10097   210    36     0     0 -9999
2021 09 07 11   200   172 10093   220    51     2     0 -9999
2021 09 07 12   206   172 10089   210    46     2     0 -9999
2021 09 07 13   222   172 10085   230    77     4     0 -9999
2021 09 07 14   233   172 10078   220    51 -9999     0 -9999
2021 09 07 15   250   178 10071   220    67 -9999     0 -9999
2021 09 07 16   278   178 10060   210    77 -9999     0 -9999
2021 09 07 17   294   167 10042   210    98 -9999     0 -9999
2021 09 07 18   311   167 10024   210    88     6     0 -9999
2021 09 07 19   300   178 10035   220    82 -9999     0 -9999
2021 09 07 20   206   178 10038   360    41 -9999    -1 -9999
2021 09 07 21   222   200 10031   270    31 -9999    -1 -9999
2021 09 07 22   228   206 10044   350    41 -9999    -1 -9999
2021 09 07 23   244   200 10046   310    46     4     0 -9999
2021 09 08 00   239   194 10051   330    36     4     0    -1
2021 09 08 01   233   178 10061   310    31     2     0 -9999
2021 09 08 02   217   161 10069   300    26     4     0 -9999
2021 09 08 03   211   133 10073   300    36     2     0 -9999
2021 09 08 04   206   128 10076   300    36     0     0 -9999
2021 09 08 05   200   122 10075   280    21     0     0 -9999
2021 09 08 06   189   117 10075   290    26     0     0 -9999
2021 09 08 07   178   117 10073   260    36     0     0 -9999
2021 09 08 08   172   111 10076   270    31     0     0 -9999
2021 09 08 09   172   106 10079   300    41     0     0 -9999
2021 09 08 10   167   106 10083   290    26     0     0 -9999
2021 09 08 11   156   106 10083   250    21     0     0 -9999
2021 09 08 12   150   111 10089   280    31     0     0 -9999
2021 09 08 13   167   111 10089   290    36     0     0 -9999
2021 09 08 14   194   117 10089   280    36     0     0 -9999
2021 09 08 15   217    94 10092   300    41     0     0 -9999
2021 09 08 16   233    94 10092   260    67     0     0 -9999
2021 09 08 17   244    89 10089   250    72     2     0 -9999
2021 09 08 18   256    89 10086   280    67     4     0 -9999
2021 09 08 19   244    67 10083   290    82     4     0 -9999
2021 09 08 20   261    89 10084   310    72     4     0 -9999
2021 09 08 21   244   100 10088   320    82 -9999     0 -9999
2021 09 08 22   244    94 10094   320    77 -9999     0 -9999
2021 09 08 23   228   100 10102   330    51 -9999     0 -9999
2021 09 09 00   217   106 10106   320    46     6     0 -9999
2021 09 09 01   206   100 10109   330    46 -9999     0 -9999
2021 09 09 02   200   106 10117   320    46 -9999     0 -9999
2021 09 09 03   200   111 10120   330    46 -9999     0 -9999
2021 09 09 04   183   111 10122   330    26     2     0 -9999
2021 09 09 05   183   111 10125   320    36 -9999     0 -9999
2021 09 09 06   172   111 10124   320    26     2     0 -9999
2021 09 09 07   167   111 10127   300    21     0     0 -9999
2021 09 09 08   156   111 10129   290    31     0     0 -9999
2021 09 09 09   156   111 10134   320    41     2     0 -9999
2021 09 09 10   150   111 10135   320    31     0     0 -9999
2021 09 09 11   144   111 10138   320    31     2     0 -9999
2021 09 09 12   144   111 10148   310    36     2     0 -9999
2021 09 09 13   156   122 10154   330    21     2     0 -9999
2021 09 09 14   178   122 10157   340    21     2     0 -9999
2021 09 09 15   200   111 10162    40    26     2     0 -9999
2021 09 09 16   217   100 10164   360    26     2     0 -9999
2021 09 09 17   228   100 10162    10    21     2     0 -9999
2021 09 09 18   239   100 10158   310    21     2     0 -9999
2021 09 09 19   239    94 10157     0     0     4     0 -9999
2021 09 09 20   233    89 10155   330    31     4     0 -9999
2021 09 09 21   233    89 10152   330    21     4     0 -9999
2021 09 09 22   233   106 10151   100    26     4     0 -9999
2021 09 09 23   222   106 10153    90    41     4     0 -9999
2021 09 10 00   211   106 10156   100    36     4     0 -9999
2021 09 10 01   194   111 10158   110    31     2     0 -9999
2021 09 10 02   189   111 10162   150    21     4     0 -9999
2021 09 10 03   189   117 10168   170    15     2     0 -9999
2021 09 10 04   183   117 10170   180    15     2     0 -9999
2021 09 10 05   178   117 10173   190    21     2     0 -9999
2021 09 10 06   172   117 10173   200    21     6     0 -9999
2021 09 10 07   178   111 10173     0     0 -9999     0 -9999
2021 09 10 08   161   111 10171     0     0     2     0 -9999
2021 09 10 09   161   111 10176     0     0 -9999     0 -9999
2021 09 10 10   161   111 10174   200    15     2     0 -9999
2021 09 10 11   156   111 10182     0     0     2     0 -9999
2021 09 10 12   150   117 10184     0     0     2     0 -9999
2021 09 10 13   167   122 10188   240    15     2     0 -9999
2021 09 10 14   194   128 10189   240    21     0     0 -9999
2021 09 10 15   211   122 10189 -9999    26     0     0 -9999
2021 09 10 16   233   122 10187   280    31     0     0 -9999
2021 09 10 17   244   106 10183   190    31     2     0 -9999
2021 09 10 18   250   111 10176   230    31     4     0 -9999
2021 09 10 19   256   106 10172   220    57     4     0 -9999
2021 09 10 20   256   106 10164   230    41     4     0 -9999
2021 09 10 21   261   106 10155   230    41     2     0 -9999
2021 09 10 22   256   111 10150   200    36     2     0 -9999
2021 09 10 23   256   106 10150   210    41     2     0 -9999
2021 09 11 00   244   111 10149   190    36     2     0 -9999
2021 09 11 01   228   111 10154   180    31     2     0 -9999
2021 09 11 02   217   111 10156   180    31     2     0 -9999
2021 09 11 03   211   117 10153   180    36     4     0 -9999
2021 09 11 04   211   117 10152   180    41     4     0 -9999
2021 09 11 05   206   122 10149   190    36     4     0 -9999
2021 09 11 06   200   128 10148   190    31     4     0 -9999
2021 09 11 07   194   128 10144   170    21     4     0 -9999
2021 09 11 08   189   133 10136   170    36     4     0 -9999
2021 09 11 09   194   139 10134   190    36     4     0 -9999
2021 09 11 10   194   144 10132   190    31     4     0 -9999
2021 09 11 11   189   144 10134   180    31     4     0 -9999
2021 09 11 12   183   144 10136   200    31     2     0 -9999
2021 09 11 13   194   156 10136   210    31     2     0 -9999
2021 09 11 14   211   161 10134   210    51     2     0 -9999
2021 09 11 15   222   167 10135   240    51     0     0 -9999
2021 09 11 16   239   172 10133   210    41     0     0 -9999
2021 09 11 17   261   178 10129   220    41     0     0 -9999
2021 09 11 18   272   183 10126   190    36     0     0 -9999
2021 09 11 19   289   189 10118   210    57     2     0 -9999
2021 09 11 20   294   194 10111   210    51 -9999     0 -9999
2021 09 11 21   300   194 10108   230    57 -9999     0 -9999
2021 09 11 22   300   194 10104   220    46 -9999     0 -9999
2021 09 11 23   300   194 10103   230    41     4     0 -9999
2021 09 12 00   289   183 10101   210    67     6     0 -9999
2021 09 12 01   278   183 10114   260    36 -9999     0 -9999
2021 09 12 02   267   183 10121   230    26 -9999     0 -9999
2021 09 12 03   261   183 10129   220    26 -9999     0 -9999
2021 09 12 04   250   189 10129   200    26 -9999     0 -9999
2021 09 12 05   244   183 10126   190    41 -9999     0 -9999
2021 09 12 06   244   183 10125   210    36     6     0 -9999
2021 09 12 07   239   183 10125   210    41 -9999     0 -9999
2021 09 12 08   233   178 10124   210    46 -9999     0 -9999
2021 09 12 09   228   178 10124   220    51 -9999     0 -9999
2021 09 12 10   228   178 10125   220    62     4     0 -9999
2021 09 12 11   222   178 10129   220    51     4     0 -9999
2021 09 12 12   222   178 10133   220    51     6     0 -9999
2021 09 12 13   222   178 10135   230    46 -9999     0 -9999
2021 09 12 14   239   178 10139   230    57     2     0 -9999
2021 09 12 15   256   178 10144   240    57     4     0 -9999
2021 09 12 16   267   178 10143   250    41 -9999     0 -9999
2021 09 12 17   278   183 10136   240    46 -9999     0 -9999
2021 09 12 18   289   178 10144   260    57     6     0 -9999
2021 09 12 19   289   178 10140   220    57     4     0 -9999
2021 09 12 20   300   178 10135 -9999    31 -9999     0 -9999
2021 09 12 21   300   178 10137   250    57 -9999     0 -9999
2021 09 12 22   300   183 10135   240    36 -9999     0 -9999
2021 09 12 23   294   178 10146   250    46 -9999     0 -9999
2021 09 13 00   222   194 10155    30    57     6     0 -9999
2021 09 13 01   217   189 10166    20    67 -9999     0 -9999
2021 09 13 02   206   178 10177    20    67 -9999     0 -9999
2021 09 13 03   200   178 10174    80    31     4     0 -9999
2021 09 13 04   206   183 10180    50    31     4     0 -9999
2021 09 13 05   206   183 10178    60    36 -9999     0 -9999
2021 09 13 06   206   183 10178    90    15     6     0 -9999
2021 09 13 07   200   183 10173   120    26     4     0 -9999
2021 09 13 08   206   183 10168    70    21     4     0 -9999
2021 09 13 09   206   183 10172    20    21 -9999     0 -9999
2021 09 13 10   211   194 10175    60    36 -9999     0 -9999
2021 09 13 11   211   189 10172    90    31 -9999     0 -9999
2021 09 13 12   217   178 10174   100    31     8     0 -9999
2021 09 13 13   217   189 10180   160    26 -9999     0 -9999
2021 09 13 14   228   200 10171   170    31 -9999     0 -9999
2021 09 13 15   239   194 10175   240    15 -9999     0 -9999
2021 09 13 16   256   194 10171     0     0 -9999     0 -9999
2021 09 13 17   267   194 10164   200    21     4     0 -9999
2021 09 13 18   278   194 10160     0     0     4     0 -9999
2021 09 13 19   300   194 10150    60    21 -9999     0 -9999
2021 09 13 20   300   189 10139   200    41 -9999     0 -9999
2021 09 13 21   306   178 10134   240    51 -9999     0 -9999
2021 09 13 22   306   167 10137   230    46 -9999     0 -9999
2021 09 13 23   256   200 10139    50    62 -9999     0 -9999
2021 09 14 00   239   200 10138    70    36     6     0 -9999
2021 09 14 01   233   200 10139    60    31 -9999     0 -9999
2021 09 14 02   228   200 10137    70    15 -9999     0 -9999
2021 09 14 03   222   200 10135   110    15 -9999     0 -9999
2021 09 14 04   217   200 10129   140    26 -9999     0 -9999
2021 09 14 05   222   183 10122   180    26     2     0 -9999
2021 09 14 06   222   167 10114   180    31     4     0 -9999
2021 09 14 07   239   178 10110   200    41 -9999     0 -9999
2021 09 14 08   239   189 10103   210    46 -9999     0 -9999
2021 09 14 09   239   194 10097   210    57 -9999     0 -9999
2021 09 14 10   239   194 10093   210    62 -9999     0 -9999
2021 09 14 11   239   194 10087   210    57 -9999     0 -9999
2021 09 14 12   233   200 10089   210    72     4     0 -9999
2021 09 14 13   239   200 10088   210    67     2     0 -9999
2021 09 14 14   250   200 10086   220    62     2     0 -9999
2021 09 14 15   272   194 10084   230    72     2     0 -9999
2021 09 14 16   278   194 10083   230    93 -9999     0 -9999
2021 09 14 17   289   194 10081   240    67 -9999     0 -9999
2021 09 14 18   289   189 10080   230    88     6     0 -9999
2021 09 14 19   283   183 10078   240    72 -9999     0 -9999
2021 09 14 20   283   189 10076   260    51 -9999     0 -9999
2021 09 14 21   289   161 10078   280    67 -9999     0 -9999
2021 09 14 22   278   161 10082   310    72 -9999     0 -9999
2021 09 14 23   250   139 10093   310    77 -9999     0 -9999
2021 09 15 00   222   139 10099   300    62     6     0 -9999
2021 09 15 01   206   133 10108   320    82 -9999     0 -9999
2021 09 15 02   200   133 10117   320    57 -9999     0 -9999
2021 09 15 03   200   133 10121   310    41 -9999     0 -9999
2021 09 15 04   194   133 10130   310    26 -9999     0 -9999
2021 09 15 05   194   133 10133   280    21 -9999     0 -9999
2021 09 15 06   194   139 10130   270    15     6     0 -9999
2021 09 15 07   183   133 10130   310    21 -9999     0 -9999
2021 09 15 08   178   133 10133   310    26     0     0 -9999
2021 09 15 09   167   133 10134   300    21     0     0 -9999
2021 09 15 10   156   133 10140   290    21     2     0 -9999
2021 09 15 11   156   128 10145   290    26     2     0 -9999
2021 09 15 12   150   128 10151   280    15     4     0 -9999
2021 09 15 13   161   133 10161   280    21     2     0 -9999
2021 09 15 14   189   128 10163    10    46     2     0 -9999
2021 09 15 15   211   128 10165    20    26     2     0 -9999
2021 09 15 16   228    89 10169   350    15     2     0 -9999
2021 09 15 17   239    89 10168 -9999    26     4     0 -9999
2021 09 15 18   233    83 10166    30    26     6     0 -9999
2021 09 15 19   256    83 10162    40    36 -9999     0 -9999
2021 09 15 20   233    83 10160    60    41     4     0 -9999
2021 09 15 21   244    94 10159    50    41     4     0 -9999
2021 09 15 22   239   100 10160    80    41     2     0 -9999
2021 09 15 23   222   106 10165    70    46     2     0 -9999
2021 09 16 00   211   117 10167    90    41     0     0 -9999
2021 09 16 01   200   117 10174   110    31     0     0 -9999
2021 09 16 02   194   111 10182    90    26     0     0 -9999
2021 09 16 03   189   111 10183   100    26     0     0 -9999
2021 09 16 04   183   111 10185     0     0     0     0 -9999
2021 09 16 05   172   111 10184     0     0     0     0 -9999
2021 09 16 06   156   111 10184     0     0     0     0 -9999
2021 09 16 07   150   111 10182     0     0     0     0 -9999
2021 09 16 08   150   111 10180     0     0     0     0 -9999
2021 09 16 09   144   111 10180     0     0     0     0 -9999
2021 09 16 10   144   111 10183     0     0     0     0 -9999
2021 09 16 11   139   111 10187     0     0     0     0 -9999
2021 09 16 12   139   111 10195     0     0     0     0 -9999
2021 09 16 13   167   106 10199     0     0     0     0 -9999
2021 09 16 14   194    94 10200   180    36     0     0 -9999
2021 09 16 15   222   117 10198   180    41     0     0 -9999
2021 09 16 16   250   106 10196   140    57     0     0 -9999
2021 09 16 17   261   100 10189   190    51     0     0 -9999
2021 09 16 18   267   100 10185   180    36     0     0 -9999
2021 09 16 19   272    89 10177   160    51     0     0 -9999
2021 09 16 20   272   100 10171   150    41     0     0 -9999
2021 09 16 21   278   106 10166   190    36     0     0 -9999
2021 09 16 22   272   106 10165   170    46     0     0 -9999
2021 09 16 23   267   106 10164   170    41     0     0 -9999
2021 09 17 00   250   122 10168   130    36     0     0 -9999
2021 09 17 01   228   128 10171   120    36     0     0 -9999
2021 09 17 02   217   139 10171   130    36     0     0 -9999
2021 09 17 03   211   150 10168   140    21     0     0 -9999
2021 09 17 04   206   156 10168   150    21     0     0 -9999
2021 09 17 05   206   144 10167   160    26     0     0 -9999
2021 09 17 06   200   133 10168   190    21     0     0 -9999
2021 09 17 07   194   128 10168   180    26     0     0 -9999
2021 09 17 08   183   133 10163   180    26     0     0 -9999
2021 09 17 09   189   144 10163   180    31     0     0 -9999
2021 09 17 10   194   161 10170   210    26     0     0 -9999
2021 09 17 11   189   161 10177   260    15     4     0 -9999
2021 09 17 12   183   156 10182   220    21     2     0 -9999
2021 09 17 13   194   172 10185   200    31     2     0 -9999
2021 09 17 14   228   183 10188   200    26     2     0 -9999
2021 09 17 15   250   172 10190   220    41     2     0 -9999
2021 09 17 16   267   161 10192   260    62     0     0 -9999
2021 09 17 17   283   144 10185   220    36     2     0 -9999
2021 09 17 18   289   144 10179   240    41     2     0 -9999
2021 09 17 19   306   139 10174   210    51     2     0 -9999
2021 09 17 20   306   133 10164   190    46     2     0 -9999
2021 09 17 21   311   117 10160   230    51     2     0 -9999
2021 09 17 22   311   106 10160   220    36     4     0 -9999
2021 09 17 23   306   117 10161   220    21 -9999     0 -9999
2021 09 18 00   233   189 10175   280    67     8    17     3
2021 09 18 01   206   189 -9999   250    41 -9999    40 -9999
2021 09 18 02   222   206 -9999     0     0 -9999    25 -9999
2021 09 18 03   228   206 10192 -9999    15 -9999     0 -9999
2021 09 18 04   217   178 10197    30    67 -9999     0 -9999
2021 09 18 05   211   178 10199    30    62 -9999     0 -9999
2021 09 18 06   206   172 10201    20    62     6     0   110
2021 09 18 07   206   172 10206    30    51 -9999     0 -9999
2021 09 18 08   200   161 10208    10    46 -9999     0 -9999
2021 09 18 09   194   156 10211    10    41 -9999     0 -9999
2021 09 18 10   189   150 10211    20    31     4     0 -9999
2021 09 18 11   194   144 10211    50    41     2     0 -9999
2021 09 18 12   194   133 10217    30    41     2     0 -9999
2021 09 18 13   206   156 10222    40    51     2     0 -9999
2021 09 18 14   211   156 10223    60    67     4     0 -9999
2021 09 18 15   222   161 10224    70    46     2     0 -9999
2021 09 18 16   233   167 10224    40    41     2     0 -9999
2021 09 18 17   239   172 10225    40    46     4     0 -9999
2021 09 18 18   239   178 10224    30    57     4     0 -9999
2021 09 18 19   239   172 10216    20    46     2     0 -9999
2021 09 18 20   250   172 10209    50    41     2     0 -9999
2021 09 18 21   244   167 10206    50    41     0     0 -9999
2021 09 18 22   233   161 10202    50    46     0     0 -9999
2021 09 18 23   222   156 10202    50    31     0     0 -9999
2021 09 19 00   206   150 10206    40    46     0     0 -9999
2021 09 19 01   200   144 10207    30    41     0     0 -9999
2021 09 19 02   194   150 10209    30    41     0     0 -9999
2021 09 19 03   200   156 10207    60    36     0     0 -9999
2021 09 19 04   194   156 10204    60    31     0     0 -9999
2021 09 19 05   194   161 10204    50    21     0     0 -9999
2021 09 19 06   189   161 10201    30    15     0     0 -9999
2021 09 19 07   189   161 10199    40    21     0     0 -9999
2021 09 19 08   189   167 10196   120    15     0     0 -9999
2021 09 19 09   194   172 10194     0     0     0     0 -9999
2021 09 19 10   189   167 10194     0     0     0     0 -9999
2021 09 19 11   189   167 10195     0     0     0     0 -9999
2021 09 19 12   189   167 10199     0     0     0     0 -9999
2021 09 19 13   206   172 10200   130    15     0     0 -9999
2021 09 19 14   222   172 10200   140    21     2     0 -9999
2021 09 19 15   239   178 10199   150    21     2     0 -9999
2021 09 19 16   267   178 10194     0     0     0     0 -9999
2021 09 19 17   283   183 10188     0     0     0     0 -9999
2021 09 19 18   300   183 10179   170    26     2     0 -9999
2021 09 19 19   306   172 10169   180    57     4     0 -9999
2021 09 19 20   311   178 10160 -9999    21     4     0 -9999
2021 09 19 21   306   183 10152 -9999    21     4     0 -9999
2021 09 19 22   300   183 10149   120    57 -9999     0 -9999
2021 09 19 23   289   178 10148   110    51 -9999     0 -9999
2021 09 20 00   272   183 10147   130    46     6     0 -9999
2021 09 20 01   261   183 10149   130    41 -9999     0 -9999
2021 09 20 02   256   189 10152   140    26 -9999     0 -9999
2021 09 20 03   250   189 10152   150    21 -9999     0 -9999
2021 09 20 04   256   183 10153   180    31 -9999     0 -9999
2021 09 20 05   250   178 10153   180    41 -9999     0 -9999
2021 09 20 06   244   178 10153   170    41     6     0 -9999
2021 09 20 07   239   183 10149   180    26 -9999     0 -9999
2021 09 20 08   233   183 10141   180    36 -9999     0 -9999
2021 09 20 09   233   183 10137   200    46 -9999     0 -9999
2021 09 20 10   228   189 10138   170    26 -9999     0 -9999
2021 09 20 11   222   194 10136   170    36 -9999     0 -9999
2021 09 20 12   222   194 10135   190    31     8    -1     0
2021 09 20 13   217   194 10135   160    46 -9999    -1 -9999
2021 09 20 14   211   200 10132   160    36 -9999     5 -9999
2021 09 20 15   222   206 10135   180    41 -9999     0 -9999
2021 09 20 16   228   206 10132   190    51 -9999    -1 -9999
2021 09 20 17   222   211 10129   190    26 -9999     5 -9999
2021 09 20 18   244   211 10125   190    36     6    -1    10
2021 09 20 19   256   222 10119   190    26 -9999     5 -9999
2021 09 20 20   261   206 10111   210    51 -9999     0 -9999
2021 09 20 21   267   206 10107   170    67 -9999     0 -9999
2021 09 20 22   272   200 10101   170    67 -9999     0 -9999
2021 09 20 23   267   194 10097   170    51     4     0 -9999
2021 09 21 00   261   194 10091   170    57     2     0     5
2021 09 21 01   256   206 10091   170    77     2     0 -9999
2021 09 21 02   250   211 10100   180    57 -9999     0 -9999
2021 09 21 03   250   211 10101   180    72 -9999     0 -9999
2021 09 21 04   244   211 10102   180    82 -9999    -1 -9999
2021 09 21 05   244   206 10105   190    77 -9999     3 -9999
2021 09 21 06   244   206 10102   190    67     8     3     3
2021 09 21 07   206   189 10111   220    72 -9999    10 -9999
2021 09 21 08   194   183 10112   260    51 -9999    23 -9999
2021 09 21 09   194   183 10112   210    46 -9999    -1 -9999
2021 09 21 10   194   183 10120   220    41 -9999     3 -9999
2021 09 21 11   194   183 10125   230    46 -9999     0 -9999
2021 09 21 12   189   178 10133   300    57     8     3    40
2021 09 21 13   161   150 10151   330    77 -9999    -1 -9999
2021 09 21 14   172   150 10158   330    46 -9999     3 -9999
2021 09 21 15   178   150 10168   350    62 -9999     0 -9999
2021 09 21 16   189   144 -9999   340    31 -9999     0 -9999
2021 09 21 17   189   144 10180   310    41 -9999     0 -9999
2021 09 21 18   194   139 10183   350    57     8     0     3
2021 09 21 19   200   139 10181   330    51 -9999     0 -9999
2021 09 21 20   189   122 10186   340    57 -9999     0 -9999
2021 09 21 21   183   117 10188   350    51 -9999     0 -9999
2021 09 21 22   178   117 10189    20    82 -9999    -1 -9999
2021 09 21 23   172   106 10197    10    67 -9999     0 -9999
2021 09 22 00   167   111 10200   350    51     8     0    -1
2021 09 22 01   167   106 10203   350    57 -9999     0 -9999
2021 09 22 02   167   111 10210   340    46 -9999     0 -9999
2021 09 22 03   167   111 10211   350    36 -9999     0 -9999
2021 09 22 04   161   117 10204   350    46 -9999     0 -9999
2021 09 22 05   167   111 10200   340    51 -9999    -1 -9999
2021 09 22 06   156   122 10196   360    67     8     3     3
2021 09 22 07   144   128 10198   360    46 -9999    33 -9999
2021 09 22 08   144   128 -9999   360    77 -9999    -1 -9999
2021 09 22 09   139   122 10190   350    77 -9999    20 -9999
2021 09 22 10   139   122 10195   360    67 -9999    10 -9999
2021 09 22 11   139   117 10202   350    67 -9999     0 -9999
2021 09 22 12   133   106 10195   350    82     6     0   100
2021 09 22 13   133   100 10197   350    77 -9999     0 -9999
2021 09 22 14   139    94 10195   340    82 -9999     0 -9999
2021 09 22 15   139    94 10209   330    67 -9999     0 -9999
2021 09 22 16   150    94 10199   350    93 -9999     0 -9999
2021 09 22 17   156    94 10202   350    93 -9999     0 -9999
2021 09 22 18   161    89 10191   360   103     6     0 -9999
2021 09 22 19   167    89 10189   360   108 -9999     0 -9999
2021 09 22 20   167    83 10190   350    88 -9999     0 -9999
2021 09 22 21   167    56 10188   360   108 -9999     0 -9999
2021 09 22 22   161    61 10190    30    72 -9999     0 -9999
2021 09 22 23   161    83 10186    20    62 -9999     0 -9999
2021 09 23 00   150    78 10185    20    57     6     0 -9999
2021 09 23 01   144    83 10185   350    51 -9999     0 -9999
2021 09 23 02   144    72 10186   340    57 -9999     0 -9999
2021 09 23 03   144    56 10179   340    57 -9999     0 -9999
2021 09 23 04   144    50 10174   350    72 -9999     0 -9999
2021 09 23 05   144    50 10167   340    72 -9999     0 -9999
2021 09 23 06   139    50 10163   340    67     8     0 -9999
2021 09 23 07   133    56 10154   340    67 -9999     0 -9999
2021 09 23 08   128    56 10151   330    51 -9999     0 -9999
2021 09 23 09   122    61 10149   320    62 -9999     0 -9999
2021 09 23 10   117    61 10149   320    62 -9999     0 -9999
2021 09 23 11   111    61 10144   320    62 -9999     0 -9999
2021 09 23 12   106    61 10149   310    57     6     0 -9999
2021 09 23 13   111    56 10152   310    67 -9999     0 -9999
2021 09 23 14   117    61 10153   320    67 -9999     0 -9999
2021 09 23 15   128    67 10150   330    62 -9999     0 -9999
2021 09 23 16   150    72 10147   320    57 -9999     0 -9999
2021 09 23 17   156    61 10143   300    62 -9999     0 -9999
2021 09 23 18   167    56 10142   330    72     6     0 -9999
2021 09 23 19   172    44 10137   320    51 -9999     0 -9999
2021 09 23 20   178    33 10132   340    51 -9999     0 -9999
2021 09 23 21   194    33 10129   310    57     4     0 -9999
2021 09 23 22   189    28 10132   340    51     4     0 -9999
2021 09 23 23   183    28 10135   340    41     2     0 -9999
2021 09 24 00   172    22 10137   320    26     2     0 -9999
2021 09 24 01   150    44 10140     0     0     2     0 -9999
2021 09 24 02   144    44 10139   160    15     2     0 -9999
2021 09 24 03   128    56 10140   200    15     2     0 -9999
2021 09 24 04   128    50 10138   230    31     2     0 -9999
2021 09 24 05   128    56 10137   250    36     0     0 -9999
2021 09 24 06   133    61 10137   260    36     0     0 -9999
2021 09 24 07   139    72 10140   270    41     0     0 -9999
2021 09 24 08   133    72 10140   250    41     0     0 -9999
2021 09 24 09   122    72 10140   240    41     0     0 -9999
2021 09 24 10   122    67 10147   250    41     0     0 -9999
2021 09 24 11   117    67 10152   250    31     0     0 -9999
2021 09 24 12   111    67 10153   240    41     4     0 -9999
2021 09 24 13   122    67 10154   230    36 -9999     0 -9999
2021 09 24 14   150    72 10155   230    36 -9999     0 -9999
2021 09 24 15   178    72 10156   230    51 -9999     0 -9999
2021 09 24 16   194    72 10152   200    51 -9999     0 -9999
2021 09 24 17   217    78 10142   200    57     4     0 -9999
2021 09 24 18   239    83 10131   190    77     2     0 -9999
2021 09 24 19   250    83 10117   190    93     4     0 -9999
2021 09 24 20   256    83 10108   200    67     4     0 -9999
2021 09 24 21   250    83 10101   190    82     4     0 -9999
2021 09 24 22   256    78 10097   200    98 -9999     0 -9999
2021 09 24 23   250    78 10099   210    72 -9999     0 -9999
2021 09 25 00   228   106 10097   210    41     6     5     5
2021 09 25 01   228    94 10092   200    57 -9999     0 -9999
2021 09 25 02   222   100 10091   200    72 -9999    -1 -9999
2021 09 25 03   206   117 -9999   290    82 -9999    -1 -9999
2021 09 25 04   161   144 10113   310    57 -9999    15 -9999
2021 09 25 05   139   117 10127   310    72 -9999     5 -9999
2021 09 25 06   133   100 10132   310    57     8     5    30
2021 09 25 07   122    89 10139   310    41 -9999     0 -9999
2021 09 25 08   122    94 10141   290    31 -9999     0 -9999
2021 09 25 09   117    94 10148   280    31 -9999     0 -9999
2021 09 25 10   111    89 10152   260    36     4     0 -9999
2021 09 25 11   106    89 10158   260    36     2     0 -9999
2021 09 25 12   100    83 10159   240    31     2     0 -9999
2021 09 25 13   111    94 10160   230    36     2     0 -9999
2021 09 25 14   133   100 10163   250    46     2     0 -9999
2021 09 25 15   144   100 10160   250    41     4     0 -9999
2021 09 25 16   161    94 10163   240    41     4     0 -9999
2021 09 25 17   178    44 10167   280    57     4     0 -9999
2021 09 25 18   189    39 10166   280    57     4     0 -9999
2021 09 25 19   194    33 10159   290    62     4     0 -9999
2021 09 25 20   206    17 10149   260    62     4     0 -9999
2021 09 25 21   200    11 10147   270    57     4     0 -9999
2021 09 25 22   200    11 10146   250    51     4     0 -9999
2021 09 25 23   200     0 10146   260    67     4     0 -9999
2021 09 26 00   189     6 10148   260    41     6     0 -9999
2021 09 26 01   178    22 10151   240    26 -9999     0 -9999
2021 09 26 02   172    28 10151   250    36 -9999     0 -9999
2021 09 26 03   172    28 10148   220    31 -9999     0 -9999
2021 09 26 04   161    28 10149   230    41 -9999     0 -9999
2021 09 26 05   161    28 10147   230    46 -9999     0 -9999
2021 09 26 06   156    33 10144   220    36     4     0 -9999
2021 09 26 07   144    39 10142   220    41     0     0 -9999
2021 09 26 08   144    44 10142   230    36     0     0 -9999
2021 09 26 09   139    44 10141   230    46     0     0 -9999
2021 09 26 10   128    50 10141   230    36     0     0 -9999
2021 09 26 11   122    50 10144   220    31     0     0 -9999
2021 09 26 12   122    56 10144   220    41     2     0 -9999
2021 09 26 13   133    56 10146   220    41     2     0 -9999
2021 09 26 14   156    61 10147   240    46     2     0 -9999
2021 09 26 15   189    72 10145   220    67     4     0 -9999
2021 09 26 16   222    78 10143   240    51     2     0 -9999
2021 09 26 17   239    78 10137   220    57     2     0 -9999
2021 09 26 18   256    72 10129   230    72     2     0 -9999
2021 09 26 19   272    67 10118   240    88 -9999     0 -9999
2021 09 26 20   278    67 10109   230    67 -9999     0 -9999
2021 09 26 21   272    67 10104   230    57 -9999     0 -9999
2021 09 26 22   272    72 10101   210    82 -9999     0 -9999
2021 09 26 23   267    78 10093   200    62 -9999     0 -9999
2021 09 27 00   256    78 10090   200    57     6     0 -9999
2021 09 27 01   250    83 10094   200    51 -9999     0 -9999
2021 09 27 02   244    89 10102   210    67 -9999     0 -9999
2021 09 27 03   233    94 10101   210    62     4     0 -9999
2021 09 27 04   222   106 10097   210    57     2     0 -9999
2021 09 27 05   217   111 10090   210    72     2     0 -9999
2021 09 27 06   211   117 10087   210    62     2     0 -9999
2021 09 27 07   206   122 10082   210    72     2     0 -9999
2021 09 27 08   200   128 10078   220    57     4     0 -9999
2021 09 27 09   194   133 10076   220    57     2     0 -9999
2021 09 27 10   194   133 10075   220    46     0     0 -9999
2021 09 27 11   194   133 10077   220    51     2     0 -9999
2021 09 27 12   189   133 10080   220    41     2     0 -9999
2021 09 27 13   189   133 10079   220    46     2     0 -9999
2021 09 27 14   211   139 10077   230    51     2     0 -9999
2021 09 27 15   228   139 10078   260    51     0     0 -9999
2021 09 27 16   244   139 10078   250    62     2     0 -9999
2021 09 27 17   256   133 10078   240    51     0     0 -9999
2021 09 27 18   267   139 10078   260    36     2     0 -9999
2021 09 27 19   289   133 10074   270    41     2     0 -9999
2021 09 27 20   294   133 10070   260    31     2     0 -9999
2021 09 27 21   294   128 10074   270    26     2     0 -9999
2021 09 27 22   233   161 10082    60    62     2     0 -9999
2021 09 27 23   206   161 10093    30    67     2     0 -9999
2021 09 28 00   183   156 10104    40    88     6     0 -9999
2021 09 28 01   183   156 10112    30    67 -9999     0 -9999
2021 09 28 02   178   150 10119    40    77 -9999     0 -9999
2021 09 28 03   172   150 10123    20    46     2     0 -9999
2021 09 28 04   172   139 10125    20    57     0     0 -9999
2021 09 28 05   178   133 10125    30    51     0     0 -9999
2021 09 28 06   172   139 10126    20    46     0     0 -9999
2021 09 28 07   172   133 10126    30    51     0     0 -9999
2021 09 28 08   167   133 10129    30    51     0     0 -9999
2021 09 28 09   167   139 10131    30    46     0     0 -9999
2021 09 28 10   161   133 10137    40    41     0     0 -9999
2021 09 28 11   156   133 10144    40    36     0     0 -9999
2021 09 28 12   167   144 10149    70    46     4     0 -9999
2021 09 28 13   172   144 10153    60    41     2     0 -9999
2021 09 28 14   189   122 10157    70    51     2     0 -9999
2021 09 28 15   200   122 10163    80    46     2     0 -9999
2021 09 28 16   206   117 10163    80    46     2     0 -9999
2021 09 28 17   222   117 10164    80    41     2     0 -9999
2021 09 28 18   222    94 10163   110    41     2     0 -9999
2021 09 28 19   228    89 10157    80    41     0     0 -9999
2021 09 28 20   222    94 10157    80    46     0     0 -9999
2021 09 28 21   217   100 10151    80    46     0     0 -9999
2021 09 28 22   217    83 10149    70    41     0     0 -9999
2021 09 28 23   200   100 10152    70    36     0     0 -9999
2021 09 29 00   183   106 10152    80    36     0     0 -9999
2021 09 29 01   178   111 10152    70    41     0     0 -9999
2021 09 29 02   167   122 10157    60    31     0     0 -9999
2021 09 29 03   172   133 10158    70    26     0     0 -9999
2021 09 29 04   167   133 10159    50    31     0     0 -9999
2021 09 29 05   167   139 10158    60    31     0     0 -9999
2021 09 29 06   161   139 10159    80    21     0     0 -9999
2021 09 29 07   150   133 10161    10    15     0     0 -9999
2021 09 29 08   144   128 10158     0     0     0     0 -9999
2021 09 29 09   139   128 10166   360    21     0     0 -9999
2021 09 29 10   133   122 10169     0     0     0     0 -9999
2021 09 29 11   144   117 10173     0     0     0     0 -9999
2021 09 29 12   144   122 10175     0     0     2     0 -9999
2021 09 29 13   161   117 10179   150    26     2     0 -9999
2021 09 29 14   189   128 10179   100    21     2     0 -9999
2021 09 29 15   217   128 10181   130    21     2     0 -9999
2021 09 29 16   239   139 10182   130    21     2     0 -9999
2021 09 29 17   256   139 10181   140    21     2     0 -9999
2021 09 29 18   267   117 10180   110    31     2     0 -9999
2021 09 29 19   272   100 10173   100    36     2     0 -9999
2021 09 29 20   267   117 10167    90    46     2     0 -9999
2021 09 29 21   261   128 10167   100    36     4     0 -9999
2021 09 29 22   256   128 10170    80    41 -9999     0 -9999
2021 09 29 23   239   128 10173    70    36 -9999     0 -9999
2021 09 30 00   217   122 10177    70    36     6     0 -9999
2021 09 30 01   206   122 10182    60    31 -9999     0 -9999
2021 09 30 02   200   139 10187    70    26 -9999     0 -9999
2021 09 30 03   194   144 10188    80    31 -9999     0 -9999
2021 09 30 04   183   144 10191    60    36     4     0 -9999
2021 09 30 05   178   150 10194    40    15 -9999     0 -9999
2021 09 30 06   167   144 10196    30    15     6     0 -9999
2021 09 30 07   161   144 10196     0     0 -9999     0 -9999
2021 09 30 08   167   144 10198    20    15     4     0 -9999
2021 09 30 09   161   139 10198     0     0     4     0 -9999
2021 09 30 10   161   139 10200     0     0     4     0 -9999
2021 09 30 11   156   133 10204     0     0 -9999     0 -9999
2021 09 30 12   161   133 10206     0     0     6     0 -9999
2021 09 30 13   172   133 10209   110    21 -9999     0 -9999
2021 09 30 14   194   122 10210   140    26 -9999     0 -9999
2021 09 30 15   217   106 10210   130    21 -9999     0 -9999
2021 09 30 16   239   111 10213    70    21 -9999     0 -9999
2021 09 30 17   256   122 10213    70    26 -9999     0 -9999
2021 09 30 18   261   139 10211    60    36     6     0 -9999
2021 09 30 19   250   128 10207    80    41 -9999     0 -9999
2021 09 30 20   250   128 10207    90    41 -9999     0 -9999
2021 09 30 21   256   100 10204    90    46 -9999     0 -9999
2021 09 30 22   250    94 10203    90    46 -9999     0 -9999
2021 09 30 23   239    89 10209    80    31 -9999     0 -9999
2021 10 01 00   222   100 10212    80    41     4     0 -9999
2021 10 01 01   211   122 10213    80    41     4     0 -9999
2021 10 01 02   200   139 10216    80    26     4     0 -9999
2021 10 01 03   189   144 10214     0     0 -9999     0 -9999
2021 10 01 04   183   144 10216    90    15     4     0 -9999
2021 10 01 05   178   139 10217     0     0     4     0 -9999
2021 10 01 06   172   139 10216     0     0     4     0 -9999
2021 10 01 07   167   139 10215     0     0     2     0 -9999
2021 10 01 08   172   128 10214     0     0     2     0 -9999
2021 10 01 09   167   122 10211     0     0     0     0 -9999
2021 10 01 10   167   117 10214   130    15     0     0 -9999
2021 10 01 11   167   111 10216   150    21     0     0 -9999
2021 10 01 12   167   111 10218   170    15     0     0 -9999
2021 10 01 13   167   117 10221   150    26     0     0 -9999
2021 10 01 14   189   128 10221   190    26     0     0 -9999
2021 10 01 15   217   144 10222   150    26     0     0 -9999
2021 10 01 16   244   161 10221   190    31     0     0 -9999
2021 10 01 17   267   167 10215   200    15     0     0 -9999
2021 10 01 18   283   172 10207 -9999    26     0     0 -9999
2021 10 01 19   289   172 10200   160    31     4     0 -9999
2021 10 01 20   294   167 10193   180    46     4     0 -9999
2021 10 01 21   289   161 10190   170    41     4     0 -9999
2021 10 01 22   289   156 10186   170    46     4     0 -9999
2021 10 01 23   278   150 10187   180    31 -9999     0 -9999
2021 10 02 00   250   167 10188   120    41     6     0 -9999
2021 10 02 01   239   167 10191   140    41 -9999     0 -9999
2021 10 02 02   228   161 10189   150    26 -9999     0 -9999
2021 10 02 03   233   150 10186   180    26 -9999     0 -9999
2021 10 02 04   233   133 10185   180    31 -9999     0 -9999
2021 10 02 05   228   122 10180   170    36 -9999     0 -9999
2021 10 02 06   228   117 10181   200    36     6     0 -9999
2021 10 02 07   222   128 10180   190    36 -9999     0 -9999
2021 10 02 08   222   128 10177   190    36 -9999     0 -9999
2021 10 02 09   211   128 10170   180    31 -9999     0 -9999
2021 10 02 10   206   133 10169   200    36 -9999     0 -9999
2021 10 02 11   200   161 10168   190    26 -9999     5 -9999
2021 10 02 12   189   167 10167   180    31     8     0     5
2021 10 02 13   194   172 10164   190    36 -9999     0 -9999
2021 10 02 14   206   172 10161   210    31 -9999     0 -9999
2021 10 02 15   217   178 10157   210    41 -9999     0 -9999
2021 10 02 16   233   189 10153   180    51 -9999     0 -9999
2021 10 02 17   244   189 10148   240    41 -9999     0 -9999
2021 10 02 18   250   189 10142   240    31     6     0 -9999
2021 10 02 19   261   189 10131 -9999    26 -9999     0 -9999
2021 10 02 20   233   200 -9999   180    46 -9999     0 -9999
2021 10 02 21   233   200 10123   210    36 -9999    -1 -9999
2021 10 02 22   228   206 10123   200    46 -9999    -1 -9999
2021 10 02 23   217   194 10123   150    31 -9999    -1 -9999
2021 10 03 00   211   200 10118   170    31     6    -1    -1
2021 10 03 01   206   194 10119   190    21 -9999     0 -9999
2021 10 03 02   206   194 10117   180    36 -9999     0 -9999
2021 10 03 03   206   189 10115   200    26 -9999     0 -9999
2021 10 03 04   206   189 10115   180    41 -9999     0 -9999
2021 10 03 05   206   194 10113   210    31 -9999     0 -9999
2021 10 03 06   206   194 10107   210    26     8     0 -9999
2021 10 03 07   206   194 10104   210    31 -9999    -1 -9999
2021 10 03 08   206   194 10101   230    26 -9999    -1 -9999
2021 10 03 09   206   194 -9999   210    26 -9999     0 -9999
2021 10 03 10   200   189 10099   210    26 -9999    -1 -9999
2021 10 03 11   200   194 10097   210    21 -9999    -1 -9999
2021 10 03 12   200   194 10101   250    21     8    -1    -1
2021 10 03 13   200   194 10101   230    15 -9999     0 -9999
2021 10 03 14   206   194 10102   270    31 -9999     0 -9999
2021 10 03 15   217   189 10099   230    21 -9999     0 -9999
2021 10 03 16   222   189 10100     0     0 -9999     0 -9999
2021 10 03 17   233   178 10097   320    26 -9999     0 -9999
2021 10 03 18   233   167 10093   250    15     6     0 -9999
2021 10 03 19   217   189 10088   220    46 -9999    23 -9999
2021 10 03 20   233   183 10083   280    41 -9999    13 -9999
2021 10 03 21   244   178 10079 -9999    26 -9999     0 -9999
2021 10 03 22   233   167 10082   250    15 -9999     0 -9999
2021 10 03 23   222   161 10087    10    21 -9999     0 -9999
2021 10 04 00   211   172 10090   120    21     6     0    40
2021 10 04 01   206   183 10096   330    26 -9999    -1 -9999
2021 10 04 02   200   183 10095    10    26 -9999     0 -9999
2021 10 04 03   189   167 10097   330    21 -9999     0 -9999
2021 10 04 04   189   172 10102    20    26 -9999     0 -9999
2021 10 04 05   183   172 -9999   330    21 -9999     0 -9999
2021 10 04 06   183   172 10100   340    21     8     0     0
2021 10 04 07   178   167 10103   360    21 -9999     0 -9999
2021 10 04 08   178   167 10105   330    21 -9999     0 -9999
2021 10 04 09   178   167 10105   330    21 -9999     0 -9999
2021 10 04 10   178   167 10109   330    31 -9999     0 -9999
2021 10 04 11   183   172 10116   350    31 -9999     0 -9999
2021 10 04 12   178   167 10124   360    36     8     0 -9999
2021 10 04 13   183   167 10130   340    31 -9999     0 -9999
2021 10 04 14   183   167 10137   360    41 -9999    -1 -9999
2021 10 04 15   194   172 10142   360    51 -9999    -1 -9999
2021 10 04 16   200   167 10145   360    62 -9999     0 -9999
2021 10 04 17   206   161 10148    20    51 -9999     0 -9999
2021 10 04 18   217   161 10148   360    46     6     0    -1
2021 10 04 19   228   172 10146    50    57 -9999     0 -9999
2021 10 04 20   217   167 10150    20    82 -9999     0 -9999
2021 10 04 21   206   167 10152    20    67 -9999     0 -9999
2021 10 04 22   200   161 10157    20    77 -9999     0 -9999
2021 10 04 23   194   167 10164    20    57 -9999     0 -9999
2021 10 05 00   189   161 10170    20    93     8     0 -9999
2021 10 05 01   189   156 10177    10    72 -9999     0 -9999
2021 10 05 02   189   156 10182    20    62 -9999     0 -9999
2021 10 05 03   183   156 10183    10    67 -9999     0 -9999
2021 10 05 04   183   156 10186    20    51 -9999    -1 -9999
2021 10 05 05   183   161 10187    10    62 -9999    -1 -9999
2021 10 05 06   189   161 10189    10    77     8     0    -1
2021 10 05 07   189   167 10192    20    41 -9999     0 -9999
2021 10 05 08   189   167 10194    20    41 -9999     0 -9999
2021 10 05 09   189   167 10196    30    57 -9999     0 -9999
2021 10 05 10   183   161 10199    30    46 -9999     0 -9999
2021 10 05 11   183   161 10204    40    57 -9999     0 -9999
2021 10 05 12   183   156 10210    40    77     8     0 -9999
2021 10 05 13   183   150 10217    40    57 -9999     0 -9999
2021 10 05 14   183   150 10224    30    77 -9999     0 -9999
2021 10 05 15   183   156 10228    50    62 -9999     0 -9999
2021 10 05 16   183   156 10231    50    51 -9999     0 -9999
2021 10 05 17   189   161 10232    50    57 -9999     0 -9999
2021 10 05 18   189   161 10229    40    57     8     0 -9999
2021 10 05 19   194   161 10225    40    57 -9999     0 -9999
2021 10 05 20   189   161 10226    60    51 -9999     0 -9999
2021 10 05 21   189   167 10225    60    62 -9999     0 -9999
2021 10 05 22   194   167 10228    50    46 -9999     0 -9999
2021 10 05 23   189   167 10229    40    57 -9999     0 -9999
2021 10 06 00   189   167 10230    30    51     8     0 -9999
2021 10 06 01   183   167 10233    30    51 -9999     0 -9999
2021 10 06 02   183   167 10235    30    41 -9999     0 -9999
2021 10 06 03   189   172 10238    60    31 -9999     0 -9999
2021 10 06 04   194   172 10239    60    51 -9999     0 -9999
2021 10 06 05   189   172 10237    80    36 -9999     0 -9999
2021 10 06 06   183   167 10235    80    26     6     0 -9999
2021 10 06 07   189   167 10237    80    36 -9999     0 -9999
2021 10 06 08   189   167 10236    80    41 -9999     0 -9999
2021 10 06 09   183   161 10236    70    36 -9999     0 -9999
2021 10 06 10   183   161 10238    70    41 -9999     0 -9999
2021 10 06 11   183   161 10240    80    46 -9999     0 -9999
2021 10 06 12   178   161 10241    70    31     8     0 -9999
2021 10 06 13   178   161 10244    70    46 -9999     0 -9999
2021 10 06 14   183   161 10245    70    36 -9999     0 -9999
2021 10 06 15   189   161 10245    80    41 -9999     0 -9999
2021 10 06 16   189   167 10245    80    57 -9999     0 -9999
2021 10 06 17   189   167 10241    80    51 -9999     0 -9999
2021 10 06 18   189   167 10234    50    41     8     0 -9999
2021 10 06 19   189   167 10229    60    46 -9999     0 -9999
2021 10 06 20   189   167 10224    70    51 -9999     0 -9999
2021 10 06 21   189   167 10220    60    57 -9999     0 -9999
2021 10 06 22   189   167 10218    70    46 -9999     0 -9999
2021 10 06 23   189   167 10217    70    41 -9999     0 -9999
2021 10 07 00   194   172 10218    60    41     8    -1    -1
2021 10 07 01   194   172 10218    60    51 -9999    -1 -9999
2021 10 07 02   194   172 10217    50    46 -9999     0 -9999
2021 10 07 03   194   178 10216    70    36 -9999     0 -9999
2021 10 07 04   200   172 10212    90    41 -9999     0 -9999
2021 10 07 05   194   172 10210    80    31 -9999     0 -9999
2021 10 07 06   194   172 10205    90    36     8     0    -1
2021 10 07 07   194   172 10202    90    21 -9999     0 -9999
2021 10 07 08   194   178 10201    60    36 -9999     0 -9999
2021 10 07 09   194   178 10199   100    31 -9999     0 -9999
2021 10 07 10   194   178 10196    90    26 -9999     3 -9999
2021 10 07 11   189   178 10196    80    31 -9999     0 -9999
2021 10 07 12   189   178 10194    80    31     8    10     8
2021 10 07 13   189   183 10194    90    26 -9999   107 -9999
2021 10 07 14   194   183 10196   110    36 -9999    13 -9999
2021 10 07 15   200   189 10195   110    36 -9999     0 -9999
2021 10 07 16   206   194 10189   150    26 -9999     0 -9999
2021 10 07 17   206   194 10189    90    36 -9999    -1 -9999
2021 10 07 18   211   189 10182   110    36     8    15   140
2021 10 07 19   217   189 10174   120    31 -9999     0 -9999
2021 10 07 20   233   189 10170   140    36 -9999     0 -9999
2021 10 07 21   228   183 10165   160    36 -9999     0 -9999
2021 10 07 22   228   178 -9999   180    31 -9999     0 -9999
2021 10 07 23   189   172 10163     0     0 -9999    18 -9999
2021 10 08 00   200   178 10165   170    21     6    -1    20
2021 10 08 01   189   172 10169     0     0     4     0 -9999
2021 10 08 02   189   172 10168     0     0 -9999     0 -9999
2021 10 08 03   189   172 10170     0     0 -9999     0 -9999
2021 10 08 04   189   172 10167     0     0 -9999    -1 -9999
2021 10 08 05   189   172 10166     0     0 -9999    -1 -9999
2021 10 08 06   183   172 10164     0     0     8     3     3
2021 10 08 07   178   167 10162     0     0 -9999    -1 -9999
2021 10 08 08   178   172 10163     0     0 -9999     0 -9999
2021 10 08 09   178   167 10161     0     0 -9999     0 -9999
2021 10 08 10   172   161 10160     0     0 -9999     0 -9999
2021 10 08 11   172   167 10164   220    21 -9999     0 -9999
2021 10 08 12   167   161 10167     0     0     8     0    -1
2021 10 08 13   172   167 10168   180    21 -9999     0 -9999
2021 10 08 14   172   172 10169     0     0 -9999     0 -9999
2021 10 08 15   189   172 10167   230    15 -9999     0 -9999
2021 10 08 16   206   172 10164   240    26 -9999     0 -9999
2021 10 08 17   222   172 10160   200    41 -9999     0 -9999
2021 10 08 18   239   161 10155   230    41     6     0 -9999
2021 10 08 19   239   161 10147   300    21 -9999     0 -9999
2021 10 08 20   217   172 -9999   260    31 -9999     2 -9999
2021 10 08 21   211   156 10143    30    41 -9999    -1 -9999
2021 10 08 22   211   156 10142     0     0 -9999     0 -9999
2021 10 08 23   211   167 10142   220    26 -9999     0 -9999
2021 10 09 00   200   161 10146     0     0     6     0     3
2021 10 09 01   189   161 10149   230    15     4     0 -9999
2021 10 09 02   183   161 10147   220    15     4     0 -9999
2021 10 09 03   183   161 10146     0     0 -9999     0 -9999
2021 10 09 04   178   167 10147   220    15 -9999     0 -9999
2021 10 09 05   178   161 10147   210    26 -9999     0 -9999
2021 10 09 06   178   167 10147   220    15     6     0 -9999
2021 10 09 07   183   167 10148     0     0 -9999    -1 -9999
2021 10 09 08   183   167 10146     0     0 -9999    -1 -9999
2021 10 09 09   183   172 10140     0     0 -9999    -1 -9999
2021 10 09 10   183   172 10139     0     0 -9999     0 -9999
2021 10 09 11   183   172 10140   160    21 -9999     3 -9999
2021 10 09 12   183   172 10140   180    21     8     0     3
2021 10 09 13   183   167 10142     0     0 -9999     0 -9999
2021 10 09 14   200   172 10140   130    31 -9999     0 -9999
2021 10 09 15   211   172 10138   140    21     4     0 -9999
2021 10 09 16   228   172 10134   130    21     2     0 -9999
2021 10 09 17   244   172 10133   190    21     2     0 -9999
2021 10 09 18   250   161 10126   210    21     4     0 -9999
2021 10 09 19   261   161 10116   140    15     4     0 -9999
2021 10 09 20   261   156 10109   160    36     4     0 -9999
2021 10 09 21   267   156 10104   170    51     4     0 -9999
2021 10 09 22   256   167 10102   110    46 -9999     0 -9999
2021 10 09 23   239   167 10100   100    46 -9999     0 -9999
2021 10 10 00   222   167 10099   100    36     6     0 -9999
2021 10 10 01   217   167 10094   100    36 -9999     0 -9999
2021 10 10 02   217   172 10092   120    21 -9999     0 -9999
2021 10 10 03   228   172 10088   140    36 -9999     0 -9999
2021 10 10 04   233   178 10085   160    41 -9999     0 -9999
2021 10 10 05   233   183 10084   170    46 -9999     0 -9999
2021 10 10 06   228   183 10080   170    46     8     0 -9999
2021 10 10 07   228   189 10076   180    41 -9999    -1 -9999
2021 10 10 08   228   183 10076   180    51 -9999    -1 -9999
2021 10 10 09   228   178 10066   190    67 -9999     0 -9999
2021 10 10 10   228   178 10065   190    62 -9999     0 -9999
2021 10 10 11   222   172 10064   190    57 -9999     0 -9999
2021 10 10 12   217   172 10066   190    57     6     0    -1
2021 10 10 13   217   172 10067   200    72 -9999     0 -9999
2021 10 10 14   217   172 10071   200    67 -9999     0 -9999
2021 10 10 15   222   178 10068   190    41 -9999    -1 -9999
2021 10 10 16   228   172 10075   200    88 -9999    -1 -9999
2021 10 10 17   217   183 10080   220    51 -9999     5 -9999
2021 10 10 18   217   183 10074   210    31     8    -1     5
2021 10 10 19   222   183 10065   160    36 -9999    -1 -9999
2021 10 10 20   244   178 10071   230    31 -9999     0 -9999
2021 10 10 21   256   178 10067   190    41 -9999     0 -9999
2021 10 10 22   256   172 10061     0     0 -9999     0 -9999
2021 10 10 23   244   183 10061    90    21 -9999     0 -9999
2021 10 11 00   239   178 10064   100    31     6     0     0
2021 10 11 01   222   178 10057   110    41 -9999     0 -9999
2021 10 11 02   222   172 10059   160    26     4     0 -9999
2021 10 11 03   233   156 10058   190    51     2     0 -9999
2021 10 11 04   233   150 10057   180    46     2     0 -9999
2021 10 11 05   233   161 10056   200    57     2     0 -9999
2021 10 11 06   233   167 10055   200    67     2     0 -9999
2021 10 11 07   222   167 10056   190    57     4     0 -9999
2021 10 11 08   217   172 10058   190    51     4     0 -9999
2021 10 11 09   217   172 10057   190    51     4     0 -9999
2021 10 11 10   217   178 10056   180    51     4     0 -9999
2021 10 11 11   217   183 10057   190    51     2     0 -9999
2021 10 11 12   217   183 10059   190    41     2     0 -9999
2021 10 11 13   217   183 10063   200    36 -9999     0 -9999
2021 10 11 14   217   183 10064   190    41 -9999     0 -9999
2021 10 11 15   228   189 10063   190    57 -9999     0 -9999
2021 10 11 16   239   189 10066   190    67 -9999     0 -9999
2021 10 11 17   250   183 10063   180    77 -9999     0 -9999
2021 10 11 18   250   183 10055   180    62     8     0 -9999
2021 10 11 19   244   172 10042   190    51 -9999    -1 -9999
2021 10 11 20   217   189 10048   210    31 -9999    28 -9999
2021 10 11 21   189   178 10036    40    31 -9999    76 -9999
2021 10 11 22   189   183 10040   340    26 -9999    71 -9999
2021 10 11 23   194   183 10031    80    41 -9999    -1 -9999
2021 10 12 00   200   183 10033   120    62     8     3   180
2021 10 12 01   194   178 10031   130    77 -9999     5 -9999
2021 10 12 02   189   167 10030   150    41 -9999     0 -9999
2021 10 12 03   178   156 10031   190    51 -9999     3 -9999
2021 10 12 04   167   156 10033   190    41 -9999     5 -9999
2021 10 12 05   167   156 10037   200    46 -9999     0 -9999
2021 10 12 06   167   156 10042   200    46     8    -1    10
2021 10 12 07   167   156 10047   210    36 -9999     3 -9999
2021 10 12 08   167   150 -9999   210    51 -9999     0 -9999
2021 10 12 09   167   156 10057   210    41 -9999    -1 -9999
2021 10 12 10   167   156 10060   210    62 -9999     0 -9999
2021 10 12 11   167   156 10071   230    67 -9999     0 -9999
2021 10 12 12   167   161 10079   230    46     8    -1     3
2021 10 12 13   172   161 10089   240    46 -9999    -1 -9999
2021 10 12 14   172   161 10098   250    57 -9999     0 -9999
2021 10 12 15   167   156 10107   250    62 -9999     0 -9999
2021 10 12 16   167   150 10112   250    41 -9999     0 -9999
2021 10 12 17   167   156 10116   240    46 -9999    -1 -9999
2021 10 12 18   167   150 10119   240    51     8    -1    -1
2021 10 12 19   167   144 10120   250    46 -9999     0 -9999
2021 10 12 20   161   144 10123   240    46 -9999     0 -9999
2021 10 12 21   172   144 10128   260    41 -9999     0 -9999
2021 10 12 22   178   150 10131   260    36 -9999     0 -9999
2021 10 12 23   178   139 10134   300    26     2     0 -9999
2021 10 13 00   167   139 10143   300    21     2     0 -9999
2021 10 13 01   161   133 10146     0     0     0     0 -9999
2021 10 13 02   150   133 10147   180    15     0     0 -9999
2021 10 13 03   144   128 10150   200    15     2     0 -9999
2021 10 13 04   133   122 10150     0     0     2     0 -9999
2021 10 13 05   133   122 10148   230    15     2     0 -9999
2021 10 13 06   133   122 10144     0     0     4     0 -9999
2021 10 13 07   128   117 10146     0     0 -9999     0 -9999
2021 10 13 08   122   111 10146     0     0 -9999     0 -9999
2021 10 13 09   128   111 10149     0     0 -9999     0 -9999
2021 10 13 10   122   106 10151     0     0 -9999     0 -9999
2021 10 13 11   122   106 10147     0     0     4     0 -9999
2021 10 13 12   128   111 10146     0     0     4     0 -9999
2021 10 13 13   139   128 10144   150    31     4     0 -9999
2021 10 13 14   156   144 10145   160    26     2     0 -9999
2021 10 13 15   183   139 10142   150    31 -9999     0 -9999
2021 10 13 16   194   122 10136   150    41 -9999     0 -9999
2021 10 13 17   211   117 10129   160    51 -9999     0 -9999
2021 10 13 18   211   111 10132   150    36     8     0 -9999
2021 10 13 19   194   139 10133   300    26 -9999    -1 -9999
2021 10 13 20   167   150 -9999   150    31 -9999     2 -9999
2021 10 13 21   167   150 10120   130    46 -9999    43 -9999
2021 10 13 22   172   150 10110   140    72 -9999     0 -9999
2021 10 13 23   178   156 10089   140    77 -9999    -1 -9999
2021 10 14 00   178   161 10091   160    46     6     0    90
2021 10 14 01   183   167 10094   180    41 -9999     0 -9999
2021 10 14 02   194   178 10099   190    51 -9999     0 -9999
2021 10 14 03   200   183 10099   190    46 -9999     0 -9999
2021 10 14 04   206   189 10096   190    46 -9999     0 -9999
2021 10 14 05   206   189 10093   200    57 -9999     0 -9999
2021 10 14 06   211   194 10095   200    46     8     0 -9999
2021 10 14 07   217   194 10094   200    46 -9999     0 -9999
2021 10 14 08   211   194 10096   190    15 -9999    -1 -9999
2021 10 14 09   211   194 -9999   200    36 -9999    -1 -9999
2021 10 14 10   206   194 10099   240    36 -9999     5 -9999
2021 10 14 11   200   189 -9999   240    26 -9999     7 -9999
2021 10 14 12   172   144 10108 -9999    21     8    -1    20
2021 10 14 13   161   128 10115   290    21 -9999    25 -9999
2021 10 14 14   167   133 10121   240    21 -9999     0 -9999
2021 10 14 15   178   111 10122   260    26 -9999     0 -9999
2021 10 14 16   178   117 10131   240    31 -9999     0 -9999
2021 10 14 17   183   100 10130   250    31 -9999     0 -9999
2021 10 14 18   178    94 10127   220    46     6    -1    30
2021 10 14 19   189    89 10120   220    57 -9999     0 -9999
2021 10 14 20   194    89 10115   240    41 -9999     0 -9999
2021 10 14 21   200    94 10113   220    36     4     0 -9999
2021 10 14 22   200    94 10113   230    31     2     0 -9999
2021 10 14 23   194   100 10114   210    21     2     0 -9999
2021 10 15 00   178   106 10120   200    21     6     0 -9999
2021 10 15 01   172   111 10124   190    15 -9999     0 -9999
2021 10 15 02   161   111 10125   210    26     4     0 -9999
2021 10 15 03   156   111 10124   230    15 -9999     0 -9999
2021 10 15 04   144   111 10127   220    21 -9999     0 -9999
2021 10 15 05   150   111 10123     0     0 -9999     0 -9999
2021 10 15 06   139   111 10121     0     0     2     0 -9999
2021 10 15 07   128   106 10122     0     0     2     0 -9999
2021 10 15 08   122   100 10120     0     0     2     0 -9999
2021 10 15 09   117    94 10118     0     0     0     0 -9999
2021 10 15 10   111    94 10119   310    31     2     0 -9999
2021 10 15 11   117    83 10122   340    26     2     0 -9999
2021 10 15 12   117    78 10125   340    41     2     0 -9999
2021 10 15 13   117    72 10120    10    31     4     0 -9999
2021 10 15 14   133    83 10122    10    46 -9999     0 -9999
2021 10 15 15   150   100 10123   360    41 -9999     0 -9999
2021 10 15 16   150   100 10113    10    46 -9999     0 -9999
2021 10 15 17   156   106 10124   340    62 -9999    -1 -9999
2021 10 15 18   150   111 10119   360    26     8     3     3
2021 10 15 19   144    83 10120   330    46 -9999    -1 -9999
2021 10 15 20   156    78 10123   320    57 -9999     0 -9999
2021 10 15 21   161    56 10118   350    36 -9999     0 -9999
2021 10 15 22   156    56 10115   320    36 -9999     0 -9999
2021 10 15 23   139    56 10124   310    36 -9999     0 -9999
2021 10 16 00   128    67 10127   290    26     8    -1    -1
2021 10 16 01   122    78 10124   280    26 -9999     3 -9999
2021 10 16 02   122    83 10128   240    21 -9999     0 -9999
2021 10 16 03   122    78 10133   240    31 -9999     0 -9999
2021 10 16 04   122    67 10127   260    46 -9999     0 -9999
2021 10 16 05   117    44 10127   290    36 -9999     0 -9999
2021 10 16 06   106    39 10129   300    41     2     0     3
2021 10 16 07    94    33 10132   290    36     2     0 -9999
2021 10 16 08    89    33 10134   290    36     0     0 -9999
2021 10 16 09    78    28 10135   290    41     0     0 -9999
2021 10 16 10    72    28 10140   280    46     0     0 -9999
2021 10 16 11    72    28 10146   270    41     0     0 -9999
2021 10 16 12    67    22 10150   290    41     0     0 -9999
2021 10 16 13    72    28 10158   270    36     2     0 -9999
2021 10 16 14    89    28 10163   280    41     0     0 -9999
2021 10 16 15   106    33 10164   300    62     0     0 -9999
2021 10 16 16   117    33 10163   300    72     2     0 -9999
2021 10 16 17   128    28 10165   300    57     2     0 -9999
2021 10 16 18   133    22 10163   300    67     2     0 -9999
2021 10 16 19   144     6 10162   310    72     2     0 -9999
2021 10 16 20   150     6 10162   280    72     4     0 -9999
2021 10 16 21   150     0 10167   290    57     4     0 -9999
2021 10 16 22   144    -6 10170   290    62     4     0 -9999
2021 10 16 23   139     6 10172   290    36     4     0 -9999
2021 10 17 00   122    11 10177   270    36     0     0 -9999
2021 10 17 01   117    17 10182   260    31     0     0 -9999
2021 10 17 02   111    17 10184   270    41     0     0 -9999
2021 10 17 03   106    11 10187   270    36     0     0 -9999
2021 10 17 04   100    17 10188   260    36     0     0 -9999
2021 10 17 05    94    11 10186   270    36     0     0 -9999
2021 10 17 06    83    17 10185   260    36     0     0 -9999
2021 10 17 07    83    11 10187   270    41     0     0 -9999
2021 10 17 08    78    11 10186   250    36     2     0 -9999
2021 10 17 09    72    17 10185   260    36     2     0 -9999
2021 10 17 10    72    11 10186   260    41     0     0 -9999
2021 10 17 11    67    11 10188   270    36     0     0 -9999
2021 10 17 12    61    17 10195   260    15     0     0 -9999
2021 10 17 13    67    17 10201   270    15     0     0 -9999
2021 10 17 14    94    22 10204   290    26     0     0 -9999
2021 10 17 15   122    28 10207   290    26     2     0 -9999
2021 10 17 16   144    28 10207 -9999    21     2     0 -9999
2021 10 17 17   161    22 10207   280    41     2     0 -9999
2021 10 17 18   172    22 10201   270    46     2     0 -9999
2021 10 17 19   189    17 10195   330    51     2     0 -9999
2021 10 17 20   183    17 10192   310    57     2     0 -9999
2021 10 17 21   189    17 10188   290    51     2     0 -9999
2021 10 17 22   183    17 10187   290    41     2     0 -9999
2021 10 17 23   172    11 10188   290    26     0     0 -9999
2021 10 18 00   150    22 10191   260    21     0     0 -9999
2021 10 18 01   133    28 10194   240    15     0     0 -9999
2021 10 18 02   122    33 10197   250    26     0     0 -9999
2021 10 18 03   117    33 10197   260    31     0     0 -9999
2021 10 18 04   117    28 10197   260    21     0     0 -9999
2021 10 18 05   100    28 10198   280    26     0     0 -9999
2021 10 18 06   100    28 10197   250    21     0     0 -9999
2021 10 18 07    89    28 10198     0     0     0     0 -9999
2021 10 18 08    83    28 10198   260    15     0     0 -9999
2021 10 18 09    83    28 10197     0     0     0     0 -9999
2021 10 18 10    83    22 10201     0     0     0     0 -9999
2021 10 18 11    83    28 10202     0     0     0     0 -9999
2021 10 18 12    83    28 10204     0     0     0     0 -9999
2021 10 18 13    83    33 10206     0     0     0     0 -9999
2021 10 18 14   117    50 10208     0     0     0     0 -9999
2021 10 18 15   150    50 10208   220    31     0     0 -9999
2021 10 18 16   178    67 10205   220    21     0     0 -9999
2021 10 18 17   194    67 10201   210    31     0     0 -9999
2021 10 18 18   200    56 10195   220    21     0     0 -9999
2021 10 18 19   211    50 10190   240    46     0     0 -9999
2021 10 18 20   217    56 10185   260    31     0     0 -9999
2021 10 18 21   217    39 10183   230    46     0     0 -9999
2021 10 18 22   217    44 10180   220    36     0     0 -9999
2021 10 18 23   206    56 10178   220    21     0     0 -9999
2021 10 19 00   178    56 10180   170    21     0     0 -9999
2021 10 19 01   167    67 10180   170    21     0     0 -9999
2021 10 19 02   156    67 10182   180    21     0     0 -9999
2021 10 19 03   150    67 10183   170    21     0     0 -9999
2021 10 19 04   139    72 10182   170    21     0     0 -9999
2021 10 19 05   133    67 10180   190    31     0     0 -9999
2021 10 19 06   128    72 10181   200    26     0     0 -9999
2021 10 19 07   133    78 10183   220    36     0     0 -9999
2021 10 19 08   133    78 10185   220    46     0     0 -9999
2021 10 19 09   128    78 10186   220    41     0     0 -9999
2021 10 19 10   122    78 10189   220    31     0     0 -9999
2021 10 19 11   117    78 10194   220    36     2     0 -9999
2021 10 19 12   111    78 10193   230    31     2     0 -9999
2021 10 19 13   117    78 10194   220    21     2     0 -9999
2021 10 19 14   133    83 10200   230    41     2     0 -9999
2021 10 19 15   156    89 10198   180    26     4     0 -9999
2021 10 19 16   183    94 10196   220    31     4     0 -9999
2021 10 19 17   200    94 10193   210    26     4     0 -9999
2021 10 19 18   206    89 10186   220    31     6     0 -9999
2021 10 19 19   211    83 10181   230    51 -9999     0 -9999
2021 10 19 20   211    67 10175   200    57 -9999     0 -9999
2021 10 19 21   217    67 10172   220    62     2     0 -9999
2021 10 19 22   206    61 10171   200    36     2     0 -9999
2021 10 19 23   194    67 10174   200    46     2     0 -9999
2021 10 20 00   183    67 10178   200    36     2     0 -9999
2021 10 20 01   161    67 10178   170    26     0     0 -9999
2021 10 20 02   156    67 10177   190    26     0     0 -9999
2021 10 20 03   150    67 10180   190    31     2     0 -9999
2021 10 20 04   139    72 10183   180    26     4     0 -9999
2021 10 20 05   133    72 10182   200    31     2     0 -9999
2021 10 20 06   139    72 10180   200    31     6     0 -9999
2021 10 20 07   133    78 10180   190    26 -9999     0 -9999
2021 10 20 08   133    78 10180   210    31     4     0 -9999
2021 10 20 09   128    78 10181   210    36     4     0 -9999
2021 10 20 10   128    78 10180   210    31     2     0 -9999
2021 10 20 11   128    83 10182   210    31     2     0 -9999
2021 10 20 12   122    83 10180   200    21     2     0 -9999
2021 10 20 13   122    83 10179   190    26     2     0 -9999
2021 10 20 14   144    89 10183   210    26     2     0 -9999
2021 10 20 15   167    94 10176   200    51     2     0 -9999
2021 10 20 16   183    94 10170   210    36     2     0 -9999
2021 10 20 17   194   100 10165   210    31     4     0 -9999
2021 10 20 18   200   106 10155   180    36     6     0 -9999
2021 10 20 19   200   106 10143   180    57 -9999     0 -9999
2021 10 20 20   217   100 10133   180    72 -9999     0 -9999
2021 10 20 21   217   100 10125   190    57 -9999     0 -9999
2021 10 20 22   222   100 10121   180    36 -9999     0 -9999
2021 10 20 23   211   106 10122   210    26     4     0 -9999
2021 10 21 00   194   106 10122   170    36     4     0 -9999
2021 10 21 01   200   100 10116   180    41 -9999    -1 -9999
2021 10 21 02   200   111 10109   190    51 -9999    -1 -9999
2021 10 21 03   200   117 10111   190    67 -9999     0 -9999
2021 10 21 04   183   133 10105   200    36 -9999    -1 -9999
2021 10 21 05   183   133 10099   190    31 -9999    -1 -9999
2021 10 21 06   178   144 10094   220    36     6    -1    -1
2021 10 21 07   172   133 10096   260    46     4     0 -9999
2021 10 21 08   144   111 10097   250    36     4     0 -9999
2021 10 21 09   128    83 10094   250    51     4     0 -9999
2021 10 21 10   122    83 10096   240    41     4     0 -9999
2021 10 21 11   117    78 -9999   230    41 -9999     0 -9999
2021 10 21 12   117    78 10097   230    46     6     0 -9999
2021 10 21 13   111    78 10099   240    67 -9999     0 -9999
2021 10 21 14   111    72 10103   250    51 -9999    -1 -9999
2021 10 21 15   100    61 10110   260    77 -9999     0 -9999
2021 10 21 16    89    61 10119   260    72 -9999     0 -9999
2021 10 21 17    94    61 10123   270    82 -9999    -1 -9999
2021 10 21 18    94    67 10126   260    67     8    -1     0
2021 10 21 19   100    72 10127   270    51 -9999    -1 -9999
2021 10 21 20   111    78 10131   290    51 -9999     0 -9999
2021 10 21 21   122    83 10139   300    51 -9999     0 -9999
2021 10 21 22   122    89 10144   320    57 -9999     0 -9999
2021 10 21 23   106    78 10156   340    51 -9999     0 -9999
2021 10 22 00   106    72 10165   350    41     8     0     0
2021 10 22 01   111    72 10171   340    26 -9999     0 -9999
2021 10 22 02    94    72 10175   350    36 -9999    -1 -9999
2021 10 22 03   100    67 10178   350    36 -9999     0 -9999
2021 10 22 04    94    56 10181   360    51 -9999     0 -9999
2021 10 22 05    78    39 10181   350    36 -9999     0 -9999
2021 10 22 06    67    33 10177   340    21     6     0    -1
2021 10 22 07    72    33 10174   310    26 -9999     0 -9999
2021 10 22 08    67    33 10173   280    21     4     0 -9999
2021 10 22 09    61    33 10176   300    26     2     0 -9999
2021 10 22 10    56    28 10178   300    26     2     0 -9999
2021 10 22 11    50    28 10181   280    26     4     0 -9999
2021 10 22 12    50    28 10180   290    21     6     0 -9999
2021 10 22 13    56    33 10180     0     0 -9999     0 -9999
2021 10 22 14    67    39 10182   360    26 -9999     0 -9999
2021 10 22 15    78    33 10183   300    21 -9999     0 -9999
2021 10 22 16   100    28 10181   350    21     4     0 -9999
2021 10 22 17   111    11 10178   320    41 -9999     0 -9999
2021 10 22 18   111    11 10175   310    36     6     0 -9999
2021 10 22 19   122    17 10166 -9999    26     4     0 -9999
2021 10 22 20   133    22 10158 -9999    26 -9999     0 -9999
2021 10 22 21   117     6 10159   300    26 -9999     0 -9999
2021 10 22 22   117    11 10161   330    26 -9999     0 -9999
2021 10 22 23   106    22 10162   340    26 -9999     0 -9999
2021 10 23 00   106    11 10163   340    21     8     0 -9999
2021 10 23 01   100    17 10162   350    36 -9999     0 -9999
2021 10 23 02    94    28 10160   360    26 -9999     0 -9999
2021 10 23 03    89    22 10161   340    31 -9999     0 -9999
2021 10 23 04    78    22 10161   330    21 -9999     0 -9999
2021 10 23 05    83    28 10159   320    21 -9999     0 -9999
2021 10 23 06    78    28 10162   340    21     8     0 -9999
2021 10 23 07    56    17 10160   340    31     2     0 -9999
2021 10 23 08    61    11 10163   310    21 -9999     0 -9999
2021 10 23 09    56    11 10163   310    26     2     0 -9999
2021 10 23 10    44     6 10160   310    26     0     0 -9999
2021 10 23 11    39     6 10168   320    21     0     0 -9999
2021 10 23 12    39     6 10172   330    21     2     0 -9999
2021 10 23 13    44     6 10176   320    26     2     0 -9999
2021 10 23 14    72    11 10181   330    21     2     0 -9999
2021 10 23 15    94     0 10183 -9999    21     2     0 -9999
2021 10 23 16   100    -6 10184    10    21     2     0 -9999
2021 10 23 17   111    -6 10182 -9999    21     4     0 -9999
2021 10 23 18   117    -6 10175   330    36     2     0 -9999
2021 10 23 19   117    -6 10168     0     0     2     0 -9999
2021 10 23 20   128     0 10165     0     0     2     0 -9999
2021 10 23 21   122    -6 10163     0     0     2     0 -9999
2021 10 23 22   122     0 10163     0     0     4     0 -9999
2021 10 23 23   106    17 10165    90    41     4     0 -9999
2021 10 24 00    89    17 10169   100    31     2     0 -9999
2021 10 24 01    83    17 10169   120    21     2     0 -9999
2021 10 24 02    78    22 10169     0     0     2     0 -9999
2021 10 24 03    72    22 10170     0     0     2     0 -9999
2021 10 24 04    61    22 10168     0     0     2     0 -9999
2021 10 24 05    56    17 10169     0     0     4     0 -9999
2021 10 24 06    50    17 10170     0     0     2     0 -9999
2021 10 24 07    44    17 10170    10    15     4     0 -9999
2021 10 24 08    44    17 10164   200    15 -9999     0 -9999
2021 10 24 09    44    17 10157     0     0 -9999     0 -9999
2021 10 24 10    44    17 10157     0     0 -9999     0 -9999
2021 10 24 11    50    22 10152     0     0 -9999     0 -9999
2021 10 24 12    61    33 10151   170    15     6     0 -9999
2021 10 24 13    78    39 10149    70    15 -9999     0 -9999
2021 10 24 14    83    50 10152   130    15 -9999    -1 -9999
2021 10 24 15   100    56 10146   110    31 -9999    -1 -9999
2021 10 24 16   100    61 10149   110    36 -9999    -1 -9999
2021 10 24 17   100    67 10137    80    57 -9999     3 -9999
2021 10 24 18   100    72 10131    60    51     8    13    10
2021 10 24 19   100    78 10121    60    72 -9999    18 -9999
2021 10 24 20   100    78 10115    60    77 -9999    10 -9999
2021 10 24 21   100    78 10101    80    88 -9999    -1 -9999
2021 10 24 22   100    78 10112    50    67 -9999    23 -9999
2021 10 24 23    89    78 10099    70    93 -9999    69 -9999
2021 10 25 00    89    72 10112    70    93     8    56   170
2021 10 25 01    89    72 10097    80    93 -9999    71 -9999
2021 10 25 02    89    78 10090    70    77 -9999    64 -9999
2021 10 25 03    94    78 10077    70    88 -9999    25 -9999
2021 10 25 04    94    78 10091    60   113 -9999    46 -9999
2021 10 25 05    94    78 10082    60   103 -9999    56 -9999
2021 10 25 06    94    78 10069    70    93     8    18   290
2021 10 25 07    94    78 10056    70    93 -9999     8 -9999
2021 10 25 08    94    78 10055    70    98 -9999     5 -9999
2021 10 25 09    94    78 10049    70    93 -9999    13 -9999
2021 10 25 10    94    78 10050    60    82 -9999     5 -9999
2021 10 25 11    94    78 10061    60   108 -9999    10 -9999
2021 10 25 12    94    78 10070    50    88     8    69   100
2021 10 25 13    94    78 -9999    40   113 -9999     7 -9999
2021 10 25 14    94    78 10081    50   134 -9999    20 -9999
2021 10 25 15   100    83 -9999    40   124 -9999    -1 -9999
2021 10 25 16   106    78 10094    40   129 -9999    -1 -9999
2021 10 25 17   100    72 10105    30   113 -9999    -1 -9999
2021 10 25 18   100    72 10117    20   108     8    -1    90
2021 10 25 19   100    72 10128    20    93 -9999    -1 -9999
2021 10 25 20   111    67 10133    10   113 -9999     0 -9999
2021 10 25 21   117    56 10142    30   103 -9999     0 -9999
2021 10 25 22   117    50 10148    20    88 -9999     0 -9999
2021 10 25 23   106    44 10159   360    93 -9999     0 -9999
2021 10 26 00   100    50 10166   350    51     6     0    -1
2021 10 26 01    94    50 10171   350    51 -9999     0 -9999
2021 10 26 02    94    44 10175   330    51 -9999     0 -9999
2021 10 26 03    89    50 10172   350    51 -9999     0 -9999
2021 10 26 04    89    50 10173   340    41 -9999     0 -9999
2021 10 26 05    83    50 10178   330    41 -9999     0 -9999
2021 10 26 06    83    56 10184   310    26     8     0 -9999
2021 10 26 07    83    50 10189   320    36 -9999     0 -9999
2021 10 26 08    78    50 10189   330    36 -9999     0 -9999
2021 10 26 09    83    50 10192   340    36 -9999     0 -9999
2021 10 26 10    78    44 10197   330    36 -9999     0 -9999
2021 10 26 11    67    44 10197   350    41     4     0 -9999
2021 10 26 12    61    39 10201   320    21     4     0 -9999
2021 10 26 13    61    39 10204   310    31 -9999     0 -9999
2021 10 26 14    83    44 10200   350    46     4     0 -9999
2021 10 26 15   100    50 10199    10    51     4     0 -9999
2021 10 26 16   117    61 10198    20    41     4     0 -9999
2021 10 26 17   111    56 10195    30    36 -9999     0 -9999
2021 10 26 18   133    56 10189    30    46     6     0 -9999
2021 10 26 19   117    61 10185    30    51 -9999     0 -9999
2021 10 26 20   122    67 10179    50    41 -9999     0 -9999
2021 10 26 21   122    67 10178    30    41 -9999     0 -9999
2021 10 26 22   122    56 10176    70    41     4     0 -9999
2021 10 26 23   106    50 10178    60    41     2     0 -9999
2021 10 27 00   100    44 10177    50    41     2     0 -9999
2021 10 27 01   100    50 10180    50    46     2     0 -9999
2021 10 27 02    89    50 10178    70    26     2     0 -9999
2021 10 27 03    78    44 10177    80    21     2     0 -9999
2021 10 27 04    72    44 10172     0     0     2     0 -9999
2021 10 27 05    61    39 10167     0     0     2     0 -9999
2021 10 27 06    50    28 10168   290    15     2     0 -9999
2021 10 27 07    50    28 10166     0     0     2     0 -9999
2021 10 27 08    44    28 10165   280    15     4     0 -9999
2021 10 27 09    44    22 10165     0     0     2     0 -9999
2021 10 27 10    39    22 10167   170    15     2     0 -9999
2021 10 27 11    44    22 10172     0     0     2     0 -9999
2021 10 27 12    56    33 10175   180    26     2     0 -9999
2021 10 27 13    56    33 10182   200    21     4     0 -9999
2021 10 27 14    67    39 10181   160    31     4     0 -9999
2021 10 27 15    89    39 10181   140    31     4     0 -9999
2021 10 27 16   106    33 10172   150    46     4     0 -9999
2021 10 27 17   117    33 10164   130    46     4     0 -9999
2021 10 27 18   128    33 10149   120    36     4     0 -9999
2021 10 27 19   133    33 10138   120    41     4     0 -9999
2021 10 27 20   128    17 10128    90    57 -9999     0 -9999
2021 10 27 21   128    33 10123    90    67 -9999     0 -9999
2021 10 27 22   117    33 10121    90    46 -9999     0 -9999
2021 10 27 23   111    39 10131    90    26 -9999     0 -9999
2021 10 28 00   106    50 10122    70    41     6     0 -9999
2021 10 28 01   106    61 10112    80    31     4     0 -9999
2021 10 28 02    89    56 10106   130    15 -9999     0 -9999
2021 10 28 03   100    56 10103   110    41 -9999     0 -9999
2021 10 28 04   100    67 10093   120    41 -9999     0 -9999
2021 10 28 05   100    61 10090   120    51 -9999     0 -9999
2021 10 28 06    94    61 10085   110    62     8     0 -9999
2021 10 28 07    89    61 10082   110    46 -9999     0 -9999
2021 10 28 08    94    67 10076   110    57 -9999     0 -9999
2021 10 28 09    94    67 10066   120    31 -9999     0 -9999
2021 10 28 10   100    72 10067   130    26 -9999     0 -9999
2021 10 28 11   100    72 10061   120    31 -9999     0 -9999
2021 10 28 12   106    78 10047    80    36     8     0 -9999
2021 10 28 13   111    83 10040   100    51 -9999     0 -9999
2021 10 28 14   111    83 10032   100    62 -9999     0 -9999
2021 10 28 15   111    89 10028   100    51 -9999    -1 -9999
2021 10 28 16   117    89 10021   110    62 -9999    -1 -9999
2021 10 28 17   117    89 10013   100    46 -9999    -1 -9999
2021 10 28 18   122    89 10009   100    41     8    -1     0
2021 10 28 19   122   100 10007   100    51 -9999     3 -9999
2021 10 28 20   122   106 10002    60    57 -9999     8 -9999
2021 10 28 21   122   106 10002    60    62 -9999    18 -9999
2021 10 28 22   122   106 10006    80    57 -9999     5 -9999
2021 10 28 23   122   111 10005    60    51 -9999    13 -9999
2021 10 29 00   128   111 10003    60    67     8     8    50
2021 10 29 01   128   117 10003    90    41 -9999    15 -9999
2021 10 29 02   128   117  9999    80    46 -9999    20 -9999
2021 10 29 03   133   117 10001    90    31 -9999     3 -9999
2021 10 29 04   128   117 10001     0     0 -9999    15 -9999
2021 10 29 05   122   117  9999    90    21 -9999     5 -9999
2021 10 29 06   128   117 10000    80    26     8     0    60
2021 10 29 07   122   117  9998    30    31 -9999     0 -9999
2021 10 29 08   128   117  9997    10    31 -9999    -1 -9999
2021 10 29 09   128   117 10001    50    36 -9999    -1 -9999
2021 10 29 10   128   117  9998    50    57 -9999     3 -9999
2021 10 29 11   122   117 -9999    30    46 -9999    -1 -9999
2021 10 29 12   122   117 10005    30    57     8    15    20
2021 10 29 13   122   111 10009    20    88 -9999    10 -9999
2021 10 29 14   122   111 10013    20   108 -9999     5 -9999
2021 10 29 15   122   106 10018    20   108 -9999     3 -9999
2021 10 29 16   117   106 -9999    20    93 -9999    -1 -9999
2021 10 29 17   122   106 10020    20    77 -9999     3 -9999
2021 10 29 18   122   106 10017    20    98     8    -1    30
2021 10 29 19   122   111 10013    10    77 -9999     8 -9999
2021 10 29 20   122   111 10017    10    72 -9999    20 -9999
2021 10 29 21   122   111 10020    20    93 -9999     3 -9999
2021 10 29 22   122   106 10023    10    93 -9999     5 -9999
2021 10 29 23   122   106 10029    10   113 -9999    10 -9999
2021 10 30 00   117   106 10030    10    98     8    10    50
2021 10 30 01   122   106 10034    20    82 -9999     3 -9999
2021 10 30 02   122   106 10036    20    98 -9999    10 -9999
2021 10 30 03   117   106 10038    20    93 -9999     8 -9999
2021 10 30 04   117   106 10036    10    93 -9999    10 -9999
2021 10 30 05   128   111 10032    20    82 -9999     5 -9999
2021 10 30 06   122   106 10031    30    72     8    -1    40
2021 10 30 07   117   106 10031    20    98 -9999     3 -9999
2021 10 30 08   122   100 10030    10    88 -9999     0 -9999
2021 10 30 09   117   100 10029   360    67 -9999     0 -9999
2021 10 30 10   117    94 10030   350    67 -9999     0 -9999
2021 10 30 11   111    89 10035   350    51 -9999     3 -9999
2021 10 30 12   106    94 10040   350    46     8     5    10
2021 10 30 13   106    89 -9999   340    46 -9999    -1 -9999
2021 10 30 14   117    89 10048    20    72 -9999     0 -9999
2021 10 30 15   128    78 10046    20    93 -9999     0 -9999
2021 10 30 16   139    72 10046    20    82     4     0 -9999
2021 10 30 17   139    83 10048    20    88 -9999     0 -9999
2021 10 30 18   133    78 10047    20    82     8     0    -1
2021 10 30 19   150    78 10047    20    57     4     0 -9999
2021 10 30 20   150    83 10047    30    51     4     0 -9999
2021 10 30 21   144    89 10050    40    51 -9999     0 -9999
2021 10 30 22   133    83 10054    30    36     4     0 -9999
2021 10 30 23   122    89 10062    30    41     4     0 -9999
2021 10 31 00   111    83 10068   360    26     4     0 -9999
2021 10 31 01   111    83 10071   340    21     4     0 -9999
2021 10 31 02   111    78 10077   300    41 -9999     0 -9999
2021 10 31 03    94    67 10078   310    31     2     0 -9999
2021 10 31 04    83    61 10079   270    21     2     0 -9999
2021 10 31 05    78    56 10079   270    21     0     0 -9999
2021 10 31 06    72    56 10080   270    26     2     0 -9999
2021 10 31 07    72    50 10078   260    26     2     0 -9999
2021 10 31 08    72    50 10079   260    26     0     0 -9999
2021 10 31 09    72    50 10081   260    41     2     0 -9999
2021 10 31 10    72    50 10084   280    36     2     0 -9999
2021 10 31 11    78    56 10088   270    26     2     0 -9999
2021 10 31 12    78    50 10098   290    41     2     0 -9999
2021 10 31 13    72    50 10106   290    51     2     0 -9999
2021 10 31 14    83    56 10115   320    51     2     0 -9999
2021 10 31 15   100    61 10122   320    72     2     0 -9999
2021 10 31 16   111    61 10133   340    62 -9999     0 -9999
2021 10 31 17   106    61 10140   320    51 -9999     0 -9999
2021 10 31 18   106    56 10142   290    46     8     0 -9999
2021 10 31 19   111    50 10145   320    62 -9999     0 -9999
2021 10 31 20   117    28 10151   310    77     4     0 -9999
2021 10 31 21   117     6 10159   310    67     4     0 -9999
2021 10 31 22   111    -6 10168   310    67     2     0 -9999
2021 10 31 23   100    -6 10174   310    51     4     0 -9999
2021 11 01 00    89   -11 10187   320    41     4     0 -9999
2021 11 01 01    72   -11 10198   310    36     0     0 -9999
2021 11 01 02    67   -11 10208   300    31     0     0 -9999
2021 11 01 03    56   -11 10215   280    21     0     0 -9999
2021 11 01 04    44   -11 10219   260    26     0     0 -9999
2021 11 01 05    44   -11 10222   260    36     0     0 -9999
2021 11 01 06    39   -17 10226   270    36     0     0 -9999
2021 11 01 07    33   -17 10228   280    31     0     0 -9999
2021 11 01 08    28   -17 10231   290    31     0     0 -9999
2021 11 01 09    28   -17 10235   290    31     0     0 -9999
2021 11 01 10    22   -17 10242   290    31     0     0 -9999
2021 11 01 11    22   -22 10249   280    26     0     0 -9999
2021 11 01 12    17   -22 10253   290    26     2     0 -9999
2021 11 01 13    17   -22 10258   280    31     4     0 -9999
2021 11 01 14    28   -22 10261   280    26 -9999     0 -9999
2021 11 01 15    33   -17 10267   260    21     4     0 -9999
2021 11 01 16    61   -22 10269   260    36 -9999     0 -9999
2021 11 01 17    72   -22 10265   260    36 -9999     0 -9999
2021 11 01 18    83   -28 10258   270    46     8     0 -9999
2021 11 01 19    83   -28 10252   260    51 -9999     0 -9999
2021 11 01 20    83   -39 10248   260    72 -9999     0 -9999
2021 11 01 21    83   -44 10246   260    62 -9999     0 -9999
2021 11 01 22    78   -39 10244   270    62 -9999     0 -9999
2021 11 01 23    72   -39 10246   260    51 -9999     0 -9999
2021 11 02 00    56   -28 10251   250    26     6     0 -9999
2021 11 02 01    56   -28 10255   270    36 -9999     0 -9999
2021 11 02 02    50   -28 10257   260    31 -9999     0 -9999
2021 11 02 03    44   -28 10262   280    26 -9999     0 -9999
2021 11 02 04    44   -28 10260   260    21 -9999     0 -9999
2021 11 02 05    39   -33 10259   260    26     4     0 -9999
2021 11 02 06    28   -39 10261   260    26     2     0 -9999
2021 11 02 07    22   -39 10262   270    31     2     0 -9999
2021 11 02 08    17   -39 10265   270    36     2     0 -9999
2021 11 02 09    17   -44 10266   280    31     2     0 -9999
2021 11 02 10     6   -44 10269   280    31     2     0 -9999
2021 11 02 11     6   -44 10273   290    31     0     0 -9999
2021 11 02 12     0   -39 10275   280    31     2     0 -9999
2021 11 02 13     6   -39 10277   280    31     2     0 -9999
2021 11 02 14    22   -28 10281   290    31     2     0 -9999
2021 11 02 15    39   -28 10284   280    41     2     0 -9999
2021 11 02 16    56   -22 10286   300    57     2     0 -9999
2021 11 02 17    67   -28 10284   300    51     4     0 -9999
2021 11 02 18    72   -33 10275   300    46     6     0 -9999
2021 11 02 19    67   -56 10268   290    36     4     0 -9999
2021 11 02 20    78   -50 10266   280    57     4     0 -9999
2021 11 02 21    78   -56 10264   280    67     4     0 -9999
2021 11 02 22    72   -50 10264   270    51 -9999     0 -9999
2021 11 02 23    67   -50 10266   280    41 -9999     0 -9999
2021 11 03 00    56   -44 10273   260    26     6     0 -9999
2021 11 03 01    50   -39 10274   280    26 -9999     0 -9999
2021 11 03 02    39   -39 10278   240    21     0     0 -9999
2021 11 03 03    28   -33 10282   270    21     0     0 -9999
2021 11 03 04    17   -33 10285   270    21     0     0 -9999
2021 11 03 05    11   -33 10287   290    26     0     0 -9999
2021 11 03 06     6   -33 10291   290    21     0     0 -9999
2021 11 03 07     0   -33 10292   300    26     0     0 -9999
2021 11 03 08     0   -39 10293   310    15     0     0 -9999
2021 11 03 09   -11   -39 10291   260    26     0     0 -9999
2021 11 03 10   -11   -44 10292   260    26     0     0 -9999
2021 11 03 11   -11   -44 10297   290    26     2     0 -9999
2021 11 03 12   -11   -44 10298   300    26     2     0 -9999
2021 11 03 13   -11   -44 10299   300    15     2     0 -9999
2021 11 03 14    11   -33 10303     0     0     2     0 -9999
2021 11 03 15    39   -39 10306   330    15     2     0 -9999
2021 11 03 16    50   -50 10308     0     0     4     0 -9999
2021 11 03 17    56   -50 10305   300    26     4     0 -9999
2021 11 03 18    61   -50 10296   280    31     6     0 -9999
2021 11 03 19    72   -39 10286   310    36 -9999     0 -9999
2021 11 03 20    61   -50 10280   290    41 -9999     0 -9999
2021 11 03 21    61   -50 10277   320    46 -9999     0 -9999
2021 11 03 22    50   -56 10279   310    26 -9999     0 -9999
2021 11 03 23    44   -50 10279   330    31 -9999     0 -9999
2021 11 04 00    44   -56 10282   340    31     6     0 -9999
2021 11 04 01    33   -56 10283   340    21 -9999     0 -9999
2021 11 04 02    22   -56 10280   330    26     2     0 -9999
2021 11 04 03    22   -50 10279   290    15     2     0 -9999
2021 11 04 04     6   -39 10283   270    15     4     0 -9999
2021 11 04 05     6   -39 10284   270    21 -9999     0 -9999
2021 11 04 06     0   -44 10283   260    21     6     0 -9999
2021 11 04 07     0   -44 10279   280    15     4     0 -9999
2021 11 04 08   -11   -44 10277   270    15     2     0 -9999
2021 11 04 09   -11   -50 10274     0     0     2     0 -9999
2021 11 04 10   -11   -44 10274     0     0 -9999     0 -9999
2021 11 04 11     0   -44 10279   250    15 -9999     0 -9999
2021 11 04 12    11   -39 10277   260    15     6     0 -9999
2021 11 04 13    17   -33 10280   250    15 -9999     0 -9999
2021 11 04 14    28   -33 10282   210    15 -9999     0 -9999
2021 11 04 15    44   -33 10283   240    15 -9999     0 -9999
2021 11 04 16    56   -61 10285   220    15 -9999     0 -9999
2021 11 04 17    61   -67 10285   220    26 -9999     0 -9999
2021 11 04 18    78   -50 10277   170    21     2     0 -9999
2021 11 04 19    78   -39 10271   240    41 -9999     0 -9999
2021 11 04 20    78   -33 10268   240    46 -9999     0 -9999
2021 11 04 21    78   -28 10265   230    41 -9999     0 -9999
2021 11 04 22    78   -28 10261   210    15     2     0 -9999
2021 11 04 23    67   -22 10262   200    21     2     0 -9999
2021 11 05 00    56   -17 10260   200    21     0     0 -9999
2021 11 05 01    50   -17 10260   210    21     0     0 -9999
2021 11 05 02    39   -17 10260   210    21     0     0 -9999
2021 11 05 03    39   -17 10261   200    26     0     0 -9999
2021 11 05 04    33   -17 10264   210    26     0     0 -9999
2021 11 05 05    28   -17 10264   210    26     0     0 -9999
2021 11 05 06    28   -17 10266   210    26     0     0 -9999
2021 11 05 07    22   -17 10267   220    31     0     0 -9999
2021 11 05 08    22   -22 10267   210    21     0     0 -9999
2021 11 05 09    17   -22 10269   210    21     0     0 -9999
2021 11 05 10    17   -22 10271   220    26     0     0 -9999
2021 11 05 11    11   -22 10276   220    21     0     0 -9999
2021 11 05 12    11   -28 10281   220    15     0     0 -9999
2021 11 05 13    11   -22 10286   210    31     2     0 -9999
2021 11 05 14    28   -17 10291   210    31     2     0 -9999
2021 11 05 15    61   -17 10293   210    36     0     0 -9999
2021 11 05 16    83   -17 10292   210    51     0     0 -9999
2021 11 05 17    94   -17 10287   220    62     2     0 -9999
2021 11 05 18   106   -17 10278   180    51     2     0 -9999
2021 11 05 19   106   -22 10267   190    57     2     0 -9999
2021 11 05 20   106   -22 10260   220    57     4     0 -9999
2021 11 05 21   106   -17 10253   200    51     4     0 -9999
2021 11 05 22   100   -17 10251   200    46     4     0 -9999
2021 11 05 23    89   -17 10248   180    31     2     0 -9999
2021 11 06 00    78   -11 10244   170    36     2     0 -9999
2021 11 06 01    72   -11 10248   180    31     4     0 -9999
2021 11 06 02    61   -11 10249   190    31     2     0 -9999
2021 11 06 03    56   -11 10249   180    26     0     0 -9999
2021 11 06 04    50   -11 10247   190    26     2     0 -9999
2021 11 06 05    39   -17 10245   180    26 -9999     0 -9999
2021 11 06 06    39   -17 10245   180    26     6     0 -9999
2021 11 06 07    33   -17 10244   180    26 -9999     0 -9999
2021 11 06 08    33   -17 10245   190    21     2     0 -9999
2021 11 06 09    28   -17 10242   180    26     2     0 -9999
2021 11 06 10    28   -17 10236   180    26 -9999     0 -9999
2021 11 06 11    44   -17 10236   200    41     4     0 -9999
2021 11 06 12    39   -17 10236   210    26     2     0 -9999
2021 11 06 13    44   -17 10234   200    41     2     0 -9999
2021 11 06 14    61   -11 10233   210    41     2     0 -9999
2021 11 06 15    78   -17 10228   210    57     2     0 -9999
2021 11 06 16   100    -6 10228   220    51     0     0 -9999
2021 11 06 17   117    11 10223   210    57     0     0 -9999
2021 11 06 18   133    22 10213   220    62     0     0 -9999
2021 11 06 19   144    33 10204   220    57     0     0 -9999
2021 11 06 20   150    39 10197   210    62     0     0 -9999
2021 11 06 21   150    44 10193   220    62     0     0 -9999
2021 11 06 22   144    39 10195   220    46     2     0 -9999
2021 11 06 23   133    39 10196   200    46     4     0 -9999
2021 11 07 00   122    39 10199   200    41     2     0 -9999
2021 11 07 01   117    33 10201   210    41     2     0 -9999
2021 11 07 02   111    28 10205   220    57     2     0 -9999
2021 11 07 03   106    28 10203   210    51     2     0 -9999
2021 11 07 04   100    28 10201   210    36     2     0 -9999
2021 11 07 05    94    28 10198   220    36     2     0 -9999
2021 11 07 06    94    28 10198   230    46     2     0 -9999
2021 11 07 07    89    28 10197   230    46     0     0 -9999
2021 11 07 08    78    33 10198   210    26     0     0 -9999
2021 11 07 09    72    28 10199   230    31     0     0 -9999
2021 11 07 10    67    28 10202   220    26     0     0 -9999
2021 11 07 11    61    28 10206   200    21     0     0 -9999
2021 11 07 12    50    28 10207   210    26     2     0 -9999
2021 11 07 13    56    28 10209   190    21     2     0 -9999
2021 11 07 14    72    39 10214   210    21     4     0 -9999
2021 11 07 15   106    50 10214   220    36 -9999     0 -9999
2021 11 07 16   122    56 10217   220    41 -9999     0 -9999
2021 11 07 17   150    67 10209   200    57 -9999     0 -9999
2021 11 07 18   167    67 10200   210    51     6     0 -9999
2021 11 07 19   178    67 10191   230    72 -9999     0 -9999
2021 11 07 20   183    67 10185   220    67 -9999     0 -9999
2021 11 07 21   183    61 10182   210    72 -9999     0 -9999
2021 11 07 22   178    61 10183   210    51 -9999     0 -9999
2021 11 07 23   167    67 10185   180    31 -9999     0 -9999
2021 11 08 00   150    72 10187   180    41     6     0 -9999
2021 11 08 01   144    67 10184   190    41 -9999     0 -9999
2021 11 08 02   139    67 10179   190    51 -9999     0 -9999
2021 11 08 03   139    61 10180   200    51 -9999     0 -9999
2021 11 08 04   128    61 10180   200    72     4     0 -9999
2021 11 08 05   122    56 10178   200    57     4     0 -9999
2021 11 08 06   117    50 10180   200    51     4     0 -9999
2021 11 08 07   111    44 10179   210    57     0     0 -9999
2021 11 08 08   111    44 10178   210    51     0     0 -9999
2021 11 08 09   106    44 10175   200    51     0     0 -9999
2021 11 08 10   106    44 10173   210    57     0     0 -9999
2021 11 08 11   100    44 10176   210    51     0     0 -9999
2021 11 08 12    94    44 10178   200    46     0     0 -9999
2021 11 08 13    94    44 10183   200    41     0     0 -9999
2021 11 08 14   100    50 10191   220    51     2     0 -9999
2021 11 08 15   117    50 10191   220    62     2     0 -9999
2021 11 08 16   133    56 10195   230    41     2     0 -9999
2021 11 08 17   144    61 10192   250    36     2     0 -9999
2021 11 08 18   156    67 10185   220    41     2     0 -9999
2021 11 08 19   172    72 10183   200    41     4     0 -9999
2021 11 08 20   178    78 10182   220    36     4     0 -9999
2021 11 08 21   178    78 10181   200    46     4     0 -9999
2021 11 08 22   178    78 10181   200    41     4     0 -9999
2021 11 08 23   167    78 10187   240    21 -9999     0 -9999
2021 11 09 00   150    83 10192     0     0     6     0 -9999
2021 11 09 01   139    83 10200     0     0 -9999     0 -9999
2021 11 09 02   122    83 10200     0     0 -9999     0 -9999
2021 11 09 03   117    78 10202   270    15 -9999     0 -9999
2021 11 09 04   128    83 10202   250    21 -9999     0 -9999
2021 11 09 05   122    83 10199   270    26 -9999     0 -9999
2021 11 09 06   117    78 10198     0     0     8     0 -9999
2021 11 09 07   106    78 10202     0     0 -9999     0 -9999
2021 11 09 08   100    72 10204   360    21 -9999     0 -9999
2021 11 09 09   111    89 10202    30    46 -9999     0 -9999
2021 11 09 10   128    94 10203    50    46 -9999     0 -9999
2021 11 09 11   128    94 10203    70    46 -9999     0 -9999
2021 11 09 12   122   100 10206    60    41     8     0 -9999
2021 11 09 13   128   100 10208    70    31 -9999     0 -9999
2021 11 09 14   122   100 10216   350    36 -9999     0 -9999
2021 11 09 15   128   100 10214    40    57 -9999     0 -9999
2021 11 09 16   133   100 10217    40    57 -9999     0 -9999
2021 11 09 17   133    94 10207    50    67 -9999     0 -9999
2021 11 09 18   139    94 10201    30    67     6     0 -9999
2021 11 09 19   139    89 10204    20    67 -9999     0 -9999
2021 11 09 20   144    78 10202    40    62 -9999     0 -9999
2021 11 09 21   133    72 10205    30    67 -9999     0 -9999
2021 11 09 22   122    61 10206    30    51 -9999     0 -9999
2021 11 09 23   111    56 10210    30    46     4     0 -9999
2021 11 10 00   100    61 10218    10    46     2     0 -9999
2021 11 10 01    89    61 10218   360    46     2     0 -9999
2021 11 10 02    89    56 10218    10    36     2     0 -9999
2021 11 10 03    89    50 10221   360    21     0     0 -9999
2021 11 10 04    78    44 10222   360    15     0     0 -9999
2021 11 10 05    67    39 10218   350    26     0     0 -9999
2021 11 10 06    61    33 10220   350    15     0     0 -9999
2021 11 10 07    50    28 10214    10    15     0     0 -9999
2021 11 10 08    50    28 10214     0     0     2     0 -9999
2021 11 10 09    44    17 10216   350    21     0     0 -9999
2021 11 10 10    44    22 10217   350    26     2     0 -9999
2021 11 10 11    33    17 10213    50    15 -9999     0 -9999
2021 11 10 12    44    17 10217     0     0     6     0 -9999
2021 11 10 13    56    28 10214    50    21 -9999     0 -9999
2021 11 10 14    78    50 10222   150    21 -9999     0 -9999
2021 11 10 15   106    56 10213    90    21 -9999     0 -9999
2021 11 10 16   122    67 10214   110    46 -9999     0 -9999
2021 11 10 17   128    72 10203   100    67 -9999     0 -9999
2021 11 10 18   133    78 10191   130    57     8     0 -9999
2021 11 10 19   133    83 10183   100    46 -9999     0 -9999
2021 11 10 20   128    78 10175   100    51 -9999     0 -9999
2021 11 10 21   128    78 10171    90    46 -9999     0 -9999
2021 11 10 22   128    72 10165   100    41 -9999    -1 -9999
2021 11 10 23   133    61 10152   110    57 -9999    -1 -9999
2021 11 11 00   133    61 10150   110    51     8     0    -1
2021 11 11 01   128    72 10146   120    51 -9999    -1 -9999
2021 11 11 02   122    78 10130   110    51 -9999    -1 -9999
2021 11 11 03   128    78 10122   130    57 -9999     0 -9999
2021 11 11 04   128    89 10110   150    57 -9999     0 -9999
2021 11 11 05   122    89 10098   140    62 -9999     0 -9999
2021 11 11 06   117    89 10092   150    51     8     0    -1
2021 11 11 07   117    89 10081   150    41 -9999     0 -9999
2021 11 11 08   111    83 10070   150    36 -9999     0 -9999
2021 11 11 09   111    78 10058   150    36 -9999     0 -9999
2021 11 11 10   122    78 10046   150    41 -9999     0 -9999
2021 11 11 11   122    72 10032   150    51 -9999     0 -9999
2021 11 11 12   128    78 10018   160    67     8     0 -9999
2021 11 11 13   139    83 10001   170    82 -9999    -1 -9999
2021 11 11 14   122   100  9994   180    67 -9999    18 -9999
2021 11 11 15   122   106  9986   180    62 -9999    33 -9999
2021 11 11 16   122   106  9980   190    72 -9999    48 -9999
2021 11 11 17   100    83  9996   250    67 -9999    13 -9999
2021 11 11 18    94    61 10003   250    46     8     0   110
2021 11 11 19    94    61 10012   250    88 -9999     0 -9999
2021 11 11 20    94    56 10022   250    77 -9999    -1 -9999
2021 11 11 21    94    50 10031   250    77 -9999    -1 -9999
2021 11 11 22   100    33 10040   240    51     4     0 -9999
2021 11 11 23    94    28 10048   260    88 -9999     0 -9999
2021 11 12 00    89    11 10057   250    57     6     0    -1
2021 11 12 01    83    11 10063   260    36 -9999     0 -9999
2021 11 12 02    72    11 10062   210    26     2     0 -9999
2021 11 12 03    61    11 10062   200    41     2     0 -9999
2021 11 12 04    61     6 10060   200    41     2     0 -9999
2021 11 12 05    67    -6 10064   240    82 -9999    -1 -9999
2021 11 12 06    50     6 10060   210    31     6    -1    -1
2021 11 12 07    61     0 10055   200    51 -9999     0 -9999
2021 11 12 08    56     0 10049   200    51 -9999     0 -9999
2021 11 12 09    61     6 10048   200    57 -9999     0 -9999
2021 11 12 10    56     0 10044   210    67 -9999     0 -9999
2021 11 12 11    50     0 10049   240    77 -9999     0 -9999
2021 11 12 12    33    -6 10052   230    62     8    -1    -1
2021 11 12 13    28     0 10051   210    46 -9999    -1 -9999
2021 11 12 14    39    -6 10053   230    67 -9999     0 -9999
2021 11 12 15    44   -17 10053   230    93 -9999     0 -9999
2021 11 12 16    39    -6 10058   230    82 -9999    -1 -9999
2021 11 12 17    39   -11 10060   230    93 -9999    -1 -9999
2021 11 12 18    39     0 10058   250    72     8    -1    -1
2021 11 12 19    33     0 10059   240    72 -9999     8 -9999
2021 11 12 20    33    -6 10061   240    67 -9999    -1 -9999
2021 11 12 21    22     0 10068   240    51 -9999     3 -9999
2021 11 12 22    17    -6 10077   250    57 -9999     3 -9999
2021 11 12 23    17   -11 10081   240    72 -9999    -1 -9999
2021 11 13 00    17    -6 10088   250    67     8    -1    10
2021 11 13 01    22    -6 10089   250    57 -9999    -1 -9999
2021 11 13 02    22    -6 10091   250    51 -9999     0 -9999
2021 11 13 03    22     0 10095   250    67 -9999    -1 -9999
2021 11 13 04    22     0 10098   270    62 -9999    -1 -9999
2021 11 13 05    28     6 10099   260    46 -9999    -1 -9999
2021 11 13 06    33     6 10101   270    41     8     0    -1
2021 11 13 07    33     6 10102   280    36 -9999     0 -9999
2021 11 13 08    33    11 10104   270    41 -9999     0 -9999
2021 11 13 09    33    11 10105   270    67 -9999     0 -9999
2021 11 13 10    33     6 10109   270    62 -9999     0 -9999
2021 11 13 11    33     0 10117   270    57 -9999     0 -9999
2021 11 13 12    33    -6 10123   260    67     8     0 -9999
2021 11 13 13    28    -6 10129   260    57 -9999     0 -9999
2021 11 13 14    33     0 10135   260    51 -9999     0 -9999
2021 11 13 15    17     0 10144   300    57 -9999     5 -9999
2021 11 13 16    33     0 -9999   300    36 -9999     3 -9999
2021 11 13 17    28    -6 10150   300    46 -9999     0 -9999
2021 11 13 18    33   -22 10151   290    51     8     0     8
2021 11 13 19    33   -28 10147   300    46 -9999     0 -9999
2021 11 13 20    33   -22 10145   260    31 -9999     0 -9999
2021 11 13 21    28   -28 10145   250    51 -9999     0 -9999
2021 11 13 22    28   -33 10150   250    36 -9999     0 -9999
2021 11 13 23    28   -28 10147   240    67 -9999     0 -9999
2021 11 14 00    28   -33 10147   260    36     8     0 -9999
2021 11 14 01    22   -28 10143   240    51 -9999     0 -9999
2021 11 14 02    22   -28 10141   230    46 -9999     0 -9999
2021 11 14 03    22   -22 10145   240    41 -9999     0 -9999
2021 11 14 04    11   -17 -9999   250    46 -9999    -1 -9999
2021 11 14 05     6   -11 10128   200    46 -9999    -1 -9999
2021 11 14 06    11   -11 10124   220    57     8    -1    -1
2021 11 14 07    11   -11 -9999   200    57 -9999    -1 -9999
2021 11 14 08    11    -6 10093   200    62 -9999    -1 -9999
2021 11 14 09    17    -6 10084   200    51 -9999    -1 -9999
2021 11 14 10    17    -6 10068   200    62 -9999     0 -9999
2021 11 14 11    22    -6 10058   210    72 -9999     0 -9999
2021 11 14 12    22     0 10047   220    57     8     0    -1
2021 11 14 13    22     6 10051   220    41 -9999    -1 -9999
2021 11 14 14    28    11 10048   240    62 -9999     3 -9999
2021 11 14 15    22    -6 10052   280    67 -9999    -1 -9999
2021 11 14 16    28   -11 10056   280    67 -9999     0 -9999
2021 11 14 17    22    -6 10056   280    67 -9999     0 -9999
2021 11 14 18    28     0 10053   270    51     8    -1     3
2021 11 14 19    22     6 10057   290    82 -9999    -1 -9999
2021 11 14 20    22   -17 10071   320   103 -9999    -1 -9999
2021 11 14 21    22   -17 10089   310    89 -9999    -1 -9999
2021 11 14 22    28   -28 10105   310    77 -9999     0 -9999
2021 11 14 23    20   -30 10119   310    82 -9999     0 -9999
2021 11 15 00    22   -22 10129   310    51     6     0    -1
2021 11 15 01    22   -22 10140   310    67 -9999     0 -9999
2021 11 15 02    11   -28 10148   300    62     4     0 -9999
2021 11 15 03     6   -44 10157   310    41     4     0 -9999
2021 11 15 04    17   -39 10162   310    36 -9999     0 -9999
2021 11 15 05    11   -50 10166   290    41 -9999     0 -9999
2021 11 15 06     6   -56 10171   290    46     6     0 -9999
2021 11 15 07     0   -67 10173   300    62 -9999     0 -9999
2021 11 15 08     0   -67 10177   310    46 -9999     0 -9999
2021 11 15 09     0   -67 10175   320    41 -9999     0 -9999
2021 11 15 10    -6   -67 10178   270    15 -9999     0 -9999
2021 11 15 11   -11   -61 10185   290    15 -9999     0 -9999
2021 11 15 12    -6   -61 10191   280    15     6     0 -9999
2021 11 15 13   -11   -56 10195   250    26 -9999     0 -9999
2021 11 15 14    -6   -50 10198 -9999    15 -9999     0 -9999
2021 11 15 15     0   -56 10204   240    26 -9999     0 -9999
2021 11 15 16     6   -56 10205   230    41 -9999     0 -9999
2021 11 15 17     6   -61 10203   240    21 -9999     0 -9999
2021 11 15 18     6   -50 10195   210    31     8    -1    -1
2021 11 15 19     6   -39 10190   200    21 -9999    -1 -9999
2021 11 15 20     6   -33 10187   180    15 -9999     3 -9999
2021 11 15 21     6   -33 10186     0     0 -9999    -1 -9999
2021 11 15 22    11   -28 10191   120    15 -9999     0 -9999
2021 11 15 23    11   -22 10191   160    15 -9999     0 -9999
2021 11 16 00    11   -28 10194   160    15     8     0     3
2021 11 16 01    11   -28 10200   190    15 -9999     0 -9999
2021 11 16 02    17   -28 10197     0     0 -9999     0 -9999
2021 11 16 03    17   -22 10199     0     0 -9999     0 -9999
2021 11 16 04    17   -22 10196     0     0 -9999     0 -9999
2021 11 16 05    22   -17 10197     0     0 -9999     0 -9999
2021 11 16 06    11   -22 10192    30    21     6     0 -9999
2021 11 16 07    -6   -28 10191    40    26     4     0 -9999
2021 11 16 08     0   -28 10189    40    15 -9999     0 -9999
2021 11 16 09    -6   -33 10189    30    21 -9999     0 -9999
2021 11 16 10   -11   -33 10190   360    21 -9999     0 -9999
2021 11 16 11    -6   -33 10187     0     0 -9999     0 -9999
2021 11 16 12     0   -28 10184     0     0     8     0 -9999
2021 11 16 13     6   -17 10193     0     0 -9999     0 -9999
2021 11 16 14    17    -6 10192   140    15 -9999     0 -9999
2021 11 16 15    39    11 10187   140    36 -9999     0 -9999
2021 11 16 16    50     0 10186   130    51 -9999     0 -9999
2021 11 16 17    72     6 10184   140    51 -9999     0 -9999
2021 11 16 18    72    11 10164   130    57     6     0 -9999
2021 11 16 19    78    11 10156   120    46 -9999     0 -9999
2021 11 16 20    83    22 10143   110    51 -9999     0 -9999
2021 11 16 21    83    28 10135   130    46 -9999     0 -9999
2021 11 16 22    89    28 10131   160    41 -9999     0 -9999
2021 11 16 23    83    33 10125   150    62 -9999     0 -9999
2021 11 17 00    83    33 10114   140    46     8     0 -9999
2021 11 17 01    83    33 10100   150    57 -9999     0 -9999
2021 11 17 02    89    39 10096   160    57 -9999     0 -9999
2021 11 17 03   100    44 10085   160    57 -9999     0 -9999
2021 11 17 04   117    67 10084   180    77 -9999     0 -9999
2021 11 17 05   122    89 10077   190    57 -9999     0 -9999
2021 11 17 06   133   106 10073   190    62     8     0 -9999
2021 11 17 07   150   128 10065   200    77 -9999     0 -9999
2021 11 17 08   156   133 10062   200    88 -9999     0 -9999
2021 11 17 09   156   128 10059   200    72 -9999     0 -9999
2021 11 17 10   150   128 10060   210    57 -9999     0 -9999
2021 11 17 11   161   128 10064   220    67 -9999     0 -9999
2021 11 17 12   161   128 10064   210    51     8     0 -9999
2021 11 17 13   156   128 10068   210    51 -9999     0 -9999
2021 11 17 14   156   128 10075   220    67 -9999     0 -9999
2021 11 17 15   161   133 10080   220    57 -9999     0 -9999
2021 11 17 16   156   133 10083   230    41 -9999    -1 -9999
2021 11 17 17   139   128 10083   280    46 -9999     3 -9999
2021 11 17 18   117   106 10084   320    67     8     3     3
2021 11 17 19   100    83 10090   310    46 -9999     8 -9999
2021 11 17 20    94    72 10100   300    36 -9999    15 -9999
2021 11 17 21    94    72 10108   230    21 -9999     5 -9999
2021 11 17 22    94    72 10119   230    26 -9999    -1 -9999
2021 11 17 23    94    72 10125   250    31 -9999    -1 -9999
2021 11 18 00    89    28 10141   260    46     8     0    30
2021 11 18 01    83     6 10147   270    51 -9999     0 -9999
2021 11 18 02    72   -22 10158   290    67 -9999     0 -9999
2021 11 18 03    67   -17 10165   270    57 -9999     0 -9999
2021 11 18 04    61   -17 10172   290    51 -9999     0 -9999
2021 11 18 05    50   -39 10175   290    82 -9999     0 -9999
2021 11 18 06    44   -44 10179   290    62     8     0 -9999
2021 11 18 07    39   -44 10183   280    51     2     0 -9999
2021 11 18 08    33   -56 10186   270    46     4     0 -9999
2021 11 18 09    22   -56 10185   260    57     0     0 -9999
2021 11 18 10    17   -50 10187   240    41     0     0 -9999
2021 11 18 11    11   -44 10190   250    46     0     0 -9999
2021 11 18 12     6   -50 10193   260    46     2     0 -9999
2021 11 18 13     0   -56 10198   260    62     2     0 -9999
2021 11 18 14     0   -61 10207   270    72     2     0 -9999
2021 11 18 15     6   -67 10210   260    67     2     0 -9999
2021 11 18 16     6   -72 10214   260    72 -9999     0 -9999
2021 11 18 17     6   -83 10217   280    82 -9999     0 -9999
2021 11 18 18    11   -89 10219   280   103     8     0 -9999
2021 11 18 19     6   -83 10222   280    77 -9999    -1 -9999
2021 11 18 20     6   -78 10226   270    62 -9999    -1 -9999
2021 11 18 21     6   -67 10234   280    72 -9999    -1 -9999
2021 11 18 22     6   -78 10242   270    82 -9999    -1 -9999
2021 11 18 23     6   -78 10251   280    93 -9999    -1 -9999
2021 11 19 00     6   -72 10260   290    72     8    -1    -1
2021 11 19 01     6   -72 10266   290    67 -9999    -1 -9999
2021 11 19 02     6   -67 -9999   290    88 -9999    -1 -9999
2021 11 19 03     6   -72 10279   280    57 -9999    -1 -9999
2021 11 19 04     6   -72 10283   290    46 -9999     0 -9999
2021 11 19 05     6   -78 10290   310    46 -9999     0 -9999
2021 11 19 06     6   -83 10294   340    62     6     0    -1
2021 11 19 07    -6   -89 10299   310    36     2     0 -9999
2021 11 19 08   -11   -89 10306   280    26     0     0 -9999
2021 11 19 09   -11   -78 10313   260    26     0     0 -9999
2021 11 19 10   -17   -78 10317   260    26     0     0 -9999
2021 11 19 11   -22   -78 10323   260    31     0     0 -9999
2021 11 19 12   -28   -78 10329   260    26     2     0 -9999
2021 11 19 13   -33   -78 10336   260    26     4     0 -9999
2021 11 19 14   -22   -72 10337   250    21     4     0 -9999
2021 11 19 15    -6   -72 10337     0     0     4     0 -9999
2021 11 19 16    11   -78 10337 -9999    26     4     0 -9999
2021 11 19 17    22   -72 10334   220    36 -9999     0 -9999
2021 11 19 18    22   -72 10325   190    41     6     0 -9999
2021 11 19 19    33   -67 10315   210    46 -9999     0 -9999
2021 11 19 20    39   -61 10304   180    36 -9999     0 -9999
2021 11 19 21    44   -61 10297   170    31 -9999     0 -9999
2021 11 19 22    33   -67 10290   180    41 -9999     0 -9999
2021 11 19 23    22   -61 10288   180    41 -9999     0 -9999
2021 11 20 00    17   -56 10284   170    36     6     0 -9999
2021 11 20 01    22   -50 10279   170    41 -9999     0 -9999
2021 11 20 02    22   -50 10272   160    36 -9999     0 -9999
2021 11 20 03    22   -50 10266   170    51 -9999     0 -9999
2021 11 20 04    22   -50 10264   170    41 -9999     0 -9999
2021 11 20 05    22   -44 10260   180    46 -9999     0 -9999
2021 11 20 06    22   -44 10259   200    72     8     0 -9999
2021 11 20 07    22   -44 10250   190    41 -9999     0 -9999
2021 11 20 08    22   -44 10237   180    51 -9999     0 -9999
2021 11 20 09    22   -44 10229   180    62 -9999     0 -9999
2021 11 20 10    28   -39 10223   190    46 -9999     0 -9999
2021 11 20 11    28   -39 10222   190    57 -9999     0 -9999
2021 11 20 12    28   -33 10223   190    57     8     0 -9999
2021 11 20 13    28   -33 10218   190    46 -9999     0 -9999
2021 11 20 14    33   -28 10216   200    41 -9999     0 -9999
2021 11 20 15    33   -28 10216   200    36 -9999     0 -9999
2021 11 20 16    44   -22 10213   200    57 -9999     0 -9999
2021 11 20 17    67   -17 10208   210    67 -9999     0 -9999
2021 11 20 18    72   -11 10202   230    57     6     0 -9999
2021 11 20 19    83   -11 10195   220    46 -9999     0 -9999
2021 11 20 20    94   -17 10188   220    46     4     0 -9999
2021 11 20 21   100   -11 10190   250    36     4     0 -9999
2021 11 20 22    94   -11 10198   220    21 -9999     0 -9999
2021 11 20 23    83   -11 10207   200    15 -9999     0 -9999
2021 11 21 00    83    -6 10210   210    15     6     0 -9999
2021 11 21 01    78    -6 10213     0     0 -9999     0 -9999
2021 11 21 02    72     0 10215   190    21 -9999     0 -9999
2021 11 21 03    61    -6 10213   200    21     4     0 -9999
2021 11 21 04    50     0 10213   190    15 -9999     0 -9999
2021 11 21 05    50     0 10209   220    15 -9999     0 -9999
2021 11 21 06    28    -6 10208     0     0     6     0 -9999
2021 11 21 07    28    -6 10200     0     0 -9999     0 -9999
2021 11 21 08    22   -11 10199     0     0 -9999     0 -9999
2021 11 21 09    22   -11 10197     0     0 -9999     0 -9999
2021 11 21 10    28    -6 10191     0     0 -9999     0 -9999
2021 11 21 11    33     6 10186     0     0 -9999     0 -9999
2021 11 21 12    33     6 10179     0     0     8     0 -9999
2021 11 21 13    39    11 10177     0     0 -9999     0 -9999
2021 11 21 14    44    17 10174 -9999    26 -9999    -1 -9999
2021 11 21 15    56    28 10173   250    15 -9999     0 -9999
2021 11 21 16    67    28 10172   220    36 -9999     0 -9999
2021 11 21 17    83    28 10165   230    57 -9999     0 -9999
2021 11 21 18    94    11 10150   250    57     6     0    -1
2021 11 21 19   117     6 10138   250    57     2     0 -9999
2021 11 21 20   122    11 10128   260    82     2     0 -9999
2021 11 21 21   122     6 10124   260    77 -9999     0 -9999
2021 11 21 22   117   -17 10130   270    98 -9999     0 -9999
2021 11 21 23    83   -33 10144   290    93     2     0 -9999
2021 11 22 00    61   -61 10163   300    93     2     0 -9999
2021 11 22 01    44  -117 10176   310    82     0     0 -9999
2021 11 22 02    33  -122 10184   310    88     0     0 -9999
2021 11 22 03    17  -117 10192   300    62     4     0 -9999
2021 11 22 04     6  -122 10200   310    57     4     0 -9999
2021 11 22 05    -6  -128 10203   310    72     2     0 -9999
2021 11 22 06   -11  -128 10207   310    62     2     0 -9999
2021 11 22 07   -17  -128 10210   300    41     0     0 -9999
2021 11 22 08   -22  -117 10214   310    57     0     0 -9999
2021 11 22 09   -28  -117 10214   300    51     0     0 -9999
2021 11 22 10   -33  -111 10216   300    46     2     0 -9999
2021 11 22 11   -39  -111 10221   300    36     2     0 -9999
2021 11 22 12   -44  -111 10229   290    31     2     0 -9999
2021 11 22 13   -50  -111 10235   290    31     2     0 -9999
2021 11 22 14   -44  -106 10239   290    26     2     0 -9999
2021 11 22 15   -33  -117 10240   270    36     2     0 -9999
2021 11 22 16   -17  -117 10243   300    57     2     0 -9999
2021 11 22 17     0  -122 10238   280    51     2     0 -9999
2021 11 22 18     6  -133 10228   270    51     6     0 -9999
2021 11 22 19    17  -139 10223   280    57 -9999     0 -9999
2021 11 22 20    17  -144 10223   260    67     2     0 -9999
2021 11 22 21    17  -150 10221   270    62 -9999     0 -9999
2021 11 22 22    17  -150 10219   270    41     4     0 -9999
2021 11 22 23     6  -156 10223   280    36     2     0 -9999
2021 11 23 00     0  -150 10228   290    36     2     0 -9999
2021 11 23 01   -11  -144 10228   270    36     2     0 -9999
2021 11 23 02   -11  -139 10231   270    36     2     0 -9999
2021 11 23 03   -17  -133 10232   280    26     2     0 -9999
2021 11 23 04   -22  -122 10235   270    26     2     0 -9999
2021 11 23 05   -22  -117 10235   260    26     2     0 -9999
2021 11 23 06   -28  -117 10234   260    21     0     0 -9999
2021 11 23 07   -33  -111 10230   250    31     0     0 -9999
2021 11 23 08   -33  -111 10238   280    26     0     0 -9999
2021 11 23 09   -33  -106 10242   260    26     4     0 -9999
2021 11 23 10   -39  -106 10238   240    26     2     0 -9999
2021 11 23 11   -39  -106 10238     0     0     0     0 -9999
2021 11 23 12   -39  -100 10238     0     0     0     0 -9999
2021 11 23 13   -44  -100 10240     0     0     4     0 -9999
2021 11 23 14   -33   -94 10242   210    15 -9999     0 -9999
2021 11 23 15   -11   -94 10245   200    26     4     0 -9999
2021 11 23 16    17  -111 10242   210    46     4     0 -9999
2021 11 23 17    28  -117 10236   200    46     4     0 -9999
2021 11 23 18    50  -111 10225   210    46     4     0 -9999
2021 11 23 19    56  -133 10218   220    57     4     0 -9999
2021 11 23 20    61  -117 10208   200    62     4     0 -9999
2021 11 23 21    61  -111 10199   190    72     4     0 -9999
2021 11 23 22    56  -100 10197   190    57     4     0 -9999
2021 11 23 23    44   -89 10192   180    51     4     0 -9999
2021 11 24 00    39   -78 10191   170    51     2     0 -9999
2021 11 24 01    33   -67 10185   180    46     4     0 -9999
2021 11 24 02    33   -72 10178   190    62     2     0 -9999
2021 11 24 03    28   -67 10177   190    82     2     0 -9999
2021 11 24 04    28   -61 10169   200    67     2     0 -9999
2021 11 24 05    28   -56 10170   190    62     0     0 -9999
2021 11 24 06    28   -50 10168   190    57     2     0 -9999
2021 11 24 07    33   -50 10161   190    62     2     0 -9999
2021 11 24 08    28   -50 10156   190    67     2     0 -9999
2021 11 24 09    28   -50 10158   190    67     2     0 -9999
2021 11 24 10    28   -44 10154   190    67 -9999     0 -9999
2021 11 24 11    28   -44 10153   190    67 -9999     0 -9999
2021 11 24 12    33   -39 10150   200    67     8     0 -9999
2021 11 24 13    39   -33 10147   190    67 -9999     0 -9999
2021 11 24 14    44   -28 10144   190    72 -9999     0 -9999
2021 11 24 15    61   -22 10141   190    72 -9999     0 -9999
2021 11 24 16    67   -17 10143   200    72 -9999     0 -9999
2021 11 24 17    78   -11 10136   210    88 -9999     0 -9999
2021 11 24 18    94    -6 10124   200    62     8     0 -9999
2021 11 24 19    94     0 10118   200    72 -9999     0 -9999
2021 11 24 20   106    11 10116   200    51 -9999     0 -9999
2021 11 24 21   117    22 10118   210    62 -9999     0 -9999
2021 11 24 22   111    28 10128   200    57 -9999     0 -9999
2021 11 24 23   117    33 10131   200    46 -9999     0 -9999
2021 11 25 00   111    39 10138   210    46     8     0 -9999
2021 11 25 01   111    39 10140   210    46 -9999     0 -9999
2021 11 25 02   106    44 10144   210    51 -9999     0 -9999
2021 11 25 03   106    50 10142   210    51 -9999     0 -9999
2021 11 25 04   100    61 10142   210    41 -9999     3 -9999
2021 11 25 05    89    67 10142   210    41 -9999     5 -9999
2021 11 25 06    89    67 10142   220    36     8     3    10
2021 11 25 07    89    67 10140   220    36 -9999    -1 -9999
2021 11 25 08    83    72 10141   230    31 -9999     0 -9999
2021 11 25 09    83    67 10140   250    21 -9999     0 -9999
2021 11 25 10    83    67 10137     0     0 -9999     0 -9999
2021 11 25 11    78    61 10145   290    26 -9999     0 -9999
2021 11 25 12    72    39 10152   340    46     8     0    -1
2021 11 25 13    67    28 10165   350    67 -9999     0 -9999
2021 11 25 14    67    22 10171   330    51 -9999     0 -9999
2021 11 25 15    56    17 10176   330    62 -9999     0 -9999
2021 11 25 16    56    11 10181   340    67 -9999     0 -9999
2021 11 25 17    50     6 10187   320    67 -9999    -1 -9999
2021 11 25 18    39     0 10187   320    72     8    -1     0
2021 11 25 19    33    -6 10190   310    51 -9999    -1 -9999
2021 11 25 20    22   -17 10194   310    62 -9999     0 -9999
2021 11 25 21    17   -22 10201   320    77 -9999     0 -9999
2021 11 25 22     6   -28 10211   320    72 -9999     0 -9999
2021 11 25 23    -6   -39 10220   320    88 -9999     0 -9999
2021 11 26 00   -11   -50 10226   330    72     8     0    -1
2021 11 26 01   -11   -72 10230   330    88 -9999     0 -9999
2021 11 26 02   -22   -94 10234   310    77 -9999     0 -9999
2021 11 26 03   -28  -106 10238   310    77 -9999     0 -9999
2021 11 26 04   -33  -111 10239   320    67 -9999     0 -9999
2021 11 26 05   -44  -117 10241   320    62     4     0 -9999
2021 11 26 06   -50  -122 10243   330    88     2     0 -9999
2021 11 26 07   -56  -122 10245   320    36     2     0 -9999
2021 11 26 08   -56  -122 10248   320    46     2     0 -9999
2021 11 26 09   -61  -128 10248   320    51     2     0 -9999
2021 11 26 10   -67  -128 10242   310    46     0     0 -9999
2021 11 26 11   -72  -133 10248   310    31     2     0 -9999
2021 11 26 12   -72  -133 10249   300    36     2     0 -9999
2021 11 26 13   -72  -133 10249   280    36     4     0 -9999
2021 11 26 14   -67  -133 10255   290    36 -9999     0 -9999
2021 11 26 15   -56  -133 10255   290    26 -9999     0 -9999
2021 11 26 16   -50  -133 10249   290    21 -9999     0 -9999
2021 11 26 17   -39  -133 10245   270    21 -9999     0 -9999
2021 11 26 18   -33  -133 10236   270    15     8     0 -9999
2021 11 26 19   -22  -139 10226   240    15 -9999     0 -9999
2021 11 26 20   -11  -144 10213   280    15 -9999     0 -9999
2021 11 26 21   -11  -139 10203   210    15 -9999     0 -9999
2021 11 26 22   -11  -139 10202   200    21 -9999     0 -9999
2021 11 26 23   -17  -128 10201   180    26 -9999     0 -9999
2021 11 27 00   -17  -122 10193   190    26     6     0 -9999
2021 11 27 01   -17  -128 10189   160    36 -9999     0 -9999
2021 11 27 02   -17  -117 10188   190    36     4     0 -9999
2021 11 27 03   -22  -106 10187   180    26 -9999     0 -9999
2021 11 27 04   -11   -94 10179   180    31 -9999     0 -9999
2021 11 27 05   -11   -89 10177   170    26 -9999     0 -9999
2021 11 27 06    -6   -83 10173   170    26     8     0 -9999
2021 11 27 07    -6   -83 10160   160    36 -9999     0 -9999
2021 11 27 08    -6   -78 10150   150    36 -9999     0 -9999
2021 11 27 09    -6   -78 10153   170    31 -9999     0 -9999
2021 11 27 10     0   -72 10143   160    31 -9999     0 -9999
2021 11 27 11     0   -67 10131   160    46 -9999     0 -9999
2021 11 27 12     0   -67 10134   200    31     6     0 -9999
2021 11 27 13     0   -61 10125   170    36 -9999     0 -9999
2021 11 27 14     6   -56 10121   180    41 -9999     0 -9999
2021 11 27 15    11   -44 10128   210    31 -9999     0 -9999
2021 11 27 16    17   -39 10124   210    31 -9999     0 -9999
2021 11 27 17    28   -33 10097   180    46 -9999    -1 -9999
2021 11 27 18    33   -22 10084   190    51     8    -1    -1
2021 11 27 19    44   -11 10075   200    51 -9999     0 -9999
2021 11 27 20    50    -6 10070   220    41 -9999     0 -9999
2021 11 27 21    56    -6 10071   220    41     4     0 -9999
2021 11 27 22    56     0 10079   260    36     4     0 -9999
2021 11 27 23    50     0 10088   270    15 -9999     0 -9999
2021 11 28 00    50     0 10097   280    21     8     0 -9999
2021 11 28 01    44   -17 10107   310    72 -9999     0 -9999
2021 11 28 02    33   -28 10115   320    57     4     0 -9999
2021 11 28 03    22   -33 10122   320    62     2     0 -9999
2021 11 28 04    11   -39 10126   330    72     0     0 -9999
2021 11 28 05     6   -50 10136   320    62     0     0 -9999
2021 11 28 06     0   -56 10143   300    46     0     0 -9999
2021 11 28 07    -6   -61 10142   300    36     0     0 -9999
2021 11 28 08    -6   -61 10147   280    26     0     0 -9999
2021 11 28 09   -11   -61 10152   260    26     0     0 -9999
2021 11 28 10   -11   -61 10149   260    31     0     0 -9999
2021 11 28 11   -11   -56 10153   280    41     0     0 -9999
2021 11 28 12    -6   -56 10158   290    41     0     0 -9999
2021 11 28 13   -11   -56 10160   290    41     0     0 -9999
2021 11 28 14    -6   -50 10162   290    51     2     0 -9999
2021 11 28 15     0   -50 10166   300    57 -9999     0 -9999
2021 11 28 16    11   -61 10171   310    77 -9999     0 -9999
2021 11 28 17    28   -72 10170   320    67     2     0 -9999
2021 11 28 18    39   -83 10167   320    62     2     0 -9999
2021 11 28 19    39   -94 10170   310    82     2     0 -9999
2021 11 28 20    50  -111 10174   320    67     2     0 -9999
2021 11 28 21    44  -122 10177   290    67     2     0 -9999
2021 11 28 22    39  -122 10184   300    67     2     0 -9999
2021 11 28 23    28  -122 10187   290    41     2     0 -9999
2021 11 29 00    17  -117 10194   290    31     0     0 -9999
2021 11 29 01    11  -117 10200   290    21     2     0 -9999
2021 11 29 02     6  -111 10201     0     0     4     0 -9999
2021 11 29 03   -11  -106 10205   250    21     4     0 -9999
2021 11 29 04   -22  -100 10201     0     0     0     0 -9999
2021 11 29 05   -28   -94 10203   250    21     0     0 -9999
2021 11 29 06   -22  -106 10205   260    26     2     0 -9999
2021 11 29 07   -28  -106 10202   250    21     2     0 -9999
2021 11 29 08   -22  -100 10200   230    26 -9999     0 -9999
2021 11 29 09   -22  -100 10200   230    26 -9999     0 -9999
2021 11 29 10   -22  -100 10195   220    21 -9999     0 -9999
2021 11 29 11   -22   -94 10197   220    15 -9999     0 -9999
2021 11 29 12   -22   -89 10196     0     0     6     0 -9999
2021 11 29 13   -17   -89 10195   210    15 -9999     0 -9999
2021 11 29 14    -6   -94 10191   220    26 -9999     0 -9999
2021 11 29 15     6   -94 10189   220    46 -9999     0 -9999
2021 11 29 16    28  -106 10184   210    31 -9999     0 -9999
2021 11 29 17    33  -106 10176   210    57 -9999     0 -9999
2021 11 29 18    44   -89 10157   190    41     8     0 -9999
2021 11 29 19    50   -89 10141   180    46 -9999     0 -9999
2021 11 29 20    44   -78 10130   170    62 -9999     0 -9999
2021 11 29 21    50   -72 10110   170    57 -9999    -1 -9999
2021 11 29 22    50   -61 10100   170    67 -9999     0 -9999
2021 11 29 23    50   -61 10102   200    88 -9999     0 -9999
2021 11 30 00    44   -50 10105   180    51     8    -1    -1
2021 11 30 01    44   -44 10098   190    57 -9999    -1 -9999
2021 11 30 02    39   -39 10096   190    57 -9999     0 -9999
2021 11 30 03    33   -39 10094   200    36 -9999     0 -9999
2021 11 30 04    33   -33 10085   210    41 -9999     0 -9999
2021 11 30 05    28   -33 10087   220    46 -9999     0 -9999
2021 11 30 06    39   -28 10090   260    51     4     0     0
2021 11 30 07    39   -17 10097   270    41     2     0 -9999
2021 11 30 08    39   -22 10105   310    51     0     0 -9999
2021 11 30 09    39   -28 10119   310    46     2     0 -9999
2021 11 30 10    33   -39 10124   320    51 -9999     0 -9999
2021 11 30 11    22   -44 10134   290    26     4     0 -9999
2021 11 30 12    22   -44 10147   320    41     4     0 -9999
2021 11 30 13    17   -50 10154   310    21     4     0 -9999
2021 11 30 14    17   -44 10160   290    26     2     0 -9999
2021 11 30 15    33   -39 10167   300    31     2     0 -9999
2021 11 30 16    50   -33 10171   290    36     2     0 -9999
2021 11 30 17    78   -17 10169   270    41     2     0 -9999
2021 11 30 18    89   -11 10170   270    67     2     0 -9999
2021 11 30 19   106   -11 10166   270    67     2     0 -9999
2021 11 30 20   111   -22 10167   280    46     2     0 -9999
2021 11 30 21   117   -39 10168   310    51     4     0 -9999
2021 11 30 22   106   -39 10176   290    41     4     0 -9999
2021 11 30 23    83   -39 10184   330    26     2     0 -9999
2021 12 01 00    72   -44 10185   330    31     0     0 -9999
2021 12 01 01    50   -50 10188   360    31     0     0 -9999
2021 12 01 02    50   -56 10188   350    26     4     0 -9999
2021 12 01 03    44   -61 10190     0     0 -9999     0 -9999
2021 12 01 04    33   -50 10190     0     0 -9999     0 -9999
2021 12 01 05    17   -44 10189     0     0 -9999     0 -9999
2021 12 01 06    17   -50 10183     0     0     8     0 -9999
2021 12 01 07    22   -44 10180     0     0 -9999     0 -9999
2021 12 01 08    22   -39 10178     0     0 -9999     0 -9999
2021 12 01 09    28   -33 10180     0     0 -9999     0 -9999
2021 12 01 10    33   -28 10167   160    21 -9999     0 -9999
2021 12 01 11    39    -6 10165   160    31 -9999     0 -9999
2021 12 01 12    50    -6 10156   140    31     8     0 -9999
2021 12 01 13    50     0 10156   170    31 -9999     0 -9999
2021 12 01 14    50     0 10155   160    36 -9999     0 -9999
2021 12 01 15    56     6 10146   170    31 -9999    -1 -9999
2021 12 01 16    67    28 10132   190    62 -9999    -1 -9999
2021 12 01 17    72    39 -9999   200    57 -9999     0 -9999
2021 12 01 18    72    39 10116   210    57     8     0    -1
2021 12 01 19    72    39 10110   200    46 -9999     0 -9999
2021 12 01 20    83    44 10095   190    57 -9999     0 -9999
2021 12 01 21    83    44 10086   210    46 -9999     0 -9999
2021 12 01 22    78    50 10093   200    31 -9999     0 -9999
2021 12 01 23    78    50 10093   210    31 -9999     0 -9999
2021 12 02 00    78    56 10090   200    36     8     0 -9999
2021 12 02 01    89    61 10084   210    51 -9999     0 -9999
2021 12 02 02    89    61 10082   210    51 -9999     0 -9999
2021 12 02 03    83    56 10074   220    57 -9999     0 -9999
2021 12 02 04    94    50 10070   220    62 -9999     0 -9999
2021 12 02 05    89    44 10062   220    57 -9999     0 -9999
2021 12 02 06    94    39 10048   220    72     6     0 -9999
2021 12 02 07   106    28 10042   230    82     2     0 -9999
2021 12 02 08   100    28 10037   240    72 -9999     0 -9999
2021 12 02 09   100    28 10040   250    72 -9999     0 -9999
2021 12 02 10    94    28 10041   250    67 -9999     0 -9999
2021 12 02 11   100    28 10044   240    57 -9999     0 -9999
2021 12 02 12   100    39 10049   260    41     8    -1     0
2021 12 02 13   100    39 10058   240    36 -9999     0 -9999
2021 12 02 14   100    44 10069   250    36 -9999     0 -9999
2021 12 02 15   111    44 10075   240    41 -9999     0 -9999
2021 12 02 16   128    44 10084   280    57 -9999     0 -9999
2021 12 02 17   139    17 10088   280    62 -9999     0 -9999
2021 12 02 18   139   -17 10093   320    77     6     0 -9999
2021 12 02 19   139   -50 10097   320    98 -9999     0 -9999
2021 12 02 20   139   -28 10106   320    57     4     0 -9999
2021 12 02 21   128   -50 10115   320    62     4     0 -9999
2021 12 02 22   117   -56 10127   310    36     2     0 -9999
2021 12 02 23   100   -56 10136   300    15     2     0 -9999
2021 12 03 00    83   -50 10151   320    15     2     0 -9999
2021 12 03 01    83   -39 10156     0     0 -9999     0 -9999
2021 12 03 02    83   -44 10160     0     0 -9999     0 -9999
2021 12 03 03    72   -39 10159   360    31 -9999     0 -9999
2021 12 03 04    78   -33 10162    30    21 -9999     0 -9999
2021 12 03 05    72   -28 10169     0     0 -9999     0 -9999
2021 12 03 06    72   -28 10167    30    26     8     0 -9999
2021 12 03 07    72   -28 10167     0     0 -9999     0 -9999
2021 12 03 08    67   -17 10174   360    31 -9999     0 -9999
2021 12 03 09    67   -17 10174    30    15 -9999     0 -9999
2021 12 03 10    67   -11 10169    80    15 -9999     0 -9999
2021 12 03 11    67    11 10168    90    21 -9999    -1 -9999
2021 12 03 12    72    17 10170   100    21     8     0     0
2021 12 03 13    67    28 10176    50    36 -9999    -1 -9999
2021 12 03 14    67    33 10176    70    46 -9999     0 -9999
2021 12 03 15    72    39 10182    70    31 -9999    -1 -9999
2021 12 03 16    78    39 10176    90    46 -9999     0 -9999
2021 12 03 17    89     6 10173    90    31 -9999     0 -9999
2021 12 03 18    89    11 10163    90    36     6     0    -1
2021 12 03 19   100     6 10151    70    36 -9999     0 -9999
2021 12 03 20    94     6 10152    60    31 -9999     0 -9999
2021 12 03 21    89    22 10160    80    31 -9999     0 -9999
2021 12 03 22    72    22 10167    50    31     4     0 -9999
2021 12 03 23    61    28 10172    30    46     4     0 -9999
2021 12 04 00    56    28 10175    40    31     2     0 -9999
2021 12 04 01    56    28 10183    30    31     2     0 -9999
2021 12 04 02    50    28 10195   360    41 -9999     0 -9999
2021 12 04 03    44    22 -9999   360    41 -9999     0 -9999
2021 12 04 04    33    17 10204   350    26     2     0 -9999
2021 12 04 05    33    11 10211   340    26     0     0 -9999
2021 12 04 06    28     6 10210   330    31     2     0 -9999
2021 12 04 07    22     0 10213 -9999    26     0     0 -9999
2021 12 04 08    11    -6 -9999   340    46 -9999     0 -9999
2021 12 04 09     6   -11 10226   330    31 -9999     0 -9999
2021 12 04 10     6   -11 10228   300    21 -9999     0 -9999
2021 12 04 11     0   -17 10232   240    15     2     0 -9999
2021 12 04 12     0   -17 10240   270    26     6     0 -9999
2021 12 04 13     0   -22 10248   260    26 -9999     0 -9999
2021 12 04 14     0   -22 10254   270    26 -9999     0 -9999
2021 12 04 15    22   -22 10260   320    41 -9999     0 -9999
2021 12 04 16    33   -44 10267   320    51 -9999     0 -9999
2021 12 04 17    44   -78 10261   300    31 -9999     0 -9999
2021 12 04 18    50  -100 10260   310    46     6     0 -9999
2021 12 04 19    50  -128 10259   320    46 -9999     0 -9999
2021 12 04 20    56  -133 10264   300    57 -9999     0 -9999
2021 12 04 21    56  -133 10265   320    57 -9999     0 -9999
2021 12 04 22    50  -150 10267   340    26 -9999     0 -9999
2021 12 04 23    44  -139 10265   310    26 -9999     0 -9999
2021 12 05 00    39  -139 10263   290    15     6     0 -9999
2021 12 05 01    39  -128 10265   280    21 -9999     0 -9999
2021 12 05 02    39  -133 10263     0     0 -9999     0 -9999
2021 12 05 03    33  -117 10260   320    15 -9999     0 -9999
2021 12 05 04    28  -100 10258    10    15 -9999     0 -9999
2021 12 05 05    28  -111 10256    30    21 -9999     0 -9999
2021 12 05 06    33  -122 10246    60    36     8     0 -9999
2021 12 05 07    33  -111 10235    60    36 -9999     0 -9999
2021 12 05 08    33   -94 10228   100    26 -9999     0 -9999
2021 12 05 09    39   -67 10222   100    36 -9999     0 -9999
2021 12 05 10    39   -56 10216   110    41 -9999     0 -9999
2021 12 05 11    39   -50 10208   130    62 -9999     0 -9999
2021 12 05 12    33   -61 10191   120    62     8     0 -9999
2021 12 05 13    39   -72 10174   120    88 -9999     0 -9999
2021 12 05 14    39   -94 10163   120    67 -9999     0 -9999
2021 12 05 15    28   -78 10150   140    82 -9999     3 -9999
2021 12 05 16    22   -44 10141   120    46 -9999     3 -9999
2021 12 05 17    22   -28 10110   130    72 -9999     3 -9999
2021 12 05 18    17   -17 10099   150    46     8     2    10
2021 12 05 19    17    -6 10075   150    31 -9999    15 -9999
2021 12 05 20    22     6 10056   160    36 -9999    -1 -9999
2021 12 05 21    28    11 10047   200    26 -9999     5 -9999
2021 12 05 22    33    17 10035   150    21 -9999    18 -9999
2021 12 05 23    33    22 10034   190    15 -9999    10 -9999
2021 12 06 00    39    22 10031     0     0     8     3    50
2021 12 06 01    39    28 10033   260    21 -9999     3 -9999
2021 12 06 02    50    33 10027   250    31 -9999     0 -9999
2021 12 06 03    50    33 10045   280    57 -9999     0 -9999
2021 12 06 04    44    22 10046   290    41 -9999     0 -9999
2021 12 06 05    33    11 10046   280    36 -9999     0 -9999
2021 12 06 06    28     6 10046   270    31     8     0     3
2021 12 06 07    33     0 10039   290    62 -9999     0 -9999
2021 12 06 08    28   -11 10054   280    67 -9999     0 -9999
2021 12 06 09    17   -28 10065   280    88 -9999     0 -9999
2021 12 06 10    11   -50 10073   270    88 -9999     0 -9999
2021 12 06 11     6   -56 10083   280    77 -9999     0 -9999
2021 12 06 12     6   -67 10089   270    77     8     0 -9999
2021 12 06 13     6   -61 10096   270    93 -9999     0 -9999
2021 12 06 14     6   -67 10104   290   103 -9999     0 -9999
2021 12 06 15     0   -67 10119   270    82 -9999    -1 -9999
2021 12 06 16     0   -72 10134   280    98 -9999    -1 -9999
2021 12 06 17     0   -83 10141   280    77 -9999     0 -9999
2021 12 06 18    11   -83 10143   290    88     2     0    -1
2021 12 06 19    17   -78 10147   280   103     2     0 -9999
2021 12 06 20    -6   -94 10159   270    93     4     0 -9999
2021 12 06 21   -22  -106 10178   290    82     4     0 -9999
2021 12 06 22   -22  -139 10191   280   103     2     0 -9999
2021 12 06 23   -33  -161 10204   290    82     0     0 -9999
2021 12 07 00   -44  -172 10215   290    57     0     0 -9999
2021 12 07 01   -56  -183 10228   300    82     0     0 -9999
2021 12 07 02   -67  -183 10236   290    62     2     0 -9999
2021 12 07 03   -72  -183 10241   300    62     2     0 -9999
2021 12 07 04   -83  -183 10246   300    51     2     0 -9999
2021 12 07 05   -89  -183 10257   280    41     0     0 -9999
2021 12 07 06   -94  -189 10253   310    51     0     0 -9999
2021 12 07 07   -94  -183 10263   290    31     0     0 -9999
2021 12 07 08  -100  -183 10264   300    41     0     0 -9999
2021 12 07 09  -100  -183 10267   290    26     0     0 -9999
2021 12 07 10  -106  -178 10259   310    26     4     0 -9999
2021 12 07 11  -100  -178 10262   290    26 -9999     0 -9999
2021 12 07 12  -100  -172 10262     0     0     8     0 -9999
2021 12 07 13  -100  -172 10253     0     0 -9999     0 -9999
2021 12 07 14   -89  -167 10259   240    26 -9999     0 -9999
2021 12 07 15   -89  -172 10263   240    15 -9999     0 -9999
2021 12 07 16   -72  -172 10262 -9999    21 -9999     0 -9999
2021 12 07 17   -67  -183 10255     0     0 -9999     0 -9999
2021 12 07 18   -61  -183 10245   200    21     8     0 -9999
2021 12 07 19   -56  -189 10236   190    26 -9999     0 -9999
2021 12 07 20   -50  -172 10229   200    21 -9999     0 -9999
2021 12 07 21   -44  -167 10228   200    36 -9999     0 -9999
2021 12 07 22   -50  -150 10222   210    41 -9999    -1 -9999
2021 12 07 23   -50  -161 10210   170    41 -9999    -1 -9999
2021 12 08 00   -50  -156 10200   170    51     8     0    -1
2021 12 08 01   -44  -156 10195   180    51 -9999     0 -9999
2021 12 08 02   -44  -150 10186   180    57 -9999     0 -9999
2021 12 08 03   -39  -156 10180   180    62 -9999     0 -9999
2021 12 08 04   -39  -150 10175   180    41 -9999     0 -9999
2021 12 08 05   -39  -161 10168   190    46 -9999     0 -9999
2021 12 08 06   -33  -156 10166   200    51     8     0 -9999
2021 12 08 07   -33  -139 10158   210    46 -9999     0 -9999
2021 12 08 08   -33  -128 10152   210    41 -9999     0 -9999
2021 12 08 09   -33  -111 10148   200    46 -9999     0 -9999
2021 12 08 10   -33   -94 10136   190    36 -9999     0 -9999
2021 12 08 11   -33   -83 10137   210    36 -9999     0 -9999
2021 12 08 12   -28   -78 10134   210    31     8     0 -9999
2021 12 08 13   -28   -72 10133   220    31 -9999     0 -9999
2021 12 08 14   -22   -67 10135   240    26 -9999     0 -9999
2021 12 08 15   -17   -61 10137   260    31     2     0 -9999
2021 12 08 16    -6   -67 10146   300    57     2     0 -9999
2021 12 08 17     0   -78 10153   340    41     4     0 -9999
2021 12 08 18     6   -78 10153   320    26     2     0 -9999
2021 12 08 19    17   -72 10157   320    36     2     0 -9999
2021 12 08 20    17   -78 10157   330    26     2     0 -9999
2021 12 08 21    17   -78 10159   330    21     2     0 -9999
2021 12 08 22     6   -78 10173   300    41     2     0 -9999
2021 12 08 23    -6   -83 10177   320    36     2     0 -9999
2021 12 09 00   -11   -78 10177   350    15     4     0 -9999
2021 12 09 01   -11   -78 10174    20    21 -9999     0 -9999
2021 12 09 02    -6   -78 10174   100    15 -9999     0 -9999
2021 12 09 03   -17   -78 10185   360    26     4     0 -9999
2021 12 09 04   -33   -83 10179    30    15 -9999     0 -9999
2021 12 09 05   -28   -78 10179     0     0 -9999     0 -9999
2021 12 09 06   -22   -61 10178   170    26     6     0 -9999
2021 12 09 07   -22   -61 10170   150    36 -9999     0 -9999
2021 12 09 08   -22   -56 10161   150    41 -9999     0 -9999
2021 12 09 09   -17   -56 10146   140    41 -9999     0 -9999
2021 12 09 10   -11   -56 10150   160    41 -9999     0 -9999
2021 12 09 11   -11   -56 10133   140    57 -9999     0 -9999
2021 12 09 12    -6   -56 10129   130    41     8     0 -9999
2021 12 09 13     0   -56 10113   130    67 -9999     0 -9999
2021 12 09 14    11   -56 10103   140    57 -9999     0 -9999
2021 12 09 15    17   -56 10084   130    57 -9999     0 -9999
2021 12 09 16    39   -50 10075   160    72 -9999     0 -9999
2021 12 09 17    56   -50 10064   170    57 -9999     0 -9999
2021 12 09 18    56   -39 10050   170    51     8     0 -9999
2021 12 09 19    61   -33 10037   170    57 -9999     0 -9999
2021 12 09 20    67   -22 10037   190    31 -9999     0 -9999
2021 12 09 21    72   -11 10042   200    36 -9999     0 -9999
2021 12 09 22    72     0 10050   200    21 -9999     0 -9999
2021 12 09 23    72     6 10055   180    26 -9999     0 -9999
2021 12 10 00    78    11 10063   180    15     8     0 -9999
2021 12 10 01    67     6 10069   190    15 -9999     0 -9999
2021 12 10 02    61    11 10076   200    21 -9999     0 -9999
2021 12 10 03    56    11 10086   220    26 -9999     0 -9999
2021 12 10 04    56    11 10085   220    26 -9999     0 -9999
2021 12 10 05    44    11 10094   220    21 -9999     0 -9999
2021 12 10 06    50    11 10104   270    26     8     0 -9999
2021 12 10 07    44     6 10105   310    31 -9999     0 -9999
2021 12 10 08    28    -6 10105   330    15 -9999     0 -9999
2021 12 10 09    39     0 10108   340    26 -9999     0 -9999
2021 12 10 10    28    -6 10113    10    26 -9999     0 -9999
2021 12 10 11    39    -6 10123     0     0 -9999     0 -9999
2021 12 10 12    33    -6 10133    40    21     8     0 -9999
2021 12 10 13    28    -6 10130    40    31 -9999     0 -9999
2021 12 10 14    39     0 10133    30    31 -9999     0 -9999
2021 12 10 15    67    22 10129    80    41     4     0 -9999
2021 12 10 16    67    28 10131    60    57     4     0 -9999
2021 12 10 17    78    28 10119    70    51 -9999     0 -9999
2021 12 10 18    78    28 10103    80    67     6     0 -9999
2021 12 10 19    78    28 10092    80    51 -9999     0 -9999
2021 12 10 20    78    28 10076    80    67 -9999     0 -9999
2021 12 10 21    67    33 10061    80    57 -9999    -1 -9999
2021 12 10 22    61    39 10033    70    67 -9999    30 -9999
2021 12 10 23    72    56 10028    90    41 -9999    38 -9999
2021 12 11 00    72    56 10017   100    26     8     2    80
2021 12 11 01    72    56 -9999     0     0 -9999     5 -9999
2021 12 11 02    78    61  9966    90    21 -9999    43 -9999
2021 12 11 03    83    67  9932   100    31 -9999    13 -9999
2021 12 11 04   144   128  9911   200    88 -9999    51 -9999
2021 12 11 05   156   128  9904   230    72 -9999     8 -9999
2021 12 11 06   144   122  9906   220    41     8     0   130
2021 12 11 07   133   117  9903   220    41     4     0 -9999
2021 12 11 08   139   117  9895   220    46     2     0 -9999
2021 12 11 09   144   117  9888   220    62     4     0 -9999
2021 12 11 10   144   117  9873   200    62 -9999     0 -9999
2021 12 11 11    94    50  9890   250   139 -9999     0 -9999
2021 12 11 12    44    17  9913   250    98     8     0 -9999
2021 12 11 13    28    -6  9933   240   108 -9999     0 -9999
2021 12 11 14    22   -11  9950   240   118 -9999    -1 -9999
2021 12 11 15    17   -11 -9999   270    82 -9999    -1 -9999
2021 12 11 16    22   -22  9998   280    88 -9999    -1 -9999
2021 12 11 17    28   -17 10025   290    93 -9999    -1 -9999
2021 12 11 18    33   -22 10045   290    98     6    -1    -1
2021 12 11 19    44   -28 10065   290    88 -9999     0 -9999
2021 12 11 20    44   -44 10083   290    88     4     0 -9999
2021 12 11 21    44   -50 10098   270    82     4     0 -9999
2021 12 11 22    44   -56 10115   270    67     4     0 -9999
2021 12 11 23    39   -50 10133   260    57     0     0 -9999
2021 12 12 00    28   -39 10147   250    57     0     0 -9999
2021 12 12 01    28   -39 10156   250    51     0     0 -9999
2021 12 12 02    17   -39 10164   240    36     0     0 -9999
2021 12 12 03    17   -39 10171   250    57     0     0 -9999
2021 12 12 04    11   -39 10174   230    46     0     0 -9999
2021 12 12 05     6   -39 10178   230    31     0     0 -9999
2021 12 12 06     0   -39 10180   220    36     0     0 -9999
2021 12 12 07     0   -44 10180   220    46     2     0 -9999
2021 12 12 08     6   -44 10182   220    46     2     0 -9999
2021 12 12 09     6   -50 10185   220    41     4     0 -9999
2021 12 12 10     6   -50 10185   230    46     4     0 -9999
2021 12 12 11     6   -50 10188   220    41     2     0 -9999
2021 12 12 12     6   -50 10189   220    51     2     0 -9999
2021 12 12 13     6   -50 10193   220    41     0     0 -9999
2021 12 12 14     6   -50 10199   220    46     0     0 -9999
2021 12 12 15    22   -50 10199   220    67     2     0 -9999
2021 12 12 16    39   -50 10203   210    51     2     0 -9999
2021 12 12 17    61   -50 10200   220    67     2     0 -9999
2021 12 12 18    78   -44 10193   210    67     2     0 -9999
2021 12 12 19    89   -44 10188   210    82     4     0 -9999
2021 12 12 20    89   -44 10180   210    88 -9999     0 -9999
2021 12 12 21    89   -44 10178   210    51 -9999     0 -9999
2021 12 12 22    89   -39 10176   200    77 -9999     0 -9999
2021 12 12 23    78   -33 10181   200    88 -9999     0 -9999
2021 12 13 00    72   -22 10183   210    82     6     0 -9999
2021 12 13 01    67   -28 10186   210    82 -9999     0 -9999
2021 12 13 02    72   -28 10187   210    72 -9999     0 -9999
2021 12 13 03    67   -33 10186   210    72 -9999     0 -9999
2021 12 13 04    61   -33 10191   210    93 -9999     0 -9999
2021 12 13 05    50   -28 10195   210    67     2     0 -9999
2021 12 13 06    50   -28 10197   210    62     2     0 -9999
2021 12 13 07    44   -28 10195   210    62     0     0 -9999
2021 12 13 08    39   -22 10198   210    67     2     0 -9999
2021 12 13 09    39   -28 10197   220    51     2     0 -9999
2021 12 13 10    33   -22 10194   220    62     0     0 -9999
2021 12 13 11    33   -22 10197   210    57     0     0 -9999
2021 12 13 12    28   -22 10198   220    57     0     0 -9999
2021 12 13 13    28   -22 10199   210    57     2     0 -9999
2021 12 13 14    28   -22 10209   220    46     2     0 -9999
2021 12 13 15    39   -22 10214   230    57     2     0 -9999
2021 12 13 16    56   -22 10221   230    46     2     0 -9999
2021 12 13 17    72   -22 10218   250    67     2     0 -9999
2021 12 13 18    83   -17 10212   240    57     2     0 -9999
2021 12 13 19    94   -17 10216   240    36 -9999     0 -9999
2021 12 13 20    94   -11 10218   260    26 -9999     0 -9999
2021 12 13 21    89   -11 10224   240    31 -9999     0 -9999
2021 12 13 22    83    -6 10232   210    26 -9999     0 -9999
2021 12 13 23    78    -6 10241     0     0 -9999     0 -9999
2021 12 14 00    61    -6 10252     0     0     6     0 -9999
2021 12 14 01    44    -6 10259     0     0     4     0 -9999
2021 12 14 02    33   -11 10265     0     0     4     0 -9999
2021 12 14 03    33   -11 10263     0     0     2     0 -9999
2021 12 14 04    22   -11 10270     0     0     2     0 -9999
2021 12 14 05    17   -17 10272     0     0     2     0 -9999
2021 12 14 06    11   -22 10270     0     0     0     0 -9999
2021 12 14 07    11   -22 10271     0     0     0     0 -9999
2021 12 14 08    11   -22 10276     0     0     2     0 -9999
2021 12 14 09     0   -22 10279     0     0     0     0 -9999
2021 12 14 10     0   -28 10280     0     0     2     0 -9999
2021 12 14 11    11   -17 10277   100    15     0     0 -9999
2021 12 14 12    11   -17 10278   150    15     2     0 -9999
2021 12 14 13    17    -6 10277   130    26     4     0 -9999
2021 12 14 14    33     0 10276   140    31 -9999     0 -9999
2021 12 14 15    50    11 10274   130    31 -9999     0 -9999
2021 12 14 16    78    11 10273   130    41 -9999     0 -9999
2021 12 14 17    83    11 10268   160    46 -9999     0 -9999
2021 12 14 18    89    11 10257   160    36     8     0 -9999
2021 12 14 19   111    17 10250   150    36 -9999     0 -9999
2021 12 14 20   117    17 10238   130    41 -9999     0 -9999
2021 12 14 21   111    22 10235   150    51 -9999     0 -9999
2021 12 14 22   111    28 10231   150    41 -9999     0 -9999
2021 12 14 23   100    33 10228   140    41 -9999     0 -9999
2021 12 15 00   106    33 10224   160    41     8     0 -9999
2021 12 15 01   106    33 10218   150    46 -9999    -1 -9999
2021 12 15 02   111    39 10212   170    46 -9999    -1 -9999
2021 12 15 03   106    67 10211   190    77 -9999     3 -9999
2021 12 15 04    94    78 10200   170    46 -9999     5 -9999
2021 12 15 05   100    78 10198   190    82 -9999    -1 -9999
2021 12 15 06   100    83 10190   190    62     8    -1     8
2021 12 15 07   106    83 10178   190    67 -9999     0 -9999
2021 12 15 08   111    83 10176   190    57 -9999     0 -9999
2021 12 15 09   117    89 10172   200    57 -9999     0 -9999
2021 12 15 10   117    94 10162   190    57 -9999     0 -9999
2021 12 15 11   122   100 10153   190    51 -9999     0 -9999
2021 12 15 12   128   100 10150   190    67     8     0 -9999
2021 12 15 13   128   106 10143   190    51 -9999     0 -9999
2021 12 15 14   133   111 10137   190    57 -9999     0 -9999
2021 12 15 15   139   111 10131   190    67 -9999     0 -9999
2021 12 15 16   150   122 10126   190    67 -9999     0 -9999
2021 12 15 17   161   133 10114   190    62 -9999     0 -9999
2021 12 15 18   172   139 10099   190    72     8     0 -9999
2021 12 15 19   178   144 10089   200    93 -9999     0 -9999
2021 12 15 20   178   144 10082   190    88 -9999     0 -9999
2021 12 15 21   183   150 10080   190   103 -9999     0 -9999
2021 12 15 22   183   150 10076   190    82 -9999     0 -9999
2021 12 15 23   183   150 10075   200    98 -9999     0 -9999
2021 12 16 00   178   144 10068   190    82     8     0 -9999
2021 12 16 01   172   139 10052   190    88 -9999     0 -9999
2021 12 16 02   172   139 10041   190   124 -9999     0 -9999
2021 12 16 03   178   133 10039   190   129 -9999     0 -9999
2021 12 16 04   172   133 10023   190   124 -9999     0 -9999
2021 12 16 05   183   139 10015   200   165 -9999     0 -9999
2021 12 16 06   189   139 10005   190   139     8     0 -9999
2021 12 16 07   178   144 10003   200   124 -9999    -1 -9999
2021 12 16 08   183   139  9990   200   118 -9999    -1 -9999
2021 12 16 09   183   117 10010   220   103 -9999    -1 -9999
2021 12 16 10   161    44 10018   240   118 -9999     0 -9999
2021 12 16 11   111    44 10035   260   103     2     0 -9999
2021 12 16 12    72    22 10050   240    93     2     0    -1
2021 12 16 13    56     6 10062   260    93     2     0 -9999
2021 12 16 14    44    -6 10068   230    93 -9999     0 -9999
2021 12 16 15    39   -17 10080   240    98     4     0 -9999
2021 12 16 16    39   -17 10090   250   113 -9999     0 -9999
2021 12 16 17    33   -33 10098   260   113 -9999     0 -9999
2021 12 16 18    39   -28 10102   250    82     2     0 -9999
2021 12 16 19    39   -33 10110   260   103     2     0 -9999
2021 12 16 20    44   -33 10117   250    88     2     0 -9999
2021 12 16 21    50   -33 10125   250    88     2     0 -9999
2021 12 16 22    44   -39 10137   250    72     2     0 -9999
2021 12 16 23    39   -44 10150   250    88     0     0 -9999
2021 12 17 00    33   -44 10157   250    57     0     0 -9999
2021 12 17 01    28   -72 10166   250    62     0     0 -9999
2021 12 17 02    22   -67 10176   260    72     0     0 -9999
2021 12 17 03    17   -61 10186   260    51     0     0 -9999
2021 12 17 04    11   -61 10196   250    62     0     0 -9999
2021 12 17 05     6   -67 10210   260    36     0     0 -9999
2021 12 17 06     0   -67 10211   280    36     0     0 -9999
2021 12 17 07    -6   -72 10214   280    41     0     0 -9999
2021 12 17 08   -11   -72 10219   290    36     2     0 -9999
2021 12 17 09   -11   -78 10225     0     0     2     0 -9999
2021 12 17 10   -17   -78 10232   240    15     0     0 -9999
2021 12 17 11   -22   -72 10239   250    26     0     0 -9999
2021 12 17 12   -22   -72 10241   280    31     2     0 -9999
2021 12 17 13   -28   -78 10245     0     0     2     0 -9999
2021 12 17 14   -28   -72 10247   320    15     2     0 -9999
2021 12 17 15   -11   -72 10251   350    31     2     0 -9999
2021 12 17 16     6   -83 10257    30    31     2     0 -9999
2021 12 17 17    17   -78 10254    10    21     4     0 -9999
2021 12 17 18    28   -83 10243    80    26     4     0 -9999
2021 12 17 19    28   -61 10236    60    41 -9999     0 -9999
2021 12 17 20    22   -44 10227    60    57 -9999     0 -9999
2021 12 17 21    22   -33 10227    60    51 -9999     0 -9999
2021 12 17 22    17   -33 10226    60    62 -9999     0 -9999
2021 12 17 23    22   -28 10226    70    46 -9999     0 -9999
2021 12 18 00    22   -22 10224    60    67     8     0 -9999
2021 12 18 01    28   -17 10221    70    62 -9999     0 -9999
2021 12 18 02    28   -17 10219    60    62 -9999     0 -9999
2021 12 18 03    33   -22 10207    50    46 -9999     0 -9999
2021 12 18 04    39   -11 10195    60    41 -9999     0 -9999
2021 12 18 05    44    -6 10192    40    36 -9999     0 -9999
2021 12 18 06    44   -11 10181    60    46     8    -1    -1
2021 12 18 07    44   -11 10172    50    46 -9999    -1 -9999
2021 12 18 08    33    -6 10169    80    31 -9999    10 -9999
2021 12 18 09    28     0 10166    20    36 -9999    -1 -9999
2021 12 18 10    28     0 10164    50    36 -9999    -1 -9999
2021 12 18 11    28     6 10161    40    46 -9999    -1 -9999
2021 12 18 12    22     6 10164    40    41     8    -1    10
2021 12 18 13    22     6 10161    40    51 -9999    -1 -9999
2021 12 18 14    28     6 10166    10    57 -9999     3 -9999
2021 12 18 15    22     6 10172   350    46 -9999     3 -9999
2021 12 18 16    28     6 10174   350    41 -9999    -1 -9999
2021 12 18 17    28     0 10177   340    51 -9999    -1 -9999
2021 12 18 18    22    -6 10176   330    46     6     0     5
2021 12 18 19    33    -6 10182   330    57 -9999     0 -9999
2021 12 18 20    28   -17 10188   340    57 -9999     0 -9999
2021 12 18 21    28   -33 10198   340    57 -9999     0 -9999
2021 12 18 22    17   -39 10209   340    62 -9999     0 -9999
2021 12 18 23    11   -39 10219   350    41 -9999     0 -9999
2021 12 19 00    11   -44 10230   340    51     8     0 -9999
2021 12 19 01     0   -44 10235   350    62 -9999     0 -9999
2021 12 19 02     0   -56 10244   360    46 -9999     0 -9999
2021 12 19 03     0   -61 10250    10    46 -9999     0 -9999
2021 12 19 04     0   -56 10251   330    46 -9999     0 -9999
2021 12 19 05     0   -61 10257    40    31 -9999     0 -9999
2021 12 19 06    -6   -50 10261     0     0     8    -1 -9999
2021 12 19 07     0   -56 10263    30    31 -9999     0 -9999
2021 12 19 08    -6   -61 10266   330    15 -9999     0 -9999
2021 12 19 09    -6   -61 10274   320    26 -9999     0 -9999
2021 12 19 10   -11   -56 10270     0     0 -9999     0 -9999
2021 12 19 11   -11   -61 10275   310    31 -9999     0 -9999
2021 12 19 12   -17   -61 10277   330    15     6     0 -9999
2021 12 19 13   -22   -61 10281   360    15 -9999     0 -9999
2021 12 19 14   -17   -61 10283   300    21 -9999     0 -9999
2021 12 19 15    -6   -61 10287   350    15     2     0 -9999
2021 12 19 16     0   -61 10288   210    15     2     0 -9999
2021 12 19 17    11   -56 10282 -9999    21     2     0 -9999
2021 12 19 18    22   -44 10275   210    31     6     0 -9999
2021 12 19 19    22   -44 10266   220    57 -9999     0 -9999
2021 12 19 20    28   -44 10259   230    51     4     0 -9999
2021 12 19 21    22   -44 10257   220    46     4     0 -9999
2021 12 19 22    22   -44 10255   210    46     4     0 -9999
2021 12 19 23    11   -44 10254   200    41     4     0 -9999
2021 12 20 00     0   -39 10251   180    21     4     0 -9999
2021 12 20 01     0   -39 10248   190    41     4     0 -9999
2021 12 20 02     0   -39 10245   190    41     4     0 -9999
2021 12 20 03     0   -33 10241   200    46     2     0 -9999
2021 12 20 04     0   -33 10235   200    57     2     0 -9999
2021 12 20 05     0   -33 10234   200    51     2     0 -9999
2021 12 20 06    -6   -33 10231   190    51     2     0 -9999
2021 12 20 07   -11   -39 10226   190    36     2     0 -9999
2021 12 20 08    -6   -33 10228   200    46     2     0 -9999
2021 12 20 09    -6   -33 10228   200    46     4     0 -9999
2021 12 20 10    -6   -33 10225   220    51     4     0 -9999
2021 12 20 11    -6   -33 10218   210    72     2     0 -9999
2021 12 20 12    -6   -33 10213   210    72     2     0 -9999
2021 12 20 13    -6   -33 10212   210    77     4     0 -9999
2021 12 20 14     0   -33 10206   210    72 -9999     0 -9999
2021 12 20 15     6   -33 10201   210    62 -9999     0 -9999
2021 12 20 16    22   -33 10200   220    72     4     0 -9999
2021 12 20 17    28   -28 10199   220    77     4     0 -9999
2021 12 20 18    39   -28 10191   230    67     2     0 -9999
2021 12 20 19    50   -33 10183   250    57 -9999     0 -9999
2021 12 20 20    50   -28 10181   250    72 -9999     0 -9999
2021 12 20 21    56   -22 10180   240    57 -9999     0 -9999
2021 12 20 22    44   -28 10189   260    41 -9999     0 -9999
2021 12 20 23    39   -28 10200   260    41 -9999     0 -9999
2021 12 21 00    28   -33 10205   280    26     6     0 -9999
2021 12 21 01    22   -33 10206   240    15 -9999     0 -9999
2021 12 21 02    11   -33 10206   260    21     4     0 -9999
2021 12 21 03     6   -39 10209   310    31     4     0 -9999
2021 12 21 04     6   -39 10206   310    31     4     0 -9999
2021 12 21 05     0   -44 10205   300    15     2     0 -9999
2021 12 21 06   -11   -50 10201   310    15     2     0 -9999
2021 12 21 07   -17   -50 10196   350    36     2     0 -9999
2021 12 21 08   -28   -61 10199   350    15     0     0 -9999
2021 12 21 09   -33   -72 10199   350    31     0     0 -9999
2021 12 21 10   -39   -72 10186   350    26     0     0 -9999
2021 12 21 11   -44   -83 10179   350    31     0     0 -9999
2021 12 21 12   -44   -83 10175   350    21     2     0 -9999
2021 12 21 13   -39   -83 10165   340    15     2     0 -9999
2021 12 21 14   -28   -72 10153     0     0 -9999     0 -9999
2021 12 21 15   -11   -50 10140   160    15     2     0 -9999
2021 12 21 16    22   -22 10129   190    51     2     0 -9999
2021 12 21 17    33   -33 10117   200    72     4     0 -9999
2021 12 21 18    39   -28 10091   230    82     6     0 -9999
2021 12 21 19    39   -22 10076   230    62 -9999     0 -9999
2021 12 21 20    44   -28 10060   240    93 -9999     0 -9999
2021 12 21 21    44   -28 10055   250    82 -9999     0 -9999
2021 12 21 22    39   -33 10062   260    98 -9999     0 -9999
2021 12 21 23    28   -44 10071   280    67 -9999     0 -9999
2021 12 22 00    17   -56 10072   280    98     4     0 -9999
2021 12 22 01     6   -61 10081   290    51 -9999     0 -9999
2021 12 22 02     6   -67 10087   290    57 -9999     0 -9999
2021 12 22 03    -6   -78 10092   300    72 -9999     0 -9999
2021 12 22 04    -6   -83 10097   300    46 -9999     0 -9999
2021 12 22 05   -17  -100 10104   290    77     2     0 -9999
2021 12 22 06   -33  -111 10111   290    62     0     0 -9999
2021 12 22 07   -44  -128 10123   300    72     0     0 -9999
2021 12 22 08   -50  -128 10129   310    51     0     0 -9999
2021 12 22 09   -56  -128 10140   300    51     0     0 -9999
2021 12 22 10   -61  -128 10146   300    36     2     0 -9999
2021 12 22 11   -67  -122 10152   300    36     2     0 -9999
2021 12 22 12   -67  -122 10161   270    36     0     0 -9999
2021 12 22 13   -67  -128 10170   280    46     2     0 -9999
2021 12 22 14   -67  -122 10180   280    51     2     0 -9999
2021 12 22 15   -61  -122 10186   270    41     2     0 -9999
2021 12 22 16   -50  -128 10187 -9999    26     2     0 -9999
2021 12 22 17   -39  -133 10189   290    36 -9999     0 -9999
2021 12 22 18   -28  -133 10187   260    36     6     0 -9999
2021 12 22 19   -17  -133 10185   270    41 -9999     0 -9999
2021 12 22 20    -6  -133 10184   270    36 -9999     0 -9999
2021 12 22 21    -6  -133 10183   240    36 -9999     0 -9999
2021 12 22 22   -11  -128 10188   260    31 -9999     0 -9999
2021 12 22 23   -11  -128 10187   230    36 -9999     0 -9999
2021 12 23 00   -17  -122 10186   220    26     2     0 -9999
2021 12 23 01   -17  -111 10185   180    15 -9999     0 -9999
2021 12 23 02   -22  -111 10184   150    21     4     0 -9999
2021 12 23 03   -22  -106 10185   140    15 -9999     0 -9999
2021 12 23 04   -22  -100 10187   140    31 -9999     0 -9999
2021 12 23 05   -22   -94 10183   140    26 -9999     0 -9999
2021 12 23 06   -17   -89 10174   140    36     6     0 -9999
2021 12 23 07   -22   -83 10171   160    31     4     0 -9999
2021 12 23 08   -22   -83 10171   150    31 -9999     0 -9999
2021 12 23 09   -17   -83 10155   160    46 -9999     0 -9999
2021 12 23 10   -11   -78 10144   170    41 -9999     0 -9999
2021 12 23 11   -11   -72 10139   180    26 -9999     0 -9999
2021 12 23 12    -6   -61 10133   180    26     8     0 -9999
2021 12 23 13     0   -56 10129   170    31 -9999     0 -9999
2021 12 23 14     6   -50 10122   170    41 -9999     0 -9999
2021 12 23 15    17   -44 10117   190    36 -9999     0 -9999
2021 12 23 16    28   -33 10108   190    62 -9999     0 -9999
2021 12 23 17    44   -22 10096   190    72 -9999     0 -9999
2021 12 23 18    56   -11 10085   220    51     8     0 -9999
2021 12 23 19    67     0 10066   200    62 -9999     0 -9999
2021 12 23 20    67     6 10064   220    51 -9999     0 -9999
2021 12 23 21    78    17 10065   230    46 -9999     0 -9999
2021 12 23 22    72    17 10067   220    36 -9999     0 -9999
2021 12 23 23    67    17 10068   200    21 -9999     0 -9999
2021 12 24 00    61    17 10073   210    21     6     0 -9999
2021 12 24 01    56    17 10072   210    15     4     0 -9999
2021 12 24 02    44    11 10073   200    26 -9999     0 -9999
2021 12 24 03    33     6 10078     0     0 -9999     0 -9999
2021 12 24 04    33     6 10081   170    21 -9999     0 -9999
2021 12 24 05    28     6 10083   200    26     2     0 -9999
2021 12 24 06    28     6 10086   210    26     6     0 -9999
2021 12 24 07    22     0 10084   200    15     4     0 -9999
2021 12 24 08    17    -6 10082     0     0 -9999     0 -9999
2021 12 24 09    17     0 10076   170    26 -9999     0 -9999
2021 12 24 10    17     0 10073   170    26 -9999     0 -9999
2021 12 24 11    22     6 10068   170    26 -9999     0 -9999
2021 12 24 12    39    22 10060   170    36     9     0 -9999
2021 12 24 13    39    22 10050   160    41 -9999     0 -9999
2021 12 24 14    50    33 10047   160    26 -9999     0 -9999
2021 12 24 15    67    56 10038   170    36 -9999     0 -9999
2021 12 24 16    83    61 10025   170    57 -9999     0 -9999
2021 12 24 17    94    61 10017   170    46 -9999     0 -9999
2021 12 24 18   100    67 10006   180    41     8     0 -9999
2021 12 24 19   106    78  9990   180    57 -9999     0 -9999
2021 12 24 20   106    83  9976   180    57 -9999     0 -9999
2021 12 24 21   117    94  9969   180    46 -9999     0 -9999
2021 12 24 22   122   100  9968   180    46 -9999     0 -9999
2021 12 24 23   128   100  9966   180    51 -9999     0 -9999
2021 12 25 00   128   100  9964   180    46     8     0 -9999
2021 12 25 01   133   106  9967   200    41 -9999     0 -9999
2021 12 25 02   133   106  9968   200    57 -9999     0 -9999
2021 12 25 03   133   106  9960   190    36 -9999     0 -9999
2021 12 25 04   133   106  9963   200    41 -9999     0 -9999
2021 12 25 05   133   111  9967   220    57 -9999     0 -9999
2021 12 25 06   128   106  9965   240    36     8     0 -9999
2021 12 25 07   122   106 -9999   270    31 -9999    -1 -9999
2021 12 25 08   117   100  9973   320    46 -9999     3 -9999
2021 12 25 09   100    83  9986   360    36 -9999     3 -9999
2021 12 25 10    94    78  9990   360    41 -9999     3 -9999
2021 12 25 11    89    72  9995    10    46 -9999     0 -9999
2021 12 25 12    83    67 10004   350    46     8     0     8
2021 12 25 13    72    50 10017   360    82 -9999    -1 -9999
2021 12 25 14    67    28 10032    10    62 -9999    -1 -9999
2021 12 25 15    61    22 10046    20    51 -9999    -1 -9999
2021 12 25 16    61     6 10054    20    72 -9999    -1 -9999
2021 12 25 17    61    -6 10052    40    72 -9999     0 -9999
2021 12 25 18    83   -28 10060    20    67     6     0    -1
2021 12 25 19    83   -61 10066    30    57     2     0 -9999
2021 12 25 20    89   -61 10073    40    46     2     0 -9999
2021 12 25 21    78   -56 10085    60    41     2     0 -9999
2021 12 25 22    61   -33 10095    40    36     2     0 -9999
2021 12 25 23    39   -22 10106    40    31     2     0 -9999
2021 12 26 00    33   -22 10114    30    36     0     0 -9999
2021 12 26 01    33   -22 10123    50    21     0     0 -9999
2021 12 26 02    22   -22 10129     0     0     0     0 -9999
2021 12 26 03    22   -22 10135     0     0     4     0 -9999
2021 12 26 04    11   -22 10146   350    41     2     0 -9999
2021 12 26 05     6   -28 10149    10    15     2     0 -9999
2021 12 26 06     0   -33 10149     0     0     0     0 -9999
2021 12 26 07     0   -33 10151     0     0     0     0 -9999
2021 12 26 08   -11   -39 10161   280    15     0     0 -9999
2021 12 26 09    -6   -44 10169     0     0     0     0 -9999
2021 12 26 10   -17   -44 10171   340    15     0     0 -9999
2021 12 26 11   -22   -50 10173     0     0     0     0 -9999
2021 12 26 12   -17   -44 10177   360    15     0     0 -9999
2021 12 26 13   -17   -50 10182     0     0     0     0 -9999
2021 12 26 14   -17   -39 10185     0     0     2     0 -9999
2021 12 26 15    11   -17 10196     0     0     4     0 -9999
2021 12 26 16    44     6 10201   110    21 -9999     0 -9999
2021 12 26 17    50     6 10203   110    31 -9999     0 -9999
2021 12 26 18    61     6 10199    70    51     6     0 -9999
2021 12 26 19    56    -6 10190    70    57 -9999     0 -9999
2021 12 26 20    44   -11 10186    70    57 -9999     0 -9999
2021 12 26 21    39   -11 10183    80    57 -9999     0 -9999
2021 12 26 22    28   -17 10185    80    72 -9999     0 -9999
2021 12 26 23    22   -17 10183    80    46 -9999     0 -9999
2021 12 27 00    28   -22 10174    80    46     8     0 -9999
2021 12 27 01    33   -11 10155    80    51 -9999     0 -9999
2021 12 27 02    39   -17 10140    90    62 -9999     0 -9999
2021 12 27 03    39   -11 10127   110    98 -9999    -1 -9999
2021 12 27 04    39    -6 10121   100    57 -9999    -1 -9999
2021 12 27 05    28     0 10079   100    82 -9999    10 -9999
2021 12 27 06    28     6 10070   100    72     8    84    70
2021 12 27 07    28    11 10067    90    67 -9999    18 -9999
2021 12 27 08    28    11 10048    90    72 -9999    33 -9999
2021 12 27 09    33    17 10044    80    67 -9999    20 -9999
2021 12 27 10    33    17 10041    80    72 -9999     8 -9999
2021 12 27 11    33    17 10026   100    72 -9999     3 -9999
2021 12 27 12    39    22 10034   100    21     8    -1   110
2021 12 27 13    39    22 10028    60    26 -9999    -1 -9999
2021 12 27 14    44    28 10027    80    15 -9999    -1 -9999
2021 12 27 15    44    33 10027   160    15 -9999    -1 -9999
2021 12 27 16    50    39 10034     0     0     9    -1 -9999
2021 12 27 17    56    50 10037   250    21 -9999    -1 -9999
2021 12 27 18    67    61 10035   250    36     8     0    -1
2021 12 27 19    78    61 10037   270    51 -9999     0 -9999
2021 12 27 20    72    50 10045   270    62 -9999     0 -9999
2021 12 27 21    61    28 10057   270    67 -9999     0 -9999
2021 12 27 22    56    17 10069   270    72 -9999     0 -9999
2021 12 27 23    44     6 10082   260    57 -9999     0 -9999
2021 12 28 00    33    -6 10094   270    72     6     0 -9999
2021 12 28 01    28   -17 10102   260    57     2     0 -9999
2021 12 28 02    17   -22 10106   250    41 -9999     0 -9999
2021 12 28 03    11   -28 10110   250    41 -9999     0 -9999
2021 12 28 04     6   -33 10115   260    31 -9999     0 -9999
2021 12 28 05     6   -39 10117   240    46 -9999     0 -9999
2021 12 28 06     0   -50 10124   250    41     8     0 -9999
2021 12 28 07     0   -44 10130   260    36 -9999     0 -9999
2021 12 28 08     0   -50 10130   280    21 -9999     0 -9999
2021 12 28 09    -6   -56 10125   320    31 -9999     0 -9999
2021 12 28 10   -11   -56 10121   340    36 -9999     0 -9999
2021 12 28 11    -6   -56 10113    50    26 -9999     0 -9999
2021 12 28 12    -6   -50 10120   130    21     8     0 -9999
2021 12 28 13     0   -50 10113    80    21 -9999     0 -9999
2021 12 28 14    11   -39 10102   100    26 -9999     0 -9999
2021 12 28 15    17   -28 10090    60    46 -9999     0 -9999
2021 12 28 16    28   -17 10095   120    21 -9999     0 -9999
2021 12 28 17    17    -6 10080    90    46 -9999     3 -9999
2021 12 28 18    11    -6 10070   100    31     8     5     8
2021 12 28 19     6   -11 10052    90    36     9    28 -9999
2021 12 28 20    11    -6 10024    80    41 -9999    20 -9999
2021 12 28 21    11    -6 10020    80    36 -9999    15 -9999
2021 12 28 22    11    -6 10030    60    31 -9999    15 -9999
2021 12 28 23    17    -6 10031    70    26 -9999     8 -9999
2021 12 29 00    17     0 10033    90    31     8     3    90
2021 12 29 01    22     6 10038   100    26 -9999    -1 -9999
2021 12 29 02    22     6 10040    90    26 -9999    -1 -9999
2021 12 29 03    22    11 10040   160    21 -9999    -1 -9999
2021 12 29 04    22     6 10043   160    15 -9999    -1 -9999
2021 12 29 05    22     6 10047   190    15 -9999    -1 -9999
2021 12 29 06    17     6 10054   210    15     9    -1     3
2021 12 29 07    17     6 10059   220    26 -9999    -1 -9999
2021 12 29 08    22     6 10069   270    26 -9999    -1 -9999
2021 12 29 09    22     6 10083   260    26 -9999     0 -9999
2021 12 29 10    17     0 -9999   290    26 -9999     0 -9999
2021 12 29 11    17    -6 10088   280    31 -9999     0 -9999
2021 12 29 12    17    -6 10099   290    31     8     0    -1
2021 12 29 13    17   -11 10108   260    41 -9999     0 -9999
2021 12 29 14    11   -22 10120   280    36 -9999     0 -9999
2021 12 29 15     6   -28 10130   270    46 -9999     0 -9999
2021 12 29 16     6   -33 10141   270    41 -9999     0 -9999
2021 12 29 17     6   -39 10144   300    36 -9999     0 -9999
2021 12 29 18    11   -44 10138   310    31     6     0 -9999
2021 12 29 19    17   -50 10134   340    36 -9999     0 -9999
2021 12 29 20    11   -56 10138    10    41 -9999     0 -9999
2021 12 29 21    11   -67 10138   350    46 -9999     0 -9999
2021 12 29 22     6   -89 10141    20    57 -9999     0 -9999
2021 12 29 23     6   -83 10153    30    41 -9999     0 -9999
2021 12 30 00     0   -67 10146    20    51     8     0 -9999
2021 12 30 01    -6   -72 10150   350    36 -9999     0 -9999
2021 12 30 02    -6   -67 10149   360    46 -9999     0 -9999
2021 12 30 03    -6   -61 10151   350    26 -9999     0 -9999
2021 12 30 04    -6   -61 10157   330    31 -9999    -1 -9999
2021 12 30 05   -22   -44 10148    30    26 -9999     3 -9999
2021 12 30 06   -17   -44 10144    20    36     8    -1     3
2021 12 30 07   -17   -39 -9999    20    26 -9999    -1 -9999
2021 12 30 08    -6   -28 10136    20    26 -9999    -1 -9999
2021 12 30 09    -6   -28 10138   350    21 -9999     0 -9999
2021 12 30 10   -11   -33 10135   360    36 -9999    -1 -9999
2021 12 30 11   -17   -33 10134    10    21 -9999    -1 -9999
2021 12 30 12   -17   -39 10136   360    41     8     0    -1
2021 12 30 13   -17   -44 10134    30    31 -9999     0 -9999
2021 12 30 14   -17   -44 10131    20    31 -9999     0 -9999
2021 12 30 15   -11   -44 10137   350    21 -9999     0 -9999
2021 12 30 16    -6   -39 10135   340    21 -9999     0 -9999
2021 12 30 17     0   -39 10125    10    15 -9999     0 -9999
2021 12 30 18    11   -28 10117   360    15     8     0 -9999
2021 12 30 19    22   -22 10103     0     0 -9999     0 -9999
2021 12 30 20    28   -17 10099   180    21 -9999     0 -9999
2021 12 30 21    22   -11 10095   150    15 -9999     0 -9999
2021 12 30 22    22   -11 10098   180    26 -9999     0 -9999
2021 12 30 23    22   -11 10094   190    26 -9999     0 -9999
2021 12 31 00    17    -6 10097   190    26     8    -1    -1
2021 12 31 01    17     0 10098   180    21 -9999    -1 -9999
2021 12 31 02    22     6 10098   190    21 -9999    -1 -9999
2021 12 31 03    22     6 10094   220    15 -9999     0 -9999
2021 12 31 04    22     0 10093   240    21 -9999     0 -9999
2021 12 31 05    22     0 10089   220    21 -9999     0 -9999
2021 12 31 06    22    -6 10097   260    46     8     0    -1
2021 12 31 07    17   -17 10094   240    46 -9999     0 -9999
2021 12 31 08    17   -17 10099   240    46 -9999     0 -9999
2021 12 31 09    11   -22 10097   270    36 -9999     0 -9999
2021 12 31 10    11   -22 10097   260    46 -9999     0 -9999
2021 12 31 11    11   -22 10098   270    15 -9999     0 -9999
2021 12 31 12     6   -22 10094   330    15     8     0 -9999
2021 12 31 13     6   -22 10095     0     0 -9999     0 -9999
2021 12 31 14     6   -22 10096   140    15 -9999     0 -9999
2021 12 31 15    11   -22 10094   130    26 -9999     0 -9999
2021 12 31 16    22   -17 10089   100    21 -9999     0 -9999
2021 12 31 17    39    -6 10073   120    46 -9999     0 -9999
2021 12 31 18    50     6 10064   120    36     8     0 -9999
2021 12 31 19    50    11 10057   110    36 -9999     0 -9999
2021 12 31 20    50    22 10034   100    46 -9999     0 -9999
2021 12 31 21    50    28 10029    80    26 -9999     0 -9999
2021 12 31 22    56    33 10032    80    21 -9999     0 -9999
2021 12 31 23    50    33 -9999    20    72 -9999     0 -9999
