2022 01 01 00    56    39 10038    30    41     8 -9999 -9999
2022 01 01 01    50    33 10040    40    51 -9999     0 -9999
2022 01 01 02    50    33 10044    20    41 -9999     0 -9999
2022 01 01 03    44    33 10048    20    67 -9999     0 -9999
2022 01 01 04    44    28 10057    20    51 -9999     0 -9999
2022 01 01 05    39    22 10060    30    57 -9999    -1 -9999
2022 01 01 06    39    17 10066    20    67     8    -1    -1
2022 01 01 07    28    11 10070    30    93 -9999    -1 -9999
2022 01 01 08    17     0 10077   360    67 -9999    -1 -9999
2022 01 01 09    22     6 10080   360    46 -9999    -1 -9999
2022 01 01 10    17     0 10082   350    57 -9999     0 -9999
2022 01 01 11    11    -6 10089   350    67 -9999     0 -9999
2022 01 01 12    11   -11 10091    10    67     8     0    -1
2022 01 01 13    17    -6 10097    10   113 -9999     0 -9999
2022 01 01 14     6   -17 10112    10   103 -9999    -1 -9999
2022 01 01 15     0   -17 10111    10    72 -9999    -1 -9999
2022 01 01 16    11   -22 10115    20   103 -9999    -1 -9999
2022 01 01 17    11   -22 10110    20   103 -9999     0 -9999
2022 01 01 18    11   -28 10105    30   118     8    -1    -1
2022 01 01 19     6   -22 10095    40    93 -9999    -1 -9999
2022 01 01 20     0   -22 10092    30    88     9     3 -9999
2022 01 01 21    -6   -22 10096    30   113 -9999     5 -9999
2022 01 01 22    -6   -28 10093    30    93 -9999    -1 -9999
2022 01 01 23   -11   -33 10106    30   118 -9999     5 -9999
2022 01 02 00   -33   -56 10115   350    82     8     8    20
2022 01 02 01   -39   -61 10114   350    88 -9999    10 -9999
2022 01 02 02   -39   -61 10114   350    77 -9999     5 -9999
2022 01 02 03   -11   -39 10116    40    98 -9999    -1 -9999
2022 01 02 04   -11   -39 10117    40    82 -9999     3 -9999
2022 01 02 05   -11   -44 10126    20    88 -9999     3 -9999
2022 01 02 06   -44   -67 10133   340    72     8     5    30
2022 01 02 07   -56   -78 10143   340    62 -9999     5 -9999
2022 01 02 08   -61   -89 10153   350    93 -9999     3 -9999
2022 01 02 09   -61   -89 10157   350    72 -9999    -1 -9999
2022 01 02 10   -61   -94 10162   350    77 -9999     3 -9999
2022 01 02 11   -61   -94 10168   350    72 -9999    -1 -9999
2022 01 02 12   -67  -100 10175   340    67     8     0    10
2022 01 02 13   -72  -106 10183   340    51 -9999     0 -9999
2022 01 02 14   -67  -106 10203   330    51 -9999     0 -9999
2022 01 02 15   -67  -100 10212   340    41 -9999    -1 -9999
2022 01 02 16   -61   -94 10219   340    46 -9999    -1 -9999
2022 01 02 17   -56   -89 10219   330    36 -9999    -1 -9999
2022 01 02 18   -44   -83 10217   340    41     4    -1    -1
2022 01 02 19   -33   -83 10218   350    46     2    -1 -9999
2022 01 02 20   -28   -83 10222   350    21     4    -1 -9999
2022 01 02 21   -28   -89 10235   360    31     4     0 -9999
2022 01 02 22   -39   -94 10240   350    26     4     0 -9999
2022 01 02 23   -50  -100 10246   330    21     2     0 -9999
2022 01 03 00   -56  -100 10252   320    41     2     0     0
2022 01 03 01   -67  -106 10259   310    36     2     0 -9999
2022 01 03 02   -78  -122 10261   310    26     2     0 -9999
2022 01 03 03   -83  -128 10268   300    21     2     0 -9999
2022 01 03 04   -94  -139 10265   280    21     2     0 -9999
2022 01 03 05  -100  -139 10267   290    21     2     0 -9999
2022 01 03 06  -106  -144 10269   300    21     2     0 -9999
2022 01 03 07  -106  -150 10267   290    26     2     0 -9999
2022 01 03 08  -111  -150 10270   280    26     2     0 -9999
2022 01 03 09  -117  -156 10278   300    21     0     0 -9999
2022 01 03 10  -117  -156 10279   290    26     0     0 -9999
2022 01 03 11  -122  -161 10280   260    21     0     0 -9999
2022 01 03 12  -122  -167 10280   240    15     0     0 -9999
2022 01 03 13  -128  -167 10282   230    26     0     0 -9999
2022 01 03 14  -128  -167 10285   230    26     0     0 -9999
2022 01 03 15  -117  -161 10288   230    41     0     0 -9999
2022 01 03 16  -100  -161 10293   240    36     0     0 -9999
2022 01 03 17   -83  -161 10287   210    41     0     0 -9999
2022 01 03 18   -67  -172 10282   230    67     0     0 -9999
2022 01 03 19   -67  -178 10272   200    57     0     0 -9999
2022 01 03 20   -61  -178 10270   210    41     2     0 -9999
2022 01 03 21   -56  -167 10271   220    57     2     0 -9999
2022 01 03 22   -56  -150 10272   210    51     4     0 -9999
2022 01 03 23   -67  -161 10270   220    46     2     0 -9999
2022 01 04 00   -67  -150 10267   210    46     2     0 -9999
2022 01 04 01   -67  -133 10262   200    41     0     0 -9999
2022 01 04 02   -67  -122 10264   220    36     0     0 -9999
2022 01 04 03   -61  -111 10257   210    57     0     0 -9999
2022 01 04 04   -61  -106 10254   210    36     0     0 -9999
2022 01 04 05   -56  -100 10251   210    46     0     0 -9999
2022 01 04 06   -56  -100 10244   200    41     2     0 -9999
2022 01 04 07   -50  -100 10239   210    31     4     0 -9999
2022 01 04 08   -50   -94 10235   200    31     4     0 -9999
2022 01 04 09   -50   -94 10231   200    41     4     0 -9999
2022 01 04 10   -56   -94 10225   200    36     2     0 -9999
2022 01 04 11   -50   -89 10219   190    41     2     0 -9999
2022 01 04 12   -50   -89 10212   190    41     2     0 -9999
2022 01 04 13   -44   -89 10204   190    46     2     0 -9999
2022 01 04 14   -44   -83 10194   190    51 -9999     0 -9999
2022 01 04 15   -33   -78 10188   190    51 -9999     0 -9999
2022 01 04 16   -17   -72 10182   200    62 -9999     0 -9999
2022 01 04 17   -11   -67 10165   190    72 -9999     0 -9999
2022 01 04 18     0   -61 10146   190    51     8     0 -9999
2022 01 04 19     0   -56 10125   180    62 -9999     0 -9999
2022 01 04 20     6   -50 10109   180    57 -9999     0 -9999
2022 01 04 21    11   -56 10100   180    67 -9999     0 -9999
2022 01 04 22     6   -56 10087   170    82 -9999     0 -9999
2022 01 04 23     0   -56 10066   170    62 -9999     0 -9999
2022 01 05 00     0   -56 10056   170    57     8     0 -9999
2022 01 05 01     6   -56 10050   190    62 -9999     0 -9999
2022 01 05 02     6   -50 10040   200    72 -9999     0 -9999
2022 01 05 03     6   -44 10025   200    77 -9999     0 -9999
2022 01 05 04    11   -44 10015   210    67 -9999     0 -9999
2022 01 05 05    11   -50 10007   210    88 -9999     0 -9999
2022 01 05 06    11   -44  9998   210    93     6     0 -9999
2022 01 05 07     6   -44  9992   210    88     2     0 -9999
2022 01 05 08     6   -39  9989   220    82 -9999     0 -9999
2022 01 05 09     0   -44  9988   230    72 -9999     0 -9999
2022 01 05 10    -6   -39  9990   240   118 -9999     0 -9999
2022 01 05 11   -33   -67 -9999   260   103 -9999    -1 -9999
2022 01 05 12   -50   -94 10010   270   103     8    -1    -1
2022 01 05 13   -67  -111 10021   260   118 -9999    -1 -9999
2022 01 05 14   -78  -117 10036   260    72 -9999    -1 -9999
2022 01 05 15   -89  -122 10048   250   108 -9999    -1 -9999
2022 01 05 16   -94  -139 10055   250    82 -9999    -1 -9999
2022 01 05 17  -106  -156 10064   260    88 -9999    -1 -9999
2022 01 05 18  -106  -161 10065   250    77     6    -1    -1
2022 01 05 19  -111  -156 10070   260   124 -9999    -1 -9999
2022 01 05 20  -111  -156 10075   250    88 -9999    -1 -9999
2022 01 05 21  -106  -161 10085   250   108 -9999    -1 -9999
2022 01 05 22  -111  -156 10099   260    88 -9999    -1 -9999
2022 01 05 23  -111  -161 10110   260    93 -9999    -1 -9999
2022 01 06 00  -111  -156 10117   260    67     6    -1    -1
2022 01 06 01  -111  -161 10125   260    62 -9999     0 -9999
2022 01 06 02  -111  -161 10132   260    77     4     0 -9999
2022 01 06 03  -111  -161 10144   250    72 -9999     0 -9999
2022 01 06 04  -106  -161 10156   260    67 -9999    -1 -9999
2022 01 06 05  -111  -150 10161   260    77 -9999    -1 -9999
2022 01 06 06  -111  -150 10165   270    57     6    -1    -1
2022 01 06 07  -117  -156 10171   260    72 -9999    -1 -9999
2022 01 06 08  -122  -161 10170   260    41     2    -1 -9999
2022 01 06 09  -128  -167 10181   260    51     0     0 -9999
2022 01 06 10  -133  -172 10182   260    62     0     0 -9999
2022 01 06 11  -139  -172 10183   270    51     0     0 -9999
2022 01 06 12  -139  -178 10189   260    46     0     0    -1
2022 01 06 13  -139  -178 10188   260    41     2     0 -9999
2022 01 06 14  -144  -178 10193   250    46     2     0 -9999
2022 01 06 15  -133  -172 10196   260    41     2     0 -9999
2022 01 06 16  -122  -167 10198   270    57     2     0 -9999
2022 01 06 17  -111  -161 10189   280    51     2     0 -9999
2022 01 06 18  -111  -161 10184   260    62     2     0 -9999
2022 01 06 19  -106  -156 10181   260    67     4     0 -9999
2022 01 06 20   -94  -150 10181   270    57 -9999     0 -9999
2022 01 06 21  -100  -150 10183   280    72 -9999     0 -9999
2022 01 06 22  -100  -150 -9999   290    51 -9999    -1 -9999
2022 01 06 23  -106  -150 10193   270    51 -9999    -1 -9999
2022 01 07 00  -111  -156 10198   280    57     6    -1    -1
2022 01 07 01  -122  -167 10204   260    62     2     0 -9999
2022 01 07 02  -133  -178 10209   270    51     4     0 -9999
2022 01 07 03  -139  -183 10208   280    46     2     0 -9999
2022 01 07 04  -144  -189 10215   270    41     2     0 -9999
2022 01 07 05  -150  -194 10218   280    57     2     0 -9999
2022 01 07 06  -156  -200 10222   280    41     0     0 -9999
2022 01 07 07  -161  -206 10226   280    46     0     0 -9999
2022 01 07 08  -161  -206 10232   270    36     0     0 -9999
2022 01 07 09  -167  -211 10237   280    41     0     0 -9999
2022 01 07 10  -172  -211 10240   270    31     0     0 -9999
2022 01 07 11  -172  -217 10250   260    41     2     0 -9999
2022 01 07 12  -178  -222 10256   260    36     2     0 -9999
2022 01 07 13  -178  -222 10264   260    36     2     0 -9999
2022 01 07 14  -183  -222 10266   260    36     2     0 -9999
2022 01 07 15  -172  -222 10273   280    36     2     0 -9999
2022 01 07 16  -156  -211 10279   260    26     2     0 -9999
2022 01 07 17  -139  -200 10279   250    41     2     0 -9999
2022 01 07 18  -122  -189 10276   250    31     2     0 -9999
2022 01 07 19  -100  -178 10276   230    36     2     0 -9999
2022 01 07 20  -100  -178 10275   240    46     2     0 -9999
2022 01 07 21  -106  -172 10284   240    41     4     0 -9999
2022 01 07 22  -111  -172 10291   240    31 -9999     0 -9999
2022 01 07 23  -117  -172 10290     0     0     4     0 -9999
2022 01 08 00  -117  -167 10293   230    15     6     0 -9999
2022 01 08 01  -122  -167 10294   180    26 -9999     0 -9999
2022 01 08 02  -122  -161 10288   180    26 -9999     0 -9999
2022 01 08 03  -117  -161 10280   140    36 -9999     0 -9999
2022 01 08 04  -111  -156 10284   190    36 -9999     0 -9999
2022 01 08 05  -106  -150 10281   180    41 -9999     0 -9999
2022 01 08 06  -106  -150 10280   180    36     6     0 -9999
2022 01 08 07  -106  -150 10270   150    46 -9999     0 -9999
2022 01 08 08  -100  -144 10267   170    46 -9999     0 -9999
2022 01 08 09   -94  -139 10265   180    62 -9999     0 -9999
2022 01 08 10   -89  -144 10256   180    51     4     0 -9999
2022 01 08 11   -89  -139 10250   170    62     4     0 -9999
2022 01 08 12   -89  -139 10251   180    46     2     0 -9999
2022 01 08 13   -89  -139 10239   160    62     0     0 -9999
2022 01 08 14   -83  -139 10235   170    67     2     0 -9999
2022 01 08 15   -72  -144 10225   170    62     4     0 -9999
2022 01 08 16   -56  -139 10221   180    82 -9999     0 -9999
2022 01 08 17   -56  -133 10214   190    51 -9999     0 -9999
2022 01 08 18   -44  -117 10192   180    88     8     0 -9999
2022 01 08 19   -39  -106 10181   180    57 -9999     0 -9999
2022 01 08 20   -33   -94 10172   180    67 -9999     0 -9999
2022 01 08 21   -28   -67 10170   190    46 -9999     0 -9999
2022 01 08 22   -28   -50 10167   190    36 -9999    -1 -9999
2022 01 08 23   -22   -44 10162   180    51 -9999     3 -9999
2022 01 09 00   -17   -33 10157   180    46     8    -1     3
2022 01 09 01   -11   -28 10156   190    26 -9999     3 -9999
2022 01 09 02    -6   -22 10153   190    36 -9999    -1 -9999
2022 01 09 03     0   -17 10151   200    36 -9999     3 -9999
2022 01 09 04     6   -11 10148   210    36 -9999     3 -9999
2022 01 09 05    11    -6 10147   230    31 -9999     3 -9999
2022 01 09 06    11    -6 10147   230    26     8    -1    10
2022 01 09 07    11    -6 10152   270    31 -9999    -1 -9999
2022 01 09 08    11   -11 10151   290    46 -9999     0 -9999
2022 01 09 09     6   -17 10161   300    41 -9999     0 -9999
2022 01 09 10     0   -28 10172   310    62 -9999     0 -9999
2022 01 09 11     0   -28 10182   300    46 -9999     0 -9999
2022 01 09 12    -6   -33 10196   290    57     8     0    -1
2022 01 09 13   -11   -44 10212   290    51 -9999     0 -9999
2022 01 09 14   -17   -50 10221   280    62     4     0 -9999
2022 01 09 15   -33   -94 10247   300    72     4     0 -9999
2022 01 09 16   -44  -122 10268   300    72     2     0 -9999
2022 01 09 17   -50  -133 10281   300    82     4     0 -9999
2022 01 09 18   -67  -150 10286   300    77     2     0 -9999
2022 01 09 19   -67  -150 10291   290    67     2     0 -9999
2022 01 09 20   -67  -161 10301   310    67     2     0 -9999
2022 01 09 21   -67  -161 10309   290    51     2     0 -9999
2022 01 09 22   -72  -183 10317   300    62     0     0 -9999
2022 01 09 23   -89  -167 10327   270    51     0     0 -9999
2022 01 10 00  -100  -172 10331   280    46     0     0 -9999
2022 01 10 01  -111  -183 10339   280    41     0     0 -9999
2022 01 10 02  -117  -189 10344   270    41     0     0 -9999
2022 01 10 03  -117  -189 10346   270    46     0     0 -9999
2022 01 10 04  -122  -183 10346   260    51     0     0 -9999
2022 01 10 05  -122  -183 10350   280    41     0     0 -9999
2022 01 10 06  -122  -183 10344   260    36     6     0 -9999
2022 01 10 07  -117  -178 10341   270    31 -9999     0 -9999
2022 01 10 08  -111  -183 10338   270    31 -9999     0 -9999
2022 01 10 09  -106  -178 10334   260    46 -9999     0 -9999
2022 01 10 10  -106  -172 10326   270    46 -9999     0 -9999
2022 01 10 11  -100  -161 10322   280    36 -9999     0 -9999
2022 01 10 12  -100  -144 10323   270    26     8    -1    -1
2022 01 10 13  -100  -144 10327   240    21 -9999    -1 -9999
2022 01 10 14  -100  -150 10328   280    31     4     0 -9999
2022 01 10 15  -100  -167 10333   300    62     2     0 -9999
2022 01 10 16   -94  -189 10336   290    62     2     0 -9999
2022 01 10 17   -89  -206 10335   310    57     0     0 -9999
2022 01 10 18   -89  -206 10333   290    67     0     0    -1
2022 01 10 19   -89  -194 10332   290    46     0     0 -9999
2022 01 10 20  -100  -217 10331   330    67     0     0 -9999
2022 01 10 21  -111  -233 10339   320    62     0     0 -9999
2022 01 10 22  -111  -233 10345   330    51     0     0 -9999
2022 01 10 23  -117  -222 10353   280    41     0     0 -9999
2022 01 11 00  -128  -233 10361   300    51     0     0 -9999
2022 01 11 01  -133  -228 10367   300    41     0     0 -9999
2022 01 11 02  -133  -233 10370   300    36     0     0 -9999
2022 01 11 03  -139  -228 10373   310    21     0     0 -9999
2022 01 11 04  -144  -228 10374   320    21     0     0 -9999
2022 01 11 05  -144  -228 10375     0     0     0     0 -9999
2022 01 11 06  -144  -217 10371     0     0     0     0 -9999
2022 01 11 07  -150  -211 10369   290    21     0     0 -9999
2022 01 11 08  -150  -228 10364     0     0     2     0 -9999
2022 01 11 09  -150  -222 10357   120    15     2     0 -9999
2022 01 11 10  -144  -228 10353   220    15 -9999     0 -9999
2022 01 11 11  -144  -206 10349   220    15     2     0 -9999
2022 01 11 12  -139  -211 10345   180    26     0     0 -9999
2022 01 11 13  -139  -211 10338   180    26     2     0 -9999
2022 01 11 14  -133  -217 10332   190    36     2     0 -9999
2022 01 11 15  -117  -217 10321   190    57     2     0 -9999
2022 01 11 16  -100  -211 10309   190    57 -9999     0 -9999
2022 01 11 17   -78  -194 10289   200    77 -9999     0 -9999
2022 01 11 18   -61  -172 10262   190    77     4     0 -9999
2022 01 11 19   -39  -139 10239   190    88     2     0 -9999
2022 01 11 20   -22  -106 10209   190    88     2     0 -9999
2022 01 11 21    -6   -83 10189   190   108     2     0 -9999
2022 01 11 22     6   -67 10178   200    88     4     0 -9999
2022 01 11 23    11   -56 10167   200    93     4     0 -9999
2022 01 12 00    11   -44 10165   200   103     6     0 -9999
2022 01 12 01    17   -44 10162   210    82 -9999     0 -9999
2022 01 12 02    17   -39 10160   220    88 -9999     0 -9999
2022 01 12 03    17   -39 10162   220    93     4     0 -9999
2022 01 12 04    17   -33 10160   220    82     2     0 -9999
2022 01 12 05    22   -33 10158   230    62 -9999     0 -9999
2022 01 12 06    17   -33 10156   220    51     6     0 -9999
2022 01 12 07    22   -33 10153   230    57 -9999     0 -9999
2022 01 12 08    22   -33 10157   250    51 -9999     0 -9999
2022 01 12 09    17   -33 10161   230    46 -9999     0 -9999
2022 01 12 10    11   -33 10162   240    31 -9999     0 -9999
2022 01 12 11    11   -33 10162   240    46 -9999     0 -9999
2022 01 12 12     6   -33 10162   230    36     6     0 -9999
2022 01 12 13     6   -33 10163   230    46 -9999     0 -9999
2022 01 12 14    11   -33 10163   250    41 -9999     0 -9999
2022 01 12 15    17   -28 10157   220    26 -9999     0 -9999
2022 01 12 16    22   -28 10164   250    26 -9999     0 -9999
2022 01 12 17    33   -22 10154   200    41 -9999     0 -9999
2022 01 12 18    39   -17 10151   260    36     8     0 -9999
2022 01 12 19    44   -17 10148   260    51 -9999     0 -9999
2022 01 12 20    44   -17 10147   270    26 -9999    -1 -9999
2022 01 12 21    44    -6 10139   200    26 -9999    -1 -9999
2022 01 12 22    50   -11 10138   200    26 -9999     0 -9999
2022 01 12 23    39   -11 10141   200    26 -9999     0 -9999
2022 01 13 00    33   -11 10148     0     0     8     0    -1
2022 01 13 01    28   -11 10155     0     0 -9999     0 -9999
2022 01 13 02    22   -17 10152     0     0 -9999     0 -9999
2022 01 13 03    11   -22 10144   110    15 -9999     0 -9999
2022 01 13 04     0   -28 10141     0     0 -9999     0 -9999
2022 01 13 05     0   -28 10140     0     0 -9999     0 -9999
2022 01 13 06     0   -22 10135     0     0     6     0 -9999
2022 01 13 07     0   -28 10126     0     0 -9999     0 -9999
2022 01 13 08   -17   -39 10121    30    26 -9999     0 -9999
2022 01 13 09     6   -11 10123   330    15 -9999     0 -9999
2022 01 13 10    11    -6 10116    30    31 -9999     0 -9999
2022 01 13 11    17     0 10116    40    41 -9999     0 -9999
2022 01 13 12    17    -6 10124   360    36     8     0 -9999
2022 01 13 13    17    -6 10128    20    46 -9999     0 -9999
2022 01 13 14    17    -6 10134   340    41 -9999     0 -9999
2022 01 13 15    22    -6 10135   360    21 -9999     0 -9999
2022 01 13 16    33    -6 10137   360    31 -9999     0 -9999
2022 01 13 17    28    -6 10137   350    31 -9999     0 -9999
2022 01 13 18    33    -6 10135    20    46     8     0 -9999
2022 01 13 19    39     0 10134    10    36 -9999     0 -9999
2022 01 13 20    39    -6 10132    20    21 -9999     0 -9999
2022 01 13 21    44     0 10138    40    15 -9999     0 -9999
2022 01 13 22    39    -6 10141     0     0 -9999     0 -9999
2022 01 13 23    28    -6 10149   100    21 -9999     0 -9999
2022 01 14 00    28    -6 10159     0     0     8     0 -9999
2022 01 14 01    28    -6 10166     0     0 -9999     0 -9999
2022 01 14 02    28    -6 10170     0     0 -9999     0 -9999
2022 01 14 03    28    -6 10168    20    15 -9999     0 -9999
2022 01 14 04    28   -11 10173   350    36 -9999     0 -9999
2022 01 14 05    22   -11 10175    20    57 -9999     0 -9999
2022 01 14 06    17   -11 10177    20    62     8     0 -9999
2022 01 14 07    17   -11 10180    20    51 -9999     0 -9999
2022 01 14 08    11    -6 10184    30    51 -9999    -1 -9999
2022 01 14 09    11   -11 10189    30    67 -9999    -1 -9999
2022 01 14 10    11   -17 10189    30    88 -9999     0 -9999
2022 01 14 11     6   -28 10193    40    72 -9999     0 -9999
2022 01 14 12     6   -28 10200    50    72     6     0    -1
2022 01 14 13     0   -33 10208    50    77 -9999     0 -9999
2022 01 14 14     0   -39 10213    60    72 -9999     0 -9999
2022 01 14 15     0   -39 10223    50    67 -9999     0 -9999
2022 01 14 16    -6   -44 10228    60    77 -9999     0 -9999
2022 01 14 17    -6   -50 10232    30    77 -9999     0 -9999
2022 01 14 18   -11   -56 10228    30    77     8     0 -9999
2022 01 14 19   -11   -50 10224    30    72 -9999     0 -9999
2022 01 14 20   -11   -44 10221    30    67 -9999     0 -9999
2022 01 14 21    -6   -44 10220    30    67 -9999     0 -9999
2022 01 14 22    -6   -39 10224    50    62 -9999     0 -9999
2022 01 14 23   -11   -44 10227    40    82 -9999    -1 -9999
2022 01 15 00   -11   -44 10231    40    77     8    -1    -1
2022 01 15 01   -11   -44 10238    40    77 -9999     0 -9999
2022 01 15 02   -17   -56 10243    40    88 -9999    -1 -9999
2022 01 15 03   -22   -56 -9999    40    77 -9999    -1 -9999
2022 01 15 04   -28   -56 10247    60    72 -9999     3 -9999
2022 01 15 05   -28   -56 10251    50    77 -9999    -1 -9999
2022 01 15 06   -33   -61 10253    60    98     8    -1     3
2022 01 15 07   -39   -61 10258    60    77 -9999    -1 -9999
2022 01 15 08   -39   -61 10264    60    72 -9999    -1 -9999
2022 01 15 09   -39   -61 10267    50    72 -9999     3 -9999
2022 01 15 10   -39   -67 10271    50    62 -9999    -1 -9999
2022 01 15 11   -50   -72 10275    40    82 -9999     3 -9999
2022 01 15 12   -50   -78 10282    60    72     8    -1     5
2022 01 15 13   -50   -89 10288    50    82 -9999    -1 -9999
2022 01 15 14   -56  -100 10294    50    77 -9999    -1 -9999
2022 01 15 15   -56  -100 10296    50    82 -9999    -1 -9999
2022 01 15 16   -56  -100 10300    50    77 -9999    -1 -9999
2022 01 15 17   -50  -100 10303    60    72 -9999    -1 -9999
2022 01 15 18   -50  -100 10296    60    72     6    -1    -1
2022 01 15 19   -50  -100 10288    60    62 -9999    -1 -9999
2022 01 15 20   -44   -94 10280    40    72 -9999     0 -9999
2022 01 15 21   -44  -100 10277    40    77 -9999     0 -9999
2022 01 15 22   -50  -100 10276    40    67 -9999     0 -9999
2022 01 15 23   -50  -106 10275    60    57     4     0 -9999
2022 01 16 00   -56  -106 10275    50    46     4     0    -1
2022 01 16 01   -56  -106 10272    60    36     4     0 -9999
2022 01 16 02   -61  -106 10269    20    36     4     0 -9999
2022 01 16 03   -72  -111 10262    80    21     2     0 -9999
2022 01 16 04   -67  -111 10260   110    15     0     0 -9999
2022 01 16 05   -72  -117 10254     0     0     0     0 -9999
2022 01 16 06   -83  -122 10245     0     0     0     0 -9999
2022 01 16 07   -89  -117 10235   210    21     0     0 -9999
2022 01 16 08   -89  -128 10230   190    15     0     0 -9999
2022 01 16 09   -89  -133 10219   190    15     0     0 -9999
2022 01 16 10  -106  -139 10212   200    15     0     0 -9999
2022 01 16 11  -100  -139 10203     0     0     0     0 -9999
2022 01 16 12  -100  -139 10195     0     0     0     0 -9999
2022 01 16 13  -106  -144 10189     0     0     2     0 -9999
2022 01 16 14  -111  -133 10180   270    15     4     0 -9999
2022 01 16 15   -83  -117 10171   180    21     4     0 -9999
2022 01 16 16   -72  -111 10159   190    21     2     0 -9999
2022 01 16 17   -56  -106 10151   300    36     2     0 -9999
2022 01 16 18   -39  -117 10132   300    21     6     0 -9999
2022 01 16 19   -33  -128 10119     0     0 -9999     0 -9999
2022 01 16 20   -28  -122 10101   190    21 -9999     0 -9999
2022 01 16 21   -28  -122 10100   270    26 -9999     0 -9999
2022 01 16 22   -28  -117 10093   240    21 -9999     0 -9999
2022 01 16 23   -28  -111 10093   270    21 -9999     0 -9999
2022 01 17 00   -33  -100 10093   260    31     8     0 -9999
2022 01 17 01   -39  -106 10086   290    21 -9999     0 -9999
2022 01 17 02   -44   -78 10083   260    31 -9999     3 -9999
2022 01 17 03   -50   -78 10081   280    31 -9999    -1 -9999
2022 01 17 04   -50   -78 10076   280    31 -9999    -1 -9999
2022 01 17 05   -44   -83 10072   310    41 -9999     0 -9999
2022 01 17 06   -50   -83 10069   320    57     8     0     3
2022 01 17 07   -50   -83 10066   320    46 -9999     0 -9999
2022 01 17 08   -50   -78 10067   310    57 -9999     0 -9999
2022 01 17 09   -44   -78 10066   320    62 -9999     0 -9999
2022 01 17 10   -44   -78 10062   310    51 -9999     0 -9999
2022 01 17 11   -44   -83 10065   320    67 -9999     0 -9999
2022 01 17 12   -44   -89 10076   330    67     8     0 -9999
2022 01 17 13   -44   -83 10083   320    46 -9999     0 -9999
2022 01 17 14   -44   -83 10089   320    67 -9999     0 -9999
2022 01 17 15   -39   -78 10100   320    51 -9999     0 -9999
2022 01 17 16   -33   -72 10110   310    62 -9999    -1 -9999
2022 01 17 17   -28   -78 10113   310    51 -9999    -1 -9999
2022 01 17 18   -28   -78 10106   310    72     8     0    -1
2022 01 17 19   -22   -78 10107   300    67 -9999     0 -9999
2022 01 17 20   -28   -78 10107   310    41 -9999     0 -9999
2022 01 17 21   -22   -78 10115   290    51 -9999     0 -9999
2022 01 17 22   -22   -78 10116   290    51 -9999     0 -9999
2022 01 17 23   -22   -78 10122   270    46 -9999     0 -9999
2022 01 18 00   -22   -78 10129   280    31     6     0 -9999
2022 01 18 01   -28   -72 10134   270    31     2     0 -9999
2022 01 18 02   -28   -72 10139   250    31     4     0 -9999
2022 01 18 03   -33   -72 10143   250    36     2     0 -9999
2022 01 18 04   -39   -72 10146   230    31     0     0 -9999
2022 01 18 05   -44   -78 10148   230    31     2     0 -9999
2022 01 18 06   -50   -83 10148   240    41     2     0 -9999
2022 01 18 07   -61   -83 10147   240    41     2     0 -9999
2022 01 18 08   -61   -89 10153   250    36 -9999     0 -9999
2022 01 18 09   -67   -94 10154   240    21 -9999     0 -9999
2022 01 18 10   -61   -89 10153   210    26 -9999     0 -9999
2022 01 18 11   -56   -83 10155   220    31 -9999     0 -9999
2022 01 18 12   -56   -83 10157   210    21     8     0 -9999
2022 01 18 13   -50   -83 10158   190    31 -9999     0 -9999
2022 01 18 14   -50   -78 10152   170    46 -9999     0 -9999
2022 01 18 15   -33   -67 10149   170    36 -9999     0 -9999
2022 01 18 16   -17   -67 10138   190    51 -9999     0 -9999
2022 01 18 17     0   -67 10128   190    67 -9999     0 -9999
2022 01 18 18    11   -44 10107   180    46     8     0 -9999
2022 01 18 19    33   -28 10090   180    62 -9999     0 -9999
2022 01 18 20    50   -17 10079   200    98 -9999     0 -9999
2022 01 18 21    61    -6 10068   190    77 -9999     0 -9999
2022 01 18 22    67     0 10063   200    88 -9999     0 -9999
2022 01 18 23    61     6 10060   200    82     4     0 -9999
2022 01 19 00    61     6 10055   190    77     6     0 -9999
2022 01 19 01    56     6 10054   200    88 -9999     0 -9999
2022 01 19 02    56     6 10053   200    82 -9999     0 -9999
2022 01 19 03    56     6 10054   220    82 -9999     0 -9999
2022 01 19 04    50     6 10053   220    82 -9999     0 -9999
2022 01 19 05    44     6 10054   230    72 -9999     0 -9999
2022 01 19 06    44     6 10057   250    67     6     0 -9999
2022 01 19 07    39     0 10061   260    57 -9999     0 -9999
2022 01 19 08    33    -6 10069   270    57 -9999     0 -9999
2022 01 19 09    22   -11 10079   270    62 -9999     0 -9999
2022 01 19 10    17   -33 10088   270    62     2     0 -9999
2022 01 19 11    -6   -67 10103   280    62     2     0 -9999
2022 01 19 12   -28   -83 10124   280    51     4     0 -9999
2022 01 19 13   -39   -89 10137   290    51     2     0 -9999
2022 01 19 14   -56  -106 10153   280    62     2     0 -9999
2022 01 19 15   -61  -117 10170   300    62     4     0 -9999
2022 01 19 16   -67  -128 10185   290    67 -9999     0 -9999
2022 01 19 17   -67  -133 10195   290    51 -9999     0 -9999
2022 01 19 18   -67  -133 10200   290    67     6     0 -9999
2022 01 19 19   -61  -139 10204   300    72 -9999     0 -9999
2022 01 19 20   -61  -139 10211   310    51 -9999     0 -9999
2022 01 19 21   -67  -144 10222   290    57 -9999     0 -9999
2022 01 19 22   -72  -150 10233   310    51 -9999     0 -9999
2022 01 19 23   -83  -156 10243   310    62     4     0 -9999
2022 01 20 00   -89  -156 10258   330    41     2     0 -9999
2022 01 20 01   -94  -161 10271   330    46     2     0 -9999
2022 01 20 02  -100  -167 10282   320    57     2     0 -9999
2022 01 20 03  -106  -172 10291   340    72     2     0 -9999
2022 01 20 04  -111  -178 10297   330    46     2     0 -9999
2022 01 20 05  -117  -178 10304   330    51     2     0 -9999
2022 01 20 06  -122  -178 10314   340    57     2     0 -9999
2022 01 20 07  -122  -183 10318   330    51     2     0 -9999
2022 01 20 08  -128  -183 10324   320    57     2     0 -9999
2022 01 20 09  -128  -189 10329   320    62     2     0 -9999
2022 01 20 10  -133  -189 10331   320    62     2     0 -9999
2022 01 20 11  -133  -194 10336   320    41     2     0 -9999
2022 01 20 12  -139  -194 10341   330    41     2     0 -9999
2022 01 20 13  -139  -200 10350   330    36     2     0 -9999
2022 01 20 14  -139  -194 10359   320    57     2     0 -9999
2022 01 20 15  -128  -194 10363   340    57     2     0 -9999
2022 01 20 16  -111  -183 10366   360    46     2     0 -9999
2022 01 20 17   -94  -183 10368    10    51     2     0 -9999
2022 01 20 18   -89  -183 10362   350    46     2     0 -9999
2022 01 20 19   -78  -183 10356   350    46     2     0 -9999
2022 01 20 20   -72  -189 10352    10    36     2     0 -9999
2022 01 20 21   -78  -189 10354    20    36     2     0 -9999
2022 01 20 22   -78  -183 10356   350    36     2     0 -9999
2022 01 20 23   -94  -183 10358    10    36     2     0 -9999
2022 01 21 00  -111  -178 10363   350    36     2     0 -9999
2022 01 21 01  -111  -178 10366   350    36     2     0 -9999
2022 01 21 02  -117  -178 10369   350    46     2     0 -9999
2022 01 21 03  -122  -178 10368   350    31     2     0 -9999
2022 01 21 04  -128  -183 10369   340    31     2     0 -9999
2022 01 21 05  -133  -178 10365   350    21     2     0 -9999
2022 01 21 06  -133  -183 10359   330    21     2     0 -9999
2022 01 21 07  -133  -183 10357   310    15     2     0 -9999
2022 01 21 08  -139  -183 10354   310    21     2     0 -9999
2022 01 21 09  -139  -183 10357   320    26     2     0 -9999
2022 01 21 10  -139  -178 10355   300    36     4     0 -9999
2022 01 21 11  -128  -172 10356   360    15 -9999     0 -9999
2022 01 21 12  -122  -167 10358     0     0     6     0 -9999
2022 01 21 13  -122  -167 10360     0     0 -9999     0 -9999
2022 01 21 14  -117  -156 10363     0     0     2     0 -9999
2022 01 21 15  -100  -144 10363   240    15     2     0 -9999
2022 01 21 16   -72  -139 10362   200    26     2     0 -9999
2022 01 21 17   -61  -133 10360 -9999    31     2     0 -9999
2022 01 21 18   -50  -133 10351   170    31     6     0 -9999
2022 01 21 19   -44  -133 10342   190    51     4     0 -9999
2022 01 21 20   -44  -133 10336   190    46     2     0 -9999
2022 01 21 21   -39  -133 10330   190    51     2     0 -9999
2022 01 21 22   -44  -128 10331   200    36     2     0 -9999
2022 01 21 23   -56  -128 10325   180    41     2     0 -9999
2022 01 22 00   -56  -128 10325   200    26     2     0 -9999
2022 01 22 01   -61  -128 10320   210    31     0     0 -9999
2022 01 22 02   -67  -122 10317   210    31     0     0 -9999
2022 01 22 03   -72  -122 10308   180    41     4     0 -9999
2022 01 22 04   -72  -122 10296   180    36 -9999     0 -9999
2022 01 22 05   -72  -128 10295   210    31 -9999     0 -9999
2022 01 22 06   -67  -128 10288   210    46     8     0 -9999
2022 01 22 07   -67  -133 10281   230    67 -9999     0 -9999
2022 01 22 08   -67  -128 10276   220    57 -9999     0 -9999
2022 01 22 09   -72  -128 10266   220    67 -9999     0 -9999
2022 01 22 10   -67  -122 10259   220    82 -9999     0 -9999
2022 01 22 11   -67  -122 10251   220    88 -9999    -1 -9999
2022 01 22 12   -67  -111 10242   220    57     8    -1     3
2022 01 22 13   -67  -106 10237   220    77 -9999    -1 -9999
2022 01 22 14   -61  -100 10233   230    62 -9999     0 -9999
2022 01 22 15   -56  -100 10230   240    62 -9999     0 -9999
2022 01 22 16   -44   -94 10228   240    62 -9999     0 -9999
2022 01 22 17   -39   -94 10223   250    62 -9999     0 -9999
2022 01 22 18   -22   -83 10207   240    62     2     0    -1
2022 01 22 19    -6   -83 10199   260    82     2     0 -9999
2022 01 22 20     0   -89 10194   270    88 -9999     0 -9999
2022 01 22 21     0  -111 10191   270    72 -9999     0 -9999
2022 01 22 22    -6  -117 10195   270    62 -9999     0 -9999
2022 01 22 23   -22  -128 10191   270    57 -9999     0 -9999
2022 01 23 00   -33  -111 10191   250    51     6     0 -9999
2022 01 23 01   -44  -111 10195   250    51 -9999     0 -9999
2022 01 23 02   -50  -122 10193   260    62 -9999     0 -9999
2022 01 23 03   -56  -128 10189   240    72 -9999     0 -9999
2022 01 23 04   -61  -117 10187   290    62 -9999    -1 -9999
2022 01 23 05   -67  -100 10178   270    31 -9999     3 -9999
2022 01 23 06   -67   -94 10155     0     0     8    -1     5
2022 01 23 07   -67   -89 -9999   140    15 -9999     2 -9999
2022 01 23 08   -67   -89 10125    80    26     9    18 -9999
2022 01 23 09   -61   -83 10116    70    26     9    15 -9999
2022 01 23 10   -67   -89 10108    20    46     9    10 -9999
2022 01 23 11   -72   -94 10109   360    67 -9999     5 -9999
2022 01 23 12   -72   -94 10113   350    77     9     3    60
2022 01 23 13   -83  -117 10128   350    77 -9999    -1 -9999
2022 01 23 14   -89  -122 10137   340    77 -9999    -1 -9999
2022 01 23 15   -94  -128 10150   340    88 -9999    -1 -9999
2022 01 23 16   -94  -133 10159   340    72 -9999    -1 -9999
2022 01 23 17   -89  -139 10164   330    62 -9999     3 -9999
2022 01 23 18   -78  -139 10164   330    57     2     0     3
2022 01 23 19   -67  -144 10160   320    41     2     0 -9999
2022 01 23 20   -67  -156 10157   330    31     2     0 -9999
2022 01 23 21   -72  -156 10157   320    36     4     0 -9999
2022 01 23 22   -89  -161 10165   290    46     4     0 -9999
2022 01 23 23  -106  -172 10166   280    41     4     0 -9999
2022 01 24 00  -117  -178 10165   310    31     6     0 -9999
2022 01 24 01  -122  -183 10164   230    21     4     0 -9999
2022 01 24 02  -128  -183 10158   230    15     4     0 -9999
2022 01 24 03  -133  -178 10155     0     0     4     0 -9999
2022 01 24 04  -128  -172 10144   240    21 -9999     0 -9999
2022 01 24 05  -117  -167 10135   220    31 -9999     0 -9999
2022 01 24 06  -111  -161 10120   190    26     8     0 -9999
2022 01 24 07  -106  -167 10110   190    21 -9999    -1 -9999
2022 01 24 08  -106  -144 10096   170    36 -9999    -1 -9999
2022 01 24 09  -100  -139 10086   170    36 -9999    -1 -9999
2022 01 24 10   -94  -128 10067   160    36 -9999    -1 -9999
2022 01 24 11   -89  -117 10053   180    41 -9999     3 -9999
2022 01 24 12   -83  -111 10049   180    31     9    10    10
2022 01 24 13   -78  -100 10044   180    26     9    13 -9999
2022 01 24 14   -72   -94 10040   190    31 -9999     5 -9999
2022 01 24 15   -61   -83 10038   200    21 -9999     5 -9999
2022 01 24 16   -50   -67 10033   220    26 -9999    -1 -9999
2022 01 24 17   -39   -61 10040   280    31 -9999    -1 -9999
2022 01 24 18   -39   -78 10039   310    46     8    -1    30
2022 01 24 19   -39   -83 10045   330    51 -9999     0 -9999
2022 01 24 20   -44   -89 10054   330    46 -9999     0 -9999
2022 01 24 21   -56  -100 10069   320    57 -9999     0 -9999
2022 01 24 22   -61  -111 10082   330    62 -9999     0 -9999
2022 01 24 23   -78  -128 10099   320    77 -9999     0 -9999
2022 01 25 00   -94  -144 10116   320    62     4     0 -9999
2022 01 25 01  -100  -150 10134   320    51     2     0 -9999
2022 01 25 02  -106  -150 10146   320    41     0     0 -9999
2022 01 25 03  -106  -156 10152   320    41     0     0 -9999
2022 01 25 04  -111  -161 10159   320    57     0     0 -9999
2022 01 25 05  -117  -161 10167   310    51     0     0 -9999
2022 01 25 06  -122  -167 10176   310    46     0     0 -9999
2022 01 25 07  -122  -172 10181   310    51     0     0 -9999
2022 01 25 08  -128  -172 10190   320    57     0     0 -9999
2022 01 25 09  -133  -183 10200   320    46     0     0 -9999
2022 01 25 10  -139  -189 10207   320    41     0     0 -9999
2022 01 25 11  -150  -194 10217   320    46     0     0 -9999
2022 01 25 12  -150  -206 10227   310    41     0     0 -9999
2022 01 25 13  -156  -206 10238   310    41     2     0 -9999
2022 01 25 14  -161  -206 10246   300    41     2     0 -9999
2022 01 25 15  -150  -206 10254   310    46     2     0 -9999
2022 01 25 16  -133  -200 10264   320    51     2     0 -9999
2022 01 25 17  -117  -200 10269   280    41     2     0 -9999
2022 01 25 18  -111  -194 10268   290    57     2     0 -9999
2022 01 25 19  -111  -200 10266   270    57     2     0 -9999
2022 01 25 20  -111  -200 10264   310    41     2     0 -9999
2022 01 25 21  -117  -200 10267   270    41     2     0 -9999
2022 01 25 22  -117  -200 10271   270    36     2     0 -9999
2022 01 25 23  -128  -211 10276   260    57     2     0 -9999
2022 01 26 00  -139  -217 10286   260    46     0     0 -9999
2022 01 26 01  -156  -217 10297   270    41     0     0 -9999
2022 01 26 02  -156  -222 10300   300    36     0     0 -9999
2022 01 26 03  -161  -228 10308   300    41     0     0 -9999
2022 01 26 04  -167  -233 10311   290    31     0     0 -9999
2022 01 26 05  -172  -233 10313   300    36     0     0 -9999
2022 01 26 06  -178  -239 10314   310    41     0     0 -9999
2022 01 26 07  -183  -244 10315   300    36     0     0 -9999
2022 01 26 08  -183  -244 10320   290    36     0     0 -9999
2022 01 26 09  -189  -250 10326   290    36     0     0 -9999
2022 01 26 10  -194  -256 10328   300    31     0     0 -9999
2022 01 26 11  -200  -256 10333   280    31     0     0 -9999
2022 01 26 12  -200  -256 10334   280    26     0     0 -9999
2022 01 26 13  -206  -256 10337   250    21     2     0 -9999
2022 01 26 14  -206  -244 10339   250    15     2     0 -9999
2022 01 26 15  -194  -244 10340   260    21     0     0 -9999
2022 01 26 16  -172  -233 10337   200    31     0     0 -9999
2022 01 26 17  -156  -233 10336   230    46     0     0 -9999
2022 01 26 18  -139  -228 10325   250    46     0     0 -9999
2022 01 26 19  -133  -222 10316   250    51     0     0 -9999
2022 01 26 20  -128  -222 10305   210    46     0     0 -9999
2022 01 26 21  -122  -222 10297   230    57     2     0 -9999
2022 01 26 22  -122  -222 10289   210    46     2     0 -9999
2022 01 26 23  -122  -211 10284   200    31     2     0 -9999
2022 01 27 00  -128  -200 10280   180    46     4     0 -9999
2022 01 27 01  -139  -194 10273   180    36     4     0 -9999
2022 01 27 02  -139  -194 10263   180    41     2     0 -9999
2022 01 27 03  -133  -189 10253   180    46     2     0 -9999
2022 01 27 04  -122  -189 10248   200    41 -9999     0 -9999
2022 01 27 05  -100  -178 10240   210    51 -9999     0 -9999
2022 01 27 06   -94  -172 10234   220    67     6     0 -9999
2022 01 27 07   -89  -167 10222   210    67 -9999     0 -9999
2022 01 27 08   -78  -156 10214   210    67 -9999     0 -9999
2022 01 27 09   -72  -150 10206   210    77 -9999     0 -9999
2022 01 27 10   -72  -144 10197   210    72 -9999     0 -9999
2022 01 27 11   -67  -139 10196   210    51 -9999     0 -9999
2022 01 27 12   -56  -133 10191   210    51     6     0 -9999
2022 01 27 13   -50  -128 10192   220    57 -9999     0 -9999
2022 01 27 14   -44  -122 10192   220    67 -9999     0 -9999
2022 01 27 15   -39  -117 10191   230    62 -9999     0 -9999
2022 01 27 16   -28  -106 10194   240    72 -9999     0 -9999
2022 01 27 17   -22   -94 10191   250    72 -9999     0 -9999
2022 01 27 18   -22   -89 10191   240    67     8     0 -9999
2022 01 27 19   -11   -78 10189   260    57 -9999     0 -9999
2022 01 27 20   -11   -67 10186   240    36 -9999     0 -9999
2022 01 27 21    -6   -67 10193   260    41 -9999     0 -9999
2022 01 27 22     0   -61 10203   250    46 -9999     0 -9999
2022 01 27 23   -11   -61 10211   240    36 -9999     0 -9999
2022 01 28 00   -17   -61 10217   250    36     6     0 -9999
2022 01 28 01   -17   -56 10225   270    26 -9999     0 -9999
2022 01 28 02   -17   -56 10230   310    26 -9999    -1 -9999
2022 01 28 03   -22   -72 10233    30    72 -9999    -1 -9999
2022 01 28 04   -22   -78 10235    10    51 -9999    -1 -9999
2022 01 28 05   -28   -89 10238   360    57 -9999    -1 -9999
2022 01 28 06   -33   -78 10242   350    62     8    -1    -1
2022 01 28 07   -44   -72 10242    10    72 -9999    -1 -9999
2022 01 28 08   -56  -100 10245   360    67 -9999     3 -9999
2022 01 28 09   -67  -117 10247   350    67 -9999    -1 -9999
2022 01 28 10   -72  -111 -9999   360    57 -9999    -1 -9999
2022 01 28 11   -83  -111 -9999   360    62 -9999    -1 -9999
2022 01 28 12   -89  -117 10255    10    57     8     2     3
2022 01 28 13   -94  -122 10263   350    51 -9999    -1 -9999
2022 01 28 14   -94  -122 10268   350    46 -9999     3 -9999
2022 01 28 15   -94  -122 10272   340    41     9     3 -9999
2022 01 28 16   -89  -122 10274   350    46 -9999     5 -9999
2022 01 28 17   -83  -117 10276   350    36 -9999    -1 -9999
2022 01 28 18   -78  -122 10273   330    26     8     5    20
2022 01 28 19   -67  -128 10266 -9999    21     4    -1 -9999
2022 01 28 20   -50  -128 10263   340    31     2     0 -9999
2022 01 28 21   -56  -128 10263   350    31     2     0 -9999
2022 01 28 22   -56  -139 10266   330    26     0     0 -9999
2022 01 28 23   -67  -139 10270   310    41     2     0 -9999
2022 01 29 00   -83  -150 10274   300    26     2     0    -1
2022 01 29 01  -100  -167 10280   290    36     4     0 -9999
2022 01 29 02  -100  -167 10282   300    26 -9999     0 -9999
2022 01 29 03  -100  -167 10279   300    31 -9999     0 -9999
2022 01 29 04  -106  -167 10274   260    36 -9999     0 -9999
2022 01 29 05  -111  -167 10270   260    26 -9999     0 -9999
2022 01 29 06  -111  -167 10266   270    21     8     0 -9999
2022 01 29 07  -111  -178 10263   260    31 -9999     0 -9999
2022 01 29 08  -122  -178 10257   230    26 -9999     0 -9999
2022 01 29 09  -133  -178 10256   240    31 -9999     0 -9999
2022 01 29 10  -128  -178 10250   250    41 -9999     0 -9999
2022 01 29 11  -122  -172 10244   250    26 -9999     0 -9999
2022 01 29 12  -122  -172 10247   260    31     8     0 -9999
2022 01 29 13  -133  -178 10244   210    21     4     0 -9999
2022 01 29 14  -133  -172 10244   230    31 -9999     0 -9999
2022 01 29 15  -117  -167 10243   240    26 -9999     0 -9999
2022 01 29 16  -106  -161 10243   230    41 -9999     0 -9999
2022 01 29 17   -89  -167 10234   240    36 -9999     0 -9999
2022 01 29 18   -78  -167 10222   230    36     6     0 -9999
2022 01 29 19   -67  -161 10202   190    36 -9999     0 -9999
2022 01 29 20   -67  -161 10192   190    31 -9999     0 -9999
2022 01 29 21   -61  -161 10181   200    46 -9999     0 -9999
2022 01 29 22   -56  -144 10173   200    46 -9999     0 -9999
2022 01 29 23   -61  -150 10170   180    36 -9999     0 -9999
2022 01 30 00   -67  -139 10164   170    31     8     0 -9999
2022 01 30 01   -67  -133 10156   170    41 -9999     0 -9999
2022 01 30 02   -61  -133 10151   180    41 -9999     0 -9999
2022 01 30 03   -61  -128 10141   170    36 -9999     0 -9999
2022 01 30 04   -67  -133 10133   170    36     4     0 -9999
2022 01 30 05   -72  -133 10126   170    31     2     0 -9999
2022 01 30 06   -89  -139 10120   150    26     2     0 -9999
2022 01 30 07   -83  -128 10109   160    31     2     0 -9999
2022 01 30 08   -83  -128 10103   160    26     2     0 -9999
2022 01 30 09   -94  -139 10101     0     0     0     0 -9999
2022 01 30 10  -100  -144 10094     0     0     0     0 -9999
2022 01 30 11  -111  -150 10100     0     0     0     0 -9999
2022 01 30 12  -106  -144 10115   290    21     0     0 -9999
2022 01 30 13   -94  -122 10120   340    46     0     0 -9999
2022 01 30 14  -100  -133 10126   360    41     2     0 -9999
2022 01 30 15   -78  -122 10135   330    41     4     0 -9999
2022 01 30 16   -61  -106 10148   330    36 -9999     0 -9999
2022 01 30 17   -33   -89 10151   340    31 -9999     0 -9999
2022 01 30 18   -17   -78 10149   340    36     4     0 -9999
2022 01 30 19   -11   -72 10151   330    21 -9999     0 -9999
2022 01 30 20   -17   -67 10156   340    36 -9999     0 -9999
2022 01 30 21   -11   -72 10165   330    41 -9999     0 -9999
2022 01 30 22   -17   -78 10172   350    46 -9999     0 -9999
2022 01 30 23   -22   -89 10180   320    31 -9999     0 -9999
2022 01 31 00   -28   -89 10183    10    36     8     0 -9999
2022 01 31 01   -28   -89 10195   300    26 -9999     0 -9999
2022 01 31 02   -28   -89 10194   340    21 -9999     0 -9999
2022 01 31 03   -28   -89 10198   300    15 -9999     0 -9999
2022 01 31 04   -28   -89 10200   310    21 -9999     0 -9999
2022 01 31 05   -33   -83 10202   290    15 -9999     0 -9999
2022 01 31 06   -33   -89 10200   280    26     8     0 -9999
2022 01 31 07   -33   -83 10200   250    15 -9999     0 -9999
2022 01 31 08   -33   -83 10200     0     0 -9999     0 -9999
2022 01 31 09   -33   -83 10197     0     0 -9999     0 -9999
2022 01 31 10   -33   -83 10196     0     0 -9999     0 -9999
2022 01 31 11   -33   -83 10202     0     0 -9999     0 -9999
2022 01 31 12   -33   -78 10202     0     0     8     0 -9999
2022 01 31 13   -28   -78 10205     0     0 -9999     0 -9999
2022 01 31 14   -28   -72 10209   180    15 -9999     0 -9999
2022 01 31 15   -22   -72 10207   170    31     4     0 -9999
2022 01 31 16   -11   -67 10207   170    31     4     0 -9999
2022 01 31 17     0   -56 10210   150    51 -9999     0 -9999
2022 01 31 18     6   -61 10200   180    67     6     0 -9999
2022 01 31 19     6   -67 10192   170    67     4     0 -9999
2022 01 31 20     6   -72 10183   150    72     4     0 -9999
2022 01 31 21     6   -78 10177   170    62 -9999     0 -9999
2022 01 31 22     6   -78 10182   170    57 -9999     0 -9999
2022 01 31 23     0   -67 10178   160    57 -9999     0 -9999
2022 02 01 00    -6   -67 10180   150    57     8     0 -9999
2022 02 01 01    -6   -67 10177   140    51 -9999     0 -9999
2022 02 01 02    -6   -67 10172   140    62 -9999     0 -9999
2022 02 01 03    -6   -67 10165   150    57 -9999     0 -9999
2022 02 01 04    -6   -67 10163   160    41 -9999     0 -9999
2022 02 01 05     0   -61 10157   160    46 -9999     0 -9999
2022 02 01 06     6   -56 10150   170    57     6     0 -9999
2022 02 01 07     6   -56 10145   180    41 -9999     0 -9999
2022 02 01 08     6   -56 10141   170    57 -9999     0 -9999
2022 02 01 09    17   -56 10133   180    57 -9999     0 -9999
2022 02 01 10    17   -50 10125   180    67     4     0 -9999
2022 02 01 11    22   -50 10121   180    57 -9999     0 -9999
2022 02 01 12    22   -44 10116   190    62     6     0 -9999
2022 02 01 13    28   -39 10111   190    62 -9999     0 -9999
2022 02 01 14    33   -28 10109   190    82 -9999     0 -9999
2022 02 01 15    44   -17 10113   200    62 -9999     0 -9999
2022 02 01 16    67    -6 10117   210    72     4     0 -9999
2022 02 01 17    67     6 10119   210    51 -9999     0 -9999
2022 02 01 18    72    11 10116   220    62     8     0 -9999
2022 02 01 19    78    17 10115   210    72 -9999    -1 -9999
2022 02 01 20    67    28 10121   230    36 -9999     3 -9999
2022 02 01 21    56    28 10128   240    67 -9999     8 -9999
2022 02 01 22    44    17 10132   240    26 -9999    10 -9999
2022 02 01 23    39    11 10144   230    41 -9999    -1 -9999
2022 02 02 00    33     6 10156   240    31     8    -1    20
2022 02 02 01    33     6 10164   240    31 -9999    -1 -9999
2022 02 02 02    28     0 10175   260    41 -9999     0 -9999
2022 02 02 03    22   -22 10178   290    21 -9999     0 -9999
2022 02 02 04    17   -28 10180   300    31 -9999    -1 -9999
2022 02 02 05     6   -28 10183   320    26 -9999    -1 -9999
2022 02 02 06     6   -44 10194   320    26     8    -1     3
2022 02 02 07    -6   -56 10199   330    41 -9999    -1 -9999
2022 02 02 08   -11   -67 10209   310    62 -9999    -1 -9999
2022 02 02 09   -22   -56 10208     0     0 -9999     3 -9999
2022 02 02 10   -33   -61 10217   350    41 -9999     5 -9999
2022 02 02 11   -39   -61 10216   360    51     9     5 -9999
2022 02 02 12   -44   -72 10223   360    67     8     8    20
2022 02 02 13   -56   -78 10228   360    67     9    10 -9999
2022 02 02 14   -72   -94 10237   350    67     9    10 -9999
2022 02 02 15   -78  -100 -9999   350    72     9    -1 -9999
2022 02 02 16   -78  -106 10250   360    93     9     3 -9999
2022 02 02 17   -83  -111 10252   360    82     9     5 -9999
2022 02 02 18   -83  -111 10249   350    62     9    13    50
2022 02 02 19   -83  -111 10247   350    62     9     3 -9999
2022 02 02 20   -78  -111 -9999   360    72 -9999    -1 -9999
2022 02 02 21   -72  -117 10250   360    98 -9999    -1 -9999
2022 02 02 22   -67  -111 10249    10    93 -9999    -1 -9999
2022 02 02 23   -67  -117 10257   360    88 -9999     0 -9999
2022 02 03 00   -72  -122 10269   350    77     8     0     8
2022 02 03 01   -72  -128 10272   350    67 -9999     0 -9999
2022 02 03 02   -83  -139 10286   350    88 -9999     0 -9999
2022 02 03 03   -83  -139 10283   350    88 -9999     0 -9999
2022 02 03 04   -83  -139 10287   350    93 -9999     0 -9999
2022 02 03 05   -83  -144 10293   350    67 -9999     0 -9999
2022 02 03 06   -89  -144 10293   350    72     8     0 -9999
2022 02 03 07   -89  -144 10293   340    82 -9999     0 -9999
2022 02 03 08   -83  -139 10297   350    93 -9999     0 -9999
2022 02 03 09   -83  -133 10302   350    82 -9999     0 -9999
2022 02 03 10   -83  -128 10301   360    82 -9999     0 -9999
2022 02 03 11   -78  -122 10302    10    62 -9999     0 -9999
2022 02 03 12   -78  -117 10315   350    82     8     0 -9999
2022 02 03 13   -83  -122 10319   360    88 -9999    -1 -9999
2022 02 03 14   -89  -128 10319   360    72 -9999    -1 -9999
2022 02 03 15   -83  -122 10321    10    93 -9999    -1 -9999
2022 02 03 16   -83  -117 10320   360    67 -9999    -1 -9999
2022 02 03 17   -78  -111 10319    10    93 -9999    -1 -9999
2022 02 03 18   -72  -111 10314   360    72     8    -1    -1
2022 02 03 19   -72  -111 10305   360    98 -9999    -1 -9999
2022 02 03 20   -72  -106 10302   360    93 -9999    -1 -9999
2022 02 03 21   -61  -100 10296   360    88 -9999    -1 -9999
2022 02 03 22   -61   -94 10291   360    77 -9999    -1 -9999
2022 02 03 23   -56   -89 10296    30    93 -9999    -1 -9999
2022 02 04 00   -44   -89 10296    30    98     8    -1    -1
2022 02 04 01   -44   -94 10301    30    77 -9999    -1 -9999
2022 02 04 02   -44   -94 10298    30    77 -9999    -1 -9999
2022 02 04 03   -61  -100 10300   360    41 -9999    -1 -9999
2022 02 04 04   -72  -111 10303   340    62 -9999    -1 -9999
2022 02 04 05   -78  -111 10298   350    57 -9999    -1 -9999
2022 02 04 06   -78  -117 10291   350    57     8    -1    -1
2022 02 04 07   -83  -122 10291   340    46 -9999    -1 -9999
2022 02 04 08   -89  -128 10290   340    57 -9999    -1 -9999
2022 02 04 09   -94  -133 10289   330    31 -9999    -1 -9999
2022 02 04 10  -100  -139 10289   330    31 -9999    -1 -9999
2022 02 04 11  -106  -144 10294   310    26 -9999     0 -9999
2022 02 04 12  -111  -144 10298   310    26     8     0    -1
2022 02 04 13  -111  -144 10299   310    26 -9999     0 -9999
2022 02 04 14  -106  -139 10298   320    26 -9999     0 -9999
2022 02 04 15  -100  -133 10292   320    15 -9999     0 -9999
2022 02 04 16   -72  -117 10288   310    15     4     0 -9999
2022 02 04 17   -56  -128 10280 -9999    15     2     0 -9999
2022 02 04 18   -56  -139 10272   260    31     6     0 -9999
2022 02 04 19   -50  -133 10258   250    46 -9999     0 -9999
2022 02 04 20   -50  -150 10250   270    46 -9999     0 -9999
2022 02 04 21   -44  -133 10250   250    57 -9999     0 -9999
2022 02 04 22   -56  -128 10252   210    46 -9999    -1 -9999
2022 02 04 23   -67  -100 10254   220    36 -9999    -1 -9999
2022 02 05 00   -72  -100 10255   220    51     8     3     3
2022 02 05 01   -72  -106 10258   230    46 -9999    -1 -9999
2022 02 05 02   -78  -111 10260   280    72 -9999    -1 -9999
2022 02 05 03   -94  -139 -9999   300    88 -9999    -1 -9999
2022 02 05 04  -111  -156 10280   300    57     4    -1 -9999
2022 02 05 05  -117  -161 10285   300    57 -9999     0 -9999
2022 02 05 06  -117  -156 10291   280    31     2     0    -1
2022 02 05 07  -122  -156 10298   300    36 -9999     0 -9999
2022 02 05 08  -128  -167 10303   290    31     2     0 -9999
2022 02 05 09  -139  -178 10308   290    51     0     0 -9999
2022 02 05 10  -144  -178 10311   300    36 -9999     0 -9999
2022 02 05 11  -144  -183 10311   320    26     4     0 -9999
2022 02 05 12  -150  -183 10323   260    21     4     0 -9999
2022 02 05 13  -156  -189 10324   270    31     4     0 -9999
2022 02 05 14  -150  -178 10323   290    15     4     0 -9999
2022 02 05 15  -133  -172 10331   230    21 -9999     0 -9999
2022 02 05 16  -117  -167 10330   210    31 -9999     0 -9999
2022 02 05 17  -100  -161 10310   170    46 -9999     0 -9999
2022 02 05 18   -83  -161 10318   230    57     6     0 -9999
2022 02 05 19   -78  -156 10302   210    57 -9999     0 -9999
2022 02 05 20   -78  -156 10296   220    57 -9999     0 -9999
2022 02 05 21   -72  -150 10282   190    67 -9999     0 -9999
2022 02 05 22   -72  -156 10275   180    67     2     0 -9999
2022 02 05 23   -83  -161 10266   190    88     2     0 -9999
2022 02 06 00   -94  -156 10250   180    72     2     0 -9999
2022 02 06 01  -100  -156 10249   190    82     2     0 -9999
2022 02 06 02   -94  -156 10243   190    88     2     0 -9999
2022 02 06 03   -83  -156 10234   200    72     2     0 -9999
2022 02 06 04   -83  -156 10234   200    67     2     0 -9999
2022 02 06 05   -83  -150 10234   210    46     2     0 -9999
2022 02 06 06   -83  -144 10231   200    57     4     0 -9999
2022 02 06 07   -78  -139 10227   200    67     4     0 -9999
2022 02 06 08   -72  -133 10223   210    62     2     0 -9999
2022 02 06 09   -72  -128 10222   210    62     2     0 -9999
2022 02 06 10   -72  -122 10216   210    62     2     0 -9999
2022 02 06 11   -72  -122 10214   210    51     2     0 -9999
2022 02 06 12   -72  -122 10214   200    62     2     0 -9999
2022 02 06 13   -67  -117 10214   210    62 -9999     0 -9999
2022 02 06 14   -61  -111 10219   210    51 -9999     0 -9999
2022 02 06 15   -50  -100 10217   220    67 -9999     0 -9999
2022 02 06 16   -33   -94 10216   210    57 -9999     0 -9999
2022 02 06 17   -17   -83 10218   220    72 -9999     0 -9999
2022 02 06 18   -11   -78 10210   200    57     6     0 -9999
2022 02 06 19    -6   -72 10201   220    62 -9999     0 -9999
2022 02 06 20     0   -67 10192   200    62 -9999     0 -9999
2022 02 06 21     6   -61 10189   220    57     4     0 -9999
2022 02 06 22     6   -56 10189   200    57     2     0 -9999
2022 02 06 23     0   -61 10190   210    57     2     0 -9999
2022 02 07 00   -11   -61 10193   210    51     2     0 -9999
2022 02 07 01   -11   -61 10196   200    57     2     0 -9999
2022 02 07 02   -17   -61 10194   210    46     4     0 -9999
2022 02 07 03   -17   -56 10195   220    51     4     0 -9999
2022 02 07 04   -11   -56 10196   230    51 -9999     0 -9999
2022 02 07 05   -11   -44 10195   240    46 -9999     0 -9999
2022 02 07 06    -6   -33 10195   250    41     8     0 -9999
2022 02 07 07   -17   -39 10195   250    41 -9999     0 -9999
2022 02 07 08   -28   -56 10197   250    57 -9999     0 -9999
2022 02 07 09   -39   -72 10200   260    51 -9999     0 -9999
2022 02 07 10   -50   -78 10203   270    57 -9999     0 -9999
2022 02 07 11   -61   -83 10209   280    51 -9999    -1 -9999
2022 02 07 12   -61   -83 10212   280    46     8    -1    -1
2022 02 07 13   -56   -83 10216   290    36 -9999    -1 -9999
2022 02 07 14   -56  -106 10220   310    57 -9999    -1 -9999
2022 02 07 15   -61  -106 10226   310    62 -9999    -1 -9999
2022 02 07 16   -56  -122 10228   300    57 -9999    -1 -9999
2022 02 07 17   -56  -111 10230   310    41 -9999    -1 -9999
2022 02 07 18   -50  -117 10228   280    41     8    -1    -1
2022 02 07 19   -50  -111 10225   290    41 -9999    -1 -9999
2022 02 07 20   -44  -117 10222   290    31 -9999    -1 -9999
2022 02 07 21   -39  -117 10221   280    36 -9999     0 -9999
2022 02 07 22   -44  -111 10220   250    51     4     0 -9999
2022 02 07 23   -50  -117 10221   250    36     2     0 -9999
2022 02 08 00   -56  -117 10223   260    26     2     0    -1
2022 02 08 01   -61  -117 10226   220    21     0     0 -9999
2022 02 08 02   -67  -117 10225   220    21     0     0 -9999
2022 02 08 03   -72  -117 10224   220    26     2     0 -9999
2022 02 08 04   -78  -117 10220   220    26 -9999     0 -9999
2022 02 08 05   -78  -117 10214   230    15 -9999     0 -9999
2022 02 08 06   -72  -111 10207   220    21     6     0 -9999
2022 02 08 07   -67  -111 10202   200    21 -9999     0 -9999
2022 02 08 08   -67  -111 10196   160    21 -9999     0 -9999
2022 02 08 09   -72  -111 10193   160    26 -9999     0 -9999
2022 02 08 10   -72  -111 10187   180    31 -9999     0 -9999
2022 02 08 11   -72  -117 10186   180    31 -9999     0 -9999
2022 02 08 12   -72  -122 10179   170    36     6     0 -9999
2022 02 08 13   -72  -122 10173   170    36     2     0 -9999
2022 02 08 14   -72  -122 10169   170    46     2     0 -9999
2022 02 08 15   -50  -117 10163   170    46     2     0 -9999
2022 02 08 16   -33  -100 10153   170    51     2     0 -9999
2022 02 08 17   -17   -89 10147   180    57     2     0 -9999
2022 02 08 18    -6   -72 10132   180    67     2     0 -9999
2022 02 08 19     6   -67 10116   180    57     4     0 -9999
2022 02 08 20    17   -50 10105   190    62 -9999     0 -9999
2022 02 08 21    17   -44 10095   170    57 -9999     0 -9999
2022 02 08 22    28   -39 10093   190    46 -9999     0 -9999
2022 02 08 23    22   -33 10089   190    57 -9999     0 -9999
2022 02 09 00    22   -28 10085   190    67     6     0 -9999
2022 02 09 01    28   -22 10086   210    57 -9999     0 -9999
2022 02 09 02    28   -22 10081   220    51 -9999     0 -9999
2022 02 09 03    28   -17 10074   220    62 -9999     0 -9999
2022 02 09 04    33   -17 10074   240    51 -9999     0 -9999
2022 02 09 05    33   -17 10072   250    51 -9999     0 -9999
2022 02 09 06    28   -17 10070   260    57     8     0 -9999
2022 02 09 07    17   -22 10063   230    36     4     0 -9999
2022 02 09 08    11   -22 10066   230    41     0     0 -9999
2022 02 09 09     6   -28 10060   230    41     4     0 -9999
2022 02 09 10     6   -28 10055   240    46     2     0 -9999
2022 02 09 11     0   -28 10056   240    46     0     0 -9999
2022 02 09 12     6   -28 10058   250    51     2     0 -9999
2022 02 09 13     6   -28 10061   250    51     2     0 -9999
2022 02 09 14    11   -22 10064   240    46 -9999     0 -9999
2022 02 09 15    17   -17 10063   240    41 -9999     0 -9999
2022 02 09 16    28   -17 10061   240    46 -9999     0 -9999
2022 02 09 17    33   -11 10058   230    62 -9999     0 -9999
2022 02 09 18    44   -17 10052   260    82     6     0 -9999
2022 02 09 19    44   -11 10049   260    67 -9999     0 -9999
2022 02 09 20    44    -6 10048   240    62 -9999     0 -9999
2022 02 09 21    39    -6 10054   250    77 -9999     0 -9999
2022 02 09 22    39    -6 10058   240    62 -9999     0 -9999
2022 02 09 23    33    -6 10062   250    51 -9999    -1 -9999
2022 02 10 00    33   -11 10069   260    67     8    -1    -1
2022 02 10 01    28   -11 10076   270    46 -9999    -1 -9999
2022 02 10 02    28   -22 10079   260    72 -9999    -1 -9999
2022 02 10 03    22   -17 10081   260    51 -9999    -1 -9999
2022 02 10 04    22   -22 10082   270    51 -9999    -1 -9999
2022 02 10 05    17   -22 10085   260    57 -9999     0 -9999
2022 02 10 06    11   -22 10089   270    51     8    -1    -1
2022 02 10 07    11   -22 10094   280    57 -9999    -1 -9999
2022 02 10 08     6   -28 10101   300    46 -9999     3 -9999
2022 02 10 09     0   -44 10107   310    46 -9999    -1 -9999
2022 02 10 10    -6   -67 10110   300    67 -9999    -1 -9999
2022 02 10 11   -11   -67 10119   320    72 -9999     0 -9999
2022 02 10 12   -11   -72 10125   310    51     8     0     3
2022 02 10 13   -17   -78 10134   310    67 -9999     0 -9999
2022 02 10 14   -17   -78 10140   320    46 -9999     0 -9999
2022 02 10 15   -17   -78 10145   310    36 -9999     0 -9999
2022 02 10 16   -17   -78 10145   300    36 -9999     0 -9999
2022 02 10 17   -11   -78 10148   280    31 -9999     0 -9999
2022 02 10 18   -11   -67 10142   230    36     8     0 -9999
2022 02 10 19   -11   -61 10135   240    67 -9999     0 -9999
2022 02 10 20   -17   -67 10133   250    51 -9999     0 -9999
2022 02 10 21   -17   -67 10124   240    67 -9999     0 -9999
2022 02 10 22   -22   -72 10122   250    62 -9999     0 -9999
2022 02 10 23   -28   -72 10111   220    46 -9999     0 -9999
2022 02 11 00   -28   -72 10112   220    62     8     0 -9999
2022 02 11 01   -28   -67 10098   200    72 -9999     0 -9999
2022 02 11 02   -22   -61 10090   210    72 -9999     0 -9999
2022 02 11 03   -17   -50 10064   200    72 -9999     0 -9999
2022 02 11 04   -11   -44 10065   200    67 -9999     0 -9999
2022 02 11 05     0   -44 10042   200    98 -9999     0 -9999
2022 02 11 06    11   -28 10027   210    88     8    -1    -1
2022 02 11 07     6   -17 10010   210    98 -9999     3 -9999
2022 02 11 08    17    -6  9998   210   113 -9999     8 -9999
2022 02 11 09    22     0  9988   210    93 -9999    10 -9999
2022 02 11 10    28     6  9979   220    82 -9999    -1 -9999
2022 02 11 11    33     6  9984   230    62 -9999    -1 -9999
2022 02 11 12    33    11  9983   220    57     8    -1    20
2022 02 11 13    33    11  9986   230    51 -9999     0 -9999
2022 02 11 14    39    11  9986   230    51 -9999     0 -9999
2022 02 11 15    44    11  9989   230    57 -9999     0 -9999
2022 02 11 16    44    17  9995   230    51 -9999     0 -9999
2022 02 11 17    50    17 10000   240    51 -9999     0 -9999
2022 02 11 18    50    17 10003   260    62     8     0 -9999
2022 02 11 19    56    11 10001   270    77 -9999     0 -9999
2022 02 11 20    67    11 10009   250    62 -9999     0 -9999
2022 02 11 21    61     6 10019   270    72 -9999     0 -9999
2022 02 11 22    56    -6 10033   260    57 -9999     0 -9999
2022 02 11 23    28   -44 10051   270    77 -9999     0 -9999
2022 02 12 00    11   -44 10075   290    72     8     0 -9999
2022 02 12 01    -6   -39 10092   290    72 -9999    -1 -9999
2022 02 12 02   -11   -44 10108   280    62 -9999    -1 -9999
2022 02 12 03   -11   -50 10122   300    51 -9999    -1 -9999
2022 02 12 04   -11   -56 10136   290    57 -9999    -1 -9999
2022 02 12 05   -17   -61 10149   290    51 -9999    -1 -9999
2022 02 12 06   -17   -72 10164   340    72     8    -1    -1
2022 02 12 07   -33   -89 10178   330    57 -9999    -1 -9999
2022 02 12 08   -50  -100 10193   350    77 -9999    -1 -9999
2022 02 12 09   -61  -128 10207   330    82 -9999    -1 -9999
2022 02 12 10   -72  -144 10219   330    72 -9999     0 -9999
2022 02 12 11   -89  -167 10235   340    98 -9999     0 -9999
2022 02 12 12  -100  -172 10254   320    72     2     0    -1
2022 02 12 13  -106  -178 10265   330    82     2     0 -9999
2022 02 12 14  -100  -172 10276   340    51     2     0 -9999
2022 02 12 15   -94  -172 10280   320    51     2     0 -9999
2022 02 12 16   -83  -172 10280   340    36     2     0 -9999
2022 02 12 17   -83  -178 10279   360    51     2     0 -9999
2022 02 12 18   -72  -178 10281   330    46     4     0 -9999
2022 02 12 19   -67  -167 10275    10    26     4     0 -9999
2022 02 12 20   -72  -156 10273   310    41 -9999     0 -9999
2022 02 12 21   -78  -150 10271   290    51 -9999     0 -9999
2022 02 12 22   -83  -150 10273   270    46 -9999     0 -9999
2022 02 12 23   -83  -156 10278   310    26 -9999     0 -9999
2022 02 13 00   -83  -156 10282   280    36     6     0 -9999
2022 02 13 01   -83  -156 10276   270    31 -9999     0 -9999
2022 02 13 02   -83  -150 10274   270    36 -9999     0 -9999
2022 02 13 03   -83  -150 10277   260    26 -9999     0 -9999
2022 02 13 04   -83  -139 -9999   260    31 -9999    -1 -9999
2022 02 13 05   -83  -150 10273   260    46 -9999    -1 -9999
2022 02 13 06   -94  -150 10268   230    31     2     0    -1
2022 02 13 07  -100  -150 10268   260    31 -9999     0 -9999
2022 02 13 08  -106  -150 10267   260    41 -9999     0 -9999
2022 02 13 09  -106  -156 10259   290    26 -9999     0 -9999
2022 02 13 10  -106  -167 10255   290    36 -9999     0 -9999
2022 02 13 11  -106  -156 10259   290    41 -9999     0 -9999
2022 02 13 12  -106  -156 10258   310    31     8     0 -9999
2022 02 13 13  -106  -161 10259   300    36 -9999     0 -9999
2022 02 13 14  -106  -150 10262   320    36 -9999    -1 -9999
2022 02 13 15  -106  -167 10264   320    46 -9999    -1 -9999
2022 02 13 16   -94  -156 10263   320    41 -9999     0 -9999
2022 02 13 17   -89  -167 10266   310    41     4     0 -9999
2022 02 13 18   -89  -172 10262   310    36     4     0    -1
2022 02 13 19   -78  -172 10259   320    31     4     0 -9999
2022 02 13 20   -72  -172 10255   310    51     2     0 -9999
2022 02 13 21   -72  -178 10255   340    51     4     0 -9999
2022 02 13 22   -78  -172 10257   300    21     4     0 -9999
2022 02 13 23   -83  -183 10259   320    36     4     0 -9999
2022 02 14 00   -94  -183 10263   300    31     2     0 -9999
2022 02 14 01   -94  -183 10267   300    31     2     0 -9999
2022 02 14 02  -100  -178 10265   300    31     2     0 -9999
2022 02 14 03  -100  -178 10261   330    15     2     0 -9999
2022 02 14 04  -100  -183 10257   310    15 -9999     0 -9999
2022 02 14 05  -100  -178 10257     0     0 -9999     0 -9999
2022 02 14 06  -100  -178 10261   280    21     8     0 -9999
2022 02 14 07  -100  -183 10258   280    21 -9999     0 -9999
2022 02 14 08  -100  -183 10253   260    21 -9999     0 -9999
2022 02 14 09  -100  -183 10244   220    21 -9999     0 -9999
2022 02 14 10  -100  -172 10240   220    21 -9999     0 -9999
2022 02 14 11  -100  -167 10245   210    26 -9999     0 -9999
2022 02 14 12   -94  -161 10249   220    26     6     0 -9999
2022 02 14 13  -100  -161 10251   210    31 -9999     0 -9999
2022 02 14 14   -94  -156 10255   220    36 -9999     0 -9999
2022 02 14 15   -94  -150 10260   210    31 -9999    -1 -9999
2022 02 14 16   -89  -144 10267   210    36 -9999    -1 -9999
2022 02 14 17   -78  -144 10271   210    41 -9999    -1 -9999
2022 02 14 18   -67  -144 10269   220    31     8     0    -1
2022 02 14 19   -56  -139 10261   220    31 -9999     0 -9999
2022 02 14 20   -44  -133 10257   200    31 -9999     0 -9999
2022 02 14 21   -39  -128 10256   200    31     4     0 -9999
2022 02 14 22   -33  -117 10261   220    41     2     0 -9999
2022 02 14 23   -39  -111 10269   240    31     2     0 -9999
2022 02 15 00   -39  -106 10275   210    26     6     0 -9999
2022 02 15 01   -39  -100 10282   210    26 -9999     0 -9999
2022 02 15 02   -39   -94 10286   210    21 -9999     0 -9999
2022 02 15 03   -39   -94 10287   200    26 -9999     0 -9999
2022 02 15 04   -39   -89 10289   180    26 -9999     0 -9999
2022 02 15 05   -39   -89 10293   190    15 -9999     0 -9999
2022 02 15 06   -39   -89 10293   160    26     8     0 -9999
2022 02 15 07   -39   -83 10295   140    21 -9999     0 -9999
2022 02 15 08   -39   -83 10298   160    26 -9999     0 -9999
2022 02 15 09   -39   -83 10300     0     0 -9999     0 -9999
2022 02 15 10   -44   -83 10296   100    21 -9999     0 -9999
2022 02 15 11   -44   -83 10301   160    26 -9999     0 -9999
2022 02 15 12   -50   -89 10306   140    21     4     0 -9999
2022 02 15 13   -56   -94 10308   160    36 -9999     0 -9999
2022 02 15 14   -44  -100 10311   140    36 -9999     0 -9999
2022 02 15 15   -33  -100 10312   150    41     4     0 -9999
2022 02 15 16   -11  -106 10309   120    57 -9999     0 -9999
2022 02 15 17     0   -94 10299   140    57 -9999     0 -9999
2022 02 15 18    11   -89 10289   150    46     6     0 -9999
2022 02 15 19    22   -78 10272   140    57 -9999     0 -9999
2022 02 15 20    28   -72 10257   150    62 -9999     0 -9999
2022 02 15 21    33   -78 10242   130    67 -9999     0 -9999
2022 02 15 22    33   -78 10227   140    62 -9999     0 -9999
2022 02 15 23    22   -72 10213   130    67 -9999     0 -9999
2022 02 16 00    17   -61 10204   140    67     6     0 -9999
2022 02 16 01    11   -56 10194   140    67 -9999     0 -9999
2022 02 16 02    17   -50 10179   150    51 -9999     0 -9999
2022 02 16 03    28   -39 10167   160    51 -9999     0 -9999
2022 02 16 04    44   -28 10158   170    62 -9999     0 -9999
2022 02 16 05    61   -17 10148   180    72 -9999     0 -9999
2022 02 16 06    72   -17 10140   190    62     8     0 -9999
2022 02 16 07    83    -6 10138   200    72 -9999     0 -9999
2022 02 16 08    78     0 10130   200    62 -9999     0 -9999
2022 02 16 09    83     0 10118   190    77 -9999     0 -9999
2022 02 16 10    78     0 10111   190    72 -9999     0 -9999
2022 02 16 11    72     0 10108   190    77 -9999     0 -9999
2022 02 16 12    78     0 10104   190    72     8     0 -9999
2022 02 16 13    83     0 10102   200    77 -9999     0 -9999
2022 02 16 14    89     6 10106   200    77 -9999     0 -9999
2022 02 16 15    94    17 10105   200    98 -9999     0 -9999
2022 02 16 16    94    22 10100   210    77 -9999     0 -9999
2022 02 16 17    94    39 10095   200    98 -9999     0 -9999
2022 02 16 18   100    50 10085   220    77     8     0 -9999
2022 02 16 19   106    61 10080   210    77 -9999     0 -9999
2022 02 16 20   106    61 10078   210    82 -9999     0 -9999
2022 02 16 21   111    67 10079   210    82 -9999     0 -9999
2022 02 16 22   117    78 10080   210    67 -9999    -1 -9999
2022 02 16 23   111    78 10085   210    77 -9999     3 -9999
2022 02 17 00   111    83 10086   210    57     8    -1     3
2022 02 17 01   122    83 10083   200    77 -9999    -1 -9999
2022 02 17 02   128    83 10075   210    82 -9999    -1 -9999
2022 02 17 03   100    78 10089   270    26 -9999    58 -9999
2022 02 17 04    94    78 10087     0     0 -9999    53 -9999
2022 02 17 05    78    61 10084   360    57 -9999    53 -9999
2022 02 17 06    50    33 10102   350    77     8    43   200
2022 02 17 07    33    17 10112   350    67 -9999    23 -9999
2022 02 17 08    17     0 10121   350    77 -9999     3 -9999
2022 02 17 09    11    -6 10125   360    57 -9999    10 -9999
2022 02 17 10    11   -11 10126    10    88 -9999    -1 -9999
2022 02 17 11     6   -17 10136    20    98 -9999     0 -9999
2022 02 17 12     0   -33 10150    20    93     8     0    40
2022 02 17 13    -6   -50 10157    10   108 -9999     0 -9999
2022 02 17 14   -11   -56 10159    20    98 -9999     0 -9999
2022 02 17 15   -11   -56 10162    20   113 -9999     0 -9999
2022 02 17 16   -17   -67 10146    10   134 -9999     0 -9999
2022 02 17 17   -22   -67 10146    10   129 -9999     0 -9999
2022 02 17 18   -28   -72 10151    10   103     8     0 -9999
2022 02 17 19   -33   -83 10151   360    82 -9999     0 -9999
2022 02 17 20   -44   -72 10145   350    88     9     3 -9999
2022 02 17 21   -50   -78 10135   360    93     9     3 -9999
2022 02 17 22   -56   -83 10128   360    98     9     3 -9999
2022 02 17 23   -61   -89 10135   350    93     9     5 -9999
2022 02 18 00   -67   -89 10142   350    93     8     3    20
2022 02 18 01   -67   -94 -9999   350    67 -9999    -1 -9999
2022 02 18 02   -61  -100 10161   330    67 -9999    -1 -9999
2022 02 18 03   -61  -117 10169   320    67 -9999    -1 -9999
2022 02 18 04   -72  -122 10182   320    62 -9999    -1 -9999
2022 02 18 05   -78  -133 10194   310    46 -9999    -1 -9999
2022 02 18 06   -89  -139 10200   310    51     6    -1     5
2022 02 18 07  -100  -150 10209   310    51     2     0 -9999
2022 02 18 08  -111  -161 10217   310    46     0     0 -9999
2022 02 18 09  -122  -167 10226   300    31     0     0 -9999
2022 02 18 10  -128  -172 10232   290    31     0     0 -9999
2022 02 18 11  -133  -172 10234   260    15     0     0 -9999
2022 02 18 12  -133  -172 10238     0     0     2     0 -9999
2022 02 18 13  -133  -172 10237   240    15     2     0 -9999
2022 02 18 14  -128  -156 10238   230    31     2     0 -9999
2022 02 18 15  -111  -161 10237   210    36     2     0 -9999
2022 02 18 16   -89  -150 10230   230    57     0     0 -9999
2022 02 18 17   -78  -167 10217   220    62     0     0 -9999
2022 02 18 18   -56  -156 10195   200    51     2     0 -9999
2022 02 18 19   -44  -167 10187   220    88     4     0 -9999
2022 02 18 20   -39  -144 10165   210    98     4     0 -9999
2022 02 18 21   -28  -139 10147   200   103 -9999     0 -9999
2022 02 18 22   -28  -133 10137   210    88 -9999     0 -9999
2022 02 18 23   -39  -117 10127   220   103 -9999     0 -9999
2022 02 19 00   -33  -106 10125   220   108     6     0 -9999
2022 02 19 01   -33   -94 10113   210    98 -9999     0 -9999
2022 02 19 02   -22   -89 10107   220   103     4     0 -9999
2022 02 19 03   -17   -89 10102   230   103 -9999     0 -9999
2022 02 19 04   -11   -72 10121   250    93 -9999    -1 -9999
2022 02 19 05   -11   -78 10128   270    93 -9999    -1 -9999
2022 02 19 06   -33  -117 10143   290    88     2     0    -1
2022 02 19 07   -56  -128 10165   300   103     0     0 -9999
2022 02 19 08   -67  -150 10182   290    57     0     0 -9999
2022 02 19 09   -83  -172 10197   300    88     0     0 -9999
2022 02 19 10   -94  -172 10214   300    72     0     0 -9999
2022 02 19 11  -106  -178 10236   300   103     0     0 -9999
2022 02 19 12  -117  -189 10260   320    82     2     0 -9999
2022 02 19 13  -122  -189 10277   300    62     2     0 -9999
2022 02 19 14  -122  -183 10292   310    57     2     0 -9999
2022 02 19 15  -117  -200 10303   300    82     2     0 -9999
2022 02 19 16  -111  -189 10309   280    62     2     0 -9999
2022 02 19 17  -100  -183 10312   290    41     2     0 -9999
2022 02 19 18   -83  -172 10317   290    62     2     0 -9999
2022 02 19 19   -78  -167 10315   280    67     2     0 -9999
2022 02 19 20   -72  -167 10309   260    41     2     0 -9999
2022 02 19 21   -72  -161 10308   250    46     2     0 -9999
2022 02 19 22   -67  -156 10301   260    41     0     0 -9999
2022 02 19 23   -67  -156 10297   210    46     2     0 -9999
2022 02 20 00   -72  -150 10292   210    57     2     0 -9999
2022 02 20 01   -83  -150 10290   210    36     0     0 -9999
2022 02 20 02   -83  -144 10282   200    51     0     0 -9999
2022 02 20 03   -83  -139 10270   190    57     0     0 -9999
2022 02 20 04   -89  -144 10259   200    62 -9999     0 -9999
2022 02 20 05   -83  -150 10248   200    62 -9999     0 -9999
2022 02 20 06   -83  -144 10232   200    57     6     0 -9999
2022 02 20 07   -72  -133 10222   210    67     4     0 -9999
2022 02 20 08   -67  -128 10205   190    82     4     0 -9999
2022 02 20 09   -56  -117 10185   190    82     2     0 -9999
2022 02 20 10   -44  -111 10170   200    72     0     0 -9999
2022 02 20 11   -39  -100 10162   200    72     0     0 -9999
2022 02 20 12   -28   -89 10152   190    77     0     0 -9999
2022 02 20 13   -17   -78 10144   200    88     0     0 -9999
2022 02 20 14     0   -78 10138   210    93     0     0 -9999
2022 02 20 15    11   -67 10131   200   124     0     0 -9999
2022 02 20 16    28   -50 10120   210   108     0     0 -9999
2022 02 20 17    56   -28 10114   210    82     0     0 -9999
2022 02 20 18    72   -22 10104   220   103     0     0 -9999
2022 02 20 19    72   -17 10102   210   103     0     0 -9999
2022 02 20 20    83   -11 10096   230   118     2     0 -9999
2022 02 20 21    83    -6 10094   210   108     2     0 -9999
2022 02 20 22    83     0 10097   220    93     4     0 -9999
2022 02 20 23    78     0 10104   220    88     4     0 -9999
2022 02 21 00    67     0 10114   210    62     6     0 -9999
2022 02 21 01    67     0 10125   220    62 -9999     0 -9999
2022 02 21 02    61     0 10132   210    41 -9999     0 -9999
2022 02 21 03    56     0 10136   210    41 -9999     0 -9999
2022 02 21 04    50     0 10141   210    36     4     0 -9999
2022 02 21 05    44     0 10141   230    31 -9999     0 -9999
2022 02 21 06    39     0 10143   230    31     6     0 -9999
2022 02 21 07    33     0 10146   230    21     4     0 -9999
2022 02 21 08     0   -22 10151    20    26 -9999     0 -9999
2022 02 21 09    11   -17 10154   350    21     4     0 -9999
2022 02 21 10    11   -11 10159    20    51     4     0 -9999
2022 02 21 11     6   -17 10163    20    62 -9999     0 -9999
2022 02 21 12    11   -11 10163    20    57     8     0 -9999
2022 02 21 13     6   -17 10162    50    36 -9999     0 -9999
2022 02 21 14    17   -11 10166    30    46 -9999     0 -9999
2022 02 21 15    22     0 10163    30    41 -9999     0 -9999
2022 02 21 16    28     6 10158    30    41 -9999     0 -9999
2022 02 21 17    50    17 10152    30    46 -9999     0 -9999
2022 02 21 18    56    17 10145    30    41     6     0 -9999
2022 02 21 19    61    22 10135    30    36 -9999     0 -9999
2022 02 21 20    72    28 10124    30    41 -9999     0 -9999
2022 02 21 21    89    28 10115    70    41 -9999     0 -9999
2022 02 21 22    83    22 10113    90    46 -9999     0 -9999
2022 02 21 23    72    17 10107    90    46 -9999     0 -9999
2022 02 22 00    67    17 10105    70    21     8     0 -9999
2022 02 22 01    44    11 10109    20    41 -9999     0 -9999
2022 02 22 02    56    17 10097    80    36 -9999     0 -9999
2022 02 22 03    67    28 10094    50    15 -9999     0 -9999
2022 02 22 04    67    28 10094     0     0 -9999     0 -9999
2022 02 22 05    67    28 10089     0     0 -9999     0 -9999
2022 02 22 06    72    39 10084    30    26     8     0 -9999
2022 02 22 07    56    33 10079    10    31 -9999     3 -9999
2022 02 22 08    56    39 10078    30    21 -9999     5 -9999
2022 02 22 09    39    22 10076    20    41 -9999     8 -9999
2022 02 22 10    33    17 10080    10    36 -9999     8 -9999
2022 02 22 11    28    17 10077    20    41 -9999     3 -9999
2022 02 22 12    22     6 10077    40    62     8     5    30
2022 02 22 13    17     0 10077    30    77 -9999     8 -9999
2022 02 22 14    11     0 10069    30    72 -9999    43 -9999
2022 02 22 15    17     0 10070    50    46 -9999     3 -9999
2022 02 22 16    11     0 10067    30    62 -9999     3 -9999
2022 02 22 17    11     0 10056    30    67 -9999    25 -9999
2022 02 22 18    11    -6 10056    50    51     8    46   120
2022 02 22 19    11    -6 10031    50    82 -9999    61 -9999
2022 02 22 20    17     0 10042    60    36 -9999    -1 -9999
2022 02 22 21    17     0 10064   310    41 -9999     3 -9999
2022 02 22 22    11    -6 10088   290    67 -9999    -1 -9999
2022 02 22 23   -11   -28 10109   290    72 -9999    -1 -9999
2022 02 23 00   -22   -39 10134   290    82     8    -1    70
2022 02 23 01   -44   -61 10157   310    77 -9999    -1 -9999
2022 02 23 02   -44   -67 10183   290    57 -9999    -1 -9999
2022 02 23 03   -44   -78 10198   320    51 -9999    -1 -9999
2022 02 23 04   -44   -78 10210   290    46 -9999    -1 -9999
2022 02 23 05   -44   -78 10217   280    31 -9999    -1 -9999
2022 02 23 06   -44   -83 10226   290    51     8    -1    -1
2022 02 23 07   -50   -94 10241   300    51 -9999    -1 -9999
2022 02 23 08   -56   -94 10250   290    72 -9999    -1 -9999
2022 02 23 09   -61  -100 10259   280    77 -9999    -1 -9999
2022 02 23 10   -67  -106 10271   310    62 -9999    -1 -9999
2022 02 23 11   -72  -111 10285   310    62 -9999    -1 -9999
2022 02 23 12   -78  -128 10297   320    41     8    -1    -1
2022 02 23 13   -94  -144 10309   350    72     2    -1 -9999
2022 02 23 14   -94  -144 10325   310    62     2     0 -9999
2022 02 23 15   -83  -139 10333   320    62     2     0 -9999
2022 02 23 16   -72  -139 10338   330    36     2     0 -9999
2022 02 23 17   -67  -133 10336   340    46     2     0 -9999
2022 02 23 18   -56  -133 10329   360    57     4     0    -1
2022 02 23 19   -56  -133 10336   360    26 -9999     0 -9999
2022 02 23 20   -56  -128 10328   360    26 -9999     0 -9999
2022 02 23 21   -50  -122 10330    30    36 -9999     0 -9999
2022 02 23 22   -56  -122 10333    40    46 -9999    -1 -9999
2022 02 23 23   -61  -117 10334    40    51 -9999    -1 -9999
2022 02 24 00   -61  -128 10339    30    57     6    -1    -1
2022 02 24 01   -61  -122 10343    20    51 -9999    -1 -9999
2022 02 24 02   -61  -117 10332   350    36 -9999    -1 -9999
2022 02 24 03   -67  -106 10332   350    31 -9999    -1 -9999
2022 02 24 04   -61  -100 10325   350    57 -9999    -1 -9999
2022 02 24 05   -61  -100 10320   350    51 -9999    -1 -9999
2022 02 24 06   -61   -94 10315   350    57     8    -1    -1
2022 02 24 07   -56   -94 10314   340    41 -9999    -1 -9999
2022 02 24 08   -56   -89 10311   360    51 -9999    -1 -9999
2022 02 24 09   -56   -89 10308   350    46 -9999    -1 -9999
2022 02 24 10   -39   -83 10309    40    57 -9999    -1 -9999
2022 02 24 11   -39   -89 10311    40    46 -9999    -1 -9999
2022 02 24 12   -39   -89 10308    50    57     8    -1    -1
2022 02 24 13   -39   -89 10296    60    67 -9999    -1 -9999
2022 02 24 14   -39   -89 10292    70    72 -9999    -1 -9999
2022 02 24 15   -39   -83 10293    70    62 -9999    -1 -9999
2022 02 24 16   -39   -89 10294    70    57 -9999    -1 -9999
2022 02 24 17   -33   -89 10299    90    46 -9999    -1 -9999
2022 02 24 18   -33   -83 10284    70    57     8    -1    -1
2022 02 24 19   -33   -89 10271    70    51 -9999    -1 -9999
2022 02 24 20   -33   -78 -9999    60    77 -9999    -1 -9999
2022 02 24 21   -28   -78 10255    60    57 -9999    -1 -9999
2022 02 24 22   -39   -61 10254    60    41 -9999     5 -9999
2022 02 24 23   -33   -56 10236    40    77 -9999     3 -9999
2022 02 25 00   -33   -56 10223    60    62     8    -1     8
2022 02 25 01   -33   -56 10226    70    46     9     5 -9999
2022 02 25 02   -33   -56 10223    80    51 -9999     3 -9999
2022 02 25 03   -33   -56 10215    80    41 -9999     3 -9999
2022 02 25 04   -33   -56 10207    80    41 -9999     3 -9999
2022 02 25 05   -33   -56 10199    80    41 -9999     3 -9999
2022 02 25 06   -33   -56 10202     0     0     8     5    20
2022 02 25 07   -39   -56 10207   340    26     9     8 -9999
2022 02 25 08   -33   -56 10207   350    36 -9999     8 -9999
2022 02 25 09   -39   -56 10211   330    41 -9999     3 -9999
2022 02 25 10   -39   -67 10222   340    51 -9999    -1 -9999
2022 02 25 11   -50   -72 10238   330    41 -9999    -1 -9999
2022 02 25 12   -72   -94 10254   340    41     4     0    20
2022 02 25 13   -78  -100 10271   320    41     2     0 -9999
2022 02 25 14   -72  -100 10289   320    41     2     0 -9999
2022 02 25 15   -61   -94 10298   330    51     2     0 -9999
2022 02 25 16   -50   -89 10304   320    36     2     0 -9999
2022 02 25 17   -28   -78 10310   350    26     2     0 -9999
2022 02 25 18   -11   -72 10314   340    31     4     0 -9999
2022 02 25 19   -17   -94 10314   320    15 -9999     0 -9999
2022 02 25 20   -17   -89 10314   340    21 -9999    -1 -9999
2022 02 25 21   -22   -89 10318   320    26 -9999    -1 -9999
2022 02 25 22   -28   -72 10324   300    26 -9999    -1 -9999
2022 02 25 23   -17   -94 -9999   310    21 -9999    -1 -9999
2022 02 26 00   -33  -100 10330   260    31     4    -1    -1
2022 02 26 01   -44   -94 10336   270    31     4     0 -9999
2022 02 26 02   -56   -94 10337   260    36     2     0 -9999
2022 02 26 03   -61  -100 10342   260    36     2     0 -9999
2022 02 26 04   -67  -106 10341   260    31     2     0 -9999
2022 02 26 05   -72  -106 10337   260    26     0     0 -9999
2022 02 26 06   -78  -111 10336   260    26     2     0 -9999
2022 02 26 07   -78  -111 10339   260    26     2     0 -9999
2022 02 26 08   -83  -117 10342   270    26     2     0 -9999
2022 02 26 09   -94  -128 10339   240    21     0     0 -9999
2022 02 26 10   -94  -128 10334   260    26     0     0 -9999
2022 02 26 11  -100  -133 10336   210    21     0     0 -9999
2022 02 26 12  -106  -133 10339   230    26     0     0 -9999
2022 02 26 13  -106  -133 10338   240    31     0     0 -9999
2022 02 26 14  -100  -128 10338   230    36     0     0 -9999
2022 02 26 15   -83  -122 10339   260    51     0     0 -9999
2022 02 26 16   -67  -122 10335   270    46     0     0 -9999
2022 02 26 17   -56  -117 10332   230    57     0     0 -9999
2022 02 26 18   -39  -111 10325   230    51     0     0 -9999
2022 02 26 19   -28  -106 10316   240    72     0     0 -9999
2022 02 26 20   -22  -100 10303   240    67     0     0 -9999
2022 02 26 21   -11   -94 10293   210    77     0     0 -9999
2022 02 26 22    -6   -83 10284   210    57     0     0 -9999
2022 02 26 23    -6   -78 10282   230    67     0     0 -9999
2022 02 27 00   -11   -72 10281   220    62     0     0 -9999
2022 02 27 01   -11   -67 10275   220    51     0     0 -9999
2022 02 27 02   -17   -61 10268   220    51     0     0 -9999
2022 02 27 03   -17   -56 10263   220    57     0     0 -9999
2022 02 27 04   -17   -61 10260   230    41     0     0 -9999
2022 02 27 05   -17   -61 10256   230    51     0     0 -9999
2022 02 27 06   -17   -61 10253   230    67     0     0 -9999
2022 02 27 07   -17   -61 10247   240    82     0     0 -9999
2022 02 27 08   -17   -61 10241   240    77     0     0 -9999
2022 02 27 09   -17   -67 10237   250    57     0     0 -9999
2022 02 27 10   -22   -67 10236   260    67     0     0 -9999
2022 02 27 11   -28   -72 10232   250    57     0     0 -9999
2022 02 27 12   -28   -78 10231   260    62     0     0 -9999
2022 02 27 13   -33   -78 10232   260    31     2     0 -9999
2022 02 27 14   -22   -78 10233   270    51     2     0 -9999
2022 02 27 15     0   -72 10234   290    41     2     0 -9999
2022 02 27 16    17   -78 10235   300    46     2     0 -9999
2022 02 27 17    28   -67 10237   290    36     2     0 -9999
2022 02 27 18    39   -72 10233   290    26     2     0 -9999
2022 02 27 19    50   -89 10231   300    51     2     0 -9999
2022 02 27 20    50   -78 10226 -9999    26     2     0 -9999
2022 02 27 21    56   -78 10226   310    26     2     0 -9999
2022 02 27 22    50   -72 10225   300    31     4     0 -9999
2022 02 27 23    50   -78 10226   310    15     2     0 -9999
2022 02 28 00    39   -56 10230   260    36     2     0 -9999
2022 02 28 01    22   -50 10233   260    21     0     0 -9999
2022 02 28 02    11   -44 10238     0     0     0     0 -9999
2022 02 28 03     0   -44 10240     0     0     4     0 -9999
2022 02 28 04    -6   -44 10236     0     0     4     0 -9999
2022 02 28 05   -17   -50 10235   190    15     2     0 -9999
2022 02 28 06   -17   -56 10232   150    15     4     0 -9999
2022 02 28 07   -11   -50 10233   170    21     4     0 -9999
2022 02 28 08   -17   -61 10231     0     0     2     0 -9999
2022 02 28 09   -28   -61 10227   150    21     2     0 -9999
2022 02 28 10   -22   -56 10223   150    21     2     0 -9999
2022 02 28 11   -22   -50 10224   150    26     4     0 -9999
2022 02 28 12   -22   -56 10223   140    31     4     0 -9999
2022 02 28 13   -17   -50 10222   150    31 -9999     0 -9999
2022 02 28 14    -6   -33 10215   150    46 -9999     0 -9999
2022 02 28 15    11   -28 10209   160    67 -9999     0 -9999
2022 02 28 16    44   -22 10197   180    57 -9999     0 -9999
2022 02 28 17    67   -28 10185   180    62 -9999     0 -9999
2022 02 28 18    89   -33 10175   210    72     6     0 -9999
2022 02 28 19   106   -50 10157   230    82 -9999     0 -9999
2022 02 28 20   106   -28 10147   230   108     2     0 -9999
2022 02 28 21   111   -33 10146   240    67     2     0 -9999
2022 02 28 22   111   -22 10145   230    77     4     0 -9999
2022 02 28 23   100   -17 10145   240    72     2     0 -9999
2022 03 01 00    89   -11 10151   250    51     6     0 -9999
2022 03 01 01    78     0 10152   230    31 -9999     0 -9999
2022 03 01 02    72     0 10152   230    41 -9999     0 -9999
2022 03 01 03    72     0 10151   230    41 -9999     0 -9999
2022 03 01 04    67     0 10144   220    36 -9999     0 -9999
2022 03 01 05    67     0 10138   220    41 -9999     0 -9999
2022 03 01 06    56    -6 10134   220    41     8     0 -9999
2022 03 01 07    56    -6 10130   230    41 -9999     0 -9999
2022 03 01 08    50   -11 10124   230    36 -9999     0 -9999
2022 03 01 09    50   -11 10121   240    51 -9999     0 -9999
2022 03 01 10    56   -11 10120   260    41 -9999     0 -9999
2022 03 01 11    50   -11 10122   240    31 -9999     0 -9999
2022 03 01 12    44   -11 10127   240    36     6     0 -9999
2022 03 01 13    44   -11 10126   230    46 -9999     0 -9999
2022 03 01 14    50    -6 10132 -9999    21 -9999     0 -9999
2022 03 01 15    56     0 10140   260    26 -9999     0 -9999
2022 03 01 16    67     0 10147   280    31 -9999     0 -9999
2022 03 01 17    78     6 10150   310    21 -9999     0 -9999
2022 03 01 18    89     6 10145   360    15     6     0 -9999
2022 03 01 19   106     6 10146    50    21 -9999     0 -9999
2022 03 01 20   117    11 10143 -9999    15     4     0 -9999
2022 03 01 21    94    11 10146    80    46 -9999     0 -9999
2022 03 01 22    78     0 10159    60    46     4     0 -9999
2022 03 01 23    67   -11 10169    50    41     4     0 -9999
2022 03 02 00    39   -17 10179    70    36     2     0 -9999
2022 03 02 01    28   -11 10187    60    36 -9999     0 -9999
2022 03 02 02    22   -11 10196    60    31 -9999     0 -9999
2022 03 02 03    28    -6 10198    90    31 -9999     0 -9999
2022 03 02 04    28    -6 10199    80    36 -9999     0 -9999
2022 03 02 05    28    -6 10201    70    21 -9999     0 -9999
2022 03 02 06    22   -11 10198   110    31     8     0 -9999
2022 03 02 07    22   -17 10197    90    26 -9999     0 -9999
2022 03 02 08    17   -17 10194   100    26 -9999     0 -9999
2022 03 02 09    11   -17 10192    90    21     2     0 -9999
2022 03 02 10    17   -17 10188   110    21 -9999     0 -9999
2022 03 02 11     6   -22 10188   170    21     2     0 -9999
2022 03 02 12    11   -22 10187   170    21     6     0 -9999
2022 03 02 13    17   -28 10194     0     0 -9999     0 -9999
2022 03 02 14    22   -28 10188   170    36 -9999     0 -9999
2022 03 02 15    39   -28 10188   180    31 -9999     0 -9999
2022 03 02 16    61   -17 10182   190    36 -9999     0 -9999
2022 03 02 17    83    -6 10176   230    36 -9999     0 -9999
2022 03 02 18   106     6 10165   230    36     6     0 -9999
2022 03 02 19   117    22 10154   230    36 -9999     0 -9999
2022 03 02 20   128    22 10146   250    57 -9999     0 -9999
2022 03 02 21   139    28 10143   260    21 -9999     0 -9999
2022 03 02 22   139    33 10142   300    31     4     0 -9999
2022 03 02 23   128    39 10146   330    46     4     0 -9999
2022 03 03 00    78    17 10160    50    51     6     0 -9999
2022 03 03 01    56     6 10180    20    67 -9999    -1 -9999
2022 03 03 02    56    11 10190   360    72 -9999    -1 -9999
2022 03 03 03    44     6 10197   360    82 -9999    -1 -9999
2022 03 03 04    28     0 10209    40    93 -9999     0 -9999
2022 03 03 05    17   -17 10218    30    88 -9999     0 -9999
2022 03 03 06    11   -33 10220    30    77     8     0     0
2022 03 03 07     6   -33 10231    30    93 -9999     0 -9999
2022 03 03 08     0   -44 10235    40    82 -9999     0 -9999
2022 03 03 09     0   -56 10239    30    72 -9999     0 -9999
2022 03 03 10    -6   -67 10244    30    88 -9999     0 -9999
2022 03 03 11   -11   -78 10258    30    72 -9999     0 -9999
2022 03 03 12   -11   -78 10276    30    62     6     0 -9999
2022 03 03 13   -17   -72 10282    30    77 -9999     0 -9999
2022 03 03 14   -11   -78 10295    20    72 -9999     0 -9999
2022 03 03 15    -6   -78 10299    50    57 -9999     0 -9999
2022 03 03 16     0   -83 10305    30    41 -9999     0 -9999
2022 03 03 17     6   -83 10310    50    51 -9999     0 -9999
2022 03 03 18     6   -83 10311    60    36     6     0 -9999
2022 03 03 19     0   -94 10308    40    51 -9999     0 -9999
2022 03 03 20     6   -89 10308    40    46 -9999     0 -9999
2022 03 03 21     6   -83 10309    60    51 -9999     0 -9999
2022 03 03 22     0   -94 10311    50    51 -9999     0 -9999
2022 03 03 23   -11  -106 10312    50    41 -9999     0 -9999
2022 03 04 00   -11  -106 10315    80    41     8     0 -9999
2022 03 04 01   -17  -100 10319    70    36 -9999     0 -9999
2022 03 04 02   -17   -94 10314   100    36 -9999     0 -9999
2022 03 04 03   -17   -94 10312    90    36 -9999     0 -9999
2022 03 04 04   -17   -94 10309    90    26 -9999     0 -9999
2022 03 04 05   -17   -89 10312   100    26 -9999     0 -9999
2022 03 04 06   -22   -89 10309    80    21     6     0 -9999
2022 03 04 07   -17   -89 10310    80    26 -9999     0 -9999
2022 03 04 08   -17   -89 10311    80    26 -9999     0 -9999
2022 03 04 09   -17   -89 10304    70    26 -9999     0 -9999
2022 03 04 10   -11   -89 10301    80    31 -9999     0 -9999
2022 03 04 11   -11   -78 10308    70    26 -9999     0 -9999
2022 03 04 12   -17   -72 10312   100    26     6     0 -9999
2022 03 04 13   -11   -56 10312   100    31 -9999     0 -9999
2022 03 04 14     0   -50 10311   100    46 -9999     0 -9999
2022 03 04 15    17   -72 10313   130    41 -9999     0 -9999
2022 03 04 16    28   -78 10310    90    51 -9999     0 -9999
2022 03 04 17    39   -78 10302   110    46 -9999     0 -9999
2022 03 04 18    50   -89 10294   110    41     8     0 -9999
2022 03 04 19    44   -89 10281    90    51 -9999     0 -9999
2022 03 04 20    50   -72 10272   100    51 -9999     0 -9999
2022 03 04 21    44   -72 10267    90    51 -9999     0 -9999
2022 03 04 22    39   -67 10257    90    46 -9999     0 -9999
2022 03 04 23    39   -61 10251    90    41 -9999     0 -9999
2022 03 05 00    28   -50 10239   100    41     8     0 -9999
2022 03 05 01    28   -44 10235   100    41 -9999     0 -9999
2022 03 05 02    33   -44 10229    90    31 -9999     0 -9999
2022 03 05 03    44   -67 10223   120    51 -9999     0 -9999
2022 03 05 04    39   -56 10217   110    36 -9999     0 -9999
2022 03 05 05    39   -50 10210   120    41 -9999     0 -9999
2022 03 05 06    39   -50 10199   120    31     8     0 -9999
2022 03 05 07    50   -56 10189   130    36 -9999     0 -9999
2022 03 05 08    50   -50 10184   140    26 -9999     0 -9999
2022 03 05 09    56   -44 10178   140    31 -9999     0 -9999
2022 03 05 10    44   -44 10169   140    36     4     0 -9999
2022 03 05 11    44   -39 10160   140    41     2     0 -9999
2022 03 05 12    39   -33 10155   150    36     2     0 -9999
2022 03 05 13    44   -28 10148   160    41     4     0 -9999
2022 03 05 14    67   -17 10139   160    57     4     0 -9999
2022 03 05 15   100    -6 10137   180    36 -9999     0 -9999
2022 03 05 16   139    22 10124   190    51 -9999     0 -9999
2022 03 05 17   156    39 10115   200    77 -9999     0 -9999
2022 03 05 18   178    61 10106   200    72     6     0 -9999
2022 03 05 19   189    83 10089   190    67 -9999     0 -9999
2022 03 05 20   200   100 10077   190    72 -9999     0 -9999
2022 03 05 21   200   111 10075   210    57 -9999     0 -9999
2022 03 05 22   194   106 10066   180    67 -9999     0 -9999
2022 03 05 23   200   106 10052   190    77     4     0 -9999
2022 03 06 00   189   106 10058   190    82     6     0 -9999
2022 03 06 01   183   106 10051   190    93 -9999     0 -9999
2022 03 06 02   183   111 -9999   200   103 -9999     0 -9999
2022 03 06 03   167   122 10035   190   103 -9999     3 -9999
2022 03 06 04   172   128 10033   200   108 -9999     0 -9999
2022 03 06 05   172   128 10028   200   108 -9999     0 -9999
2022 03 06 06   122    94 -9999   200    51 -9999     2    28
2022 03 06 07   117    94 10028   200    51 -9999     0 -9999
2022 03 06 08   150   106 10021   220   103     4     0 -9999
2022 03 06 09    94    50 -9999   250   134 -9999     0 -9999
2022 03 06 10    61    17 10061   260   124 -9999     0 -9999
2022 03 06 11    39    -6 10080   250   134 -9999     0 -9999
2022 03 06 12    33   -11 10093   240   118     8     0     3
2022 03 06 13    28   -22 10106   250   124 -9999     0 -9999
2022 03 06 14    22   -22 10119   250   103 -9999     0 -9999
2022 03 06 15    22   -22 10132   260   108 -9999     0 -9999
2022 03 06 16    22   -28 10147   270    98 -9999     0 -9999
2022 03 06 17    28   -33 10154   260    77 -9999     0 -9999
2022 03 06 18    22   -33 10163   280    82     6     0 -9999
2022 03 06 19    33   -33 10166   270    82 -9999     0 -9999
2022 03 06 20    39   -28 10168   270    67 -9999     0 -9999
2022 03 06 21    50   -22 10174   270    62 -9999     0 -9999
2022 03 06 22    44   -22 10172   280    62 -9999     0 -9999
2022 03 06 23    44   -22 10176   270    31 -9999     0 -9999
2022 03 07 00    39   -22 10177   280    21     6     0 -9999
2022 03 07 01    33   -22 10173   270    15 -9999     0 -9999
2022 03 07 02    28   -22 10157    20    21 -9999     0 -9999
2022 03 07 03    28   -22 10157    20    26 -9999     0 -9999
2022 03 07 04    28   -22 10177     0     0 -9999     0 -9999
2022 03 07 05    33   -22 10166    30    21 -9999     0 -9999
2022 03 07 06    17   -11 10148    20    46     8     2     3
2022 03 07 07    11   -11 10124    40    67 -9999    18 -9999
2022 03 07 08     6   -11 -9999    20    62 -9999     2 -9999
2022 03 07 09     0   -17 10110    20    82 -9999    10 -9999
2022 03 07 10     0   -22 10101    20    57 -9999     5 -9999
2022 03 07 11     0   -22 10082    30    46 -9999     0 -9999
2022 03 07 12     0   -17 10100   340    51     8     3    60
2022 03 07 13    -6   -22 10113   320    51     9    10 -9999
2022 03 07 14    -6   -22 10121   310    36 -9999     8 -9999
2022 03 07 15     0   -17 -9999   310    46 -9999    -1 -9999
2022 03 07 16     0   -17 10131   320    62 -9999     3 -9999
2022 03 07 17    11   -17 -9999   310    62 -9999    -1 -9999
2022 03 07 18    11   -22 10147   310    72     8    -1    30
2022 03 07 19    17   -28 10155   290    67 -9999    -1 -9999
2022 03 07 20    17   -33 10159   330    72 -9999     0 -9999
2022 03 07 21    11   -44 -9999   310    62 -9999     0 -9999
2022 03 07 22    11   -44 10178   300    62 -9999     0 -9999
2022 03 07 23    11   -50 10189   300    62 -9999     0 -9999
2022 03 08 00    11   -56 10199   300    51     8     0    -1
2022 03 08 01     6   -44 10209   290    46 -9999    -1 -9999
2022 03 08 02     0   -50 10219   280    46 -9999     0 -9999
2022 03 08 03     0   -61 10225   290    31 -9999     0 -9999
2022 03 08 04    -6   -72 10230   290    41 -9999     0 -9999
2022 03 08 05    -6   -72 10232   300    26 -9999     0 -9999
2022 03 08 06   -11   -72 10233   300    26     8     0    -1
2022 03 08 07   -11   -72 10236   260    36 -9999     0 -9999
2022 03 08 08   -11   -78 10236   260    26 -9999     0 -9999
2022 03 08 09   -17   -78 10237   260    15 -9999     0 -9999
2022 03 08 10   -22   -83 10236   240    31 -9999     0 -9999
2022 03 08 11   -22   -83 10238   220    26 -9999     0 -9999
2022 03 08 12   -28   -78 10238   250    21     2     0 -9999
2022 03 08 13   -28   -67 10237   240    15     2     0 -9999
2022 03 08 14   -22   -67 10239   210    26     2     0 -9999
2022 03 08 15   -11   -61 10239   200    41     2     0 -9999
2022 03 08 16     0   -61 10237   240    51     4     0 -9999
2022 03 08 17    11   -56 10232   230    51     4     0 -9999
2022 03 08 18    17   -56 10226   230    57     2     0 -9999
2022 03 08 19    22   -61 10215   230    51     2     0 -9999
2022 03 08 20    33   -56 10200   210    57     2     0 -9999
2022 03 08 21    33   -61 10187 -9999    21     4     0 -9999
2022 03 08 22    39   -61 10178   220    41     4     0 -9999
2022 03 08 23    33   -61 10180   220    51 -9999     0 -9999
2022 03 09 00    28   -56 10183   210    31     6     0 -9999
2022 03 09 01    22   -50 10179   230    26 -9999     0 -9999
2022 03 09 02    11   -50 10173   280    15 -9999     0 -9999
2022 03 09 03     6   -50 10176   260    21 -9999     0 -9999
2022 03 09 04     0   -50 10176   260    21     4     0 -9999
2022 03 09 05    -6   -56 10170   220    15     2     0 -9999
2022 03 09 06   -17   -56 10166   180    21     2     0 -9999
2022 03 09 07   -11   -56 10163   190    21 -9999     0 -9999
2022 03 09 08   -17   -56 10158   210    21 -9999     0 -9999
2022 03 09 09   -11   -50 10152   210    26 -9999     0 -9999
2022 03 09 10    -6   -44 10149   220    26 -9999     0 -9999
2022 03 09 11    -6   -39 10145   230    36 -9999     0 -9999
2022 03 09 12     0   -44 10148   240    36     8     0 -9999
2022 03 09 13     0   -44 10150   260    36 -9999     0 -9999
2022 03 09 14     6   -39 10155   290    41     4     0 -9999
2022 03 09 15    11   -44 10160   280    41     2     0 -9999
2022 03 09 16    28   -39 10163   270    51     2     0 -9999
2022 03 09 17    33   -50 10164   280    72     2     0 -9999
2022 03 09 18    39   -44 10163   270    67     2     0 -9999
2022 03 09 19    44   -56 10163   290    46     2     0 -9999
2022 03 09 20    44   -72 10169   280    62     2     0 -9999
2022 03 09 21    39   -61 10171   280    67     2     0 -9999
2022 03 09 22    39   -61 10172   270    57     2     0 -9999
2022 03 09 23    33   -78 10173   290    46     2     0 -9999
2022 03 10 00    22   -72 10180   290    41     2     0 -9999
2022 03 10 01     6   -67 10188   280    36     2     0 -9999
2022 03 10 02     0   -72 10202   290    31     2     0 -9999
2022 03 10 03    -6   -72 10210   310    46     4     0 -9999
2022 03 10 04   -11   -72 10215   300    36 -9999     0 -9999
2022 03 10 05   -22   -72 10218   310    41 -9999     0 -9999
2022 03 10 06   -28   -78 10218   300    36     6     0 -9999
2022 03 10 07   -33   -78 10218   300    41 -9999     0 -9999
2022 03 10 08   -33   -83 10220   310    36 -9999     0 -9999
2022 03 10 09   -39   -83 10221   320    41 -9999     0 -9999
2022 03 10 10   -44   -94 10226   350    46 -9999     0 -9999
2022 03 10 11   -44  -100 10234   360    77 -9999     0 -9999
2022 03 10 12   -56  -106 10241    10    41     6     0 -9999
2022 03 10 13   -44  -106 10246    20    41 -9999     0 -9999
2022 03 10 14   -44  -122 10253   360    51 -9999     0 -9999
2022 03 10 15   -39  -128 10258   360    31 -9999     0 -9999
2022 03 10 16   -28  -117 10257    10    26 -9999     0 -9999
2022 03 10 17   -28  -122 10254    10    21 -9999     0 -9999
2022 03 10 18   -17  -117 10246     0     0     8     0 -9999
2022 03 10 19   -11  -117 10236     0     0 -9999     0 -9999
2022 03 10 20   -17  -117 10230     0     0 -9999    -1 -9999
2022 03 10 21   -11  -111 10226     0     0 -9999    -1 -9999
2022 03 10 22   -22  -100 10225 -9999    21 -9999    -1 -9999
2022 03 10 23   -33   -72 -9999    40    31 -9999    -1 -9999
2022 03 11 00   -39   -72 10222    20    31     8     3     3
2022 03 11 01   -44   -72 -9999    10    26 -9999    -1 -9999
2022 03 11 02   -44   -78 10221    30    21 -9999    -1 -9999
2022 03 11 03   -44   -72 10218    20    31 -9999    -1 -9999
2022 03 11 04   -44   -72 10219    10    31 -9999    -1 -9999
2022 03 11 05   -44   -78 10217    10    31 -9999    -1 -9999
2022 03 11 06   -50   -78 10215   330    26     8    -1     3
2022 03 11 07   -56   -78 -9999   340    26 -9999    -1 -9999
2022 03 11 08   -56   -83 10210   320    36 -9999    -1 -9999
2022 03 11 09   -61   -94 10204   330    36 -9999    -1 -9999
2022 03 11 10   -67   -94 10202   320    21 -9999    -1 -9999
2022 03 11 11   -67   -94 10194   320    21 -9999    -1 -9999
2022 03 11 12   -67   -94 10195   250    15     8    -1     3
2022 03 11 13   -67  -100 10196   270    31 -9999    -1 -9999
2022 03 11 14   -61  -100 10192   250    36 -9999     0 -9999
2022 03 11 15   -50  -106 10190   270    41 -9999     0 -9999
2022 03 11 16   -44  -117 10185   250    41 -9999     0 -9999
2022 03 11 17   -28  -117 10177   240    51 -9999     0 -9999
2022 03 11 18   -17  -117 10171   240    57     6     0    -1
2022 03 11 19   -11  -100 10158   250    88 -9999     0 -9999
2022 03 11 20   -17   -83 10158   250    82 -9999     0 -9999
2022 03 11 21   -22   -78 10157   260    67 -9999    -1 -9999
2022 03 11 22   -17  -128 10155   270    67 -9999    -1 -9999
2022 03 11 23   -22  -144 10160   280    77 -9999     0 -9999
2022 03 12 00   -33  -144 10168   290    72     6     0    -1
2022 03 12 01   -50  -178 10178   280    82     2     0 -9999
2022 03 12 02   -61  -167 10186   290    72     2     0 -9999
2022 03 12 03   -67  -172 10191   310    88     0     0 -9999
2022 03 12 04   -72  -167 10197   290    51     0     0 -9999
2022 03 12 05   -78  -183 10199   310    82     0     0 -9999
2022 03 12 06   -89  -183 10198   300    51     0     0 -9999
2022 03 12 07   -94  -178 10199   310    57     0     0 -9999
2022 03 12 08  -100  -183 10202   310    57     0     0 -9999
2022 03 12 09  -100  -183 10204   310    62     0     0 -9999
2022 03 12 10  -106  -178 10204   310    62     0     0 -9999
2022 03 12 11  -111  -183 10205   310    67     0     0 -9999
2022 03 12 12  -117  -183 10210   310    67     2     0 -9999
2022 03 12 13  -117  -183 10220   310    67     2     0 -9999
2022 03 12 14  -111  -183 10226   310    57     4     0 -9999
2022 03 12 15  -100  -189 10230   290    62     4     0 -9999
2022 03 12 16   -89  -183 10232   280    72     4     0 -9999
2022 03 12 17   -83  -178 10231   300    46     4     0 -9999
2022 03 12 18   -72  -178 10228   300    67     4     0 -9999
2022 03 12 19   -61  -178 10223   310    51     2     0 -9999
2022 03 12 20   -56  -167 10217   280    51     4     0 -9999
2022 03 12 21   -56  -167 10217   290    72     2     0 -9999
2022 03 12 22   -50  -161 10214   280    57     2     0 -9999
2022 03 12 23   -56  -161 10210   250    57     2     0 -9999
2022 03 13 00   -56  -156 10212   260    67     4     0 -9999
2022 03 13 01   -67  -144 10214   240    36     2     0 -9999
2022 03 13 02   -67  -139 10215   230    51     4     0 -9999
2022 03 13 03   -67  -133 10210   220    62 -9999     0 -9999
2022 03 13 04   -67  -133 10206   220    62 -9999     0 -9999
2022 03 13 05   -67  -133 10201   230    57 -9999     0 -9999
2022 03 13 06   -61  -139 10192   220    57     8     0 -9999
2022 03 13 07   -61  -139 10178   210    51 -9999     0 -9999
2022 03 13 08   -50  -139 10161   200    57 -9999     0 -9999
2022 03 13 09   -50  -133 10143   200    41 -9999     0 -9999
2022 03 13 10   -44  -128 10122   180    51 -9999     0 -9999
2022 03 13 11   -33  -122 10121   210    67 -9999     0 -9999
2022 03 13 12   -22  -106 10115   210    72     8    -1 -9999
2022 03 13 13   -11   -89 10116   220    72 -9999    -1 -9999
2022 03 13 14     6   -78 10122   230    67     2     0 -9999
2022 03 13 15    22   -67 10126   240    72     0     0 -9999
2022 03 13 16    33   -56 10129   260    72     0     0 -9999
2022 03 13 17    56   -44 10132   240    62     0     0 -9999
2022 03 13 18    67   -33 10138   260    77     0     0    -1
2022 03 13 19    78   -22 10137   260    46     0     0 -9999
2022 03 13 20    94   -11 10140   250    72     2     0 -9999
2022 03 13 21   100    -6 10144   250    82     2     0 -9999
2022 03 13 22   100     0 10146   250    67     4     0 -9999
2022 03 13 23   100    -6 10151   260    41     4     0 -9999
2022 03 14 00    94    -6 10161   230    41     4     0 -9999
2022 03 14 01    78     0 10173   220    31     2     0 -9999
2022 03 14 02    67     0 10177   210    31     2     0 -9999
2022 03 14 03    61     0 10183   200    26     2     0 -9999
2022 03 14 04    61     0 10185   200    26     2     0 -9999
2022 03 14 05    61     6 10190   220    26 -9999     0 -9999
2022 03 14 06    50     0 10193     0     0     6     0 -9999
2022 03 14 07    50     6 10193    50    15 -9999     0 -9999
2022 03 14 08    44     0 10191     0     0 -9999     0 -9999
2022 03 14 09    50     6 10183   170    26 -9999     0 -9999
2022 03 14 10    50     0 10181   170    26 -9999     0 -9999
2022 03 14 11    50     0 10183     0     0 -9999     0 -9999
2022 03 14 12    44    -6 10185   160    15     6     0 -9999
2022 03 14 13    50     0 10185   190    26 -9999     0 -9999
2022 03 14 14    67     6 10186   210    46 -9999     0 -9999
2022 03 14 15    89     0 10189   220    57 -9999     0 -9999
2022 03 14 16   117     0 10188   230    72 -9999     0 -9999
2022 03 14 17   128     6 10188   230    88 -9999     0 -9999
2022 03 14 18   144    11 10186   210    77     6     0 -9999
2022 03 14 19   156     6 10181   250    77 -9999     0 -9999
2022 03 14 20   161    11 10176   210    62 -9999     0 -9999
2022 03 14 21   172     6 10174   220    57 -9999     0 -9999
2022 03 14 22   167     6 10176   220    62 -9999     0 -9999
2022 03 14 23   161    11 10182   240    51 -9999     0 -9999
2022 03 15 00   150    17 10193    40    57     6     0 -9999
2022 03 15 01    56    11 10204    50    46 -9999     0 -9999
2022 03 15 02    44    11 10214    20    51 -9999     0 -9999
2022 03 15 03    33     0 10216    30    51 -9999     0 -9999
2022 03 15 04    33     0 10218    30    36 -9999     0 -9999
2022 03 15 05    33     0 10220    20    36 -9999     0 -9999
2022 03 15 06    39     0 10214    20    21     8     0 -9999
2022 03 15 07    33     0 10212     0     0 -9999     0 -9999
2022 03 15 08    39     0 10207    40    26 -9999     0 -9999
2022 03 15 09    33     0 10203    50    31 -9999     0 -9999
2022 03 15 10    28     0 10207    40    21 -9999     0 -9999
2022 03 15 11    28    -6 10208    30    26 -9999     0 -9999
2022 03 15 12    28     0 10213   360    46     6     0 -9999
2022 03 15 13    33     0 10214    20    41 -9999     0 -9999
2022 03 15 14    33     0 10220    20    31 -9999     0 -9999
2022 03 15 15    56    11 10231    40    36 -9999     0 -9999
2022 03 15 16    67     6 10236    40    51     4     0 -9999
2022 03 15 17    89    11 10235    40    26     0     0 -9999
2022 03 15 18    94     6 10230 -9999    31     0     0 -9999
2022 03 15 19   106    11 10219    70    21     2     0 -9999
2022 03 15 20   117    11 10210    80    36     2     0 -9999
2022 03 15 21   122    11 10206    70    31     2     0 -9999
2022 03 15 22   106    11 10202    80    46     0     0 -9999
2022 03 15 23    94    11 10205    80    41     2     0 -9999
2022 03 16 00    67     6 10206    90    31     2     0 -9999
2022 03 16 01    50     0 10207   100    26     4     0 -9999
2022 03 16 02    50     0 10209    80    21     0     0 -9999
2022 03 16 03    39     0 10209    80    21     0     0 -9999
2022 03 16 04    33     0 10205   120    21     0     0 -9999
2022 03 16 05    33     0 10200     0     0     0     0 -9999
2022 03 16 06    33    -6 10195   120    15     0     0 -9999
2022 03 16 07    33    -6 10191     0     0     0     0 -9999
2022 03 16 08    28   -11 10188     0     0     0     0 -9999
2022 03 16 09    33     0 10179     0     0 -9999     0 -9999
2022 03 16 10    44     6 10177     0     0 -9999     0 -9999
2022 03 16 11    50    11 10174     0     0     2     0 -9999
2022 03 16 12    44    11 10171   170    15     2     0 -9999
2022 03 16 13    50    17 10172     0     0 -9999     0 -9999
2022 03 16 14    72    39 10166   180    21 -9999     0 -9999
2022 03 16 15   117    61 10163   180    26 -9999     0 -9999
2022 03 16 16   156    67 10157   200    57 -9999     0 -9999
2022 03 16 17   183    61 10151   220    72 -9999     0 -9999
2022 03 16 18   200    67 10141   220    67     4     0 -9999
2022 03 16 19   194    67 10130   200    67 -9999     0 -9999
2022 03 16 20   200    61 10118   220    72 -9999     0 -9999
2022 03 16 21   206    67 10111   220    82 -9999     0 -9999
2022 03 16 22   200    61 10105   220    88     4     0 -9999
2022 03 16 23   200    67 10103   230    62     4     0 -9999
2022 03 17 00   189    67 10103   200    51     6     0 -9999
2022 03 17 01   172    67 10104   200    31 -9999     0 -9999
2022 03 17 02   156    67 10105   180    26     2     0 -9999
2022 03 17 03   150    67 10105   190    31     2     0 -9999
2022 03 17 04   144    67 10102   190    36     2     0 -9999
2022 03 17 05   139    61 10105   210    21     4     0 -9999
2022 03 17 06   133    61 10104   230    26     2     0 -9999
2022 03 17 07   122    61 10105   220    36     2     0 -9999
2022 03 17 08   117    56 10104   210    26     4     0 -9999
2022 03 17 09   106    56 10098   210    26     2     0 -9999
2022 03 17 10   100    50 10100   210    26     4     0 -9999
2022 03 17 11   106    50 10103   210    31 -9999     0 -9999
2022 03 17 12   100    50 10105   200    15     4     0 -9999
2022 03 17 13   100    56 10113   250    15 -9999     0 -9999
2022 03 17 14   117    61 10115   240    15 -9999     0 -9999
2022 03 17 15   144    67 10114   240    31 -9999     0 -9999
2022 03 17 16   161    67 10116 -9999    26 -9999     0 -9999
2022 03 17 17   172    72 10115   200    21 -9999     0 -9999
2022 03 17 18   200    72 10111   150    15     6     0 -9999
2022 03 17 19   228    78 10105   120    15 -9999     0 -9999
2022 03 17 20   194    72 10104    70    67 -9999     0 -9999
2022 03 17 21   161    61 10111    40    67 -9999     0 -9999
2022 03 17 22   144    56 10114    20    62 -9999     0 -9999
2022 03 17 23   133    44 10120    20    46 -9999     0 -9999
2022 03 18 00   117    33 10131    30    51     4     0 -9999
2022 03 18 01   106    28 10136    20    41 -9999     0 -9999
2022 03 18 02   100    28 10136    30    57     4     0 -9999
2022 03 18 03    94    33 10143    30    36 -9999     0 -9999
2022 03 18 04    94    44 10137    50    26 -9999     0 -9999
2022 03 18 05    89    44 10141    30    31 -9999     0 -9999
2022 03 18 06    83    44 10135    50    31     6     0 -9999
2022 03 18 07    83    33 10131    60    26 -9999     0 -9999
2022 03 18 08    78    33 10128    40    51 -9999     0 -9999
2022 03 18 09    67    28 10131    30    62 -9999     0 -9999
2022 03 18 10    50    17 10129    30    57 -9999     0 -9999
2022 03 18 11    50    17 10130    30    57 -9999     0 -9999
2022 03 18 12    50    17 10128    30    88     8     0 -9999
2022 03 18 13    50    17 10129    30    98 -9999     0 -9999
2022 03 18 14    50    11 10126    30   108 -9999     0 -9999
2022 03 18 15    61    11 10119    40    98 -9999     0 -9999
2022 03 18 16    61    22 10115    50    93 -9999    -1 -9999
2022 03 18 17    67    17 10103    50    93 -9999     0 -9999
2022 03 18 18    72    22 10095    50    88     8    -1     0
2022 03 18 19    56    33 10078    30    88 -9999    23 -9999
2022 03 18 20    50    28 10078    40    62 -9999    56 -9999
2022 03 18 21    50    28 10063    30    82 -9999    23 -9999
2022 03 18 22    50    28 10058    30    82 -9999    13 -9999
2022 03 18 23    50    28 10050    30    98 -9999     3 -9999
2022 03 19 00    50    28 10052    30    72     8    -1   120
2022 03 19 01    50    28 10048    30    93 -9999     3 -9999
2022 03 19 02    44    28 10042    20    77 -9999     8 -9999
2022 03 19 03    44    28 10039    30    77 -9999    18 -9999
2022 03 19 04    44    28 10033    20    77 -9999    10 -9999
2022 03 19 05    44    28 10030    20    72 -9999     3 -9999
2022 03 19 06    44    28 10026    20    67     8     5    50
2022 03 19 07    44    28 10027    20    82 -9999    -1 -9999
2022 03 19 08    44    28 10026    10    77 -9999    -1 -9999
2022 03 19 09    44    22 10026   360    72 -9999     5 -9999
2022 03 19 10    39    22 10029   360    67 -9999    -1 -9999
2022 03 19 11    33    17 10035   350    62 -9999    -1 -9999
2022 03 19 12    33    17 10042   350    51     8    -1     5
2022 03 19 13    33    11 10050   340    57 -9999    -1 -9999
2022 03 19 14    33    17 10060   330    51 -9999    -1 -9999
2022 03 19 15    39    22 10068   320    41 -9999    -1 -9999
2022 03 19 16    39    17 10077   320    41 -9999    -1 -9999
2022 03 19 17    39    11 10086   310    62 -9999    -1 -9999
2022 03 19 18    39    17 10094   310    46     8     3     3
2022 03 19 19    39    17 10101   310    57 -9999    -1 -9999
2022 03 19 20    44    22 10105   300    46 -9999     3 -9999
2022 03 19 21    50    22 10110   310    46 -9999    -1 -9999
2022 03 19 22    61    33 10119   300    36 -9999    -1 -9999
2022 03 19 23    61    33 10127   300    51 -9999     3 -9999
2022 03 20 00    61    33 10136   290    36     6     3     8
2022 03 20 01    61    33 10142   270    15 -9999     0 -9999
2022 03 20 02    56    22 10145     0     0     4     0 -9999
2022 03 20 03    44    22 10149     0     0     4     0 -9999
2022 03 20 04    39    17 10153   240    26     2     0 -9999
2022 03 20 05    39    11 10159   270    15     2     0 -9999
2022 03 20 06    33     6 10164   280    21     0     0 -9999
2022 03 20 07    33     0 10168   260    26     0     0 -9999
2022 03 20 08    28    -6 10173   270    36     0     0 -9999
2022 03 20 09    28   -11 10176   280    31     0     0 -9999
2022 03 20 10    22   -11 10179   270    31     0     0 -9999
2022 03 20 11    22   -17 10184   260    31     2     0 -9999
2022 03 20 12    11   -22 10191     0     0     2     0 -9999
2022 03 20 13    22    -6 10197   230    15     2     0 -9999
2022 03 20 14    44     0 10203   230    36     0     0 -9999
2022 03 20 15    78    11 10205   220    21     0     0 -9999
2022 03 20 16   100     0 10207   210    31     0     0 -9999
2022 03 20 17   122    -6 10204   190    31     0     0 -9999
2022 03 20 18   133    -6 10202   220    36     0     0 -9999
2022 03 20 19   150     0 10201   220    41     0     0 -9999
2022 03 20 20   156    22 10196   230    62     2     0 -9999
2022 03 20 21   161    39 10192   240    26     2     0 -9999
2022 03 20 22   167    17 10189   220    41     4     0 -9999
2022 03 20 23   167     6 10189   270    57     4     0 -9999
2022 03 21 00   150   -11 10193   270    26     4     0 -9999
2022 03 21 01   128     6 10195   210    15     4     0 -9999
2022 03 21 02   106    11 10197   210    21     4     0 -9999
2022 03 21 03    94    11 10197   210    21     2     0 -9999
2022 03 21 04   106     6 10198   220    21     2     0 -9999
2022 03 21 05    94    11 10196   210    21     2     0 -9999
2022 03 21 06    72    17 10200   220    15     4     0 -9999
2022 03 21 07    67    17 10200   210    15     4     0 -9999
2022 03 21 08    67    11 10200   160    15 -9999     0 -9999
2022 03 21 09    61    11 10198     0     0 -9999     0 -9999
2022 03 21 10    56    11 10199     0     0 -9999     0 -9999
2022 03 21 11    67    17 10198   170    21 -9999     0 -9999
2022 03 21 12    67    17 10195   170    26     6     0 -9999
2022 03 21 13    89    28 10193   170    31 -9999     0 -9999
2022 03 21 14   139    22 10192   200    62 -9999     0 -9999
2022 03 21 15   150    17 10191   220    77 -9999     0 -9999
2022 03 21 16   172    28 10187   210    57 -9999     0 -9999
2022 03 21 17   189    39 10182   230    62 -9999     0 -9999
2022 03 21 18   206    44 10177   210    51     6     0 -9999
2022 03 21 19   222    50 10168   220    62 -9999     0 -9999
2022 03 21 20   228    50 10159   210    62 -9999     0 -9999
2022 03 21 21   228    33 10151   230    67 -9999     0 -9999
2022 03 21 22   222    39 10149   210    57 -9999     0 -9999
2022 03 21 23   217    28 10151   210    46 -9999     0 -9999
2022 03 22 00   206    39 10150   200    26     8     0 -9999
2022 03 22 01   189    33 10151   180    31 -9999     0 -9999
2022 03 22 02   172    39 10153   150    15 -9999     0 -9999
2022 03 22 03   167    44 10159   170    31 -9999     0 -9999
2022 03 22 04   111    39 10155    30    31 -9999     0 -9999
2022 03 22 05   100    39 10158    30    36 -9999     0 -9999
2022 03 22 06   100    39 10156    30    21     8     0 -9999
2022 03 22 07    94    39 10150    40    21 -9999     0 -9999
2022 03 22 08    94    39 10146    50    21 -9999     0 -9999
2022 03 22 09    94    33 10137     0     0 -9999     0 -9999
2022 03 22 10    94    33 10145     0     0 -9999     0 -9999
2022 03 22 11   133    50 10144   230    41 -9999     0 -9999
2022 03 22 12   117    72 10140   150    51     8    -1    -1
2022 03 22 13   106    78 10132   130    46 -9999     3 -9999
2022 03 22 14   106    78 10151   120    46 -9999     3 -9999
2022 03 22 15   106    83 10139   120    77 -9999    10 -9999
2022 03 22 16   106    78 10124   110    98 -9999    -1 -9999
2022 03 22 17   106    72 10115   110   103 -9999     0 -9999
2022 03 22 18   100    67 10100    90    67     8     0    20
2022 03 22 19   117    72 10099   110    62 -9999     0 -9999
2022 03 22 20   122    72 10090   100    62 -9999     0 -9999
2022 03 22 21   122    78 10087   100    46 -9999     0 -9999
2022 03 22 22   111    67 10086    90    51 -9999    -1 -9999
2022 03 22 23   117    89 10066   110    82 -9999     3 -9999
2022 03 23 00   106    78 10083   110    88     8     0     3
2022 03 23 01    94    72 10077   100    67 -9999     0 -9999
2022 03 23 02    89    67 10067    70    51 -9999     0 -9999
2022 03 23 03    89    67 10058   100    67 -9999     5 -9999
2022 03 23 04    83    67 10044    70    46 -9999     3 -9999
2022 03 23 05    78    56 10027    60    41 -9999    13 -9999
2022 03 23 06    78    56 10015    80    36     8    18    30
2022 03 23 07    89    72 10003   100    51 -9999    33 -9999
2022 03 23 08    94    78  9993   140    41 -9999    18 -9999
2022 03 23 09   100    83  9979   120    41 -9999    10 -9999
2022 03 23 10   106    89  9980   150    41 -9999    -1 -9999
2022 03 23 11   111    94  9982   160    41 -9999    -1 -9999
2022 03 23 12   111   100  9985   200    26     8    -1    70
2022 03 23 13   117   100  9988   210    36 -9999     0 -9999
2022 03 23 14   117   100  9986   190    15 -9999    -1 -9999
2022 03 23 15   117   106  9983   180    31 -9999     0 -9999
2022 03 23 16   122   111  9980   180    21 -9999     0 -9999
2022 03 23 17   128   111  9977 -9999    15 -9999     0 -9999
2022 03 23 18   128   117  9970   190    26     8    -1    -1
2022 03 23 19   139   128  9964   250    31 -9999     0 -9999
2022 03 23 20   139   117  9959   260    36 -9999    -1 -9999
2022 03 23 21   139   117  9958   210    21 -9999     5 -9999
2022 03 23 22   128   106  9963   240    31 -9999    -1 -9999
2022 03 23 23   122   106  9967     0     0 -9999    15 -9999
2022 03 24 00   122   100  9975   190    36     8     3    20
2022 03 24 01   111    94  9979   190    41 -9999    10 -9999
2022 03 24 02   106    89  9982   190    46 -9999    -1 -9999
2022 03 24 03   100    83 -9999   210    62 -9999    -1 -9999
2022 03 24 04    89    72  9989   210    67 -9999    -1 -9999
2022 03 24 05    83    61  9993   200    67 -9999    -1 -9999
2022 03 24 06    78    61  9995   200    82     8    -1    10
2022 03 24 07    78    56 10001   220    62 -9999    -1 -9999
2022 03 24 08    72    56 10008   240    51 -9999    -1 -9999
2022 03 24 09    67    44 10013   250    41 -9999    13 -9999
2022 03 24 10    61    39 10021   240    36 -9999    20 -9999
2022 03 24 11    56    39 10029   250    26 -9999     8 -9999
2022 03 24 12    56    39 10035   240    21     8     3    40
2022 03 24 13    56    39 10040   220    21 -9999     0 -9999
2022 03 24 14    56    33 10043   250    36 -9999    -1 -9999
2022 03 24 15    61    39 -9999   230    51 -9999    -1 -9999
2022 03 24 16    56    33 10051   230    57 -9999    -1 -9999
2022 03 24 17    56    33 -9999   230    31 -9999    -1 -9999
2022 03 24 18    56    28 10054   230    46     8    -1     3
2022 03 24 19    61    39 10052   230    36 -9999    -1 -9999
2022 03 24 20    67    33 10052   240    46 -9999    -1 -9999
2022 03 24 21    61    39 10055   250    36 -9999     3 -9999
2022 03 24 22    67    39 10058   260    26 -9999     5 -9999
2022 03 24 23    61    33 10064   240    41 -9999     3 -9999
2022 03 25 00    56    33 10070   350    31     8     3    10
2022 03 25 01    39    22 10077    10    26 -9999     3 -9999
2022 03 25 02    50    28 10080   280    31 -9999     3 -9999
2022 03 25 03    50    22 10082   300    31 -9999     0 -9999
2022 03 25 04    44    22 10079   290    31 -9999     0 -9999
2022 03 25 05    44    22 10080   320    41 -9999     0 -9999
2022 03 25 06    39    17 10081   290    26     8    -1     5
2022 03 25 07    39    17 10077   260    21 -9999    -1 -9999
2022 03 25 08    39    17 10075   260    36 -9999     0 -9999
2022 03 25 09    39    17 10072   270    36 -9999     0 -9999
2022 03 25 10    39    17 10072   270    36 -9999     0 -9999
2022 03 25 11    39    17 10073   280    41 -9999     0 -9999
2022 03 25 12    44    17 10075   280    36     8    -1    -1
2022 03 25 13    44    22 10076   280    57 -9999    -1 -9999
2022 03 25 14    50    22 10074   280    51 -9999     3 -9999
2022 03 25 15    61    17 10070   240    31 -9999     0 -9999
2022 03 25 16    78    17 10064   260    62 -9999     0 -9999
2022 03 25 17    72    22 10059   260    82 -9999     0 -9999
2022 03 25 18    61    28 10052   260    82     8    -1     3
2022 03 25 19    61    33 10044   270    72 -9999    -1 -9999
2022 03 25 20    67    28 10039   270    88 -9999    -1 -9999
2022 03 25 21    83   -17 10041   290   108 -9999    -1 -9999
2022 03 25 22    50     0 -9999   280    77 -9999    -1 -9999
2022 03 25 23    61   -11 10045   290    88 -9999     0 -9999
2022 03 26 00    50   -44 10052   280    98     6     0    -1
2022 03 26 01    44   -33 10051   270    93 -9999     0 -9999
2022 03 26 02    33   -17 10055   280    88 -9999     0 -9999
2022 03 26 03    28   -33 10058   300    82 -9999    -1 -9999
2022 03 26 04    22   -39 10058   300    93 -9999     0 -9999
2022 03 26 05    17   -33 10057   290    67 -9999     0 -9999
2022 03 26 06    17   -28 10056   300    72     8    -1    -1
2022 03 26 07    11   -33 10056   300    57 -9999     0 -9999
2022 03 26 08    17   -44 10055   320    62 -9999     0 -9999
2022 03 26 09    11   -50 10057   320    51 -9999    -1 -9999
2022 03 26 10    11   -39 10063   300    51 -9999    -1 -9999
2022 03 26 11     6   -50 10069   310    67 -9999    -1 -9999
2022 03 26 12     0   -56 10076   310    77     8    -1    -1
2022 03 26 13     0   -67 10086   310    67 -9999    -1 -9999
2022 03 26 14     0   -72 10094   310    82 -9999    -1 -9999
2022 03 26 15    -6   -72 10104   320    72 -9999     0 -9999
2022 03 26 16    -6   -72 10114   330    77 -9999    -1 -9999
2022 03 26 17    -6   -89 10124   330    67 -9999    -1 -9999
2022 03 26 18    -6   -94 10130   320    93     8    -1    -1
2022 03 26 19   -11   -94 10139   310    82 -9999    -1 -9999
2022 03 26 20   -11  -100 10142   300    88 -9999    -1 -9999
2022 03 26 21   -17   -94 10148   280    57 -9999    -1 -9999
2022 03 26 22   -11   -94 10152   290    67 -9999    -1 -9999
2022 03 26 23   -17   -94 10158   300    72 -9999    -1 -9999
2022 03 27 00   -17   -94 10164   310    82     8    -1    -1
2022 03 27 01   -17  -100 10170   320    88 -9999     0 -9999
2022 03 27 02   -17  -100 10174   320    51 -9999     0 -9999
2022 03 27 03   -17  -100 10177   320    46     4     0 -9999
2022 03 27 04   -22  -100 10178   340    46     2     0 -9999
2022 03 27 05   -22  -106 10180   310    31     2     0 -9999
2022 03 27 06   -28  -106 10179   310    31     2     0 -9999
2022 03 27 07   -33  -100 10183   280    26     2     0 -9999
2022 03 27 08   -39   -94 10182   290    26     2     0 -9999
2022 03 27 09   -39   -94 10186   300    36     2     0 -9999
2022 03 27 10   -39  -106 10193   330    41     2     0 -9999
2022 03 27 11   -44  -111 10202   340    51     2     0 -9999
2022 03 27 12   -50  -117 10212   340    46     2     0 -9999
2022 03 27 13   -39  -122 10222   330    62     2     0 -9999
2022 03 27 14   -33  -139 10226   330    88     2     0 -9999
2022 03 27 15   -22  -133 10233   330    62     2     0 -9999
2022 03 27 16   -11  -133 10235   360    67     2     0 -9999
2022 03 27 17    -6  -133 10233 -9999    21     2     0 -9999
2022 03 27 18     6  -128 10232   350    51     4     0 -9999
2022 03 27 19    11  -133 10227   310    36     2     0 -9999
2022 03 27 20    17  -128 10224   330    36     2     0 -9999
2022 03 27 21    17  -133 10221   350    31     2     0 -9999
2022 03 27 22    17  -139 10218   320    46     2     0 -9999
2022 03 27 23    17  -133 10220   320    46     0     0 -9999
2022 03 28 00     6  -133 10223   320    46     0     0 -9999
2022 03 28 01   -17  -100 10225    90    41     0     0 -9999
2022 03 28 02   -28  -100 10226   110    26     0     0 -9999
2022 03 28 03   -28   -94 10227   160    21     0     0 -9999
2022 03 28 04   -22   -94 10228   220    15     0     0 -9999
2022 03 28 05   -33   -94 10229   230    21     0     0 -9999
2022 03 28 06   -33   -94 10230   270    21     0     0 -9999
2022 03 28 07   -39  -117 10233   350    41     0     0 -9999
2022 03 28 08   -44  -128 10235   340    26     0     0 -9999
2022 03 28 09   -39  -139 10235   330    36     0     0 -9999
2022 03 28 10   -44  -139 10238   340    51     0     0 -9999
2022 03 28 11   -50  -139 10246   350    41     2     0 -9999
2022 03 28 12   -50  -133 10254   350    46     2     0 -9999
2022 03 28 13   -39  -139 10265   340    36     2     0 -9999
2022 03 28 14   -28  -144 10269   360    41     2     0 -9999
2022 03 28 15   -17  -150 10275   360    46     2     0 -9999
2022 03 28 16    -6  -156 10277    10    51     4     0 -9999
2022 03 28 17     0  -144 10276    10    57     4     0 -9999
2022 03 28 18     6  -128 10273    40    31     6     0 -9999
2022 03 28 19    11  -122 10268    60    46 -9999     0 -9999
2022 03 28 20    11  -117 10266    70    41 -9999     0 -9999
2022 03 28 21    17  -117 10263    80    31 -9999     0 -9999
2022 03 28 22    11  -117 10260    70    46 -9999     0 -9999
2022 03 28 23     0  -111 10259    80    46 -9999     0 -9999
2022 03 29 00   -11  -117 10260    90    41     6     0 -9999
2022 03 29 01   -22  -111 10260    90    41     4     0 -9999
2022 03 29 02   -22  -106 10265   100    41     4     0 -9999
2022 03 29 03   -22  -100 10267   100    31 -9999     0 -9999
2022 03 29 04   -22  -100 10266   100    26 -9999     0 -9999
2022 03 29 05   -17   -89 10262   100    36 -9999     0 -9999
2022 03 29 06   -17   -83 10261   100    41     6     0 -9999
2022 03 29 07   -11   -83 10261   100    36 -9999     0 -9999
2022 03 29 08   -11   -83 10257    90    41 -9999     0 -9999
2022 03 29 09   -11   -83 10249    90    36 -9999     0 -9999
2022 03 29 10    -6   -94 10246   100    41 -9999     0 -9999
2022 03 29 11    -6   -83 10244   100    51 -9999     0 -9999
2022 03 29 12   -11   -67 10242   100    62     8     0 -9999
2022 03 29 13    -6   -78 10243   100    72 -9999     0 -9999
2022 03 29 14     0   -78 10239   130    51 -9999     0 -9999
2022 03 29 15    11   -89 10234   100    72 -9999     0 -9999
2022 03 29 16    22   -94 10223   110    82 -9999     0 -9999
2022 03 29 17    33   -83 10215   120    62 -9999     0 -9999
2022 03 29 18    44   -94 10206   130    57     8     0 -9999
2022 03 29 19    61  -100 10194   130    72 -9999     0 -9999
2022 03 29 20    56  -106 10176   120    82 -9999     0 -9999
2022 03 29 21    56   -83 10163   100    82 -9999     0 -9999
2022 03 29 22    50   -78 10147   110   103 -9999     0 -9999
2022 03 29 23    50   -78 10143   120    93 -9999     0 -9999
2022 03 30 00    50   -72 10132   110    82     8     0 -9999
2022 03 30 01    56   -72 10123   120    77 -9999     0 -9999
2022 03 30 02    56   -67 10113   120    77 -9999     0 -9999
2022 03 30 03    61   -78 10104   130    88 -9999     0 -9999
2022 03 30 04    61   -72 10097   130    72 -9999     0 -9999
2022 03 30 05    67   -61 10088   140    67 -9999     0 -9999
2022 03 30 06    67   -50 10074   150    51     8    -1     0
2022 03 30 07    67   -44 10056   150    67 -9999     0 -9999
2022 03 30 08    72   -33 10034   150    82 -9999     0 -9999
2022 03 30 09    72   -22 10016   160    72 -9999     0 -9999
2022 03 30 10    83    -6 10009   160    51 -9999     0 -9999
2022 03 30 11    94    17 10019   220    62 -9999     0 -9999
2022 03 30 12    89    22  9992   180    72     8     0 -9999
2022 03 30 13   100    44  9980   170    93 -9999     0 -9999
2022 03 30 14   122    67  9974   190    82 -9999     0 -9999
2022 03 30 15   139    83  9977   200    51 -9999     0 -9999
2022 03 30 16   133    94  9976   190    51 -9999    -1 -9999
2022 03 30 17   128   111 -9999   190    62 -9999     7 -9999
2022 03 30 18   133   117  9956   190    36     8    43    70
2022 03 30 19   139   122  9935   170    67 -9999    61 -9999
2022 03 30 20   150   133 -9999   180    46 -9999     5 -9999
2022 03 30 21   150   133 -9999   200    26 -9999    -1 -9999
2022 03 30 22   156   139  9906   210    57 -9999     3 -9999
2022 03 30 23   156   133  9910   200    36 -9999     8 -9999
2022 03 31 00   150   133  9915   200    31     8    18   140
2022 03 31 01   144   133  9902   160    15 -9999    15 -9999
2022 03 31 02   144   128  9890   150    26 -9999    10 -9999
2022 03 31 03   139   128  9873   140    15 -9999     3 -9999
2022 03 31 04   139   128  9864   170    15 -9999    -1 -9999
2022 03 31 05   139   128  9860   250    98 -9999     8 -9999
2022 03 31 06    94    78  9862   270    46     8    33    70
2022 03 31 07    83    67  9862   290    51 -9999    10 -9999
2022 03 31 08    61    44  9857   300    36 -9999    15 -9999
2022 03 31 09    61    39  9861 -9999    31 -9999    41 -9999
2022 03 31 10    56    33  9880   250    57 -9999    28 -9999
2022 03 31 11    39    22  9897   260    72 -9999    15 -9999
2022 03 31 12    33    11  9912   290    31     8     3   110
2022 03 31 13    33    11  9930   280    41 -9999    -1 -9999
2022 03 31 14    28     6  9945   280    41 -9999    -1 -9999
2022 03 31 15    22     6  9958   300    57 -9999     8 -9999
2022 03 31 16    33    11  9968   320    67 -9999    -1 -9999
2022 03 31 17    22    -6  9979   320    72 -9999    -1 -9999
2022 03 31 18    28    -6  9987   300    51     8    -1     8
2022 03 31 19    28    -6  9995   300    41 -9999    -1 -9999
2022 03 31 20    28   -17 10001   310    51 -9999    -1 -9999
2022 03 31 21    28   -22 10008   300    46 -9999    -1 -9999
2022 03 31 22    22   -17 10018   300    36 -9999    -1 -9999
2022 03 31 23    22   -17 10029   320    36 -9999    -1 -9999
2022 04 01 00    22   -17 10040   310    41     8    -1    -1
2022 04 01 01    17   -17 10050   290    31 -9999    -1 -9999
2022 04 01 02    17   -17 10059   280    36 -9999    -1 -9999
2022 04 01 03    17   -11 10065   290    26 -9999    -1 -9999
2022 04 01 04    17   -11 10069   300    31 -9999     3 -9999
2022 04 01 05     6   -22 10076   320    51 -9999     3 -9999
2022 04 01 06     6   -22 10081   310    41     8    -1     5
2022 04 01 07     6   -22 10089   310    51 -9999    -1 -9999
2022 04 01 08     0   -28 -9999   310    36 -9999    -1 -9999
2022 04 01 09     0   -33 10103   310    67 -9999     0 -9999
2022 04 01 10     0   -39 10114   320    46 -9999     0 -9999
2022 04 01 11     0   -44 10124   320    51 -9999     0 -9999
2022 04 01 12    -6   -44 10137   320    62     6     0    -1
2022 04 01 13     0   -44 10149   320    41     2     0 -9999
2022 04 01 14    11   -39 10160   310    46     2     0 -9999
2022 04 01 15    28   -33 10169   350    46     4     0 -9999
2022 04 01 16    33   -44 10179   320    51 -9999     0 -9999
2022 04 01 17    44   -39 10182   310    62 -9999     0 -9999
2022 04 01 18    50   -44 10188   330    46     6     0 -9999
2022 04 01 19    56   -50 10188   320    15     4     0 -9999
2022 04 01 20    72   -39 10189   320    41     4     0 -9999
2022 04 01 21    72   -39 10189   290    36     4     0 -9999
2022 04 01 22    72   -44 10189   280    21     2     0 -9999
2022 04 01 23    61   -33 10191   110    46     2     0 -9999
2022 04 02 00    39   -33 10198   120    46     4     0 -9999
2022 04 02 01    28   -33 10200   130    31     4     0 -9999
2022 04 02 02    22   -33 10203   120    31     4     0 -9999
2022 04 02 03    17   -33 10204   130    26     2     0 -9999
2022 04 02 04    17   -28 10204   160    21     2     0 -9999
2022 04 02 05    11   -28 10204   150    26     4     0 -9999
2022 04 02 06    17   -22 10199   170    15     4     0 -9999
2022 04 02 07    11   -28 10196   170    21     4     0 -9999
2022 04 02 08    11   -28 10192   160    26     2     0 -9999
2022 04 02 09    11   -28 10189   190    21     4     0 -9999
2022 04 02 10     6   -28 10187   170    26 -9999     0 -9999
2022 04 02 11    17   -22 10183   180    26 -9999     0 -9999
2022 04 02 12    17   -22 10182   180    26     8     0 -9999
2022 04 02 13    22   -22 10177   180    36 -9999     0 -9999
2022 04 02 14    39   -22 10170   180    36 -9999     0 -9999
2022 04 02 15    44   -17 10158   160    67 -9999     0 -9999
2022 04 02 16    50   -22 10142   170    67 -9999     0 -9999
2022 04 02 17    56   -17 10137   170    31 -9999     0 -9999
2022 04 02 18    44     0 10125   150    31     8     3 -9999
2022 04 02 19    28     6 10119   130    36 -9999    33 -9999
2022 04 02 20    28    11 10114     0     0 -9999    20 -9999
2022 04 02 21    11   -11 -9999   360    36 -9999     5 -9999
2022 04 02 22    11    -6 10119   360    46 -9999     8 -9999
2022 04 02 23    22     6 10131   340    46 -9999    -1 -9999
2022 04 03 00    22     6 10140   310    51     6     0    90
2022 04 03 01    28     6 10145   310    46 -9999     0 -9999
2022 04 03 02    28     6 10151   300    31 -9999     0 -9999
2022 04 03 03    28     6 10154   290    26 -9999     0 -9999
2022 04 03 04    22     0 10156   250    31     2     0 -9999
2022 04 03 05    17    -6 10156   250    21     2     0 -9999
2022 04 03 06    17    -6 10155   250    26     6     0 -9999
2022 04 03 07    22     6 10156   250    21 -9999     0 -9999
2022 04 03 08    22     0 10154   260    15     4     0 -9999
2022 04 03 09    11   -11 10155     0     0     2     0 -9999
2022 04 03 10     6   -22 10158   260    15     2     0 -9999
2022 04 03 11    11   -11 10163   250    15     2     0 -9999
2022 04 03 12     6   -17 10164     0     0     2     0     3
2022 04 03 13    17    11 10172   300    15     2     0 -9999
2022 04 03 14    50    28 10177   350    26     2     0 -9999
2022 04 03 15    61    33 10182 -9999    26     4     0 -9999
2022 04 03 16    72    28 10184   360    15 -9999     0 -9999
2022 04 03 17    83    17 10186     0     0 -9999     0 -9999
2022 04 03 18   100    33 10182   110    26     6     0 -9999
2022 04 03 19   100    28 10176    90    41 -9999     0 -9999
2022 04 03 20    83    22 10171   100    36 -9999     0 -9999
2022 04 03 21    94    28 10168    90    41 -9999     0 -9999
2022 04 03 22    83    17 10167    80    41 -9999     0 -9999
2022 04 03 23    72    11 10168    90    36 -9999     0 -9999
2022 04 04 00    61    11 10164    80    36     8     0 -9999
2022 04 04 01    50    11 10164    80    36 -9999     0 -9999
2022 04 04 02    44    11 10167    80    21 -9999     0 -9999
2022 04 04 03    44    11 10162   100    26 -9999     0 -9999
2022 04 04 04    44    17 10155   100    21 -9999     5 -9999
2022 04 04 05    44    17 -9999   100    21 -9999     5 -9999
2022 04 04 06    44    22 10140   100    36     8    15    40
2022 04 04 07    56    39 10128   130    41 -9999     5 -9999
2022 04 04 08    61    39 10123   140    31 -9999     3 -9999
2022 04 04 09    61    44 10117   150    46 -9999    10 -9999
2022 04 04 10    61    44 10104   140    36 -9999     5 -9999
2022 04 04 11    67    44 10098   160    41 -9999    -1 -9999
2022 04 04 12    67    44 10094   170    46     2     0    30
2022 04 04 13    78    50 10090   180    41     4     0 -9999
2022 04 04 14   100    56 10085   210    57     2     0 -9999
2022 04 04 15   106    61 10084   240    82 -9999     0 -9999
2022 04 04 16    94    50 10092   270    72 -9999     0 -9999
2022 04 04 17    72    28 10096   250    72 -9999     0 -9999
2022 04 04 18    61    22 10103   270    72     8     0 -9999
2022 04 04 19    72    22 10104   270    51 -9999     0 -9999
2022 04 04 20    78    28 10102   280    62 -9999     0 -9999
2022 04 04 21    83    28 -9999   310    36 -9999     0 -9999
2022 04 04 22    78    28 10103   300    46 -9999     0 -9999
2022 04 04 23    83    28 10106   280    26 -9999     0 -9999
2022 04 05 00    83    28 10110   280    21     8     0 -9999
2022 04 05 01    83    28 10113   250    21 -9999     0 -9999
2022 04 05 02    78    33 10118   220    26 -9999     0 -9999
2022 04 05 03    78    33 10117   240    26 -9999     0 -9999
2022 04 05 04    72    33 10117   260    31 -9999     0 -9999
2022 04 05 05    72    33 10119   260    15 -9999     0 -9999
2022 04 05 06    72    33 10115     0     0     8     0 -9999
2022 04 05 07    61    28 10110    60    41 -9999     0 -9999
2022 04 05 08    56    28 10104    90    36 -9999     0 -9999
2022 04 05 09    56    22 10104    60    31 -9999     0 -9999
2022 04 05 10    50    17 10099    90    36 -9999     0 -9999
2022 04 05 11    39    11 10094   100    36     4     0 -9999
2022 04 05 12    33    11 10097    90    36     2     0 -9999
2022 04 05 13    50    22 10099   100    46 -9999     0 -9999
2022 04 05 14    56    28 10092   120    51 -9999     0 -9999
2022 04 05 15    83    33 10083   100    46 -9999     0 -9999
2022 04 05 16    94    33 10075   130    62 -9999     0 -9999
2022 04 05 17    89    33 10068   100    57 -9999     0 -9999
2022 04 05 18    89    39 10067    80    41     6     0 -9999
2022 04 05 19    94    39 10059    80    41 -9999     0 -9999
2022 04 05 20   100    39 10048    80    41 -9999     0 -9999
2022 04 05 21   106    44 10036    70    31 -9999     0 -9999
2022 04 05 22   100    39 10037    60    31 -9999     0 -9999
2022 04 05 23   100    39 10031   100    46 -9999     0 -9999
2022 04 06 00    94    39 10026    90    41     8     0 -9999
2022 04 06 01    94    39 10014   100    41 -9999     0 -9999
2022 04 06 02   100    44 10017   110    15 -9999     0 -9999
2022 04 06 03   111    61 10015   150    41 -9999     0 -9999
2022 04 06 04   106    72 10002   120    51 -9999     0 -9999
2022 04 06 05   117    89  9992   150    51 -9999     0 -9999
2022 04 06 06   117    94 10001   180    46     8    13     5
2022 04 06 07   117   100  9981   160    62 -9999    46 -9999
2022 04 06 08   117   100  9973   180    51 -9999    41 -9999
2022 04 06 09   111    94  9978   280    36 -9999    56 -9999
2022 04 06 10   106    89  9988   270    41 -9999    36 -9999
2022 04 06 11   100    78  9976   250    31 -9999     5 -9999
2022 04 06 12    89    67  9991   230    31     8     8   200
2022 04 06 13    78    56 10001   220    41 -9999     3 -9999
2022 04 06 14    83    56  9994   210    46 -9999     0 -9999
2022 04 06 15    89    61  9996   210    62 -9999     0 -9999
2022 04 06 16   100    56  9996   210    82 -9999     0 -9999
2022 04 06 17   111    50  9988   220    77 -9999     0 -9999
2022 04 06 18   122    39  9982   210    88     6     0     3
2022 04 06 19   128    39  9979   240    93 -9999    -1 -9999
2022 04 06 20   122    28  9980   230   113 -9999    -1 -9999
2022 04 06 21   128    28  9982   250    77 -9999    -1 -9999
2022 04 06 22   111    44  9987   220    77 -9999    -1 -9999
2022 04 06 23   111    17  9992   260    93 -9999    -1 -9999
2022 04 07 00   106    22  9998   260    93     6    -1    -1
2022 04 07 01    94    17 10007   240    88 -9999     0 -9999
2022 04 07 02    78    28 10013   250    51 -9999    -1 -9999
2022 04 07 03    78    17 10013   260    82 -9999    -1 -9999
2022 04 07 04    72    17 10011   250    93 -9999     0 -9999
2022 04 07 05    67    11 10008   250    82 -9999     0 -9999
2022 04 07 06    61    11 10007   240    67     8     0    -1
2022 04 07 07    61     6 10003   250    77 -9999     0 -9999
2022 04 07 08    56    11  9999   230    57 -9999     0 -9999
2022 04 07 09    56     6  9996   250    77 -9999    -1 -9999
2022 04 07 10    50    11  9993   240    72 -9999     3 -9999
2022 04 07 11    50    -6  9993   250    67 -9999     0 -9999
2022 04 07 12    50   -11  9993   230    67     8     0     3
2022 04 07 13    50   -11  9995   240    51 -9999     0 -9999
2022 04 07 14    39     0  9993   230    46 -9999    -1 -9999
2022 04 07 15    50    -6  9994   230    72 -9999     0 -9999
2022 04 07 16    50    -6  9998   240    82 -9999    -1 -9999
2022 04 07 17    56    -6  9998   240    93 -9999    -1 -9999
2022 04 07 18    67     0  9997   220    98     8     0    -1
2022 04 07 19    61     0 10000   240    88 -9999    -1 -9999
2022 04 07 20    56     6 10005   240    77 -9999    -1 -9999
2022 04 07 21    56    17 10008   240    88 -9999    -1 -9999
2022 04 07 22    61    28 10009   240    62 -9999     5 -9999
2022 04 07 23    61    22 10013   230    67 -9999    -1 -9999
2022 04 08 00    50    22 10015   220    62     8    -1     5
2022 04 08 01    56    28 10015   220    46 -9999     3 -9999
2022 04 08 02    56    28 10017   230    41 -9999    -1 -9999
2022 04 08 03    50    22 10017   230    46 -9999     5 -9999
2022 04 08 04    50    22 10016   250    46 -9999     0 -9999
2022 04 08 05    44    17 10014   250    31 -9999     0 -9999
2022 04 08 06    33    11 10011   260    31     6     0     8
2022 04 08 07    33     6 10009   240    31 -9999     0 -9999
2022 04 08 08    33    11 10009   270    26 -9999     0 -9999
2022 04 08 09    39    11 10009   290    36 -9999     0 -9999
2022 04 08 10    33     6 10012   280    41 -9999     0 -9999
2022 04 08 11    33     6 10016   290    36 -9999     0 -9999
2022 04 08 12    28     6 10021   260    41     8     0 -9999
2022 04 08 13    33     6 10025   290    46 -9999     0 -9999
2022 04 08 14    28     6 10028   260    41 -9999    10 -9999
2022 04 08 15    33    17 10034 -9999    26 -9999     3 -9999
2022 04 08 16    39    17 10039   360    46 -9999     3 -9999
2022 04 08 17    33    11 10046    20    41 -9999    15 -9999
2022 04 08 18    39    11 10048    10    57     8     8    40
2022 04 08 19    33    11 10052    40    31 -9999     8 -9999
2022 04 08 20    33    11 10055    30    31 -9999     3 -9999
2022 04 08 21    22     6 -9999   310    26 -9999    10 -9999
2022 04 08 22    28     6 10063    30    15 -9999     5 -9999
2022 04 08 23    33     6 10068   320    46 -9999     3 -9999
2022 04 09 00    22     0 10073   320    51     8     3    40
2022 04 09 01    17    -6 10079   320    46 -9999    -1 -9999
2022 04 09 02    17    -6 10084   300    31 -9999     3 -9999
2022 04 09 03    17    -6 10084   300    26 -9999    -1 -9999
2022 04 09 04    11    -6 10083   280    26 -9999    -1 -9999
2022 04 09 05    11   -11 10081   320    51 -9999    -1 -9999
2022 04 09 06     6   -22 10081   320    51     8    -1     3
2022 04 09 07     6   -22 10080   320    46 -9999    -1 -9999
2022 04 09 08     6   -22 10079   310    41 -9999 -9999 -9999
2022 04 09 09    11   -22 10080   310    46 -9999 -9999 -9999
2022 04 09 10     6   -28 10082   290    31     2 -9999 -9999
2022 04 09 11     6   -28 10086   290    36     2 -9999 -9999
2022 04 09 12     6   -28 10095   290    41     2 -9999    -1
2022 04 09 13    17   -28 10101   320    51     2 -9999 -9999
2022 04 09 14    30   -30 -9999   320    67     2 -9999 -9999
2022 04 09 15    40   -30 -9999   330    72     4 -9999 -9999
2022 04 09 16    50   -30 -9999   320    72 -9999 -9999 -9999
2022 04 09 17    60   -40 -9999   310    77 -9999 -9999 -9999
2022 04 09 18    70   -40 -9999   340    51     6 -9999 -9999
2022 04 09 19    80   -40 -9999   310    51 -9999 -9999 -9999
2022 04 09 20   110   -40 -9999   330    51 -9999 -9999 -9999
2022 04 09 21   120   -20 -9999    30    26 -9999 -9999 -9999
2022 04 09 22   100   -40 -9999   100    31 -9999 -9999 -9999
2022 04 09 23    67   -17 10114   110    51 -9999 -9999 -9999
2022 04 10 00    67   -22 10113   140    41     2     0 -9999
2022 04 10 01    44   -22 10119   120    36     2     0 -9999
2022 04 10 02    33   -22 10128   120    26     2     0 -9999
2022 04 10 03    28   -22 10137   140    15     2     0 -9999
2022 04 10 04    28   -22 10139   160    15 -9999     0 -9999
2022 04 10 05    28   -17 10141   170    26 -9999     0 -9999
2022 04 10 06    22   -17 10147   200    15     4     0 -9999
2022 04 10 07    22   -17 10146   190    15     4 -9999 -9999
2022 04 10 08    17   -22 10145   190    15     4 -9999 -9999
2022 04 10 09    11   -33 10146     0     0     2 -9999 -9999
2022 04 10 10     6   -28 10145     0     0     2 -9999 -9999
2022 04 10 11     0   -33 10144     0     0     2 -9999 -9999
2022 04 10 12     0   -22 10145     0     0     2 -9999 -9999
2022 04 10 13    39    -6 10145   170    15     2 -9999 -9999
2022 04 10 14    83   -11 10140   140    26 -9999 -9999 -9999
2022 04 10 15   106   -22 10139   160    67 -9999 -9999 -9999
2022 04 10 16   112   -44 -9999   160    77 -9999 -9999 -9999
2022 04 10 17   131   -31 -9999   170    77 -9999 -9999 -9999
2022 04 10 18   144   -20 -9999   170   108     6 -9999 -9999
2022 04 10 19   161   -13 -9999   140   103 -9999 -9999 -9999
2022 04 10 20   180   -10 -9999   150    88 -9999 -9999 -9999
2022 04 10 21   180   -10 -9999   130   108 -9999 -9999 -9999
2022 04 10 22   161     0 10051   140   103 -9999     0 -9999
2022 04 10 23   161    11 10039   150    98 -9999     0 -9999
2022 04 11 00   156    11 10030   150    93     6     0 -9999
2022 04 11 01   150    11 10044   160    77     4     0 -9999
2022 04 11 02   144    17 10048   150    62     4     0 -9999
2022 04 11 03   139    17 10040   150    77     4     0 -9999
2022 04 11 04   144    22 10033   160    77 -9999     0 -9999
2022 04 11 05   150    33 10021   170    67 -9999     0 -9999
2022 04 11 06   156    44 10019   180    77     6     0 -9999
2022 04 11 07   156    56 10014   190    57 -9999     0 -9999
2022 04 11 08   167    78 10018   220    77     4     0 -9999
2022 04 11 09   150    61 10023   270    51     4     0 -9999
2022 04 11 10   139    33 10035   270    57     2     0 -9999
2022 04 11 11   128    22 10044   260    67 -9999     0 -9999
2022 04 11 12   117    17 10060   260    41     8     0 -9999
2022 04 11 13   111    22 10071   250    36 -9999     0 -9999
2022 04 11 14   106    17 10080   240    62 -9999     0 -9999
2022 04 11 15   106    11 10087   260    67 -9999     0 -9999
2022 04 11 16   111    17 10091   210    57 -9999     0 -9999
2022 04 11 17   122    17 10095   240    51 -9999     0 -9999
2022 04 11 18   128    22 10100   260    36     8     0 -9999
2022 04 11 19   139    22 10106   240    57 -9999     0 -9999
2022 04 11 20   144    17 10105   250    31 -9999     0 -9999
2022 04 11 21   144    22 10104   270    46 -9999     0 -9999
2022 04 11 22   156    11 10103   250    36 -9999     0 -9999
2022 04 11 23   156    11 10111   250    41 -9999     0 -9999
2022 04 12 00   150     6 10114   260    41     6     0 -9999
2022 04 12 01   144    11 10118   250    21     4     0 -9999
2022 04 12 02   122    17 10128     0     0     0     0 -9999
2022 04 12 03   106    17 10133   220    21     0     0 -9999
2022 04 12 04    94    17 10135   230    21     0     0 -9999
2022 04 12 05    89    11 10142   240    21     0     0 -9999
2022 04 12 06    78    11 10145     0     0     0     0 -9999
2022 04 12 07    72    11 10147     0     0     0     0 -9999
2022 04 12 08    61     6 10147     0     0     0     0 -9999
2022 04 12 09    56     6 10152     0     0     0     0 -9999
2022 04 12 10    50    11 10156   180    15     0     0 -9999
2022 04 12 11    50     6 10155   130    15     2     0 -9999
2022 04 12 12    56    11 10154   150    15     2     0 -9999
2022 04 12 13    94    33 10157   150    21     4     0 -9999
2022 04 12 14   133    33 10154   140    46     2     0 -9999
2022 04 12 15   156     0 10152   140    93 -9999     0 -9999
2022 04 12 16   178    -6 10152   150    62 -9999     0 -9999
2022 04 12 17   183     0 10144   100    77 -9999     0 -9999
2022 04 12 18   194    -6 10136   100    77     6     0 -9999
2022 04 12 19   206     6 10129   100    67 -9999     0 -9999
2022 04 12 20   200    28 10118   130    51 -9999     0 -9999
2022 04 12 21   194    50 10093   120    57 -9999     0 -9999
2022 04 12 22   200   106 10073   140    88 -9999     0 -9999
2022 04 12 23   194   122 10061   150    98 -9999     0 -9999
2022 04 13 00   189   133 10051   150    82     8     0 -9999
2022 04 13 01   178   144 10054   170    77 -9999    -1 -9999
2022 04 13 02   178   150 10044   170    77 -9999    -1 -9999
2022 04 13 03   189   156 10030   160    77 -9999     0 -9999
2022 04 13 04   200   156 10019   180    98 -9999     0 -9999
2022 04 13 05   194   156 10013   180    77 -9999     0 -9999
2022 04 13 06   194   156 10015   180    82     8     0    -1
2022 04 13 07   200   156 10017   190    62 -9999     0 -9999
2022 04 13 08   194   156 10015   190    77 -9999     0 -9999
2022 04 13 09   194   150 10025   220    57 -9999     0 -9999
2022 04 13 10   194   150 10022   210    72 -9999     0 -9999
2022 04 13 11   189   144 10010   200    67 -9999     0 -9999
2022 04 13 12   189   144 10010   190    67     8     0 -9999
2022 04 13 13   194   150 10011   200    36 -9999     0 -9999
2022 04 13 14   189   150 10010   200    51 -9999    -1 -9999
2022 04 13 15   178   156 10018   230    46 -9999    13 -9999
2022 04 13 16   178   161  9989   140    31 -9999     5 -9999
2022 04 13 17   183   161  9998   180    67 -9999     0 -9999
2022 04 13 18   200   150  9997   190    51     8     0    20
2022 04 13 19   217   156  9986   180    62 -9999     0 -9999
2022 04 13 20   211   161  9982   190    62 -9999     0 -9999
2022 04 13 21   200   167  9979   190    72 -9999     5 -9999
2022 04 13 22   183   156  9984   200   108 -9999    10 -9999
2022 04 13 23   150   133  9973   320    41 -9999    20 -9999
2022 04 14 00   133   111  9977   290    51     8    -1    40
2022 04 14 01   100    83  9983   290    51 -9999    -1 -9999
2022 04 14 02    94    72 10001   290    82 -9999     5 -9999
2022 04 14 03    72    44 -9999   310    72 -9999    -1 -9999
2022 04 14 04    67    39 10032   300    72 -9999    -1 -9999
2022 04 14 05    56    22 10044   280    72 -9999     0 -9999
2022 04 14 06    44     0 10063   280    72     6     0    10
2022 04 14 07    33    -6 10073   260    77     2     0 -9999
2022 04 14 08    33   -11 10079   250    41     0     0 -9999
2022 04 14 09    28   -11 10084   250    46     0     0 -9999
2022 04 14 10    22   -17 10086   230    51     0     0 -9999
2022 04 14 11    22   -22 10088   230    41     0     0 -9999
2022 04 14 12    22   -17 10095   210    41     0     0 -9999
2022 04 14 13    33    -6 10094   220    57     0     0 -9999
2022 04 14 14    44    -6 10099   230    88     4     0 -9999
2022 04 14 15    50   -28 10107   250    98     2     0 -9999
2022 04 14 16    67   -61 10106   240   113     2     0 -9999
2022 04 14 17    78   -61 10103   220   139     2     0 -9999
2022 04 14 18    83   -67 10100   230   129     2     0 -9999
2022 04 14 19    94   -67 10098   230   149     2     0 -9999
2022 04 14 20    94   -61 10098   240   124     4     0 -9999
2022 04 14 21   100   -72 10100   260   139 -9999     0 -9999
2022 04 14 22   100   -72 10100   240   103 -9999     0 -9999
2022 04 14 23   100   -78 10104   260   108 -9999     0 -9999
2022 04 15 00    94   -78 10109   250    82     2     0 -9999
2022 04 15 01    89   -72 10116   260    72     2     0 -9999
2022 04 15 02    83   -72 10124   250    57     0     0 -9999
2022 04 15 03    78   -72 10125   240    41 -9999     0 -9999
2022 04 15 04    72   -72 10125   230    46     2     0 -9999
2022 04 15 05    72   -67 10126   240    46 -9999     0 -9999
2022 04 15 06    67   -67 10130   250    41     8     0 -9999
2022 04 15 07    61   -78 10127   240    57     2     0 -9999
2022 04 15 08    61   -89 10125   250    51 -9999     0 -9999
2022 04 15 09    56   -89 10125   230    51     2     0 -9999
2022 04 15 10    50   -89 10130   240    77     2     0 -9999
2022 04 15 11    56   -89 10133   250    67 -9999     0 -9999
2022 04 15 12    56   -83 10120   240    46     8    -1    -1
2022 04 15 13    61   -78 10124   230    51 -9999     0 -9999
2022 04 15 14    56   -67 10131   240    62 -9999    -1 -9999
2022 04 15 15    67   -72 10133   260    82 -9999     0 -9999
2022 04 15 16    83   -61 10134   260    72 -9999     0 -9999
2022 04 15 17   100   -61 10131   250    82 -9999     0 -9999
2022 04 15 18   106   -61 10128   260    77     8     0    -1
2022 04 15 19   117   -67 10119   260    62 -9999     0 -9999
2022 04 15 20   100   -61 10127   230    77 -9999     0 -9999
2022 04 15 21    78     6 10131   220    93 -9999    -1 -9999
2022 04 15 22    72    28 10130   240    57 -9999     3 -9999
2022 04 15 23    78    22 10123   230    51 -9999    -1 -9999
2022 04 16 00    78    11 10123   250    41     8    -1     3
2022 04 16 01    78   -11 10125   290    46 -9999     0 -9999
2022 04 16 02    78   -56 10131   290    51 -9999     0 -9999
2022 04 16 03    72   -50 10142   300    46 -9999     0 -9999
2022 04 16 04    61   -50 10153   300    51 -9999     0 -9999
2022 04 16 05    50   -56 10155   320    62 -9999     0 -9999
2022 04 16 06    44   -61 10163   310    57     6     0 -9999
2022 04 16 07    33   -56 10167   310    46 -9999     0 -9999
2022 04 16 08    22   -61 10169   320    31 -9999     0 -9999
2022 04 16 09    17   -56 10175   280    26 -9999     0 -9999
2022 04 16 10    11   -56 10181   300    36 -9999     0 -9999
2022 04 16 11     6   -61 10182   300    31     2     0 -9999
2022 04 16 12     6   -56 10193   300    36     2     0 -9999
2022 04 16 13    17   -56 10193   310    36     2     0 -9999
2022 04 16 14    22   -61 10190   310    31     4     0 -9999
2022 04 16 15    33   -50 10197   260    46     2     0 -9999
2022 04 16 16    44   -56 10197   280    31     2     0 -9999
2022 04 16 17    56   -50 10199   280    57     4     0 -9999
2022 04 16 18    61   -50 10197   290    67     6     0 -9999
2022 04 16 19    72   -44 10197   290    51 -9999     0 -9999
2022 04 16 20    78   -50 10195   320    46 -9999     0 -9999
2022 04 16 21    78   -50 10193   320    67 -9999     0 -9999
2022 04 16 22    89   -50 10195   290    67 -9999     0 -9999
2022 04 16 23    78   -67 10198   300    57 -9999     0 -9999
2022 04 17 00    56   -28 10204    70    57     6     0 -9999
2022 04 17 01    28   -33 10216    60    51     4     0 -9999
2022 04 17 02    22   -39 10230    80    41     2     0 -9999
2022 04 17 03    22   -39 10242   100    26     2     0 -9999
2022 04 17 04    17   -39 10244    60    26     2     0 -9999
2022 04 17 05    11   -33 10247   330    15     2     0 -9999
2022 04 17 06    11   -39 10248   330    21     2     0 -9999
2022 04 17 07     6   -39 10250   280    15     2     0 -9999
2022 04 17 08     0   -56 10252   350    31     2     0 -9999
2022 04 17 09   -11   -61 10252   360    21     2     0 -9999
2022 04 17 10    -6   -61 10254     0     0     2     0 -9999
2022 04 17 11   -17   -61 10257    30    26     2     0 -9999
2022 04 17 12     6   -44 10263    30    31     2     0 -9999
2022 04 17 13    22   -39 10266    60    67     2     0 -9999
2022 04 17 14    33   -50 10265    60    67 -9999     0 -9999
2022 04 17 15    44   -50 10273    50    36 -9999     0 -9999
2022 04 17 16    39   -50 10278    70    51 -9999     0 -9999
2022 04 17 17    50   -44 10277    80    36 -9999     0 -9999
2022 04 17 18    56   -44 10269    60    36     6     0 -9999
2022 04 17 19    56   -39 10262    60    46 -9999     0 -9999
2022 04 17 20    56   -44 10256    80    46 -9999     0 -9999
2022 04 17 21    56   -39 10248    70    51 -9999     0 -9999
2022 04 17 22    50   -39 10241    50    46 -9999     0 -9999
2022 04 17 23    44   -39 10237    40    57 -9999     0 -9999
2022 04 18 00    33   -33 10235    30    41     6     0 -9999
2022 04 18 01    33   -28 10228    40    51 -9999     0 -9999
2022 04 18 02    33   -22 10235    50    36 -9999     0 -9999
2022 04 18 03    33   -22 10235    30    41 -9999     0 -9999
2022 04 18 04    33   -17 10230    40    46 -9999     0 -9999
2022 04 18 05    28   -11 10233   350    31 -9999    -1 -9999
2022 04 18 06    17    -6 10228   340    41     8     5     5
2022 04 18 07    17     0 10224   350    36 -9999     3 -9999
2022 04 18 08    11    -6 10217   350    26 -9999     8 -9999
2022 04 18 09     6   -11 10212   340    21 -9999    13 -9999
2022 04 18 10     6   -11 -9999     0     0 -9999     2 -9999
2022 04 18 11    11    -6 10203   350    21 -9999    -1 -9999
2022 04 18 12    11    -6 10200    40    21     8     3    40
2022 04 18 13    17     0 10199     0     0 -9999    -1 -9999
2022 04 18 14    22     0 10194     0     0 -9999     0 -9999
2022 04 18 15    22    11 -9999   240    26 -9999    -1 -9999
2022 04 18 16    28    11 -9999   210    36 -9999    -1 -9999
2022 04 18 17    28    11 10178   240    41 -9999    -1 -9999
2022 04 18 18    33     6 10172   260    57     8    -1     3
2022 04 18 19    39     6 10167   270    46 -9999    -1 -9999
2022 04 18 20    50    -6 10166   280    67 -9999     0 -9999
2022 04 18 21    44   -17 10167   290    72 -9999    -1 -9999
2022 04 18 22    33   -28 10176   290    93 -9999    -1 -9999
2022 04 18 23    28   -33 10180   300    72 -9999    -1 -9999
2022 04 19 00    28   -28 10179   280    41     6     0    -1
2022 04 19 01    28   -28 10179   280    67 -9999     0 -9999
2022 04 19 02    22   -17 10184   270    62 -9999    -1 -9999
2022 04 19 03    22   -17 10188   290    67 -9999    -1 -9999
2022 04 19 04    22   -11 10189   290    62 -9999    -1 -9999
2022 04 19 05    28   -11 10191   290    62 -9999     0 -9999
2022 04 19 06    28    -6 10194   290    67     8     0    -1
2022 04 19 07    28   -11 -9999   300    62 -9999     0 -9999
2022 04 19 08    28   -11 -9999   310    62 -9999     0 -9999
2022 04 19 09    28   -11 -9999   300    57 -9999     0 -9999
2022 04 19 10    22   -17 10202   300    41     4     0 -9999
2022 04 19 11    22   -17 10208   290    31 -9999     0 -9999
2022 04 19 12    28   -17 10216   300    41     6     0 -9999
2022 04 19 13    28   -17 10219   290    31 -9999     0 -9999
2022 04 19 14    39   -22 10221   310    57 -9999     0 -9999
2022 04 19 15    44   -22 10222   310    62 -9999     0 -9999
2022 04 19 16    61   -17 10227   310    41 -9999     0 -9999
2022 04 19 17    61   -22 10228   320    36 -9999     0 -9999
2022 04 19 18    78   -22 10227   290    41     6     0 -9999
2022 04 19 19    83   -28 10226   290    46 -9999     0 -9999
2022 04 19 20    89   -33 10221   280    41 -9999     0 -9999
2022 04 19 21    94   -39 10217   300    36 -9999     0 -9999
2022 04 19 22    94   -50 10216   260    26 -9999     0 -9999
2022 04 19 23   100   -44 10215   290    31 -9999     0 -9999
2022 04 20 00    78   -11 10217   120    51     6     0 -9999
2022 04 20 01    61   -11 10216   110    57 -9999     0 -9999
2022 04 20 02    56   -11 10222   120    41 -9999     0 -9999
2022 04 20 03    56   -11 10228   130    46 -9999     0 -9999
2022 04 20 04    56    -6 10229   150    31 -9999     0 -9999
2022 04 20 05    61    -6 10230   130    31 -9999     0 -9999
2022 04 20 06    61     0 10231   140    31     6     0 -9999
2022 04 20 07    61    -6 10231   140    46 -9999     0 -9999
2022 04 20 08    56   -11 10227   140    41 -9999     0 -9999
2022 04 20 09    56   -11 10225   140    46 -9999     0 -9999
2022 04 20 10    50   -17 10229   140    36 -9999     0 -9999
2022 04 20 11    56   -11 10226   140    41 -9999     0 -9999
2022 04 20 12    56    -6 10228   140    41     8     0 -9999
2022 04 20 13    67    -6 10230   140    41 -9999     0 -9999
2022 04 20 14    72    -6 10227   150    57 -9999     0 -9999
2022 04 20 15    78     0 10222   150    41 -9999     0 -9999
2022 04 20 16    94    11 10216   160    72 -9999     0 -9999
2022 04 20 17   100    17 10212   160    72 -9999     0 -9999
2022 04 20 18   100    28 10196   160    77     8     0 -9999
2022 04 20 19   100    33 10182   150    82 -9999    -1 -9999
2022 04 20 20   100    39 10178   150    77 -9999    -1 -9999
2022 04 20 21   106    28 10160   160    67 -9999     0 -9999
2022 04 20 22   100    39 10157   150    88 -9999    -1 -9999
2022 04 20 23   100    44 10131   130    72 -9999    -1 -9999
2022 04 21 00   106    50 10129   150    57     8     5     5
2022 04 21 01   106    61 10124   160    62 -9999    23 -9999
2022 04 21 02   100    67 10119   170    77 -9999     8 -9999
2022 04 21 03   100    78 10115   180    72 -9999    13 -9999
2022 04 21 04   100    83 10110   190    82 -9999     3 -9999
2022 04 21 05   100    83 10107   200    67 -9999     8 -9999
2022 04 21 06   106    89 10109   220    82     8     3    60
2022 04 21 07   111    94 10109   220    77 -9999    10 -9999
2022 04 21 08   111    94 10112   230    67 -9999    -1 -9999
2022 04 21 09   111    94 10120   240    51 -9999     3 -9999
2022 04 21 10   111    89 10137   270    41 -9999     0 -9999
2022 04 21 11   100    72 10151   290    41 -9999     0 -9999
2022 04 21 12   100    67 10170   280    57     8     0    10
2022 04 21 13   100    61 10183   290    51 -9999     0 -9999
2022 04 21 14   106    67 10192   260    51     4     0 -9999
2022 04 21 15   122    67 10200   260    51     2     0 -9999
2022 04 21 16   139    72 10212   250    62     2     0 -9999
2022 04 21 17   156    78 10221   230    46     2     0 -9999
2022 04 21 18   167    78 10227   230    57     2     0 -9999
2022 04 21 19   178    83 10232   250    72     2     0 -9999
2022 04 21 20   189    83 10235   240    57     2     0 -9999
2022 04 21 21   194    61 10237   260    72     2     0 -9999
2022 04 21 22   194    44 10238   270    62     2     0 -9999
2022 04 21 23   194    17 10242   280    62     2     0 -9999
2022 04 22 00   189    22 10244   280    57     2     0 -9999
2022 04 22 01   172    33 10251   290    21     2     0 -9999
2022 04 22 02   156    44 10260     0     0     0     0 -9999
2022 04 22 03   144    44 10272   250    15     2     0 -9999
2022 04 22 04   122    50 10279   250    26     2     0 -9999
2022 04 22 05   117    44 10278     0     0     2     0 -9999
2022 04 22 06   117    44 10280     0     0     2     0 -9999
2022 04 22 07   100    39 10282    60    31     4     0 -9999
2022 04 22 08   100    17 10283    40    36 -9999     0 -9999
2022 04 22 09   106     6 10284    50    31 -9999     0 -9999
2022 04 22 10    89    17 10291    30    41 -9999    -1 -9999
2022 04 22 11    83    39 10290    50    31 -9999     3 -9999
2022 04 22 12    89    39 10296    50    21     8    -1     3
2022 04 22 13    89    44 10298    90    31 -9999     0 -9999
2022 04 22 14   100    50 10290    90    41 -9999    -1 -9999
2022 04 22 15   106    67 10281    90    41 -9999     3 -9999
2022 04 22 16   117    72 10275    70    41 -9999    -1 -9999
2022 04 22 17   106    67 10267    80    51 -9999     3 -9999
2022 04 22 18   111    72 10257    80    46     8     5    10
2022 04 22 19    94    67 10255    50    67 -9999    30 -9999
2022 04 22 20    94    72 10254    50    72 -9999    64 -9999
2022 04 22 21    94    78 -9999    50    36 -9999     7 -9999
2022 04 22 22   100    83 10223   110    88 -9999    38 -9999
2022 04 22 23   100    78 10208   110    67 -9999     0 -9999
2022 04 23 00   106    83 10195   110    46     8     0   190
2022 04 23 01   106    83 10192    90    51 -9999     0 -9999
2022 04 23 02   117    94 10189    60    31 -9999     0 -9999
2022 04 23 03   117    83 10193    60    26 -9999     0 -9999
2022 04 23 04   111    78 10190    70    31 -9999     0 -9999
2022 04 23 05   111    78 10177   130    31 -9999     0 -9999
2022 04 23 06   117    83 10169   140    21     2     0 -9999
2022 04 23 07   106    78 10161   110    21     2     0 -9999
2022 04 23 08   117    94 10155   130    26     2     0 -9999
2022 04 23 09   117    94 10150   140    31     2     0 -9999
2022 04 23 10   122   100 10147   140    31     0     0 -9999
2022 04 23 11   122   106 10144   140    41     2     0 -9999
2022 04 23 12   139   117 10145   150    46     6     0 -9999
2022 04 23 13   156   122 10144   170    46 -9999     0 -9999
2022 04 23 14   200   144 10140   190    67 -9999     0 -9999
2022 04 23 15   217   144 10133   200    72 -9999     0 -9999
2022 04 23 16   239   150 10128   210    72 -9999     0 -9999
2022 04 23 17   244   144 10126   200    93 -9999     0 -9999
2022 04 23 18   244   150 10117   190    98     6     0 -9999
2022 04 23 19   250   150 10110   180    98 -9999     0 -9999
2022 04 23 20   272   139 10103   190    88 -9999     0 -9999
2022 04 23 21   278   139 10091   190    93 -9999     0 -9999
2022 04 23 22   278   128 10083   190   108 -9999     0 -9999
2022 04 23 23   272   122 10080   180   103 -9999     0 -9999
2022 04 24 00   267   117 10079   180    88     6     0 -9999
2022 04 24 01   256   117 10081   190    77 -9999     0 -9999
2022 04 24 02   244   111 10090   190    72 -9999     0 -9999
2022 04 24 03   233   117 10088   190    62 -9999     0 -9999
2022 04 24 04   233   128 10085   200    98 -9999     0 -9999
2022 04 24 05   228   128 10086   190    67 -9999     0 -9999
2022 04 24 06   222   128 10084   200    88     6     0 -9999
2022 04 24 07   217   133 10079   200    67 -9999     0 -9999
2022 04 24 08   222   139 10078   200   103 -9999     0 -9999
2022 04 24 09   211   144 10078   200    93 -9999    -1 -9999
2022 04 24 10   211   144 10077   210    77 -9999    -1 -9999
2022 04 24 11   206   150 10081   210    67 -9999    -1 -9999
2022 04 24 12   200   150 10085   210    77     8    -1    -1
2022 04 24 13   200   150 10083   190    67 -9999    -1 -9999
2022 04 24 14   206   156 10081   190    82 -9999    -1 -9999
2022 04 24 15   206   156 10082   200    82 -9999    -1 -9999
2022 04 24 16   200   161 10079   200    88 -9999     3 -9999
2022 04 24 17   200   167 10072   190    82 -9999     8 -9999
2022 04 24 18   194   172 10079   230    72     8    89   100
2022 04 24 19   183   150 10083   230    72 -9999     3 -9999
2022 04 24 20   183   156 10080   230    62 -9999     3 -9999
2022 04 24 21   194   161 10080   210    67 -9999    -1 -9999
2022 04 24 22   206   156 10078   220    82 -9999     0 -9999
2022 04 24 23   206   150 10082   230    93 -9999     0 -9999
2022 04 25 00   194   122 10088   230    67     6     0     5
2022 04 25 01   183   100 10096   240    51 -9999     0 -9999
2022 04 25 02   172    61 10106   250    51 -9999     0 -9999
2022 04 25 03   161    56 10116   270    51 -9999     0 -9999
2022 04 25 04   150    50 10119   280    51 -9999     0 -9999
2022 04 25 05   133    44 10121   290    51 -9999     0 -9999
2022 04 25 06   122    33 10129   290    51     6     0 -9999
2022 04 25 07   117    28 10136   250    31 -9999     0 -9999
2022 04 25 08   111    22 10138   250    36 -9999     0 -9999
2022 04 25 09   111    28 10138   240    36 -9999     0 -9999
2022 04 25 10   106    28 10136   240    26 -9999     0 -9999
2022 04 25 11   100    33 10134   240    36 -9999     0 -9999
2022 04 25 12   100    33 10145   250    36     8     0 -9999
2022 04 25 13   100    28 10154   240    36 -9999     0 -9999
2022 04 25 14   100    28 10155   270    46 -9999     0 -9999
2022 04 25 15   106    28 10161   260    67 -9999     0 -9999
2022 04 25 16   106    28 10161   270    93 -9999     0 -9999
2022 04 25 17   111    17 10163   270    72 -9999     0 -9999
2022 04 25 18   106    17 10165   250    72     6     0 -9999
2022 04 25 19   100    11 10174   280    77 -9999     0 -9999
2022 04 25 20    94     6 10178   260    77 -9999     0 -9999
2022 04 25 21    94     0 10182   260    51 -9999     0 -9999
2022 04 25 22    83    -6 10193   280    57 -9999     0 -9999
2022 04 25 23    78   -11 10200   270    67 -9999     0 -9999
2022 04 26 00    72   -11 10209   260    77     8     0 -9999
2022 04 26 01    67   -17 10215   280    67 -9999     0 -9999
2022 04 26 02    56   -22 10224   260    62 -9999     0 -9999
2022 04 26 03    56   -22 10225   280    51 -9999     0 -9999
2022 04 26 04    50   -22 10227   270    51 -9999     0 -9999
2022 04 26 05    50   -22 10226   280    57 -9999     0 -9999
2022 04 26 06    50   -28 10231   260    31     8     0 -9999
2022 04 26 07    44   -22 10230   270    51 -9999     0 -9999
2022 04 26 08    44   -28 10229   280    46 -9999     0 -9999
2022 04 26 09    44   -28 10231   270    62 -9999     0 -9999
2022 04 26 10    39   -28 10235   280    51 -9999     0 -9999
2022 04 26 11    39   -28 10240   290    67 -9999     0 -9999
2022 04 26 12    33   -22 10245   290    62     6     0 -9999
2022 04 26 13    39   -22 10251   310    62 -9999     0 -9999
2022 04 26 14    44   -17 10254   280    41 -9999     0 -9999
2022 04 26 15    44   -17 10255   300    57 -9999     0 -9999
2022 04 26 16    44   -22 10258   270    46 -9999     0 -9999
2022 04 26 17    56   -22 10257   250    51 -9999     0 -9999
2022 04 26 18    72   -28 10253   260    72     6     0 -9999
2022 04 26 19    83   -28 10250   270    67 -9999     0 -9999
2022 04 26 20    89   -33 10247   270    67 -9999     0 -9999
2022 04 26 21    94   -28 10242   280    67 -9999     0 -9999
2022 04 26 22   106   -33 10239   280    62     4     0 -9999
2022 04 26 23   100   -39 10241   300    82     4     0 -9999
2022 04 27 00    94   -44 10242   300    41     4     0 -9999
2022 04 27 01    83   -50 10246   310    51     4     0 -9999
2022 04 27 02    44   -17 10258    80    57     2     0 -9999
2022 04 27 03    39   -17 10264    80    36     0     0 -9999
2022 04 27 04    33   -22 10270    60    21     0     0 -9999
2022 04 27 05    28   -22 10267    20    15     0     0 -9999
2022 04 27 06    17   -44 10268   360    31     0     0 -9999
2022 04 27 07    22   -50 10268   360    21     2     0 -9999
2022 04 27 08    17   -44 10267    20    31     4     0 -9999
2022 04 27 09    17   -44 10270   350    21 -9999     0 -9999
2022 04 27 10     6   -50 10270   360    31     2     0 -9999
2022 04 27 11    11   -61 10275   360    31     2     0 -9999
2022 04 27 12    17   -56 10277    10    26     4     0 -9999
2022 04 27 13    33   -39 10280    20    46     4     0 -9999
2022 04 27 14    44   -33 10287    60    41     4     0 -9999
2022 04 27 15    39   -28 10288    50    51     4     0 -9999
2022 04 27 16    44   -28 10284    40    67     4     0 -9999
2022 04 27 17    44   -33 10283    40    62 -9999     0 -9999
2022 04 27 18    39   -33 10279    50    46     6     0 -9999
2022 04 27 19    39   -39 10278    50    57 -9999     0 -9999
2022 04 27 20    39   -39 10272    60    72 -9999     0 -9999
2022 04 27 21    28   -39 10265    60    57 -9999     0 -9999
2022 04 27 22    33   -33 10267    70    46 -9999     0 -9999
2022 04 27 23    22   -33 10263    50    51 -9999     0 -9999
2022 04 28 00    17   -33 10266    30    62     8     0 -9999
2022 04 28 01    22   -28 10261    50    67 -9999     0 -9999
2022 04 28 02    22   -28 10262    40    72 -9999     0 -9999
2022 04 28 03    22   -22 10259    60    46 -9999    -1 -9999
2022 04 28 04    22   -22 10261    50    67 -9999     0 -9999
2022 04 28 05    28   -17 10257    70    46 -9999     0 -9999
2022 04 28 06    33   -11 10252    70    57     8     0    -1
2022 04 28 07    39     0 10247    80    57 -9999     0 -9999
2022 04 28 08    44     0 10247    80    41 -9999     0 -9999
2022 04 28 09    44     6 10246    70    41 -9999     0 -9999
2022 04 28 10    44    11 10242    90    46 -9999     0 -9999
2022 04 28 11    50    11 10241   100    51 -9999     0 -9999
2022 04 28 12    56    11 10247    90    36     6     0 -9999
2022 04 28 13    61    11 10249   100    67 -9999     0 -9999
2022 04 28 14    72    17 10247   110    67 -9999     0 -9999
2022 04 28 15    78     6 10243   120    57 -9999     0 -9999
2022 04 28 16    94    11 10242   100    57 -9999     0 -9999
2022 04 28 17    94     6 10239    80    51 -9999     0 -9999
2022 04 28 18    89     6 10235    70    46     8     0 -9999
2022 04 28 19    83    11 10234    70    51 -9999     0 -9999
2022 04 28 20    83    17 10228    80    57 -9999    -1 -9999
2022 04 28 21    78    28 10218    90    57 -9999    -1 -9999
2022 04 28 22    83    28 10214    90    46 -9999    -1 -9999
2022 04 28 23    89    28 10213    90    31 -9999     0 -9999
2022 04 29 00    94    28 10209   110    46     8     0    -1
2022 04 29 01    94    28 10212   100    36 -9999     0 -9999
2022 04 29 02    94    28 10212   100    36 -9999     0 -9999
2022 04 29 03    94    22 10211   100    31 -9999     0 -9999
2022 04 29 04    94    28 10209   100    31 -9999     0 -9999
2022 04 29 05    94    17 10204   100    31 -9999     0 -9999
2022 04 29 06    94    22 10203   100    26     8     0 -9999
2022 04 29 07    89    28 10196    90    31 -9999     0 -9999
2022 04 29 08    83    28 10198    80    26 -9999     0 -9999
2022 04 29 09    94    17 10196   110    36 -9999     0 -9999
2022 04 29 10   100    11 10196   110    41 -9999     0 -9999
2022 04 29 11   100    11 10195   120    51 -9999     0 -9999
2022 04 29 12    94     6 10201   120    62     8     0 -9999
2022 04 29 13   100    11 10200   110    57 -9999     0 -9999
2022 04 29 14   100     6 10197   120    57 -9999     0 -9999
2022 04 29 15   106     6 10197   110    57 -9999     0 -9999
2022 04 29 16   122    11 10195   110    51 -9999     0 -9999
2022 04 29 17   150    22 10185   110    51 -9999     0 -9999
2022 04 29 18   167    28 10175   100    62     8     0 -9999
2022 04 29 19   172    33 10166   110    72 -9999     0 -9999
2022 04 29 20   183    39 10161   100    57 -9999     0 -9999
2022 04 29 21   183    44 10153   100    93 -9999     0 -9999
2022 04 29 22   178    39 10146   110    98 -9999     0 -9999
2022 04 29 23   172    33 10148   110    77 -9999     0 -9999
2022 04 30 00   161    39 10148   110    67     8    -1     0
2022 04 30 01   144    72 10149   110    72 -9999    -1 -9999
2022 04 30 02   139    72 10153   110    51 -9999     3 -9999
2022 04 30 03   144    56 10152   110    67 -9999     0 -9999
2022 04 30 04   144    44 10146   120    77 -9999    -1 -9999
2022 04 30 05   144    28 10145   110    72 -9999    -1 -9999
2022 04 30 06   117    56 10150   110    57     8     8    10
2022 04 30 07   106    61 10144   110    72 -9999    10 -9999
2022 04 30 08   111    44 10127   110    93 -9999    -1 -9999
2022 04 30 09   111    39 10126   110    93 -9999    -1 -9999
2022 04 30 10   106    39 10121   110    72 -9999     0 -9999
2022 04 30 11   106    39 10118   120    72 -9999     0 -9999
2022 04 30 12   111    44 10121   110    62     8    -1    10
2022 04 30 13   117    56 10109   120    77 -9999    -1 -9999
2022 04 30 14   128    78 10102   120    62 -9999     3 -9999
2022 04 30 15   139    89 10100   140    62 -9999     5 -9999
2022 04 30 16   139   100 10095   160    51 -9999    10 -9999
2022 04 30 17   150   111 10083   130    82 -9999     5 -9999
2022 04 30 18   167   128 10066   130    93     6    -1    20
2022 04 30 19   194   133 10063   130    93 -9999     0 -9999
2022 04 30 20   189   128 10056   110    62 -9999     0 -9999
2022 04 30 21   183   128 10035   110    72 -9999     0 -9999
2022 04 30 22   156   133 -9999 -9999    26 -9999    88 -9999
2022 04 30 23   178   156 10031   100    46 -9999   168 -9999
2022 05 01 00   200   172 10024   150    62     6     0   290
2022 05 01 01   167   139 10036   180    72 -9999    71 -9999
2022 05 01 02   156   128 10042   170    41 -9999    -1 -9999
2022 05 01 03   156   133 10045   210    41 -9999     0 -9999
2022 05 01 04   156   128 10044   230    31 -9999     0 -9999
2022 05 01 05   150    94 10044   230    46 -9999     0 -9999
2022 05 01 06   133    89 10052   220    21     4     0    70
2022 05 01 07   133    78 10050   240    46 -9999     0 -9999
2022 05 01 08   122    78 10050   200    36 -9999     0 -9999
2022 05 01 09   117    72 10049   200    41 -9999     0 -9999
2022 05 01 10   111    72 10051   210    31 -9999     0 -9999
2022 05 01 11   117    67 10051   210    46 -9999     0 -9999
2022 05 01 12   117    67 10057   220    67     8     0 -9999
2022 05 01 13   117    67 10061   210    46 -9999     0 -9999
2022 05 01 14   117    67 10066   210    67 -9999     0 -9999
2022 05 01 15   117    61 10070   240    82 -9999     0 -9999
2022 05 01 16   106    61 10076   230    72 -9999     0 -9999
2022 05 01 17   106    61 10082   230    82 -9999     0 -9999
2022 05 01 18   106    61 10084   220    77     8     0 -9999
2022 05 01 19   106    61 10088   230    72 -9999    -1 -9999
2022 05 01 20   100    72 10094   230    98 -9999     0 -9999
2022 05 01 21   100    61 10100   230    72 -9999    -1 -9999
2022 05 01 22   100    61 10106   250    57 -9999    -1 -9999
2022 05 01 23   100    56 10110   250    72 -9999     0 -9999
2022 05 02 00   106    56 10114   250    57     8     0     0
2022 05 02 01   100    56 10119   250    67 -9999     0 -9999
2022 05 02 02   100    56 10125   250    46 -9999     0 -9999
2022 05 02 03   100    56 10131   250    51 -9999     0 -9999
2022 05 02 04   100    61 10131   250    51 -9999     0 -9999
2022 05 02 05   100    61 10134   250    51 -9999     0 -9999
2022 05 02 06   100    56 10136   270    51     8     0 -9999
2022 05 02 07   100    50 10137   250    46 -9999     0 -9999
2022 05 02 08   100    50 10141   270    46 -9999     0 -9999
2022 05 02 09    94    50 10146   280    46 -9999     0 -9999
2022 05 02 10    94    44 -9999   280    36 -9999     0 -9999
2022 05 02 11    94    44 10157   260    41 -9999     0 -9999
2022 05 02 12    89    44 10160   290    41     8     0 -9999
2022 05 02 13    89    44 10166   290    31 -9999     0 -9999
2022 05 02 14    94    39 10172   280    41 -9999     0 -9999
2022 05 02 15    89    39 10177   260    36 -9999     0 -9999
2022 05 02 16    94    39 10177   270    46 -9999     0 -9999
2022 05 02 17    94    39 10185   260    41 -9999     0 -9999
2022 05 02 18    94    44 10178   260    41     8     0 -9999
2022 05 02 19   100    44 10177   230    36 -9999     0 -9999
2022 05 02 20   111    50 10174   200    36 -9999     0 -9999
2022 05 02 21   117    50 10175   200    31 -9999     0 -9999
2022 05 02 22   117    50 10173   190    36 -9999     0 -9999
2022 05 02 23   117    50 10175   190    36 -9999     0 -9999
2022 05 03 00   117    50 10170   190    15     8     0 -9999
2022 05 03 01   117    44 10166     0     0 -9999     0 -9999
2022 05 03 02   111    50 10162   100    26 -9999     0 -9999
2022 05 03 03   100    50 10163   110    31 -9999     0 -9999
2022 05 03 04    94    50 10158   100    41 -9999    -1 -9999
2022 05 03 05    89    56 10155   100    36 -9999    -1 -9999
2022 05 03 06    94    61 10152    90    26     8    -1    -1
2022 05 03 07   100    44 10146    70    46 -9999    -1 -9999
2022 05 03 08   100    44 10126    60    51 -9999    -1 -9999
2022 05 03 09    94    56 10118    80    72 -9999    -1 -9999
2022 05 03 10    83    61 -9999    90    57 -9999     2 -9999
2022 05 03 11    78    61 10101    60    57 -9999    48 -9999
2022 05 03 12    78    61 10093    50    67     8    46   100
2022 05 03 13    78    61 -9999    20    82 -9999    10 -9999
2022 05 03 14    78    67 10091    30    72 -9999   124 -9999
2022 05 03 15    83    67 10079    50    77 -9999    53 -9999
2022 05 03 16    89    72 10078    40    82 -9999    -1 -9999
2022 05 03 17    83    67 10083    30    98 -9999    -1 -9999
2022 05 03 18    83    67 10089    20   103     8    -1   230
2022 05 03 19    78    67 10096    20   108 -9999    -1 -9999
2022 05 03 20    83    67 10100    20   103 -9999    -1 -9999
2022 05 03 21    83    67 10107    10   103 -9999    -1 -9999
2022 05 03 22    83    67 10121    10    98 -9999    -1 -9999
2022 05 03 23    78    61 10133    10   103 -9999    -1 -9999
2022 05 04 00    72    61 10143   360    82     8    -1    -1
2022 05 04 01    67    50 10158   360    77 -9999    -1 -9999
2022 05 04 02    67    50 10169   350    77 -9999    -1 -9999
2022 05 04 03    67    44 10179   360    72 -9999    -1 -9999
2022 05 04 04    72    39 10178   360    67 -9999     0 -9999
2022 05 04 05    72    44 10185    10    82 -9999     0 -9999
2022 05 04 06    72    39 10188    20    82     8     0    -1
2022 05 04 07    61    28 10192    20    67     4     0 -9999
2022 05 04 08    56    28 10194    10    72     4     0 -9999
2022 05 04 09    44    22 10198    10    46     2     0 -9999
2022 05 04 10    44    22 10202    10    51     2     0 -9999
2022 05 04 11    44    22 10211    10    46     4     0 -9999
2022 05 04 12    44    22 10222   340    41     6     0 -9999
2022 05 04 13    56    28 10227   360    51 -9999     0 -9999
2022 05 04 14    67    33 10232    20    57 -9999     0 -9999
2022 05 04 15    83    39 10233    40    57 -9999     0 -9999
2022 05 04 16    94    44 10236    30    51     2     0 -9999
2022 05 04 17   100    44 10235    50    51     2     0 -9999
2022 05 04 18   106    50 10228    50    51     2     0 -9999
2022 05 04 19   111    56 10227    60    51 -9999     0 -9999
2022 05 04 20   117    56 10229    50    51 -9999     0 -9999
2022 05 04 21   122    61 10230    30    41 -9999     0 -9999
2022 05 04 22   128    56 10228    40    46 -9999     0 -9999
2022 05 04 23   128    56 10230    40    41 -9999     0 -9999
2022 05 05 00   111    50 10231    50    36     6     0 -9999
2022 05 05 01    89    33 10231    60    41 -9999     0 -9999
2022 05 05 02    83    28 10233    70    31 -9999     0 -9999
2022 05 05 03    72    33 10237   100    31 -9999     0 -9999
2022 05 05 04    72    28 10233    70    26 -9999     0 -9999
2022 05 05 05    67    28 10213    70    41 -9999     0 -9999
2022 05 05 06    61    22 10215    70    26     6     0 -9999
2022 05 05 07    67    22 10212    70    26 -9999     0 -9999
2022 05 05 08    61    22 10209     0     0 -9999     0 -9999
2022 05 05 09    61    22 10206     0     0 -9999     0 -9999
2022 05 05 10    67    28 10205    20    15 -9999     0 -9999
2022 05 05 11    72    33 10203    20    26 -9999     0 -9999
2022 05 05 12    78    39 10203    20    31     8     0 -9999
2022 05 05 13    94    44 10202    70    36 -9999     0 -9999
2022 05 05 14   100    50 10208    80    21 -9999     0 -9999
2022 05 05 15   106    56 10199    70    31 -9999     0 -9999
2022 05 05 16   117    61 10194    60    31 -9999     0 -9999
2022 05 05 17   117    61 10189    60    31 -9999     0 -9999
2022 05 05 18   111    61 10184    20    36     8     0 -9999
2022 05 05 19   111    72 10174    50    36 -9999    -1 -9999
2022 05 05 20   100    78 10166    50    31 -9999    10 -9999
2022 05 05 21   106    83 10157    40    41 -9999    13 -9999
2022 05 05 22   100    83 -9999    20    41 -9999    -1 -9999
2022 05 05 23   100    78 10161    20    46 -9999    15 -9999
2022 05 06 00   100    78 10144    60    46     8     5    50
2022 05 06 01   100    83 10146    50    31 -9999     5 -9999
2022 05 06 02   100    83 10135    40    41 -9999     5 -9999
2022 05 06 03    94    72 10135    50    41 -9999    -1 -9999
2022 05 06 04    89    72 -9999    20    62 -9999    -1 -9999
2022 05 06 05    78    61 10124    30    57 -9999     8 -9999
2022 05 06 06    78    67 10116    50    57     8     8    30
2022 05 06 07    83    67 10105    20    57 -9999     3 -9999
2022 05 06 08    89    72 10099    50    41 -9999    -1 -9999
2022 05 06 09    94    78 10095    30    51 -9999    -1 -9999
2022 05 06 10    89    72 10089    30    62 -9999     3 -9999
2022 05 06 11    94    78 10083    40    72 -9999     3 -9999
2022 05 06 12    94    78 10083    40    72     8    10    20
2022 05 06 13    94    78 10080    50    62 -9999    13 -9999
2022 05 06 14    94    83 10077    40    93 -9999     3 -9999
2022 05 06 15   100    83 10077    40    77 -9999     5 -9999
2022 05 06 16    94    78 10078    40    93 -9999     3 -9999
2022 05 06 17    94    78 10076    40   108 -9999    -1 -9999
2022 05 06 18    94    72 10075    50    93     8     3    30
2022 05 06 19    94    78 10077    50    88 -9999    18 -9999
2022 05 06 20    94    78 -9999    40   103 -9999     2 -9999
2022 05 06 21    94    61 10084    20    82 -9999     3 -9999
2022 05 06 22   111    56 10085    40    72 -9999    -1 -9999
2022 05 06 23   111    44 10087    40    72 -9999     0 -9999
2022 05 07 00   106    44 10091    20    67     8     0    30
2022 05 07 01   111    33 10095    20    72 -9999     0 -9999
2022 05 07 02   106    28 10099    20    62 -9999     0 -9999
2022 05 07 03   100    28 10107    20    62 -9999     0 -9999
2022 05 07 04   100    33 10109    20    46 -9999     0 -9999
2022 05 07 05   100    28 10112    30    46     4     0 -9999
2022 05 07 06    89    28 10116    30    51     4     0 -9999
2022 05 07 07    89    22 10119    30    41     2     0 -9999
2022 05 07 08    83    17 10121    30    41     2     0 -9999
2022 05 07 09    83    11 10126    20    46     4     0 -9999
2022 05 07 10    78    11 10131    10    41     4     0 -9999
2022 05 07 11    78     0 10139    20    36     2     0 -9999
2022 05 07 12    89     6 10143    30    46     2     0 -9999
2022 05 07 13   106     0 10149    40    46     0     0 -9999
2022 05 07 14   122     6 10154    50    51     0     0 -9999
2022 05 07 15   133     6 10153    70    51     0     0 -9999
2022 05 07 16   150     0 10154    50    36     0     0 -9999
2022 05 07 17   161    11 10157    40    51     0     0 -9999
2022 05 07 18   172    11 10157    60    62     0     0 -9999
2022 05 07 19   172     0 10152    40    67     0     0 -9999
2022 05 07 20   167   -17 10153    50    72     0     0 -9999
2022 05 07 21   172   -17 10147    60    62     0     0 -9999
2022 05 07 22   172   -28 10144    60    67     0     0 -9999
2022 05 07 23   167   -33 10145    60    46     0     0 -9999
2022 05 08 00   156   -28 10145    60    46     0     0 -9999
2022 05 08 01   122   -28 10151    40    46     0     0 -9999
2022 05 08 02   100   -17 10154    20    46     2     0 -9999
2022 05 08 03    83    -6 10154    40    26     0     0 -9999
2022 05 08 04    83   -11 10153    40    21     0     0 -9999
2022 05 08 05    78     0 10149    10    26     0     0 -9999
2022 05 08 06    67     0 10154    10    15     0     0 -9999
2022 05 08 07    78     0 10153    90    15     0     0 -9999
2022 05 08 08    72     6 10150   100    21     0     0 -9999
2022 05 08 09    67    17 10158     0     0     0     0 -9999
2022 05 08 10    72    17 10160   140    21 -9999     0 -9999
2022 05 08 11    72    22 10165   150    15 -9999     0 -9999
2022 05 08 12    89    17 10161   130    36     6     0 -9999
2022 05 08 13   117     6 10166   130    46 -9999     0 -9999
2022 05 08 14   144    11 10148   130    67 -9999     0 -9999
2022 05 08 15   150    39 10153   150    57 -9999     0 -9999
2022 05 08 16   172    56 10157   160    46 -9999     0 -9999
2022 05 08 17   172    56 10159   180    46 -9999     0 -9999
2022 05 08 18   178    61 10155   140    46     8     0 -9999
2022 05 08 19   183    67 10152   120    46 -9999     0 -9999
2022 05 08 20   172    61 10131   120    67 -9999     0 -9999
2022 05 08 21   178    67 10129   120    77 -9999     0 -9999
2022 05 08 22   178    67 10124   110    62 -9999     0 -9999
2022 05 08 23   178    67 10120   110    57 -9999     0 -9999
2022 05 09 00   172    67 10120   110    51     8     0 -9999
2022 05 09 01   161    67 10120   120    41 -9999     0 -9999
2022 05 09 02   167    67 10119   130    57 -9999     0 -9999
2022 05 09 03   161    61 10127   130    51 -9999     0 -9999
2022 05 09 04   156    56 10129   130    46 -9999     0 -9999
2022 05 09 05   150    56 10130   140    46     4     0 -9999
2022 05 09 06   144    50 10132   140    46     4     0 -9999
2022 05 09 07   144    50 10133   140    46     2     0 -9999
2022 05 09 08   139    50 10133   140    57     2     0 -9999
2022 05 09 09   139    56 10134   150    51     2     0 -9999
2022 05 09 10   133    56 10132   150    41     2     0 -9999
2022 05 09 11   133    61 10131   140    51     2     0 -9999
2022 05 09 12   139    67 10135   140    46     2     0 -9999
2022 05 09 13   156    83 10134   140    62     4     0 -9999
2022 05 09 14   183    94 10132   150    82     4     0 -9999
2022 05 09 15   194   106 10129   150    77 -9999     0 -9999
2022 05 09 16   211   117 10117   140    93     2     0 -9999
2022 05 09 17   228   128 10112   150    72 -9999     0 -9999
2022 05 09 18   250   133 10104   160    82     6     0 -9999
2022 05 09 19   250   139 10098   150    98 -9999     0 -9999
2022 05 09 20   278   156 10093   150   103 -9999     0 -9999
2022 05 09 21   278   156 10088   140   113     2     0 -9999
2022 05 09 22   278   156 10090   160   103     2     0 -9999
2022 05 09 23   272   150 10090   170   103     2     0 -9999
2022 05 10 00   267   150 10087   170    67     0     0 -9999
2022 05 10 01   256   144 10101   170    88     2     0 -9999
2022 05 10 02   244   156 10102   170    67     2     0 -9999
2022 05 10 03   239   156 10104   180    93     2     0 -9999
2022 05 10 04   233   161 10112   180    82     2     0 -9999
2022 05 10 05   228   161 10123   180    82     2     0 -9999
2022 05 10 06   222   161 10142   190    57     2     0 -9999
2022 05 10 07   222   167 10139   190    57     4     0 -9999
2022 05 10 08   217   167 10138   180    51 -9999     0 -9999
2022 05 10 09   206   167 10142   170    41 -9999     0 -9999
2022 05 10 10   206   167 10141   180    51 -9999     0 -9999
2022 05 10 11   206   167 10146   180    41 -9999     0 -9999
2022 05 10 12   211   172 10156   190    46     6     0 -9999
2022 05 10 13   217   172 10158   200    51 -9999     0 -9999
2022 05 10 14   233   183 10163   180    62 -9999     0 -9999
2022 05 10 15   244   189 10165   200    57 -9999     0 -9999
2022 05 10 16   261   194 10166   200    46     4     0 -9999
2022 05 10 17   272   206 10162   180    62     2     0 -9999
2022 05 10 18   289   206 10160   160    46     2     0 -9999
2022 05 10 19   300   211 10155   180    46     2     0 -9999
2022 05 10 20   306   211 10151   190    57     4     0 -9999
2022 05 10 21   311   206 10148   170    77 -9999     0 -9999
2022 05 10 22   317   206 10147   180    51     4     0 -9999
2022 05 10 23   311   200 10147   170    62     2     0 -9999
2022 05 11 00   306   206 10150   170    41     2     0 -9999
2022 05 11 01   300   206 10156   180    41 -9999     0 -9999
2022 05 11 02   289   200 10158   170    41 -9999     0 -9999
2022 05 11 03   283   200 10167   170    36 -9999     0 -9999
2022 05 11 04   283   206 10169   180    36 -9999     0 -9999
2022 05 11 05   278   206 10173   200    36 -9999     0 -9999
2022 05 11 06   267   206 10175   170    31     6     0 -9999
2022 05 11 07   261   206 10173   180    31 -9999     0 -9999
2022 05 11 08   256   211 10175   180    26 -9999     0 -9999
2022 05 11 09   244   206 10179   170    36     4     0 -9999
2022 05 11 10   239   206 10185   160    21     4     0 -9999
2022 05 11 11   239   206 10188   190    26     4     0 -9999
2022 05 11 12   244   206 10193   210    26     4     0 -9999
2022 05 11 13   250   211 10200   180    21 -9999     0 -9999
2022 05 11 14   267   217 10198   200    26 -9999     0 -9999
2022 05 11 15   283   222 10193   250    26 -9999     0 -9999
2022 05 11 16   306   222 10194 -9999    15 -9999     0 -9999
2022 05 11 17   317   222 10194 -9999    15 -9999     0 -9999
2022 05 11 18   317   222 10189    90    41     8     0 -9999
2022 05 11 19   311   222 10186   100    46 -9999     0 -9999
2022 05 11 20   317   228 10184   100    62 -9999     0 -9999
2022 05 11 21   317   222 10180    90    67 -9999     0 -9999
2022 05 11 22   311   217 10181   100    57 -9999     0 -9999
2022 05 11 23   294   206 10179    80    41 -9999     0 -9999
2022 05 12 00   261   194 10178    90    46     8     0 -9999
2022 05 12 01   250   194 10179   150    31 -9999     0 -9999
2022 05 12 02   256   189 10170    90    26 -9999     0 -9999
2022 05 12 03   250   194 10175   140    26 -9999     0 -9999
2022 05 12 04   261   200 10174   170    41 -9999     0 -9999
2022 05 12 05   261   200 10182   190    26 -9999     0 -9999
2022 05 12 06   250   200 10188   140    21     6     0 -9999
2022 05 12 07   250   200 10182   140    36     4     0 -9999
2022 05 12 08   250   200 10178   170    41     4     0 -9999
2022 05 12 09   244   194 10173   170    41     2     0 -9999
2022 05 12 10   239   194 10178   180    31     2     0 -9999
2022 05 12 11   233   189 10181   170    26     2     0 -9999
2022 05 12 12   239   189 10185   160    51     2     0 -9999
2022 05 12 13   256   189 10184   200    62     4     0 -9999
2022 05 12 14   272   194 10186   180    57     2     0 -9999
2022 05 12 15   283   194 10182   180    51     2     0 -9999
2022 05 12 16   300   194 10182   170    46     0     0 -9999
2022 05 12 17   306   183 10180   190    62     2     0 -9999
2022 05 12 18   311   189 10168   160    67     2     0 -9999
2022 05 12 19   322   178 10163   190    72     2     0 -9999
2022 05 12 20   328   172 10158   160    51     2     0 -9999
2022 05 12 21   322   156 10152   170    77     2     0 -9999
2022 05 12 22   328   144 10146   180    57     4     0 -9999
2022 05 12 23   322   133 10140   170    67     4     0 -9999
2022 05 13 00   306   106 10138   160    51     4     0 -9999
2022 05 13 01   300    83 10139   150    51 -9999     0 -9999
2022 05 13 02   283    61 10141   150    46     4     0 -9999
2022 05 13 03   272    50 10147   150    51     2     0 -9999
2022 05 13 04   256    67 10148   150    36     2     0 -9999
2022 05 13 05   250    67 10148   160    41     2     0 -9999
2022 05 13 06   233    67 10149   160    36     2     0 -9999
2022 05 13 07   228    78 10146   160    41     2     0 -9999
2022 05 13 08   222    78 10142   160    36     0     0 -9999
2022 05 13 09   217    83 10143   180    36     0     0 -9999
2022 05 13 10   206    83 10145   180    36     0     0 -9999
2022 05 13 11   206    94 10144   200    36     2     0 -9999
2022 05 13 12   211   106 10151   190    26     2     0 -9999
2022 05 13 13   244   117 10155   230    41     2     0 -9999
2022 05 13 14   250   122 10151   190    62     2     0 -9999
2022 05 13 15   272   122 10151   200    46     4     0 -9999
2022 05 13 16   289   122 10150   220    36     4     0 -9999
2022 05 13 17   294   117 10149   210    51     4     0 -9999
2022 05 13 18   300   128 10140   190    57     2     0 -9999
2022 05 13 19   306   128 10131   200    57     2     0 -9999
2022 05 13 20   311   139 10125   160    46     4     0 -9999
2022 05 13 21   317   106 10112   160    67 -9999     0 -9999
2022 05 13 22   317    83 10110   140    46 -9999     0 -9999
2022 05 13 23   317    83 10105   180    46 -9999     0 -9999
2022 05 14 00   306    72 10092   150    51     6     0 -9999
2022 05 14 01   294    83 10104   190    31 -9999     0 -9999
2022 05 14 02   272    94 10113   180    26 -9999     0 -9999
2022 05 14 03   267   106 10117   200    36 -9999     0 -9999
2022 05 14 04   250   133 10127   280    36 -9999     0 -9999
2022 05 14 05   233   139 10128     0     0 -9999     0 -9999
2022 05 14 06   228   139 10123     0     0     6     0 -9999
2022 05 14 07   217   139 10120     0     0 -9999     0 -9999
2022 05 14 08   200   144 10117   270    15 -9999     0 -9999
2022 05 14 09   200   139 10118     0     0 -9999     0 -9999
2022 05 14 10   194   144 10123   270    26 -9999     0 -9999
2022 05 14 11   194   144 10123   270    15 -9999     0 -9999
2022 05 14 12   211   156 10128     0     0     4     0 -9999
2022 05 14 13   233   161 10131   350    36 -9999     0 -9999
2022 05 14 14   233   150 10134   350    41 -9999     0 -9999
2022 05 14 15   244   150 10132    20    36 -9999     0 -9999
2022 05 14 16   250   156 10133    20    31 -9999     0 -9999
2022 05 14 17   267   161 10131 -9999    15 -9999     0 -9999
2022 05 14 18   289   161 10127 -9999    21     6     0 -9999
2022 05 14 19   289   150 10121    50    51 -9999     0 -9999
2022 05 14 20   294   117 10114   260    21 -9999     0 -9999
2022 05 14 21   294   133 10108   110    36 -9999     0 -9999
2022 05 14 22   294   128 10107   120    36     4     0 -9999
2022 05 14 23   289   111 10106    60    31     4     0 -9999
2022 05 15 00   267   128 10108   100    46     4     0 -9999
2022 05 15 01   239   122 10113   120    36     4     0 -9999
2022 05 15 02   222   122 10120   130    36     2     0 -9999
2022 05 15 03   222   128 10126   160    15     2     0 -9999
2022 05 15 04   217   128 10121   180    21     2     0 -9999
2022 05 15 05   211   122 10122   190    31     2     0 -9999
2022 05 15 06   211   111 10114   210    36     2     0 -9999
2022 05 15 07   206   122 10108   210    36     2     0 -9999
2022 05 15 08   206   128 10107   220    36     4     0 -9999
2022 05 15 09   211   133 10110   220    41 -9999     0 -9999
2022 05 15 10   211   133 10119   290    57 -9999     0 -9999
2022 05 15 11   206   128 10117   290    26 -9999     0 -9999
2022 05 15 12   206   111 10125   290    21     6     0 -9999
2022 05 15 13   211   100 10131   310    36 -9999     0 -9999
2022 05 15 14   206   100 10132    10    46 -9999     0 -9999
2022 05 15 15   228   106 10123   360    41 -9999     0 -9999
2022 05 15 16   233    89 10131    10    21 -9999     0 -9999
2022 05 15 17   244    78 10125    50    31 -9999     0 -9999
2022 05 15 18   211    67 10127 -9999    21     8    -1    -1
2022 05 15 19   211    89 10124    60    15 -9999    -1 -9999
2022 05 15 20   211    89 10127   200    26 -9999    -1 -9999
2022 05 15 21   217    94 10118   270    46 -9999     0 -9999
2022 05 15 22   183   111 10114   310    57 -9999    -1 -9999
2022 05 15 23   189    83 10111   300    36 -9999    -1 -9999
2022 05 16 00   183    94 10108   240    21     8    -1    -1
2022 05 16 01   178    89 10110   230    26 -9999    -1 -9999
2022 05 16 02   172   100 10108   180    26 -9999    -1 -9999
2022 05 16 03   161   100 10115   190    21 -9999     0 -9999
2022 05 16 04   161   100 10112   230    21 -9999     0 -9999
2022 05 16 05   156    94 10112   230    31 -9999     0 -9999
2022 05 16 06   144    94 10110   240    41     6     0     0
2022 05 16 07   133    89 10107   190    26     2     0 -9999
2022 05 16 08   128    94 10103   240    36     2     0 -9999
2022 05 16 09   122    94 10103   250    36     4     0 -9999
2022 05 16 10   122    94 10101   270    36     2     0 -9999
2022 05 16 11   122    94 10103   270    36     2     0 -9999
2022 05 16 12   139    94 10108   270    41     2     0 -9999
2022 05 16 13   167    89 10108   290    41     2     0 -9999
2022 05 16 14   194    83 10110   280    41     0     0 -9999
2022 05 16 15   217    72 10110   290    46     0     0 -9999
2022 05 16 16   228    56 10111   310    72     2     0 -9999
2022 05 16 17   233    44 10109   300    72     4     0 -9999
2022 05 16 18   244    44 10106   290    72     4     0 -9999
2022 05 16 19   233    22 10103   290    67 -9999     0 -9999
2022 05 16 20   239    33 10101   290    67     4     0 -9999
2022 05 16 21   256    39 10096   310    72     4     0 -9999
2022 05 16 22   250    28 10094   280    88     4     0 -9999
2022 05 16 23   244    33 10094   290    67     4     0 -9999
2022 05 17 00   239    28 10093   300    67     2     0 -9999
2022 05 17 01   228    28 10098   300    41     2     0 -9999
2022 05 17 02   211    33 10102   290    26     2     0 -9999
2022 05 17 03   200    39 10109   280    26     0     0 -9999
2022 05 17 04   189    39 10111   310    31     2     0 -9999
2022 05 17 05   161    44 10119    10    31     0     0 -9999
2022 05 17 06   150    44 10121   360    21     0     0 -9999
2022 05 17 07   150    33 10129    20    51     0     0 -9999
2022 05 17 08   122    50 10137    20    57     2     0 -9999
2022 05 17 09   111    56 10144    30    31     2     0 -9999
2022 05 17 10   106    61 10148    30    36     2     0 -9999
2022 05 17 11   106    56 10154    60    31     2     0 -9999
2022 05 17 12   117    44 10162    60    36     2     0 -9999
2022 05 17 13   139    39 10169   100    31     4     0 -9999
2022 05 17 14   150    28 10175    80    41     4     0 -9999
2022 05 17 15   161    22 10181    70    41 -9999     0 -9999
2022 05 17 16   172    28 10185    90    26     4     0 -9999
2022 05 17 17   183    28 10180 -9999    26     4     0 -9999
2022 05 17 18   189    28 10177    80    41     4     0 -9999
2022 05 17 19   183    28 10176    70    36 -9999     0 -9999
2022 05 17 20   172    28 10178    80    57 -9999    -1 -9999
2022 05 17 21   156    22 10180    80    51 -9999    -1 -9999
2022 05 17 22   139    28 10172    90    46 -9999     0 -9999
2022 05 17 23   139    44 10169   100    31 -9999    -1 -9999
2022 05 18 00   133    44 10165    70    41     8     0    -1
2022 05 18 01   128    50 10164   100    36 -9999    -1 -9999
2022 05 18 02   128    50 10168    90    31 -9999     0 -9999
2022 05 18 03   128    39 10167    60    46 -9999     0 -9999
2022 05 18 04   128    44 10161   100    46 -9999     0 -9999
2022 05 18 05   128    44 10164   110    26 -9999     0 -9999
2022 05 18 06   128    44 10148   110    31     8     0    -1
2022 05 18 07   128    67 10142   100    41 -9999     3 -9999
2022 05 18 08   128    72 10142    90    26 -9999    -1 -9999
2022 05 18 09   128    72 10135    60    31 -9999     0 -9999
2022 05 18 10   133    67 10137    90    26 -9999     0 -9999
2022 05 18 11   133    61 10132    60    41 -9999     0 -9999
2022 05 18 12   117    78 10127    60    67     8    10     8
2022 05 18 13   122    83 10117    90    51 -9999    -1 -9999
2022 05 18 14   133    83 10119   100    51 -9999     0 -9999
2022 05 18 15   117   100 10111    70    46 -9999    43 -9999
2022 05 18 16   117   100 10099    80    41 -9999    10 -9999
2022 05 18 17   117   100 10099    60    41 -9999     5 -9999
2022 05 18 18   122   106 10089    80    26     8     3    70
2022 05 18 19   133   117 10083    30    26 -9999     0 -9999
2022 05 18 20   133   111 10081   360    26 -9999     0 -9999
2022 05 18 21   139   117 10070    20    21 -9999     0 -9999
2022 05 18 22   150   122 10070   310    26 -9999     0 -9999
2022 05 18 23   150   122 10070   330    26 -9999     0 -9999
2022 05 19 00   144   117 10071   320    31     8     0 -9999
2022 05 19 01   150   117 10069   320    26 -9999     0 -9999
2022 05 19 02   150   117 10075   270    26 -9999     0 -9999
2022 05 19 03   150   117 10079   300    46 -9999     0 -9999
2022 05 19 04   144   117 10076   230    15     4     0 -9999
2022 05 19 05   133   111 10074   250    21     4     0 -9999
2022 05 19 06   128   111 10068     0     0     6     0 -9999
2022 05 19 07   122   106 10066   220    15     4     0 -9999
2022 05 19 08   122   106 10067   200    15     4     0 -9999
2022 05 19 09   133   117 10069    80    31 -9999     0 -9999
2022 05 19 10   133   117 10065   110    15 -9999     3 -9999
2022 05 19 11   133   117 10059   170    21 -9999     3 -9999
2022 05 19 12   144   128 10054   190    36     6     0     5
2022 05 19 13   167   144 -9999   210    41 -9999     0 -9999
2022 05 19 14   178   150 10053   220    46 -9999     0 -9999
2022 05 19 15   200   161 10051   260    41 -9999     0 -9999
2022 05 19 16   228   161 10039   220    31 -9999     0 -9999
2022 05 19 17   250   167 10036   220    51 -9999     0 -9999
2022 05 19 18   267   172 10029   220    51     6     0 -9999
2022 05 19 19   272   156 10021   210    62 -9999     0 -9999
2022 05 19 20   289   128 10013   220    51 -9999     0 -9999
2022 05 19 21   294   117 10002   210    62 -9999     0 -9999
2022 05 19 22   300   117  9990   200    57 -9999     0 -9999
2022 05 19 23   294   106  9979   180    82 -9999     0 -9999
2022 05 20 00   283    94  9974   160    67     6     0 -9999
2022 05 20 01   278   111  9973   170    67 -9999     0 -9999
2022 05 20 02   256   161  9969   170    77 -9999     0 -9999
2022 05 20 03   244   150  9971   190    51 -9999     0 -9999
2022 05 20 04   233   150  9964   190    93 -9999     0 -9999
2022 05 20 05   217   150  9958   210    57 -9999     0 -9999
2022 05 20 06   211   150  9963   190    46     6     0 -9999
2022 05 20 07   194   150  9964   190    57 -9999     0 -9999
2022 05 20 08   189   150  9965   200    51 -9999     0 -9999
2022 05 20 09   183   156  9967   200    51 -9999     0 -9999
2022 05 20 10   178   156  9959   180    31 -9999     0 -9999
2022 05 20 11   178   161  9959   180    31 -9999     0 -9999
2022 05 20 12   194   167  9964   180    46     6     0 -9999
2022 05 20 13   217   178  9961   200    57 -9999     0 -9999
2022 05 20 14   239   183  9967   200    57 -9999     0 -9999
2022 05 20 15   256   189  9957   180    82 -9999     0 -9999
2022 05 20 16   261   189  9958   210    51 -9999     0 -9999
2022 05 20 17   261   189  9963   220    82 -9999     0 -9999
2022 05 20 18   261   183  9961   200    98     8     0 -9999
2022 05 20 19   267   183  9965   220    77 -9999     0 -9999
2022 05 20 20   278   189  9973   220    77 -9999     0 -9999
2022 05 20 21   294   189  9973   220   108 -9999     0 -9999
2022 05 20 22   294   189  9978   210    88 -9999     0 -9999
2022 05 20 23   267   200  9993   300    72 -9999    -1 -9999
2022 05 21 00   233   189 10010   310    51     6    -1     0
2022 05 21 01   206   167 10024   340    51 -9999     0 -9999
2022 05 21 02   194   150 10038    10    41 -9999     0 -9999
2022 05 21 03   194   144 10045    20    36 -9999     0 -9999
2022 05 21 04   167   139 10075   320    41 -9999    28 -9999
2022 05 21 05   156   139 -9999   360    51 -9999    33 -9999
2022 05 21 06   150   133 10086     0     0     8    -1   120
2022 05 21 07   156   139 10081   270    15 -9999    -1 -9999
2022 05 21 08   156   139 10093   280    21 -9999    -1 -9999
2022 05 21 09   156   139 10115   250    41 -9999     5 -9999
2022 05 21 10   150   128 10115   260    21 -9999     5 -9999
2022 05 21 11   144   128 10113     0     0 -9999    -1 -9999
2022 05 21 12   139   117 10117   330    21     8     0    10
2022 05 21 13   150   133 10128   300    15 -9999     0 -9999
2022 05 21 14   167   117 10137     0     0 -9999     0 -9999
2022 05 21 15   161   117 10157   190    26 -9999     0 -9999
2022 05 21 16   156   122 -9999   320    41 -9999    -1 -9999
2022 05 21 17   139   111 10152   340    46 -9999    33 -9999
2022 05 21 18   133   111 10176   210    31     8    20    50
2022 05 21 19   122    94 10182   220    31 -9999    28 -9999
2022 05 21 20   122   106 10168   290    26 -9999    13 -9999
2022 05 21 21   144   111 10158   320    26 -9999     0 -9999
2022 05 21 22   150   117 10154   360    26 -9999     0 -9999
2022 05 21 23   150   100 10160   300    26 -9999     0 -9999
2022 05 22 00   144   100 10165   290    15     8     0    46
2022 05 22 01   144   106 10173   300    26 -9999     0 -9999
2022 05 22 02   144   111 10183   260    21 -9999     0 -9999
2022 05 22 03   144   111 10186     0     0 -9999     0 -9999
2022 05 22 04   144   111 10184   270    15 -9999     0 -9999
2022 05 22 05   139   111 10184   250    21 -9999     0 -9999
2022 05 22 06   139   111 10181   260    26     8     0 -9999
2022 05 22 07   139    94 10184   300    46 -9999     0 -9999
2022 05 22 08   133    67 10183   320    57 -9999     0 -9999
2022 05 22 09   117    67 10195   300    41 -9999     0 -9999
2022 05 22 10   111    56 10203   300    41 -9999     0 -9999
2022 05 22 11   100    50 10216   290    31     2     0 -9999
2022 05 22 12   111    50 10225   310    41     4     0 -9999
2022 05 22 13   117    39 10232   310    46 -9999     0 -9999
2022 05 22 14   133    28 10239   330    62 -9999     0 -9999
2022 05 22 15   139    11 10241   310    51 -9999     0 -9999
2022 05 22 16   156    22 10247   290    41 -9999     0 -9999
2022 05 22 17   156    22 10251   300    62 -9999     0 -9999
2022 05 22 18   161    17 10253   300    62     6     0 -9999
2022 05 22 19   167    11 10255   300    72 -9999     0 -9999
2022 05 22 20   161     6 10257   300    46 -9999     0 -9999
2022 05 22 21   172    17 10258   330    46 -9999     0 -9999
2022 05 22 22   167     6 10259   310    26 -9999     0 -9999
2022 05 22 23   172     6 10259   360    31 -9999     0 -9999
2022 05 23 00   144    17 10261    90    57     6     0 -9999
2022 05 23 01   133     6 10263    90    46 -9999     0 -9999
2022 05 23 02   122     6 10266   100    41 -9999     0 -9999
2022 05 23 03   111    17 10275   120    31 -9999     0 -9999
2022 05 23 04   106    22 10280   120    21 -9999     0 -9999
2022 05 23 05   106    17 10283   100    21 -9999     0 -9999
2022 05 23 06   106    17 10283    80    15     6     0 -9999
2022 05 23 07   106    22 10279    80    21 -9999     0 -9999
2022 05 23 08    89    33 10280     0     0     4     0 -9999
2022 05 23 09    83    39 10279    10    15     4     0 -9999
2022 05 23 10    78    44 10277   360    15     4     0 -9999
2022 05 23 11    83    50 10281    10    26     4     0 -9999
2022 05 23 12   106    61 10283    50    31     4     0 -9999
2022 05 23 13   122    28 10282    60    57     2     0 -9999
2022 05 23 14   139    28 10283    80    62     2     0 -9999
2022 05 23 15   139    22 10283    80    62     2     0 -9999
2022 05 23 16   144    33 10282    60    57     2     0 -9999
2022 05 23 17   150    28 10278    80    62     2     0 -9999
2022 05 23 18   150    22 10272    90    46     2     0 -9999
2022 05 23 19   156     6 10265    80    62     2     0 -9999
2022 05 23 20   156     0 10260    50    72     2     0 -9999
2022 05 23 21   150   -11 10257    60    62     4     0 -9999
2022 05 23 22   144   -11 10252    20    62 -9999     0 -9999
2022 05 23 23   133   -17 10257    30    62 -9999     0 -9999
2022 05 24 00   128     0 10251    30    62     6     0 -9999
2022 05 24 01   128     0 10250    60    57 -9999     0 -9999
2022 05 24 02   117     6 10249    50    41 -9999     0 -9999
2022 05 24 03   111    17 10248    60    57 -9999     0 -9999
2022 05 24 04   106    22 10247    50    57 -9999     0 -9999
2022 05 24 05   100    28 10245    40    51 -9999     0 -9999
2022 05 24 06    94    22 10239    40    41     6     0 -9999
2022 05 24 07   100    22 10236    30    36 -9999     0 -9999
2022 05 24 08   106    33 10232    40    36 -9999     0 -9999
2022 05 24 09   106    44 10234    60    36 -9999     0 -9999
2022 05 24 10   106    56 10235    60    31 -9999     0 -9999
2022 05 24 11   106    67 10239    90    21 -9999     0 -9999
2022 05 24 12   117    72 10240    90    31     8     0 -9999
2022 05 24 13   128    72 10240   100    36 -9999     0 -9999
2022 05 24 14   150    61 10240   130    57 -9999     0 -9999
2022 05 24 15   167    56 10233   110    57 -9999     0 -9999
2022 05 24 16   172    56 10235    80    57 -9999     0 -9999
2022 05 24 17   178    56 10234    90    62 -9999     0 -9999
2022 05 24 18   178    61 10228    80    51     6     0 -9999
2022 05 24 19   183    56 10226    60    67 -9999     0 -9999
2022 05 24 20   172    39 10220    70    77 -9999     0 -9999
2022 05 24 21   178    39 10215    70    72     4     0 -9999
2022 05 24 22   178    39 10210    60    82     4     0 -9999
2022 05 24 23   172    44 10208    50    82     4     0 -9999
2022 05 25 00   150    44 10205    50    88     6     0 -9999
2022 05 25 01   133    50 10201    40    93 -9999     0 -9999
2022 05 25 02   122    56 10204    30    72 -9999     0 -9999
2022 05 25 03   128    56 10202    40    57 -9999     0 -9999
2022 05 25 04   128    50 10197    50    57 -9999     0 -9999
2022 05 25 05   133    50 10191    60    41 -9999     0 -9999
2022 05 25 06   139    50 10181    80    62     8     0 -9999
2022 05 25 07   144    56 10170    80    41 -9999     0 -9999
2022 05 25 08   150    67 10166    80    36 -9999     0 -9999
2022 05 25 09   150    72 10160    90    57 -9999     0 -9999
2022 05 25 10   144    78 10153    70    57 -9999     0 -9999
2022 05 25 11   144    83 10152    90    41 -9999    -1 -9999
2022 05 25 12   128   100 10151    80    41     8    15    10
2022 05 25 13   128   111 10145    80    41 -9999     3 -9999
2022 05 25 14   144   128 10144   110    46 -9999     3 -9999
2022 05 25 15   150   133 10137   110    31 -9999    -1 -9999
2022 05 25 16   167   150 10131   110    26 -9999    -1 -9999
2022 05 25 17   189   167 10125   120    36 -9999    -1 -9999
2022 05 25 18   200   183 10117   150    36     8     0     8
2022 05 25 19   228   189 10108   180    62 -9999     0 -9999
2022 05 25 20   239   189 10096   140    57 -9999    -1 -9999
2022 05 25 21   239   194 -9999   160    31 -9999    28 -9999
2022 05 25 22   250   194 10079   170    51 -9999    -1 -9999
2022 05 25 23   250   200 10079   170    26 -9999     3 -9999
2022 05 26 00   244   200 10069   140    31     6    -1    30
2022 05 26 01   233   178 10074   170    57 -9999     0 -9999
2022 05 26 02   228   178 10075   180    41 -9999     0 -9999
2022 05 26 03   228   189 10078   180    46 -9999     0 -9999
2022 05 26 04   222   189 10075   180    46 -9999     0 -9999
2022 05 26 05   222   189 10075   170    62 -9999     0 -9999
2022 05 26 06   200   178 10079   210    36     8     5     5
2022 05 26 07   211   183 10075   180    46 -9999    -1 -9999
2022 05 26 08   206   183 10075   190    46 -9999    -1 -9999
2022 05 26 09   206   183 10076   180    41 -9999    -1 -9999
2022 05 26 10   206   183 10074   210    51 -9999     0 -9999
2022 05 26 11   206   183 10078   200    36 -9999     0 -9999
2022 05 26 12   206   183 10081   200    46     8     0     0
2022 05 26 13   211   183 10084   210    51 -9999     0 -9999
2022 05 26 14   217   183 10083   200    67 -9999     0 -9999
2022 05 26 15   222   178 10078   200    46 -9999     0 -9999
2022 05 26 16   228   183 10082   210    36 -9999     0 -9999
2022 05 26 17   228   178 10080   190    36 -9999     0 -9999
2022 05 26 18   228   178 10074   170    51     8     0 -9999
2022 05 26 19   228   178 10073   180    51 -9999     0 -9999
2022 05 26 20   228   178 10069   170    41 -9999     0 -9999
2022 05 26 21   244   178 10063   170    36 -9999     0 -9999
2022 05 26 22   244   156 10058   170    57     4     0 -9999
2022 05 26 23   244   144 10052   170    46     4     0 -9999
2022 05 27 00   233   139 10051   160    41     6     0 -9999
2022 05 27 01   228   144 10056   180    15 -9999     0 -9999
2022 05 27 02   211   144 10057     0     0 -9999     0 -9999
2022 05 27 03   200   144 10060    90    46 -9999     0 -9999
2022 05 27 04   189   161 10062   210    26 -9999     0 -9999
2022 05 27 05   178   156 10058   290    21 -9999     0 -9999
2022 05 27 06   178   161 10054   260    15     8     0 -9999
2022 05 27 07   178   161 10053    20    41 -9999     0 -9999
2022 05 27 08   144   128 10056    20    57 -9999     0 -9999
2022 05 27 09   133   122 10058    40    57 -9999     0 -9999
2022 05 27 10   133   117 10063    30    62 -9999     0 -9999
2022 05 27 11   122   106 10068    30    82 -9999     0 -9999
2022 05 27 12   122   100 10077   360    77     8     0 -9999
2022 05 27 13   128   100 10080    10    82 -9999     0 -9999
2022 05 27 14   128    94 10083    10    82 -9999    -1 -9999
2022 05 27 15   128   106 10085    10    93 -9999     8 -9999
2022 05 27 16   128   106 10091    10    72 -9999    10 -9999
2022 05 27 17   128   106 10097   360    72 -9999     3 -9999
2022 05 27 18   133   111 10097   360    72     8    15    30
2022 05 27 19   150   122 10098    30    51 -9999     0 -9999
2022 05 27 20   150   111 10104    40    57 -9999     0 -9999
2022 05 27 21   144   106 10111    30    51 -9999     0 -9999
2022 05 27 22   150   106 10111    20    26 -9999     0 -9999
2022 05 27 23   156   106 10113   340    41 -9999     0 -9999
2022 05 28 00   156   106 10115    30    26     6     0    -1
2022 05 28 01   156   106 10117   320    21     2     0 -9999
2022 05 28 02   144   100 10123   290    15     2     0 -9999
2022 05 28 03   122    94 10128     0     0     0     0 -9999
2022 05 28 04   117    89 10128    70    21     0     0 -9999
2022 05 28 05   111    83 10129     0     0     2     0 -9999
2022 05 28 06   106    83 10130     0     0     2     0 -9999
2022 05 28 07   100    78 10129     0     0     2     0 -9999
2022 05 28 08   100    78 10133   260    15     4     0 -9999
2022 05 28 09   106    83 10133   270    21     2     0 -9999
2022 05 28 10   111    89 10133   260    15     2     0 -9999
2022 05 28 11   106    94 10134     0     0     4     0 -9999
2022 05 28 12   128   117 10139     0     0     4     0 -9999
2022 05 28 13   156   117 10141   240    21 -9999     0 -9999
2022 05 28 14   178   117 10139   190    21 -9999     0 -9999
2022 05 28 15   194   117 10131   180    26 -9999     0 -9999
2022 05 28 16   206   106 10138   200    51 -9999     0 -9999
2022 05 28 17   217   111 10137   220    41 -9999     0 -9999
2022 05 28 18   217   100 10136   240    26     6     0 -9999
2022 05 28 19   228   106 10125   230    36 -9999     0 -9999
2022 05 28 20   228   106 10118   210    41 -9999     0 -9999
2022 05 28 21   228   106 10110   210    46 -9999     0 -9999
2022 05 28 22   233   106 10100   180    57 -9999     0 -9999
2022 05 28 23   222   111 10086   190    67 -9999     0 -9999
2022 05 29 00   228   111 10095   180    57     6     0 -9999
2022 05 29 01   217   117 10089   150    57     4     0 -9999
2022 05 29 02   211   117 10091   180    36     4     0 -9999
2022 05 29 03   200   117 10096   160    46     4     0 -9999
2022 05 29 04   194   128 10097   180    41 -9999     0 -9999
2022 05 29 05   194   133 10099   180    51 -9999     0 -9999
2022 05 29 06   183   133 10098   180    46     4     0 -9999
2022 05 29 07   178   133 10096   180    46     2     0 -9999
2022 05 29 08   178   139 10094   180    41     2     0 -9999
2022 05 29 09   178   139 10094   190    41     2     0 -9999
2022 05 29 10   172   139 10095   180    41     2     0 -9999
2022 05 29 11   172   139 10097   180    46     4     0 -9999
2022 05 29 12   183   139 10096   180    51     4     0 -9999
2022 05 29 13   194   144 10097   190    57 -9999     0 -9999
2022 05 29 14   206   144 10101   190    77 -9999     0 -9999
2022 05 29 15   222   150 10095   170    72 -9999     0 -9999
2022 05 29 16   239   156 10089   180    67 -9999     0 -9999
2022 05 29 17   256   156 10085   190    77 -9999     0 -9999
2022 05 29 18   267   161 10088   180    77     6     0 -9999
2022 05 29 19   278   156 10087   190    72 -9999     0 -9999
2022 05 29 20   283   144 10086   190    82 -9999     0 -9999
2022 05 29 21   283   144 10081   170    82 -9999     0 -9999
2022 05 29 22   289   144 10073   170    93 -9999     0 -9999
2022 05 29 23   283   139 10066   170   108 -9999     0 -9999
2022 05 30 00   278   139 10064   170    98     6     0 -9999
2022 05 30 01   267   144 10065   170    93 -9999     0 -9999
2022 05 30 02   256   150 10075   180    82 -9999     0 -9999
2022 05 30 03   244   150 10087   180    51 -9999     0 -9999
2022 05 30 04   233   156 10089   180    67 -9999     0 -9999
2022 05 30 05   233   156 10091   180    67 -9999     0 -9999
2022 05 30 06   228   156 10088   190    77     6     0 -9999
2022 05 30 07   228   150 10089   200    72 -9999     0 -9999
2022 05 30 08   222   150 10090   190    57 -9999     0 -9999
2022 05 30 09   217   150 10093   190    72 -9999     0 -9999
2022 05 30 10   211   150 10093   200    57 -9999     0 -9999
2022 05 30 11   211   150 10096   190    77 -9999     0 -9999
2022 05 30 12   217   150 10103   190    62     6     0 -9999
2022 05 30 13   228   156 10103   200    72 -9999     0 -9999
2022 05 30 14   244   156 10099   190    77 -9999     0 -9999
2022 05 30 15   261   161 10095   190    93 -9999     0 -9999
2022 05 30 16   272   156 10100   210    98 -9999     0 -9999
2022 05 30 17   289   156 10102   210    77 -9999     0 -9999
2022 05 30 18   300   156 10099   200    82     6     0 -9999
2022 05 30 19   306   150 10093   180    72 -9999     0 -9999
2022 05 30 20   311   133 10089   170    88 -9999     0 -9999
2022 05 30 21   311   139 10084   180    72 -9999     0 -9999
2022 05 30 22   311   144 10080   160    88 -9999     0 -9999
2022 05 30 23   311   144 10078   170   113 -9999     0 -9999
2022 05 31 00   300   139 10078   180    72     6     0 -9999
2022 05 31 01   289   139 10078   180    82 -9999     0 -9999
2022 05 31 02   283   144 10081   180    62     4     0 -9999
2022 05 31 03   278   144 10093   190    67     2     0 -9999
2022 05 31 04   267   150 10101   200    62     2     0 -9999
2022 05 31 05   261   150 10101   200    62     2     0 -9999
2022 05 31 06   261   156 10099   190    93     4     0 -9999
2022 05 31 07   244   161 10094   190    67 -9999     0 -9999
2022 05 31 08   244   161 10102   200    62 -9999     0 -9999
2022 05 31 09   244   161 10103   200    57 -9999     0 -9999
2022 05 31 10   233   167 10109   200    51     4     0 -9999
2022 05 31 11   233   167 10114   200    57     4     0 -9999
2022 05 31 12   239   167 10119   190    46     6     0 -9999
2022 05 31 13   250   172 10117   210    67 -9999     0 -9999
2022 05 31 14   261   178 10117   210    67 -9999     0 -9999
2022 05 31 15   272   178 10109   210    62 -9999     0 -9999
2022 05 31 16   283   183 10112   210    72 -9999     0 -9999
2022 05 31 17   283   178 10119   220    82 -9999     0 -9999
2022 05 31 18   283   178 10123   220    82     8     0 -9999
2022 05 31 19   289   183 10117   220    88 -9999     0 -9999
2022 05 31 20   289   189 10111   230    77 -9999     0 -9999
2022 05 31 21   289   194 10110   220    51 -9999     0 -9999
2022 05 31 22   300   194 10101   220    57 -9999     0 -9999
2022 05 31 23   300   189 10100   210    82 -9999     0 -9999
2022 06 01 00   294   189 10106   220    72     6     0 -9999
2022 06 01 01   283   189 10107   250    67 -9999 -9999 -9999
2022 06 01 02   272   194 10113   250    62 -9999 -9999 -9999
2022 06 01 03   267   194 10115   230    51 -9999 -9999 -9999
2022 06 01 04   261   194 10116   250    31 -9999 -9999 -9999
2022 06 01 05   261   194 10118   260    41 -9999 -9999 -9999
2022 06 01 06   239   194 10122   250    51     8    -1    -1
2022 06 01 07   217   206 10123   210    41 -9999     8 -9999
2022 06 01 08   217   200 10118   270    31 -9999    38 -9999
2022 06 01 09   211   194 10114     0     0 -9999     0 -9999
2022 06 01 10   211   200 10123   230    15 -9999     0 -9999
2022 06 01 11   211   200 10126   320    36 -9999     0 -9999
2022 06 01 12   194   150 10143   360    46     8     0    50
2022 06 01 13   194   139 10145   340    31 -9999     0 -9999
2022 06 01 14   200   144 10147   350    46 -9999     0 -9999
2022 06 01 15   200   133 10141    10    51 -9999    -1 -9999
2022 06 01 16   211   139 10142    20    36 -9999     0 -9999
2022 06 01 17   217   133 10146    40    15 -9999     0 -9999
2022 06 01 18   228   139 10141   350    15     8     0     0
2022 06 01 19   222   139 10143    70    36 -9999     0 -9999
2022 06 01 20   222   139 10141    80    31 -9999     0 -9999
2022 06 01 21   206   122 10137    80    51 -9999     0 -9999
2022 06 01 22   200   122 10137    60    41 -9999     0 -9999
2022 06 01 23   194   111 10135    90    36 -9999     0 -9999
2022 06 02 00   189   111 10134    80    41     6     0 -9999
2022 06 02 01   178   106 10133   100    36 -9999     0 -9999
2022 06 02 02   167   106 10135   100    21     4     0 -9999
2022 06 02 03   167   106 10140   210    15     4     0 -9999
2022 06 02 04   161   111 10137   200    15     4     0 -9999
2022 06 02 05   150   111 10134    40    21     4     0 -9999
2022 06 02 06   161   111 10135     0     0     8     0 -9999
2022 06 02 07   156   117 10126    40    15 -9999     3 -9999
2022 06 02 08   156   122 10123     0     0 -9999    -1 -9999
2022 06 02 09   156   128 10125     0     0 -9999    -1 -9999
2022 06 02 10   150   128 10126   190    15     4    -1 -9999
2022 06 02 11   144   128 10131     0     0     2     0 -9999
2022 06 02 12   156   128 10132   250    26     2     0     3
2022 06 02 13   183   117 10131   310    41     2     0 -9999
2022 06 02 14   194   100 10131   360    26     2     0 -9999
2022 06 02 15   217   106 10128   360    26     2     0 -9999
2022 06 02 16   222    78 10131   340    26     2     0 -9999
2022 06 02 17   228    67 10128   300    51     2     0 -9999
2022 06 02 18   233    78 10123   290    41     2     0 -9999
2022 06 02 19   222    67 10121   300    46     4     0 -9999
2022 06 02 20   239    56 10116   300    41     4     0 -9999
2022 06 02 21   244    33 10116   310    51     2     0 -9999
2022 06 02 22   244    44 10113   320    57     2     0 -9999
2022 06 02 23   239    39 10112   310    67     2     0 -9999
2022 06 03 00   233    28 10116   310    41     2     0 -9999
2022 06 03 01   222    33 10118   300    51     2     0 -9999
2022 06 03 02   217    39 10119     0     0     2     0 -9999
2022 06 03 03   189    72 10121   140    26     0     0 -9999
2022 06 03 04   178    72 10124   180    31     0     0 -9999
2022 06 03 05   172    72 10122   180    31     0     0 -9999
2022 06 03 06   167    67 10121   200    31     0     0 -9999
2022 06 03 07   167    61 10119   220    41     0     0 -9999
2022 06 03 08   161    56 10116   220    31     2     0 -9999
2022 06 03 09   161    56 10113   220    41     2     0 -9999
2022 06 03 10   156    56 10116   220    51     4     0 -9999
2022 06 03 11   150    61 10123   240    36     4     0 -9999
2022 06 03 12   161    72 10126   250    31     2     0 -9999
2022 06 03 13   178    78 10131   250    31     2     0 -9999
2022 06 03 14   200    78 10130   260    15     0     0 -9999
2022 06 03 15   228    72 10131   270    36     2     0 -9999
2022 06 03 16   250    22 10130   300    67     0     0 -9999
2022 06 03 17   256    22 10130   280    67     2     0 -9999
2022 06 03 18   261     0 10129   280    77     2     0 -9999
2022 06 03 19   267    11 10123   300    67     2     0 -9999
2022 06 03 20   267     6 10124   300    82     2     0 -9999
2022 06 03 21   267   -17 10124   310    72     2     0 -9999
2022 06 03 22   267   -22 10125   320    72     2     0 -9999
2022 06 03 23   261   -11 10124   310    67     0     0 -9999
2022 06 04 00   250   -17 10126   310    51     0     0 -9999
2022 06 04 01   239    -6 10127   290    41     0     0 -9999
2022 06 04 02   217    -6 10131   300    26     0     0 -9999
2022 06 04 03   206     6 10137   300    21     0     0 -9999
2022 06 04 04   183    44 10140     0     0     0     0 -9999
2022 06 04 05   178    50 10140     0     0     0     0 -9999
2022 06 04 06   156    50 10142   260    15     0     0 -9999
2022 06 04 07   139    61 10141   300    15     0     0 -9999
2022 06 04 08   133    61 10144   290    15     2     0 -9999
2022 06 04 09   133    67 10150    40    15     2     0 -9999
2022 06 04 10   139    72 10150     0     0 -9999     0 -9999
2022 06 04 11   150    72 10152     0     0 -9999     0 -9999
2022 06 04 12   167    72 10157     0     0     6     0 -9999
2022 06 04 13   183    78 10161     0     0 -9999     0 -9999
2022 06 04 14   189    61 10162     0     0 -9999     0 -9999
2022 06 04 15   200    67 10161    70    21 -9999     0 -9999
2022 06 04 16   211    50 10162    50    31 -9999     0 -9999
2022 06 04 17   183    72 10170    30    72 -9999     0 -9999
2022 06 04 18   167    61 10167    40    46     8    -1    -1
2022 06 04 19   178    61 10161    50    26 -9999     0 -9999
2022 06 04 20   183    56 10156   100    31 -9999    -1 -9999
2022 06 04 21   183    56 10148   150    31 -9999    -1 -9999
2022 06 04 22   183    56 10138   130    36 -9999     0 -9999
2022 06 04 23   183    44 10139    30    46 -9999     0 -9999
2022 06 05 00   183    28 10138   100    36     8     0    -1
2022 06 05 01   178    44 10140    30    46 -9999     0 -9999
2022 06 05 02   167    61 10139    10    51 -9999    -1 -9999
2022 06 05 03   156    89 10142    40    26 -9999    -1 -9999
2022 06 05 04   150    94 10140    40    31 -9999    -1 -9999
2022 06 05 05   150   100 10138    10    21 -9999     0 -9999
2022 06 05 06   144    94 10133   360    15     8     0    -1
2022 06 05 07   150    94 10127   120    31 -9999     0 -9999
2022 06 05 08   156    83 10123   150    46 -9999     0 -9999
2022 06 05 09   161    72 10116   110    41 -9999     0 -9999
2022 06 05 10   161    78 10120   340    15 -9999     0 -9999
2022 06 05 11   167    89 10124    80    21 -9999    -1 -9999
2022 06 05 12   167    89 10120    70    26     8    -1    -1
2022 06 05 13   172    94 10120    80    31 -9999     3 -9999
2022 06 05 14   189   100 10115   130    26 -9999    -1 -9999
2022 06 05 15   211    94 10111   100    46 -9999     0 -9999
2022 06 05 16   228    94 10110    70    36 -9999     0 -9999
2022 06 05 17   233   111 10107    60    36     2     0 -9999
2022 06 05 18   228   122 10105    50    51     6     0     3
2022 06 05 19   233   117 10100    60    46     4     0 -9999
2022 06 05 20   239   117 10093    60    51     4     0 -9999
2022 06 05 21   239   106 10088    30    41 -9999     0 -9999
2022 06 05 22   239   106 10084    90    46 -9999     0 -9999
2022 06 05 23   222   100 10080    90    46 -9999     0 -9999
2022 06 06 00   211   100 10080   100    36     6     0 -9999
2022 06 06 01   211   100 10079    70    36 -9999     0 -9999
2022 06 06 02   211   100 10077    80    21 -9999     0 -9999
2022 06 06 03   200   117 10074   100    26 -9999     0 -9999
2022 06 06 04   194   117 10075    90    15 -9999     0 -9999
2022 06 06 05   189   122 10070     0     0 -9999     0 -9999
2022 06 06 06   183   122 10069     0     0     6     0 -9999
2022 06 06 07   189   128 10065   190    21 -9999     0 -9999
2022 06 06 08   211   111 10057   190    36 -9999     0 -9999
2022 06 06 09   206   111 10053   180    26 -9999     0 -9999
2022 06 06 10   206   111 10050   180    26 -9999     0 -9999
2022 06 06 11   200   117 10056   320    26 -9999     0 -9999
2022 06 06 12   200   122 10061   250    15     8    -1    -1
2022 06 06 13   189   144 10066   260    21 -9999     5 -9999
2022 06 06 14   178   156 10068     0     0 -9999    13 -9999
2022 06 06 15   178   167 10065   150    21 -9999    20 -9999
2022 06 06 16   194   172 10061   180    41 -9999    -1 -9999
2022 06 06 17   200   167 10063   200    41 -9999     0 -9999
2022 06 06 18   194   172 10059   210    51     8     3    40
2022 06 06 19   194   178 10057   210    36 -9999     3 -9999
2022 06 06 20   222   178 10048   200    36     4    -1 -9999
2022 06 06 21   239   172 10045   260    26 -9999     0 -9999
2022 06 06 22   239   167 10038   260    31 -9999     0 -9999
2022 06 06 23   233   167 10038   200    26 -9999     0 -9999
2022 06 07 00   233   161 10044   250    15     6     0     3
2022 06 07 01   217   178 10048   320    36 -9999    10 -9999
2022 06 07 02   156   144 10063    10    67 -9999     8 -9999
2022 06 07 03   144   133 10072    30    46 -9999     5 -9999
2022 06 07 04   144   128 10075    10    62 -9999    -1 -9999
2022 06 07 05   139   122 10076    20    46 -9999     0 -9999
2022 06 07 06   139   122 10076    20    41     8    -1    20
2022 06 07 07   139   117 10075    30    41 -9999     0 -9999
2022 06 07 08   133   117 10079    40    36 -9999    18 -9999
2022 06 07 09   139   122 10078    20    36 -9999    -1 -9999
2022 06 07 10   133   117 -9999   340    31 -9999     0 -9999
2022 06 07 11   139   117 10093   360    41 -9999     0 -9999
2022 06 07 12   139   117 10100    20    62     8     0    20
2022 06 07 13   139   117 10108    20    67 -9999     0 -9999
2022 06 07 14   139   111 10118    30    67 -9999     0 -9999
2022 06 07 15   139   111 10122    20    72 -9999     0 -9999
2022 06 07 16   150   117 10128    20    46 -9999     0 -9999
2022 06 07 17   178   128 10130    20    26 -9999     0 -9999
2022 06 07 18   189   128 10133    20    31     2     0 -9999
2022 06 07 19   200   122 10132    60    21     2     0 -9999
2022 06 07 20   211   122 10134 -9999    15     2     0 -9999
2022 06 07 21   206   117 10129    90    36     2     0 -9999
2022 06 07 22   211   117 10128   140    31     2     0 -9999
2022 06 07 23   217   111 10128    90    41     2     0 -9999
2022 06 08 00   206   111 10129   100    41     2     0 -9999
2022 06 08 01   189    94 10133   100    46     2     0 -9999
2022 06 08 02   167   117 10138   110    36     2     0 -9999
2022 06 08 03   156   106 10149   110    36     2     0 -9999
2022 06 08 04   150   106 10147   100    26     2     0 -9999
2022 06 08 05   150   106 10143   130    21     2     0 -9999
2022 06 08 06   150   106 10138   120    21     4     0 -9999
2022 06 08 07   150   106 10141     0     0     4     0 -9999
2022 06 08 08   144   111 10137   120    21     4     0 -9999
2022 06 08 09   144   111 10129   100    15 -9999     0 -9999
2022 06 08 10   144   117 10130   130    21 -9999     0 -9999
2022 06 08 11   156   111 10125   140    36 -9999     0 -9999
2022 06 08 12   167   100 10118   150    31     8     0 -9999
2022 06 08 13   183    72 10115   160    31 -9999     0 -9999
2022 06 08 14   194    89 10107   150    41 -9999     0 -9999
2022 06 08 15   206   106 10104   160    36 -9999     0 -9999
2022 06 08 16   200   106 10111   190    36 -9999     5 -9999
2022 06 08 17   183   122 10106   320    21 -9999    23 -9999
2022 06 08 18   161   139 10103   340    46     8    23    50
2022 06 08 19   150   133 10109    10    46 -9999    53 -9999
2022 06 08 20   139   122 10080    80    88 -9999    66 -9999
2022 06 08 21   167   144 10082   120    46 -9999    -1 -9999
2022 06 08 22   161   139 10098   350    26 -9999     0 -9999
2022 06 08 23   161   139 10099    10    41 -9999    -1 -9999
2022 06 09 00   150   133 10105   350    41     8     0   120
2022 06 09 01   139   122 10109   350    46 -9999     0 -9999
2022 06 09 02   139   117 10111   350    41 -9999     0 -9999
2022 06 09 03   133   111 10122   350    46 -9999     0 -9999
2022 06 09 04   133   111 10125   350    46 -9999     0 -9999
2022 06 09 05   133   106 10125   360    51 -9999     0 -9999
2022 06 09 06   133   106 10127   350    41     6     0 -9999
2022 06 09 07   122   100 10129   350    26 -9999     0 -9999
2022 06 09 08   122   100 10133     0     0 -9999     0 -9999
2022 06 09 09   117   100 10135     0     0 -9999     0 -9999
2022 06 09 10   117   100 10139     0     0 -9999     0 -9999
2022 06 09 11   117   100 10144   250    15 -9999     0 -9999
2022 06 09 12   117   106 10147   200    31     8     0 -9999
2022 06 09 13   144   117 10148   210    36     4     0 -9999
2022 06 09 14   167   122 10149   250    41 -9999     0 -9999
2022 06 09 15   189   128 10148   250    46 -9999     0 -9999
2022 06 09 16   206   133 10144   210    57     4     0 -9999
2022 06 09 17   217   139 10144   220    57     4     0 -9999
2022 06 09 18   233   106 10139   290    41     4     0 -9999
2022 06 09 19   244    78 10136   290    46     4     0 -9999
2022 06 09 20   256    78 10133   330    57     4     0 -9999
2022 06 09 21   250    72 10130   320    46     4     0 -9999
2022 06 09 22   256    67 10128   310    51     4     0 -9999
2022 06 09 23   239    61 10128   330    41     4     0 -9999
2022 06 10 00   233    61 10130   310    36     6     0 -9999
2022 06 10 01   217    89 10135    70    36 -9999     0 -9999
2022 06 10 02   194    94 10137   110    21 -9999     0 -9999
2022 06 10 03   194    94 10140     0     0     4     0 -9999
2022 06 10 04   183   100 10142     0     0     4     0 -9999
2022 06 10 05   167   106 10136   210    15     4     0 -9999
2022 06 10 06   167   100 10132   200    15     6     0 -9999
2022 06 10 07   156    94 10128   230    15 -9999     0 -9999
2022 06 10 08   156    89 10123   210    15     2     0 -9999
2022 06 10 09   150    89 10123   210    15     2     0 -9999
2022 06 10 10   144    94 10128   240    31     4     0 -9999
2022 06 10 11   156    94 10128   220    21 -9999     0 -9999
2022 06 10 12   167   100 10129   210    21     6     0 -9999
2022 06 10 13   200   100 10126   210    31 -9999     0 -9999
2022 06 10 14   222   100 10130   220    46 -9999     0 -9999
2022 06 10 15   228    89 10130   220    51 -9999     0 -9999
2022 06 10 16   244    89 10126   220    36 -9999     0 -9999
2022 06 10 17   250    72 10122   240    21 -9999     0 -9999
2022 06 10 18   244    67 10119   250    31     8     0 -9999
2022 06 10 19   194   144 10125   340    46 -9999     0 -9999
2022 06 10 20   206   139 10124    10    31 -9999     0 -9999
2022 06 10 21   211   128 10119 -9999    15 -9999    -1 -9999
2022 06 10 22   194   156 10122   240    57 -9999     3 -9999
2022 06 10 23   183   144 10118   240    21 -9999     3 -9999
2022 06 11 00   189   150 10123   250    41     6     0     5
2022 06 11 01   183   128 10122   230    41     4     0 -9999
2022 06 11 02   172   128 10118   220    21     4     0 -9999
2022 06 11 03   161   128 10123   200    21     4     0 -9999
2022 06 11 04   161   128 10121   210    26 -9999     0 -9999
2022 06 11 05   156   128 10119   200    26 -9999     0 -9999
2022 06 11 06   150   128 10119   210    26     6     0 -9999
2022 06 11 07   150   128 10118   220    31 -9999     0 -9999
2022 06 11 08   156   133 10115   230    26 -9999     0 -9999
2022 06 11 09   156   139 10112   230    15 -9999     0 -9999
2022 06 11 10   156   139 10110   240    15 -9999     0 -9999
2022 06 11 11   156   133 10112   230    36 -9999     0 -9999
2022 06 11 12   167   133 10116   210    26     8     0 -9999
2022 06 11 13   167   139 10116   250    36 -9999     0 -9999
2022 06 11 14   183   144 10113   230    36 -9999     0 -9999
2022 06 11 15   206   139 10106   220    46 -9999     0 -9999
2022 06 11 16   211   139 10104   190    41 -9999     0 -9999
2022 06 11 17   217   150 10099   210    46 -9999     0 -9999
2022 06 11 18   217   156 10095   200    46     8     0 -9999
2022 06 11 19   222   156 10086   220    36 -9999     0 -9999
2022 06 11 20   222   156 10082   230    36 -9999     0 -9999
2022 06 11 21   222   161 10078   220    36 -9999    -1 -9999
2022 06 11 22   228   161 10071   210    41 -9999     0 -9999
2022 06 11 23   228   167 10070   230    31 -9999     0 -9999
2022 06 12 00   228   167 10067   210    26     6     0     0
2022 06 12 01   222   156 10066   210    21 -9999     0 -9999
2022 06 12 02   222   161 10067     0     0 -9999     0 -9999
2022 06 12 03   211   161 10073     0     0 -9999     0 -9999
2022 06 12 04   200   167 10076   220    21 -9999     0 -9999
2022 06 12 05   200   167 10077     0     0 -9999     0 -9999
2022 06 12 06   194   167 10082   220    26     6     0 -9999
2022 06 12 07   189   161 10069   170    15 -9999     0 -9999
2022 06 12 08   178   156 10073     0     0     4     0 -9999
2022 06 12 09   178   161 10074     0     0 -9999     0 -9999
2022 06 12 10   183   167 10080     0     0 -9999     0 -9999
2022 06 12 11   183   167 10083     0     0 -9999     0 -9999
2022 06 12 12   200   172 10092    30    51     6     0 -9999
2022 06 12 13   161   139 10102    30    51 -9999     0 -9999
2022 06 12 14   161   133 10105    40    46 -9999     0 -9999
2022 06 12 15   156   128 10111    30    57 -9999     0 -9999
2022 06 12 16   167   128 10116    60    46 -9999     0 -9999
2022 06 12 17   172   128 10117    40    41 -9999     0 -9999
2022 06 12 18   194   139 10113    40    62     6     0 -9999
2022 06 12 19   200   139 10108    40    46 -9999     0 -9999
2022 06 12 20   200   139 10103    50    46     4     0 -9999
2022 06 12 21   206   133 10105    30    57 -9999     0 -9999
2022 06 12 22   194   117 10101    70    51     4     0 -9999
2022 06 12 23   189   117 10103    50    51     2     0 -9999
2022 06 13 00   178   106 10112    30    46     4     0 -9999
2022 06 13 01   161    94 10120    40    57 -9999     0 -9999
2022 06 13 02   156    83 10120    40    46 -9999     0 -9999
2022 06 13 03   144    72 10128    50    36     4     0 -9999
2022 06 13 04   144    72 10125    60    41     4     0 -9999
2022 06 13 05   144    78 10126    30    36     4     0 -9999
2022 06 13 06   144    78 10125    20    31     4     0 -9999
2022 06 13 07   144    83 10123    20    31     4     0 -9999
2022 06 13 08   144    83 10127    30    36 -9999     0 -9999
2022 06 13 09   144    83 10122    30    21 -9999     0 -9999
2022 06 13 10   150    89 10123    60    21     4     0 -9999
2022 06 13 11   150    94 10123    90    15 -9999     0 -9999
2022 06 13 12   167   106 10117    80    31     4     0 -9999
2022 06 13 13   194   122 10118    80    21     4     0 -9999
2022 06 13 14   228   144 10125 -9999    15 -9999     0 -9999
2022 06 13 15   256   172 10116    90    26 -9999     0 -9999
2022 06 13 16   278   200 10101   120    57 -9999     0 -9999
2022 06 13 17   300   217 10105   130    46 -9999     0 -9999
2022 06 13 18   300   217 10099   140    51     8     0 -9999
2022 06 13 19   289   217 10098   110    31 -9999    -1 -9999
2022 06 13 20   294   222 10089    60    41 -9999    -1 -9999
2022 06 13 21   300   228 10084    80    31 -9999     0 -9999
2022 06 13 22   317   239 10067   130    51 -9999     0 -9999
2022 06 13 23   294   222 10056    80    82 -9999     0 -9999
2022 06 14 00   228   211 -9999   120   103 -9999    99    64
2022 06 14 01   239   211 10062   190    21 -9999    13 -9999
2022 06 14 02   244   222 10055   100    26 -9999     0 -9999
2022 06 14 03   239   222 10062   140    21 -9999     0 -9999
2022 06 14 04   233   217 10074    30    51 -9999     0 -9999
2022 06 14 05   222   206 10081    20    21 -9999     0 -9999
2022 06 14 06   211   194 10081   350    21     4     0   160
2022 06 14 07   200   183 10083    10    31     4     0 -9999
2022 06 14 08   189   172 10084    10    15     2     0 -9999
2022 06 14 09   189   172 10090     0     0     4     0 -9999
2022 06 14 10   194   178 10095     0     0     4     0 -9999
2022 06 14 11   206   183 10099     0     0     4     0 -9999
2022 06 14 12   239   211 10103   190    21     2     0 -9999
2022 06 14 13   278   244 10105   200    31     2     0 -9999
2022 06 14 14   300   244 10105   230    51     0     0 -9999
2022 06 14 15   311   239 10102   220    41     2     0 -9999
2022 06 14 16   322   239 10101   220    41     0     0 -9999
2022 06 14 17   333   228 10100   200    62     0     0 -9999
2022 06 14 18   339   228 10097   200    67     0     0 -9999
2022 06 14 19   356   222 10092   210    62     0     0 -9999
2022 06 14 20   356   217 10091   180    46     0     0 -9999
2022 06 14 21   361   217 10086   210    67     0     0 -9999
2022 06 14 22   361   206 10082   190    88     0     0 -9999
2022 06 14 23   356   211 10078   190    62     0     0 -9999
2022 06 15 00   356   200 10076   200    72     0     0 -9999
2022 06 15 01   344   206 10078   200    51     0     0 -9999
2022 06 15 02   333   206 10081   210    41     0     0 -9999
2022 06 15 03   322   200 10089   200    41     0     0 -9999
2022 06 15 04   317   200 10095   220    36     0     0 -9999
2022 06 15 05   306   206 10096   210    51     0     0 -9999
2022 06 15 06   300   206 10095   220    51     0     0 -9999
2022 06 15 07   294   206 10098   230    51     0     0 -9999
2022 06 15 08   289   211 10102   220    51     0     0 -9999
2022 06 15 09   283   211 10102   230    57     2     0 -9999
2022 06 15 10   278   211 10104   220    51     2     0 -9999
2022 06 15 11   272   211 10113   220    41     2     0 -9999
2022 06 15 12   272   217 10115   220    41     4     0 -9999
2022 06 15 13   283   211 10121   230    51 -9999     0 -9999
2022 06 15 14   294   211 10123   230    51     4     0 -9999
2022 06 15 15   306   211 10115   230    36 -9999     0 -9999
2022 06 15 16   311   211 10114   230    41 -9999     0 -9999
2022 06 15 17   328   217 10111   210    62 -9999     0 -9999
2022 06 15 18   328   206 10111   220    51     6     0 -9999
2022 06 15 19   339   206 10109   180    62 -9999     0 -9999
2022 06 15 20   344   194 10102   190    77 -9999     0 -9999
2022 06 15 21   356   183 10094   200    62 -9999     0 -9999
2022 06 15 22   356   161 10083   200   108 -9999     0 -9999
2022 06 15 23   350   156 10069   190   108 -9999     0 -9999
2022 06 16 00   344   167 10067   190    98     6     0 -9999
2022 06 16 01   328   178 10070   210    72     4     0 -9999
2022 06 16 02   328   183 10085   210    72 -9999     0 -9999
2022 06 16 03   317   183 10088   220    62 -9999     0 -9999
2022 06 16 04   311   189 10089   220    72 -9999     0 -9999
2022 06 16 05   306   178 10090   210    82 -9999     0 -9999
2022 06 16 06   244   222 10113   300    51     8    64    30
2022 06 16 07   239   222 10112   250    41 -9999    13 -9999
2022 06 16 08   239   222 10113   230    21 -9999    -1 -9999
2022 06 16 09   233   222 10117   230    21 -9999     0 -9999
2022 06 16 10   228   217 10122   270    26 -9999     0 -9999
2022 06 16 11   222   211 10129   250    26 -9999     0 -9999
2022 06 16 12   228   211 10133   240    21     4     0    50
2022 06 16 13   239   206 10134   230    46     2     0 -9999
2022 06 16 14   256   183 10138   220    46     2     0 -9999
2022 06 16 15   278   167 10136   230    51     2     0 -9999
2022 06 16 16   294   167 10134   230    36     0     0 -9999
2022 06 16 17   306   144 10133   230    57     0     0 -9999
2022 06 16 18   328   117 10129   240    82     0     0 -9999
2022 06 16 19   333   106 10123   250    82     0     0 -9999
2022 06 16 20   333   117 10120   240    93     0     0 -9999
2022 06 16 21   339   100 10113   270    82     0     0 -9999
2022 06 16 22   339    83 10110   260    88     0     0 -9999
2022 06 16 23   333    94 10108   250    82     0     0 -9999
2022 06 17 00   317   117 10111   250    72     0     0 -9999
2022 06 17 01   311   100 10110   270    88     0     0 -9999
2022 06 17 02   294   106 10114   260    51     2     0 -9999
2022 06 17 03   283   117 10124   260    41     0     0 -9999
2022 06 17 04   267   122 10127   260    36     2     0 -9999
2022 06 17 05   256   128 10134   290    36     2     0 -9999
2022 06 17 06   244   133 10135   280    26     0     0 -9999
2022 06 17 07   233   133 10132   290    31     0     0 -9999
2022 06 17 08   222   133 10134   310    31     0     0 -9999
2022 06 17 09   217   133 10141   310    36     0     0 -9999
2022 06 17 10   211   133 10142   300    26 -9999     0 -9999
2022 06 17 11   211   133 10151   260    21 -9999     0 -9999
2022 06 17 12   217   139 10164   260    26     6     0 -9999
2022 06 17 13   233   139 10167   300    46 -9999     0 -9999
2022 06 17 14   244   133 10169   320    57 -9999     0 -9999
2022 06 17 15   261   128 10168   310    46 -9999     0 -9999
2022 06 17 16   267   122 10168   330    46 -9999     0 -9999
2022 06 17 17   272   117 10161   290    36     2     0 -9999
2022 06 17 18   278   139 10158   320    62     2     0 -9999
2022 06 17 19   278   122 10159   340    57     2     0 -9999
2022 06 17 20   283   128 10158   330    62     0     0 -9999
2022 06 17 21   283   128 10152   330    72     0     0 -9999
2022 06 17 22   283   128 10148   330    41     2     0 -9999
2022 06 17 23   278   117 10151   340    46     2     0 -9999
2022 06 18 00   272   122 10156    30    51     2     0 -9999
2022 06 18 01   256   111 10163    60    57     2     0 -9999
2022 06 18 02   228   122 10173    20    82     2     0 -9999
2022 06 18 03   206   100 10184    30    51     2     0 -9999
2022 06 18 04   200    94 10189    20    36     2     0 -9999
2022 06 18 05   189    94 10192    20    46     2     0 -9999
2022 06 18 06   178    94 10198    30    57     0     0 -9999
2022 06 18 07   178    89 10203    40    51     0     0 -9999
2022 06 18 08   172    89 10206    40    51     0     0 -9999
2022 06 18 09   167    89 10209    40    46     0     0 -9999
2022 06 18 10   156    94 10215    30    36     0     0 -9999
2022 06 18 11   156   106 10223    20    31     0     0 -9999
2022 06 18 12   161   100 10229    30    51     0     0 -9999
2022 06 18 13   178    89 10234    20    46     0     0 -9999
2022 06 18 14   183    78 10242    10    46     0     0 -9999
2022 06 18 15   194    83 10248    40    41     0     0 -9999
2022 06 18 16   194    78 10251    30    51     0     0 -9999
2022 06 18 17   206    72 10251    30    46     0     0 -9999
2022 06 18 18   217    67 10252    20    51     0     0 -9999
2022 06 18 19   211    56 10250    20    46     0     0 -9999
2022 06 18 20   217    33 10248    20    51     2     0 -9999
2022 06 18 21   217    22 10244    50    57     2     0 -9999
2022 06 18 22   211    11 10244    30    51     2     0 -9999
2022 06 18 23   200    28 10240    60    51     2     0 -9999
2022 06 19 00   189    17 10239    30    57     2     0 -9999
2022 06 19 01   167    22 10237    40    51     4     0 -9999
2022 06 19 02   156    28 10235    30    46 -9999     0 -9999
2022 06 19 03   150    44 10242    30    41     4     0 -9999
2022 06 19 04   139    50 10244    20    26     2     0 -9999
2022 06 19 05   139    44 10240    20    26     2     0 -9999
2022 06 19 06   128    50 10237    20    26     2     0 -9999
2022 06 19 07   133    56 10237   340    15     2 -9999 -9999
2022 06 19 08   128    67 10235     0     0     2 -9999 -9999
2022 06 19 09   111    67 10237     0     0     2 -9999 -9999
2022 06 19 10   122    67 10240     0     0     4 -9999 -9999
2022 06 19 11   133    78 10245     0     0 -9999 -9999 -9999
2022 06 19 12   139    83 10250   250    15     6 -9999 -9999
2022 06 19 13   172    89 10252   110    15     4 -9999 -9999
2022 06 19 14   194    89 10248   170    31     4 -9999 -9999
2022 06 19 15   217    89 10242   170    31     4 -9999 -9999
2022 06 19 16   233    78 10244   220    31     4 -9999 -9999
2022 06 19 17   250    72 10237   180    36     4 -9999 -9999
2022 06 19 18   267    67 10233   180    36     4 -9999 -9999
2022 06 19 19   272    67 10224   160    46     4 -9999 -9999
2022 06 19 20   283    61 10217   220    36     4 -9999 -9999
2022 06 19 21   283    56 10210   180    36     4 -9999 -9999
2022 06 19 22   294    44 10203   230    41     4 -9999 -9999
2022 06 19 23   294    33 10200   210    46     4 -9999 -9999
2022 06 20 00   289    56 10197   200    41     4 -9999 -9999
2022 06 20 01   278    56 10190   190    26 -9999 -9999 -9999
2022 06 20 02   256    67 10190   170    26 -9999 -9999 -9999
2022 06 20 03   244    72 10187   210    26 -9999 -9999 -9999
2022 06 20 04   228    78 10185   180    31 -9999 -9999 -9999
2022 06 20 05   222    89 10185   190    21     4 -9999 -9999
2022 06 20 06   211    94 10188   190    21     2 -9999 -9999
2022 06 20 07   200   100 10193   180    26     2     0 -9999
2022 06 20 08   200   106 10190   220    36     0     0 -9999
2022 06 20 09   194   106 10188   220    26     2     0 -9999
2022 06 20 10   183   111 10191   210    15     4     0 -9999
2022 06 20 11   183   111 10196   220    36     4     0 -9999
2022 06 20 12   200   111 10203   210    36     2     0 -9999
2022 06 20 13   217   117 10202   220    36     2     0 -9999
2022 06 20 14   244   122 10198   220    46     2     0 -9999
2022 06 20 15   267   128 10197   240    51     2     0 -9999
2022 06 20 16   283   139 10197   250    41     2     0 -9999
2022 06 20 17   294   139 10195   230    36     2     0 -9999
2022 06 20 18   317   133 10191   200    41     2     0 -9999
2022 06 20 19   333   133 10186   210    36     2     0 -9999
2022 06 20 20   339   128 10183   230    46     4     0 -9999
2022 06 20 21   344   117 10178   220    67     4     0 -9999
2022 06 20 22   344    94 10173   230    67     4     0 -9999
2022 06 20 23   344    89 10167   230    62     4     0 -9999
2022 06 21 00   333    89 10163   220    57     4     0 -9999
2022 06 21 01   317   106 10161   230    57     2     0 -9999
2022 06 21 02   300   117 10159   220    41     2     0 -9999
2022 06 21 03   283   133 10161   210    36     0     0 -9999
2022 06 21 04   278   128 10164   210    51     0     0 -9999
2022 06 21 05   267   133 10160   210    46     0     0 -9999
2022 06 21 06   256   139 10162   210    31     0     0 -9999
2022 06 21 07   256   133 10164   220    51     0     0 -9999
2022 06 21 08   239   133 10168   230    51     0     0 -9999
2022 06 21 09   233   133 10172   220    51     0     0 -9999
2022 06 21 10   228   139 10171   220    36     0     0 -9999
2022 06 21 11   228   144 10176   220    46     0     0 -9999
2022 06 21 12   244   156 10180   230    51     0     0 -9999
2022 06 21 13   261   167 10180   230    57     0     0 -9999
2022 06 21 14   283   167 10177   250    57     0     0 -9999
2022 06 21 15   300   178 10173   250    46     0     0 -9999
2022 06 21 16   322   183 10165   220    57     0     0 -9999
2022 06 21 17   339   178 10165   240    62     0     0 -9999
2022 06 21 18   350   183 10160   230    77     2     0 -9999
2022 06 21 19   356   194 10152   220    82     0     0 -9999
2022 06 21 20   367   194 10146   220    82     0     0 -9999
2022 06 21 21   367   194 10143   230    67     0     0 -9999
2022 06 21 22   367   200 10141   240    46     0     0 -9999
2022 06 21 23   361   200 10135   230    88     0     0 -9999
2022 06 22 00   350   206 10136   240    51     2     0 -9999
2022 06 22 01   339   206 10134   240    67     2     0 -9999
2022 06 22 02   328   211 10138   230    62     4     0 -9999
2022 06 22 03   322   217 10145   230    46     4     0 -9999
2022 06 22 04   311   222 10146   250    51 -9999     0 -9999
2022 06 22 05   306   189 10144   260    46 -9999     0 -9999
2022 06 22 06   289   172 10147   280    36     4     0 -9999
2022 06 22 07   278   178 10153   300    41     4     0 -9999
2022 06 22 08   272   178 10157   320    46     4     0 -9999
2022 06 22 09   261   161 10158   330    26 -9999     0 -9999
2022 06 22 10   250   161 10161   330    31     4     0 -9999
2022 06 22 11   256   156 10166   320    21 -9999     0 -9999
2022 06 22 12   256   144 10170   320    46     8     0 -9999
2022 06 22 13   250   139 10173   340    36 -9999     0 -9999
2022 06 22 14   272   139 10173   350    46 -9999     0 -9999
2022 06 22 15   278   133 10177   350    31 -9999     0 -9999
2022 06 22 16   283   122 10176   280    26 -9999     0 -9999
2022 06 22 17   289   122 10175   260    36     4     0 -9999
2022 06 22 18   300   117 10171   290    51     4     0 -9999
2022 06 22 19   306   122 10168   290    67     2     0 -9999
2022 06 22 20   306   122 10165   290    46     2     0 -9999
2022 06 22 21   311   117 10163   330    51     2     0 -9999
2022 06 22 22   311   117 10157   300    72     2     0 -9999
2022 06 22 23   306   117 10152   300    67     2     0 -9999
2022 06 23 00   294   128 10154   330    36     2     0 -9999
2022 06 23 01   278   122 10158   340    51     2     0 -9999
2022 06 23 02   267   133 10160   340    36     2     0 -9999
2022 06 23 03   261   139 10166    10    31     2     0 -9999
2022 06 23 04   239   144 10167   340    26     2     0 -9999
2022 06 23 05   239   144 10167   330    31     2     0 -9999
2022 06 23 06   222   144 10166   350    41     2     0 -9999
2022 06 23 07   217   144 10167   340    31     2     0 -9999
2022 06 23 08   206   133 10168   340    31     2     0 -9999
2022 06 23 09   194   128 10170   350    31     2     0 -9999
2022 06 23 10   183   128 10170    20    31     2     0 -9999
2022 06 23 11   194   133 10176    30    31     2     0 -9999
2022 06 23 12   206   144 10178    50    31     4     0 -9999
2022 06 23 13   228   144 10180    70    36     4     0 -9999
2022 06 23 14   244   139 10181    80    31     4     0 -9999
2022 06 23 15   256   128 10180    70    31     4     0 -9999
2022 06 23 16   278   111 10176    80    31     2     0 -9999
2022 06 23 17   272   106 10175   110    26     2     0 -9999
2022 06 23 18   289   106 10171   110    15     2     0 -9999
2022 06 23 19   289   100 10165    70    15     2     0 -9999
2022 06 23 20   289    94 10162   100    51     2     0 -9999
2022 06 23 21   289    94 10161    80    36     0     0 -9999
2022 06 23 22   283    94 10160   110    36     0     0 -9999
2022 06 23 23   283    89 10158    80    36     2     0 -9999
2022 06 24 00   272    89 10156   100    41     2     0 -9999
2022 06 24 01   256    83 10154   120    46     2     0 -9999
2022 06 24 02   239    83 10153   130    36     2     0 -9999
2022 06 24 03   222    83 10155   130    26     0     0 -9999
2022 06 24 04   217    89 10154   160    15     2     0 -9999
2022 06 24 05   217    94 10156   160    15     0     0 -9999
2022 06 24 06   211   100 10154     0     0     0     0 -9999
2022 06 24 07   200   106 10152     0     0     0     0 -9999
2022 06 24 08   200   111 10151   180    15     0     0 -9999
2022 06 24 09   194   106 10153     0     0     2     0 -9999
2022 06 24 10   194   106 10160     0     0     2     0 -9999
2022 06 24 11   189   106 10166     0     0     2     0 -9999
2022 06 24 12   206   106 10165   220    21     2     0 -9999
2022 06 24 13   239    94 10165   220    21     2     0 -9999
2022 06 24 14   267    78 10167   210    31 -9999     0 -9999
2022 06 24 15   283    89 10168   240    41 -9999     0 -9999
2022 06 24 16   289   106 10166   240    26 -9999     0 -9999
2022 06 24 17   306   117 10166   150    21 -9999     0 -9999
2022 06 24 18   317   117 10164     0     0     6     0 -9999
2022 06 24 19   328   117 10162   160    31 -9999     0 -9999
2022 06 24 20   333   111 10158   210    36 -9999     0 -9999
2022 06 24 21   328   106 10155   200    36 -9999     0 -9999
2022 06 24 22   328   106 10152   180    41 -9999     0 -9999
2022 06 24 23   317   117 10146   140    46 -9999     0 -9999
2022 06 25 00   311   122 10147   120    51     2     0 -9999
2022 06 25 01   294   117 10147   110    46     2     0 -9999
2022 06 25 02   278   117 10151   130    41     2     0 -9999
2022 06 25 03   261   122 10153   120    31     0     0 -9999
2022 06 25 04   250   133 10155   140    21     2     0 -9999
2022 06 25 05   239   133 10156   140    31     0     0 -9999
2022 06 25 06   233   133 10151   130    26     2     0 -9999
2022 06 25 07   233   133 10147   190    21     2     0 -9999
2022 06 25 08   222   133 10147   170    15     2     0 -9999
2022 06 25 09   217   133 10151   130    15     2     0 -9999
2022 06 25 10   228   122 10149   180    31     4     0 -9999
2022 06 25 11   222   117 10154   170    41 -9999     0 -9999
2022 06 25 12   228   117 10149   180    36     8     0 -9999
2022 06 25 13   228   122 10155   170    36 -9999     0 -9999
2022 06 25 14   228   133 10166   220    41 -9999    -1 -9999
2022 06 25 15   206   161 10172   230    26 -9999     5 -9999
2022 06 25 16   194   178 10166   190    31 -9999    33 -9999
2022 06 25 17   200   172 10153   200    62 -9999     5 -9999
2022 06 25 18   200   178 10153   190    57     8    10    50
2022 06 25 19   200   172 10124   180    67 -9999     8 -9999
2022 06 25 20   239   178 10129   190    62 -9999     0 -9999
2022 06 25 21   244   167 10129   190    46 -9999     0 -9999
2022 06 25 22   250   167 10128   190    41 -9999     0 -9999
2022 06 25 23   250   172 10128   210    36 -9999    -1 -9999
2022 06 26 00   250   178 10127   190    15     8     0    10
2022 06 26 01   250   183 10128   160    15 -9999     0 -9999
2022 06 26 02   250   183 10131   180    15 -9999     0 -9999
2022 06 26 03   244   183 10130   170    26 -9999     0 -9999
2022 06 26 04   244   189 10134   220    15 -9999     0 -9999
2022 06 26 05   244   189 10132   200    15 -9999     0 -9999
2022 06 26 06   239   194 10138   290    15     8     0 -9999
2022 06 26 07   222   194 10138   310    21 -9999     0 -9999
2022 06 26 08   217   194 10138   320    31 -9999     0 -9999
2022 06 26 09   211   194 10145   280    15     2     0 -9999
2022 06 26 10   206   189 10146   250    21 -9999     0 -9999
2022 06 26 11   206   189 10151   240    15     4     0 -9999
2022 06 26 12   217   194 10158   320    46     4     0 -9999
2022 06 26 13   228   183 10163   340    46 -9999     0 -9999
2022 06 26 14   222   172 10169   310    57 -9999     0 -9999
2022 06 26 15   233   161 10170   310    62 -9999     0 -9999
2022 06 26 16   244   117 10174   300    62 -9999     0 -9999
2022 06 26 17   256   100 10173   300    67     2     0 -9999
2022 06 26 18   256   100 10171   280    82     2     0 -9999
2022 06 26 19   261   106 10172   280    67     4     0 -9999
2022 06 26 20   261   111 10170   280    82 -9999     0 -9999
2022 06 26 21   267   106 10169   290    72 -9999     0 -9999
2022 06 26 22   261   106 10167   290    72 -9999     0 -9999
2022 06 26 23   256   106 10167   300    62 -9999     0 -9999
2022 06 27 00   250   100 10170   290    67     6     0 -9999
2022 06 27 01   239    89 10176   310    77 -9999     0 -9999
2022 06 27 02   222    89 10189   310    51     4     0 -9999
2022 06 27 03   211    83 10203   310    36     2     0 -9999
2022 06 27 04   200    89 10206   310    26     2     0 -9999
2022 06 27 05   189    94 10210   290    21     2     0 -9999
2022 06 27 06   183    89 10210   270    26     2     0 -9999
2022 06 27 07   172    89 10211   260    26     2     0 -9999
2022 06 27 08   167    89 10208   260    31     2     0 -9999
2022 06 27 09   167    89 10210   290    31     2     0 -9999
2022 06 27 10   161    89 10213   310    36     0     0 -9999
2022 06 27 11   161    89 10221   320    36     0     0 -9999
2022 06 27 12   178    78 10225   310    31     0     0 -9999
2022 06 27 13   194    78 10229   320    41     0     0 -9999
2022 06 27 14   211    72 10233   310    41     0     0 -9999
2022 06 27 15   222    67 10235   310    57     2     0 -9999
2022 06 27 16   233    72 10238   340    51     2     0 -9999
2022 06 27 17   233    61 10238   300    36     2     0 -9999
2022 06 27 18   244    61 10233   320    46     2     0 -9999
2022 06 27 19   244    44 10230   320    46     2     0 -9999
2022 06 27 20   256    33 10227   320    41     2     0 -9999
2022 06 27 21   256    44 10225   320    46     0     0 -9999
2022 06 27 22   256    50 10222   290    36     0     0 -9999
2022 06 27 23   256    33 10220   320    46     0     0 -9999
2022 06 28 00   250    44 10222   360    41     0     0 -9999
2022 06 28 01   217    94 10224    90    46     0     0 -9999
2022 06 28 02   194    94 10226   100    31     0     0 -9999
2022 06 28 03   189    94 10231   100    26     0     0 -9999
2022 06 28 04   178   100 10232   160    21     0     0 -9999
2022 06 28 05   178    94 10230   150    21     2     0 -9999
2022 06 28 06   172   100 10229     0     0     2     0 -9999
2022 06 28 07   172   100 10229   190    26     2     0 -9999
2022 06 28 08   167    83 10229   190    26     0     0 -9999
2022 06 28 09   167    78 10229   190    31     2     0 -9999
2022 06 28 10   161    78 10233   180    26     0     0 -9999
2022 06 28 11   161    78 10234   190    36     2     0 -9999
2022 06 28 12   178    83 10234   200    36     2     0 -9999
2022 06 28 13   206    94 10236   210    31     0     0 -9999
2022 06 28 14   228   106 10234   200    36     0     0 -9999
2022 06 28 15   244   117 10232   210    41     0     0 -9999
2022 06 28 16   256   111 10230   250    36     2     0 -9999
2022 06 28 17   272   106 10223   250    46     2     0 -9999
2022 06 28 18   278   106 10218   260    41     4     0 -9999
2022 06 28 19   278   100 10211   240    41 -9999     0 -9999
2022 06 28 20   283    89 10204 -9999    31 -9999     0 -9999
2022 06 28 21   289    83 10199   210    41     4     0 -9999
2022 06 28 22   283    83 10195   240    46     4     0 -9999
2022 06 28 23   289    72 10191   240    51     4     0 -9999
2022 06 29 00   278    83 10188   240    41     4     0 -9999
2022 06 29 01   272    89 10186   240    46     4     0 -9999
2022 06 29 02   256    94 10184   230    36     4     0 -9999
2022 06 29 03   244   100 10191   230    21     4     0 -9999
2022 06 29 04   233   106 10194   210    26     4     0 -9999
2022 06 29 05   222   117 10196   210    26 -9999     0 -9999
2022 06 29 06   222   122 10194   210    31     4     0 -9999
2022 06 29 07   217   128 10195   220    41     4     0 -9999
2022 06 29 08   222   128 10195   210    51 -9999     0 -9999
2022 06 29 09   200   150 10201   200    31 -9999     5 -9999
2022 06 29 10   194   156 10202   210    15 -9999    -1 -9999
2022 06 29 11   194   161 10202   190    21 -9999     0 -9999
2022 06 29 12   206   144 10204   220    46     4     0     5
2022 06 29 13   217   139 10206   230    41     2     0 -9999
2022 06 29 14   239   133 10206   250    41     2     0 -9999
2022 06 29 15   250   139 10207 -9999    31     2     0 -9999
2022 06 29 16   272   144 10211   290    21     2     0 -9999
2022 06 29 17   283   144 10211     0     0     2     0 -9999
2022 06 29 18   289   150 10209   190    31     2     0 -9999
2022 06 29 19   306   139 10205   310    31     2     0 -9999
2022 06 29 20   300   144 10203    90    57     2     0 -9999
2022 06 29 21   294   144 10200   100    46     2     0 -9999
2022 06 29 22   294   150 10199    80    41     2     0 -9999
2022 06 29 23   283   150 10192    90    46     2     0 -9999
2022 06 30 00   278   150 10192   100    46     2     0 -9999
2022 06 30 01   267   150 10191    90    36     0     0 -9999
2022 06 30 02   256   144 10193    90    26     0     0 -9999
2022 06 30 03   244   144 10196   110    21     0     0 -9999
2022 06 30 04   233   156 10193   140    26     0     0 -9999
2022 06 30 05   233   161 10193   170    21     0     0 -9999
2022 06 30 06   250   172 10191   210    41     0     0 -9999
2022 06 30 07   256   167 10191   210    57     0     0 -9999
2022 06 30 08   250   161 10188   220    51     0     0 -9999
2022 06 30 09   239   167 10188   220    51     0     0 -9999
2022 06 30 10   233   161 10186   220    51     2     0 -9999
2022 06 30 11   233   156 10185   210    36     2     0 -9999
2022 06 30 12   239   156 10173   210    72     4     0 -9999
2022 06 30 13   250   150 10183   220    51     2     0 -9999
2022 06 30 14   267   150 10179   210    67     2     0 -9999
2022 06 30 15   283   150 10174   210    67     2     0 -9999
2022 06 30 16   300   144 10169   220    88     4     0 -9999
2022 06 30 17   311   150 10162   240    62 -9999     0 -9999
2022 06 30 18   311   144 10151   200    77     6     0 -9999
2022 06 30 19   322   144 10146   220    62     4     0 -9999
2022 06 30 20   328   133 10138   230    72     4     0 -9999
2022 06 30 21   328   133 10137   200    98 -9999     0 -9999
2022 06 30 22   328   122 10132   220    72 -9999     0 -9999
2022 06 30 23   317   122 10130   220    62 -9999     0 -9999
2022 07 01 00   317   128 10127   200    67     4     0 -9999
2022 07 01 01   300   128 10129   210    62 -9999     0 -9999
2022 07 01 02   289   139 10130   210    46 -9999     0 -9999
2022 07 01 03   278   139 10133   210    46 -9999     0 -9999
2022 07 01 04   272   139 10134   220    31 -9999     0 -9999
2022 07 01 05   267   139 10134   220    46 -9999     0 -9999
2022 07 01 06   261   139 10131   210    41     6     0 -9999
2022 07 01 07   256   139 10126   210    46 -9999     0 -9999
2022 07 01 08   250   139 10124   220    41 -9999     0 -9999
2022 07 01 09   244   139 10121   220    36 -9999     0 -9999
2022 07 01 10   239   144 10119   220    41 -9999     0 -9999
2022 07 01 11   239   144 10119   220    41 -9999     0 -9999
2022 07 01 12   239   150 10125   250    31     6     0 -9999
2022 07 01 13   244   150 10127   260    26 -9999    -1 -9999
2022 07 01 14   256   156 10129   290    36 -9999     0 -9999
2022 07 01 15   267   161 10133    10    36 -9999     0 -9999
2022 07 01 16   267   178 10138    30    57 -9999     0 -9999
2022 07 01 17   244   133 10144    50    57 -9999     0 -9999
2022 07 01 18   239   117 10147    40    62     6     0     0
2022 07 01 19   233   133 10154   110    36 -9999     0 -9999
2022 07 01 20   239   128 10146   100    31 -9999     0 -9999
2022 07 01 21   244   122 10145    30    31 -9999     0 -9999
2022 07 01 22   250   128 10141     0     0 -9999     0 -9999
2022 07 01 23   250   139 10139     0     0 -9999     0 -9999
2022 07 02 00   244   133 10143    10    15     6     0 -9999
2022 07 02 01   239   133 10139   110    26 -9999     0 -9999
2022 07 02 02   217   128 10143   100    26     4     0 -9999
2022 07 02 03   211   139 10148   160    21     2     0 -9999
2022 07 02 04   211   156 10151   200    15     4     0 -9999
2022 07 02 05   206   156 10153     0     0     2     0 -9999
2022 07 02 06   194   156 10153     0     0     2     0 -9999
2022 07 02 07   189   161 10155     0     0     2     0 -9999
2022 07 02 08   183   156 10155   280    21     2     0 -9999
2022 07 02 09   183   150 10156   280    21     2     0 -9999
2022 07 02 10   183   144 10159   270    21     2     0 -9999
2022 07 02 11   183   139 10162   270    15     2     0 -9999
2022 07 02 12   206   128 10165   310    26     2     0 -9999
2022 07 02 13   222   111 10167   350    41     4     0 -9999
2022 07 02 14   250    89 10169    40    36     4     0 -9999
2022 07 02 15   267    78 10175    30    31     4     0 -9999
2022 07 02 16   278    72 10175    30    26 -9999     0 -9999
2022 07 02 17   278    67 10180 -9999    21 -9999     0 -9999
2022 07 02 18   283    67 10176    50    36     6     0 -9999
2022 07 02 19   289    67 10170   360    31 -9999     0 -9999
2022 07 02 20   300    72 10167 -9999    21 -9999     0 -9999
2022 07 02 21   294    83 10164    90    46 -9999     0 -9999
2022 07 02 22   294    78 10165   100    46 -9999     0 -9999
2022 07 02 23   278    78 10166   100    36 -9999     0 -9999
2022 07 03 00   278    72 10166   150    31     6     0 -9999
2022 07 03 01   261    72 10167   150    41 -9999     0 -9999
2022 07 03 02   256    83 10169   180    26 -9999     0 -9999
2022 07 03 03   244    83 10173   180    31 -9999     0 -9999
2022 07 03 04   244    89 10174   190    31 -9999     0 -9999
2022 07 03 05   239    94 10175   200    31 -9999     0 -9999
2022 07 03 06   239   100 10178   230    21     6     0 -9999
2022 07 03 07   228   106 10177   230    21 -9999     0 -9999
2022 07 03 08   217   111 10178   240    21     2     0 -9999
2022 07 03 09   211   128 10182   260    15     2     0 -9999
2022 07 03 10   206   150 10187   310    15     2     0 -9999
2022 07 03 11   206   150 10194   310    15     0     0 -9999
2022 07 03 12   217   150 10200     0     0     2     0 -9999
2022 07 03 13   233   139 10203     0     0     0     0 -9999
2022 07 03 14   261   128 10203   360    21     0     0 -9999
2022 07 03 15   278   139 10203    10    36     0     0 -9999
2022 07 03 16   289   139 10201   360    31     0     0 -9999
2022 07 03 17   300   139 10200    80    21     2     0 -9999
2022 07 03 18   300   133 10196     0     0     2     0 -9999
2022 07 03 19   300   139 10193    80    51 -9999     0 -9999
2022 07 03 20   294   139 10194    90    51 -9999     0 -9999
2022 07 03 21   306   144 10191    70    57     4     0 -9999
2022 07 03 22   306   144 10189   110    46     4     0 -9999
2022 07 03 23   294   139 10185    90    46     2     0 -9999
2022 07 04 00   289   133 10183    90    51     2     0 -9999
2022 07 04 01   278   133 10182   110    41     2     0 -9999
2022 07 04 02   256   133 10187   130    36     2     0 -9999
2022 07 04 03   250   139 10192   130    36     2     0 -9999
2022 07 04 04   244   144 10188   130    26     2     0 -9999
2022 07 04 05   239   144 10189   140    15     2     0 -9999
2022 07 04 06   228   144 10185   140    21     2     0 -9999
2022 07 04 07   228   144 10185   150    26     2     0 -9999
2022 07 04 08   222   150 10183   140    21     2     0 -9999
2022 07 04 09   222   150 10182   170    26     0     0 -9999
2022 07 04 10   217   144 10188   150    21     2     0 -9999
2022 07 04 11   217   150 10183   170    26     4     0 -9999
2022 07 04 12   228   144 10182   180    46     6     0 -9999
2022 07 04 13   239   150 10182   190    31 -9999     0 -9999
2022 07 04 14   267   156 10180   160    26 -9999     0 -9999
2022 07 04 15   294   161 10172   190    46 -9999     0 -9999
2022 07 04 16   300   156 10171   190    62 -9999     0 -9999
2022 07 04 17   294   167 10171   190    46 -9999     0 -9999
2022 07 04 18   294   167 10166   190    51     8     0 -9999
2022 07 04 19   289   172 10158   170    51 -9999     0 -9999
2022 07 04 20   272   189 10142   170    51 -9999    -1 -9999
2022 07 04 21   267   194 10137   180    62 -9999    -1 -9999
2022 07 04 22   272   200 10141   160    46 -9999     0 -9999
2022 07 04 23   250   217 10136   160    41 -9999    64 -9999
2022 07 05 00   261   222 10128   180    57     6     0    60
2022 07 05 01   261   217 10117   180    57 -9999     0 -9999
2022 07 05 02   256   211 10110   190    62     4     0 -9999
2022 07 05 03   256   206 10113   190    41     4     0 -9999
2022 07 05 04   261   211 10116   210    46 -9999     0 -9999
2022 07 05 05   250   194 10133   340    88 -9999     0 -9999
2022 07 05 06   206   190 10141   270    46 -9999   112    91
2022 07 05 07   228   194 10109   240    57 -9999   112 -9999
2022 07 05 08   233   211 10103   230    51 -9999    -1 -9999
2022 07 05 09   233   206 10104   200    51 -9999     0 -9999
2022 07 05 10   233   211 10105   210    62 -9999     0 -9999
2022 07 05 11   239   217 10110   220    46 -9999     0 -9999
2022 07 05 12   250   228 10110   230    36     6     0   130
2022 07 05 13   267   239 10111   250    41 -9999     0 -9999
2022 07 05 14   289   244 10111   310    26 -9999     0 -9999
2022 07 05 15   306   244 10108 -9999    31     4     0 -9999
2022 07 05 16   306   239 10110   250    41 -9999     0 -9999
2022 07 05 17   322   239 10109   260    26 -9999     0 -9999
2022 07 05 18   339   239 10108    50    36     6     0 -9999
2022 07 05 19   322   239 10107    90    36 -9999     0 -9999
2022 07 05 20   328   239 10102    80    31     4     0 -9999
2022 07 05 21   333   239 10099    60    41     4     0 -9999
2022 07 05 22   306   228 10098    30    62     4     0 -9999
2022 07 05 23   294   222 10091    80    36 -9999     0 -9999
2022 07 06 00   272   222 10092    80    31     6     0 -9999
2022 07 06 01   256   217 10095 -9999    26 -9999     0 -9999
2022 07 06 02   250   217 10121   330    41 -9999    -1 -9999
2022 07 06 03   233   211 10119    30    67 -9999    20 -9999
2022 07 06 04   222   200 -9999    60    51 -9999    -1 -9999
2022 07 06 05   217   194 10109    70    41 -9999    -1 -9999
2022 07 06 06   222   200 10122    50    41     8    -1    20
2022 07 06 07   217   200 10121    80    46 -9999    71 -9999
2022 07 06 08   217   200 10109   100    41 -9999    13 -9999
2022 07 06 09   217   206 10101   150    26 -9999    -1 -9999
2022 07 06 10   217   206 10121   360    41 -9999     5 -9999
2022 07 06 11   211   200 10127    20    51 -9999    -1 -9999
2022 07 06 12   211   200 10130    20    26     8     0    90
2022 07 06 13   211   200 10133    20    41 -9999    -1 -9999
2022 07 06 14   217   200 10138    20    41 -9999    -1 -9999
2022 07 06 15   217   194 10140    30    62 -9999     0 -9999
2022 07 06 16   233   194 10144    20    46 -9999     0 -9999
2022 07 06 17   233   194 10147    30    51 -9999     0 -9999
2022 07 06 18   261   200 10145    20    41     6     0     0
2022 07 06 19   256   200 10149    50    46 -9999     0 -9999
2022 07 06 20   244   194 10150    30    57 -9999     0 -9999
2022 07 06 21   244   194 10152    40    67 -9999     0 -9999
2022 07 06 22   250   194 10156    40    36 -9999     0 -9999
2022 07 06 23   256   194 10152    30    46 -9999     0 -9999
2022 07 07 00   233   189 10154    40    67     6     0 -9999
2022 07 07 01   217   183 10157    20    46 -9999     0 -9999
2022 07 07 02   206   183 10156    30    51 -9999     0 -9999
2022 07 07 03   206   178 10162    30    57 -9999     0 -9999
2022 07 07 04   206   178 10164    20    41 -9999     0 -9999
2022 07 07 05   206   178 10167    20    46 -9999     0 -9999
2022 07 07 06   200   178 10162    30    41     6     0 -9999
2022 07 07 07   200   178 10159    30    36 -9999     0 -9999
2022 07 07 08   200   178 10159    30    36 -9999     0 -9999
2022 07 07 09   206   183 10162    30    26 -9999     0 -9999
2022 07 07 10   206   183 10162    30    31 -9999     0 -9999
2022 07 07 11   206   189 10163    40    36 -9999     0 -9999
2022 07 07 12   211   194 10165    60    36     8     0 -9999
2022 07 07 13   228   200 10166   100    21 -9999     0 -9999
2022 07 07 14   244   200 10163    80    26 -9999     0 -9999
2022 07 07 15   267   200 10161 -9999    15 -9999     0 -9999
2022 07 07 16   283   194 10165   110    21 -9999     0 -9999
2022 07 07 17   283   194 10163   110    21 -9999     0 -9999
2022 07 07 18   289   194 10159     0     0     8     0 -9999
2022 07 07 19   283   194 10154   110    36 -9999     0 -9999
2022 07 07 20   289   194 10146   100    46 -9999     0 -9999
2022 07 07 21   300   200 10141   100    46 -9999     0 -9999
2022 07 07 22   294   194 10135    90    57 -9999     0 -9999
2022 07 07 23   294   200 10142   120    26 -9999     0 -9999
2022 07 08 00   278   194 10141   120    36     6     0 -9999
2022 07 08 01   267   200 10141    80    46 -9999     0 -9999
2022 07 08 02   250   189 10146   100    41 -9999     0 -9999
2022 07 08 03   239   189 10152    80    36     4     0 -9999
2022 07 08 04   233   189 10153   110    26     4     0 -9999
2022 07 08 05   233   189 10153   100    26 -9999     0 -9999
2022 07 08 06   239   194 10147   120    15     6     0 -9999
2022 07 08 07   244   194 10147     0     0 -9999     0 -9999
2022 07 08 08   239   200 10143   120    15 -9999     0 -9999
2022 07 08 09   244   200 10139    90    21 -9999     0 -9999
2022 07 08 10   239   200 10142    30    31 -9999     0 -9999
2022 07 08 11   233   206 10147    40    41 -9999     0 -9999
2022 07 08 12   233   206 10151    40    41     8     0 -9999
2022 07 08 13   244   206 10153    80    31 -9999     0 -9999
2022 07 08 14   244   211 10151    70    46 -9999     0 -9999
2022 07 08 15   244   206 10156    60    46 -9999     0 -9999
2022 07 08 16   244   206 10161    70    41 -9999     0 -9999
2022 07 08 17   244   211 10161    60    51 -9999    -1 -9999
2022 07 08 18   233   217 10164    60    41     8    -1    -1
2022 07 08 19   222   200 10164    20    82 -9999    -1 -9999
2022 07 08 20   228   200 10162    30    62 -9999     0 -9999
2022 07 08 21   239   200 10160    30    51 -9999    -1 -9999
2022 07 08 22   217   189 10169    40    77 -9999     0 -9999
2022 07 08 23   217   183 10174    20    72 -9999     0 -9999
2022 07 09 00   222   183 10177    30    88     8     0    -1
2022 07 09 01   217   178 10176    30    72 -9999     0 -9999
2022 07 09 02   200   172 10180    20    77 -9999     0 -9999
2022 07 09 03   200   167 10186    30    72 -9999     0 -9999
2022 07 09 04   200   167 10189    10    51     4     0 -9999
2022 07 09 05   200   172 10190    20    51     4     0 -9999
2022 07 09 06   194   172 10187   360    46     2     0 -9999
2022 07 09 07   200   183 10191    30    41     2     0 -9999
2022 07 09 08   200   178 10191    50    41     2     0 -9999
2022 07 09 09   200   167 10190    50    46     4     0 -9999
2022 07 09 10   200   161 10193    60    57     2     0 -9999
2022 07 09 11   200   128 10198    80    46     2     0 -9999
2022 07 09 12   206   128 10207    70    51     4     0 -9999
2022 07 09 13   211   122 10212    60    62     2     0 -9999
2022 07 09 14   222   122 10217    50    46     2     0 -9999
2022 07 09 15   228   122 10221    40    57     2     0 -9999
2022 07 09 16   233   122 10223    60    51     2     0 -9999
2022 07 09 17   233   122 10222    40    62     2     0 -9999
2022 07 09 18   239   117 10217    50    51     2     0 -9999
2022 07 09 19   239   117 10213    40    62     2     0 -9999
2022 07 09 20   244   106 10215    20    72     2     0 -9999
2022 07 09 21   244   111 10215    30    67     0     0 -9999
2022 07 09 22   244   111 10218    40    57     0     0 -9999
2022 07 09 23   239   117 10211    50    46     0     0 -9999
2022 07 10 00   228   122 10208    30    62     0     0 -9999
2022 07 10 01   211   122 10204    40    57     0     0 -9999
2022 07 10 02   200   122 10210    30    62     2     0 -9999
2022 07 10 03   194   128 10210    20    36     0     0 -9999
2022 07 10 04   189   128 10211    20    26     0     0 -9999
2022 07 10 05   194   133 10211    10    46     0     0 -9999
2022 07 10 06   178   133 10210   360    26     0     0 -9999
2022 07 10 07   178   133 10204   350    15     0     0 -9999
2022 07 10 08   167   128 10203   360    26     0     0 -9999
2022 07 10 09   161   128 10195     0     0     0     0 -9999
2022 07 10 10   156   128 10196   340    21     0     0 -9999
2022 07 10 11   161   139 10201   350    26     2     0 -9999
2022 07 10 12   178   150 10202   350    21     2     0 -9999
2022 07 10 13   211   167 10207     0     0     2     0 -9999
2022 07 10 14   233   167 10207     0     0     2     0 -9999
2022 07 10 15   256   117 10197     0     0     2     0 -9999
2022 07 10 16   256   111 10193 -9999    15     2     0 -9999
2022 07 10 17   278   106 10186   210    36     2     0 -9999
2022 07 10 18   283    89 10178   170    26     2     0 -9999
2022 07 10 19   289   106 10170   200    41     2     0 -9999
2022 07 10 20   294   100 10160   160    21     2     0 -9999
2022 07 10 21   294   106 10149   210    21 -9999     0 -9999
2022 07 10 22   294   111 10146   210    31     4     0 -9999
2022 07 10 23   283   122 10151   220    31 -9999     0 -9999
2022 07 11 00   283   122 10139   210    26     6     0 -9999
2022 07 11 01   272   133 10158   290    46 -9999     0 -9999
2022 07 11 02   256   150 10121 -9999    15 -9999    -1 -9999
2022 07 11 03   250   156 10126   230    36     4     0 -9999
2022 07 11 04   244   156 10125   220    46 -9999     0 -9999
2022 07 11 05   244   156 10116   210    46     4     0 -9999
2022 07 11 06   244   156 10114   230    51     6     0     0
2022 07 11 07   239   161 10109   210    41 -9999     0 -9999
2022 07 11 08   228   167 10106   200    31     4     0 -9999
2022 07 11 09   222   167 10105   220    41     2     0 -9999
2022 07 11 10   217   167 10104   210    41     4     0 -9999
2022 07 11 11   217   167 10098   220    57 -9999     0 -9999
2022 07 11 12   222   161 10093   220    51     4     0 -9999
2022 07 11 13   233   167 10098   210    57 -9999     0 -9999
2022 07 11 14   239   172 10096   230    51 -9999     0 -9999
2022 07 11 15   239   183 10100   240    51 -9999     0 -9999
2022 07 11 16   233   194 10094   280    51 -9999    -1 -9999
2022 07 11 17   244   211 10058   310    31 -9999     3 -9999
2022 07 11 18   256   211 10089   210    62     8     0     3
2022 07 11 19   267   211 10085   210    62 -9999     0 -9999
2022 07 11 20   283   211 10072   200    62 -9999     0 -9999
2022 07 11 21   289   211 10068   230    46 -9999     0 -9999
2022 07 11 22   294   217 10065   230    62 -9999     0 -9999
2022 07 11 23   294   217 10059   250    72 -9999     0 -9999
2022 07 12 00   272   217 10063   260    67     6    -1    -1
2022 07 12 01   267   206 10060   260    36     4    -1 -9999
2022 07 12 02   272   172 10064   260    57     4     0 -9999
2022 07 12 03   261   172 10073   260    46     4     0 -9999
2022 07 12 04   256   178 10078   250    41     4     0 -9999
2022 07 12 05   239   178 10080   250    41     2     0 -9999
2022 07 12 06   233   183 10081   270    41     0     0     0
2022 07 12 07   228   172 10079   260    41     0     0 -9999
2022 07 12 08   228   161 10080   270    51     0     0 -9999
2022 07 12 09   211   161 10081   270    41     0     0 -9999
2022 07 12 10   206   156 10083   280    41     0     0 -9999
2022 07 12 11   200   150 10091   310    36     2     0 -9999
2022 07 12 12   206   144 10098   320    62     2     0 -9999
2022 07 12 13   217   150 10104   310    57     2     0 -9999
2022 07 12 14   228   139 10107   310    67     2     0 -9999
2022 07 12 15   244   144 10109   310    31     0     0 -9999
2022 07 12 16   256   144 10112   290    36     2     0 -9999
2022 07 12 17   267   144 10113   290    67     2     0 -9999
2022 07 12 18   278   139 10113   290    51     2     0 -9999
2022 07 12 19   289   128 10112   310    77     4     0 -9999
2022 07 12 20   283   128 10113   290    72     4     0 -9999
2022 07 12 21   289   128 10111   320    57     4     0 -9999
2022 07 12 22   294   106 10111   330    67     4     0 -9999
2022 07 12 23   289   117 10110   290    57     4     0 -9999
2022 07 13 00   278   122 10110   290    46     4     0 -9999
2022 07 13 01   272   133 10111   260    41     4     0 -9999
2022 07 13 02   261   139 10114   270    36     4     0 -9999
2022 07 13 03   250   144 10119   270    26     2     0 -9999
2022 07 13 04   239   150 10122   230    26     2     0 -9999
2022 07 13 05   228   156 10126   240    31     2     0 -9999
2022 07 13 06   222   156 10128   230    31     2     0 -9999
2022 07 13 07   217   156 10130   260    15     4     0 -9999
2022 07 13 08   206   156 10129   230    21     2     0 -9999
2022 07 13 09   206   161 10125   230    36 -9999     0 -9999
2022 07 13 10   211   161 10128   270    31 -9999     0 -9999
2022 07 13 11   206   161 10130   250    31 -9999     0 -9999
2022 07 13 12   211   161 10135   260    31     4     0 -9999
2022 07 13 13   233   156 10139   290    41     4     0 -9999
2022 07 13 14   244   150 10142   310    41     2     0 -9999
2022 07 13 15   250   150 10145   300    72 -9999     0 -9999
2022 07 13 16   256   156 10147   290    51 -9999     0 -9999
2022 07 13 17   267   156 10150 -9999    31 -9999     0 -9999
2022 07 13 18   261   172 10154    30    67     4     0 -9999
2022 07 13 19   256   167 10153    40    62     2     0 -9999
2022 07 13 20   261   167 10153    20    51     4     0 -9999
2022 07 13 21   256   156 10155    20    67     4     0 -9999
2022 07 13 22   250   156 10159    50    51     4     0 -9999
2022 07 13 23   239   150 10161    20    67     2     0 -9999
2022 07 14 00   233   144 10164    40    62     2     0 -9999
2022 07 14 01   217   144 10167    20    67     2     0 -9999
2022 07 14 02   206   144 10171    30    62     4     0 -9999
2022 07 14 03   200   150 10177    30    51     2     0 -9999
2022 07 14 04   200   150 10178    20    36     0     0 -9999
2022 07 14 05   194   139 10179    10    31     0     0 -9999
2022 07 14 06   178   128 10182   350    36     0     0 -9999
2022 07 14 07   178   128 10185   340    21     0     0 -9999
2022 07 14 08   172   122 10187   340    26     0     0 -9999
2022 07 14 09   167   122 10187   330    15     0     0 -9999
2022 07 14 10   161   117 10191   340    26     2     0 -9999
2022 07 14 11   167   122 10192   340    26     2     0 -9999
2022 07 14 12   189   139 10199   340    21     0     0 -9999
2022 07 14 13   200   139 10203   360    41     2     0 -9999
2022 07 14 14   222   144 10210    20    36     2     0 -9999
2022 07 14 15   233   144 10211    10    31     2     0 -9999
2022 07 14 16   239   150 10213    30    46     2     0 -9999
2022 07 14 17   250   150 10214    50    41     4     0 -9999
2022 07 14 18   250   144 10214    60    41     4     0 -9999
2022 07 14 19   261   139 10210    60    36     4     0 -9999
2022 07 14 20   261   133 10205    60    36     4     0 -9999
2022 07 14 21   256   139 10205    40    41     4     0 -9999
2022 07 14 22   256   128 10203    40    46     2     0 -9999
2022 07 14 23   250   128 10197    60    41     2     0 -9999
2022 07 15 00   244   139 10197    40    46     2     0 -9999
2022 07 15 01   228   144 10200    30    41     2     0 -9999
2022 07 15 02   211   144 10203    40    41     2     0 -9999
2022 07 15 03   206   144 10208    60    36     2     0 -9999
2022 07 15 04   200   150 10208   100    21     4     0 -9999
2022 07 15 05   200   150 10208   100    31     4     0 -9999
2022 07 15 06   200   150 10205    90    15     4     0 -9999
2022 07 15 07   200   150 10206   100    21     4     0 -9999
2022 07 15 08   200   150 10206    60    15 -9999     0 -9999
2022 07 15 09   194   150 10196   100    26 -9999     0 -9999
2022 07 15 10   194   156 10187   140    31 -9999     0 -9999
2022 07 15 11   206   167 10197     0     0 -9999     0 -9999
2022 07 15 12   206   167 10194     0     0     8     3     3
2022 07 15 13   194   167 10196   170    36 -9999    28 -9999
2022 07 15 14   189   172 -9999   140    31 -9999    10 -9999
2022 07 15 15   194   178 10206     0     0 -9999     3 -9999
2022 07 15 16   194   183 10208   210    31 -9999    15 -9999
2022 07 15 17   194   183 10203   230    26 -9999    38 -9999
2022 07 15 18   200   189 10174   180    51     8    23   160
2022 07 15 19   206   200 10167   180    36 -9999     3 -9999
2022 07 15 20   222   194 10173   240    31 -9999    -1 -9999
2022 07 15 21   217   200 10175   270    21 -9999    10 -9999
2022 07 15 22   211   194 10175   270    36 -9999     8 -9999
2022 07 15 23   206   194 10168   200    26 -9999    25 -9999
2022 07 16 00   211   189 10166   160    26     8    -1    50
2022 07 16 01   211   194 10168   150    21 -9999    -1 -9999
2022 07 16 02   211   194 10170   170    21 -9999    -1 -9999
2022 07 16 03   217   194 10174     0     0 -9999    -1 -9999
2022 07 16 04   217   194 10171    60    15 -9999     0 -9999
2022 07 16 05   211   200 10171    30    31 -9999     0 -9999
2022 07 16 06   211   194 10170    60    31     8     0    -1
2022 07 16 07   217   194 10164    70    36 -9999     0 -9999
2022 07 16 08   211   194 10158    60    46 -9999     0 -9999
2022 07 16 09   206   194 10158    50    41 -9999     0 -9999
2022 07 16 10   200   189 10160    40    62 -9999     0 -9999
2022 07 16 11   194   183 10160    50    51 -9999    -1 -9999
2022 07 16 12   194   183 10160    50    41     8     0    -1
2022 07 16 13   200   183 10157    60    46 -9999     0 -9999
2022 07 16 14   206   183 10153    70    46 -9999     0 -9999
2022 07 16 15   211   183 10152    60    46 -9999     0 -9999
2022 07 16 16   217   189 10150    60    51 -9999     0 -9999
2022 07 16 17   222   189 10151    40    57 -9999     0 -9999
2022 07 16 18   228   183 10150    40    41     8     0 -9999
2022 07 16 19   228   183 10148    40    41 -9999     0 -9999
2022 07 16 20   233   183 10141    30    57 -9999     0 -9999
2022 07 16 21   228   183 10141    10    51 -9999     0 -9999
2022 07 16 22   228   183 10139    30    51 -9999     0 -9999
2022 07 16 23   222   178 10139    30    62 -9999     0 -9999
2022 07 17 00   217   172 10137    40    51     8     0 -9999
2022 07 17 01   211   172 10135    30    51 -9999     0 -9999
2022 07 17 02   206   178 10133    20    46 -9999     0 -9999
2022 07 17 03   206   178 10133    40    46 -9999     0 -9999
2022 07 17 04   206   178 10131    30    41 -9999     0 -9999
2022 07 17 05   206   183 10129    30    41 -9999     0 -9999
2022 07 17 06   206   189 10124    20    31     6     0 -9999
2022 07 17 07   206   189 10121    20    46 -9999     0 -9999
2022 07 17 08   211   189 10112    30    36 -9999     0 -9999
2022 07 17 09   211   189 10109    10    41 -9999     0 -9999
2022 07 17 10   211   189 10112   350    36 -9999     0 -9999
2022 07 17 11   211   200 -9999   360    67 -9999    -1 -9999
2022 07 17 12   217   200 10104    20    51     8    -1     3
2022 07 17 13   222   200 10113    30    41 -9999     0 -9999
2022 07 17 14   222   206 10114    50    41 -9999     0 -9999
2022 07 17 15   233   206 10113    40    31 -9999     0 -9999
2022 07 17 16   233   206 10113    40    36 -9999     0 -9999
2022 07 17 17   233   206 10113    10    36 -9999     0 -9999
2022 07 17 18   233   206 10111    30    51     8     0 -9999
2022 07 17 19   233   200 10111    30    62 -9999     0 -9999
2022 07 17 20   233   200 10111    30    46 -9999     0 -9999
2022 07 17 21   233   194 10112    30    51 -9999    -1 -9999
2022 07 17 22   239   206 10109    20    51 -9999     3 -9999
2022 07 17 23   250   194 10106    30    67 -9999     0 -9999
2022 07 18 00   244   194 10109    40    57     6     0     3
2022 07 18 01   233   189 10110    30    62 -9999     0 -9999
2022 07 18 02   222   189 10111    20    36 -9999     0 -9999
2022 07 18 03   206   183 10113    10    46     4     0 -9999
2022 07 18 04   211   183 10113    30    26 -9999     0 -9999
2022 07 18 05   217   183 10113     0     0 -9999     0 -9999
2022 07 18 06   217   183 10111     0     0     8     0 -9999
2022 07 18 07   217   183 10110   310    15 -9999     0 -9999
2022 07 18 08   217   183 10110     0     0 -9999    -1 -9999
2022 07 18 09   211   178 10117   300    31 -9999     0 -9999
2022 07 18 10   206   178 10123   300    26 -9999     0 -9999
2022 07 18 11   200   172 10120   280    21     4     0 -9999
2022 07 18 12   211   172 10125   310    26     2     0     0
2022 07 18 13   233   172 10130   320    36     2     0 -9999
2022 07 18 14   250   167 10131   330    31     2     0 -9999
2022 07 18 15   267   178 10127   340    21     2     0 -9999
2022 07 18 16   272   167 10124     0     0     2     0 -9999
2022 07 18 17   289   167 10122   260    21     2     0 -9999
2022 07 18 18   294   161 10116   300    31     2     0 -9999
2022 07 18 19   306   150 10116   290    31     4     0 -9999
2022 07 18 20   317   156 10110 -9999    21     4     0 -9999
2022 07 18 21   311   167 10109   280    46     4     0 -9999
2022 07 18 22   311   172 10107   290    31     4     0 -9999
2022 07 18 23   306   167 10106   270    46     2     0 -9999
2022 07 19 00   294   183 10107   260    36     4     0 -9999
2022 07 19 01   289   178 10109   260    36     4     0 -9999
2022 07 19 02   278   178 10109   240    26     2     0 -9999
2022 07 19 03   267   183 10112   230    31     0     0 -9999
2022 07 19 04   256   189 10111   260    26     0     0 -9999
2022 07 19 05   250   189 10112   260    21     0     0 -9999
2022 07 19 06   244   194 10112   250    31     0     0 -9999
2022 07 19 07   239   194 10108   230    31     0     0 -9999
2022 07 19 08   233   189 10103   230    36     0     0 -9999
2022 07 19 09   228   189 10104   220    36     0     0 -9999
2022 07 19 10   222   189 10112   250    15     0     0 -9999
2022 07 19 11   217   189 10117   220    21     2     0 -9999
2022 07 19 12   228   189 10119   230    36     2     0 -9999
2022 07 19 13   244   194 10119   220    41     0     0 -9999
2022 07 19 14   267   189 10118   230    41     2     0 -9999
2022 07 19 15   278   183 10118   220    57     2     0 -9999
2022 07 19 16   289   178 10113   220    57     2     0 -9999
2022 07 19 17   300   183 10108   210    62 -9999     0 -9999
2022 07 19 18   306   178 10103   210    46     6     0 -9999
2022 07 19 19   306   178 10098   240    57 -9999     0 -9999
2022 07 19 20   317   178 10089   200    46     4     0 -9999
2022 07 19 21   317   183 10078   190    72     4     0 -9999
2022 07 19 22   311   178 10077   180    72     4     0 -9999
2022 07 19 23   300   189 10074   220    67 -9999     0 -9999
2022 07 20 00   294   183 10069   200    46     4     0 -9999
2022 07 20 01   289   189 10064   210    72     4     0 -9999
2022 07 20 02   283   194 10061   190    46     4     0 -9999
2022 07 20 03   272   200 10064   200    46     4     0 -9999
2022 07 20 04   272   200 10062   200    62     4     0 -9999
2022 07 20 05   267   206 10059   210    62 -9999     0 -9999
2022 07 20 06   267   200 10055   210    67     6     0 -9999
2022 07 20 07   267   200 10048   200    72 -9999     0 -9999
2022 07 20 08   267   200 10040   200    57 -9999     0 -9999
2022 07 20 09   256   200 10034   230    67 -9999    -1 -9999
2022 07 20 10   256   206 10032   210    51 -9999     0 -9999
2022 07 20 11   250   211 10028   210    62 -9999     0 -9999
2022 07 20 12   250   211 10024   210    67     2     0     0
2022 07 20 13   261   217 10023   230    62     2     0 -9999
2022 07 20 14   272   206 10018   230    51     2     0 -9999
2022 07 20 15   283   178 10015   270    72     2     0 -9999
2022 07 20 16   289   178 10017   260    72     2     0 -9999
2022 07 20 17   294   172 10016   260    72     2     0 -9999
2022 07 20 18   294   178 10020   270    82     4     0 -9999
2022 07 20 19   294   178 10023   270    93 -9999     0 -9999
2022 07 20 20   289   178 10022   260    82 -9999     0 -9999
2022 07 20 21   294   183 10023   280    88 -9999     0 -9999
2022 07 20 22   289   178 10026   290    88 -9999     0 -9999
2022 07 20 23   289   178 10028   300    82 -9999     0 -9999
2022 07 21 00   283   178 10033   270    82     4     0 -9999
2022 07 21 01   278   183 10039   280    46     2     0 -9999
2022 07 21 02   267   189 10043   250    41     2     0 -9999
2022 07 21 03   261   194 10048   270    36     2     0 -9999
2022 07 21 04   256   189 10047   260    51     2     0 -9999
2022 07 21 05   250   178 10049   270    36     0     0 -9999
2022 07 21 06   244   167 10050   280    41     0     0 -9999
2022 07 21 07   239   156 10050   280    41     0     0 -9999
2022 07 21 08   233   150 10054   290    36     0     0 -9999
2022 07 21 09   222   144 10058   280    36     0     0 -9999
2022 07 21 10   211   144 10061   270    26     2     0 -9999
2022 07 21 11   206   144 10069   270    41     2     0 -9999
2022 07 21 12   211   156 10079   260    51     0     0 -9999
2022 07 21 13   239   161 10084   280    36     2     0 -9999
2022 07 21 14   261   167 10085   280    26     2     0 -9999
2022 07 21 15   278   172 10086   240    31     2     0 -9999
2022 07 21 16   294   167 10085   260    41     2     0 -9999
2022 07 21 17   306   172 10086   250    57     2     0 -9999
2022 07 21 18   322   172 10083   270    41     2     0 -9999
2022 07 21 19   322   183 10081   240    57     2     0 -9999
2022 07 21 20   322   172 10077   260    77     4     0 -9999
2022 07 21 21   328   178 10074   260    82     4     0 -9999
2022 07 21 22   322   189 10072   230    82 -9999     0 -9999
2022 07 21 23   311   194 10068   240    57     4     0 -9999
2022 07 22 00   311   194 10065   250    62     6     0 -9999
2022 07 22 01   300   206 10070   280    41     4     0 -9999
2022 07 22 02   289   200 10075   290    51     2     0 -9999
2022 07 22 03   278   194 10082   290    36     2     0 -9999
2022 07 22 04   272   183 10086   290    57     2     0 -9999
2022 07 22 05   261   178 10094   290    46     2     0 -9999
2022 07 22 06   244   172 10101   290    36     2     0 -9999
2022 07 22 07   239   167 10105   300    31     2     0 -9999
2022 07 22 08   228   161 10110   290    26     2     0 -9999
2022 07 22 09   217   161 10117   300    31     2     0 -9999
2022 07 22 10   211   156 10120   290    15     2     0 -9999
2022 07 22 11   206   150 10128   290    31     4     0 -9999
2022 07 22 12   217   144 10140   290    36     6     0 -9999
2022 07 22 13   228   150 10144   280    31 -9999     0 -9999
2022 07 22 14   244   144 10137     0     0 -9999     0 -9999
2022 07 22 15   272   139 10136     0     0     4     0 -9999
2022 07 22 16   289   111 10137     0     0     2     0 -9999
2022 07 22 17   300   111 10142   240    46     2     0 -9999
2022 07 22 18   306   111 10140   220    41     4     0 -9999
2022 07 22 19   311   133 10134   230    46 -9999     0 -9999
2022 07 22 20   322   122 10128   190    36     4     0 -9999
2022 07 22 21   322   133 10129   230    72     4     0 -9999
2022 07 22 22   317   133 10132   230    72     2     0 -9999
2022 07 22 23   311   139 10133   240    67     4     0 -9999
2022 07 23 00   300   128 10131   220    36     6     0 -9999
2022 07 23 01   289   167 10130   210    31 -9999    -1 -9999
2022 07 23 02   272   172 10131   210    26     4     0 -9999
2022 07 23 03   272   178 10130   190    21     4     0 -9999
2022 07 23 04   272   183 10130   200    26 -9999    -1 -9999
2022 07 23 05   256   189 10128   170    21 -9999    -1 -9999
2022 07 23 06   267   189 10117   220    57     6     0    -1
2022 07 23 07   261   189 10125 -9999    15 -9999     0 -9999
2022 07 23 08   261   200 10113   100    15 -9999     0 -9999
2022 07 23 09   244   189 10113 -9999    31 -9999     0 -9999
2022 07 23 10   228   194 10118    80    88 -9999     0 -9999
2022 07 23 11   206   194 -9999   140    88 -9999    35 -9999
2022 07 23 12   211   200 10133   100    31     6    10   450
2022 07 23 13   211   200 10144   140    36 -9999     0 -9999
2022 07 23 14   233   211 10138   150    51 -9999    -1 -9999
2022 07 23 15   239   194 10141   180    46 -9999     0 -9999
2022 07 23 16   233   194 10140   180    93 -9999     0 -9999
2022 07 23 17   244   200 10141   180    41 -9999    -1 -9999
2022 07 23 18   250   194 10136   230    57     6     0    -1
2022 07 23 19   267   200 10130   190    72     2     0 -9999
2022 07 23 20   278   200 10129   190    82 -9999     0 -9999
2022 07 23 21   294   206 10130   200    67     4     0 -9999
2022 07 23 22   300   200 10128   220    93 -9999     0 -9999
2022 07 23 23   283   189 10118   210    77 -9999     0 -9999
2022 07 24 00   283   183 10110   220    72     6     0 -9999
2022 07 24 01   278   178 10107   230    67 -9999     0 -9999
2022 07 24 02   272   194 10115   210    57 -9999     0 -9999
2022 07 24 03   267   211 10120   200    51 -9999     0 -9999
2022 07 24 04   267   211 10111 -9999    21     4     0 -9999
2022 07 24 05   261   217 10094   170    46     4     0 -9999
2022 07 24 06   256   217 10096   140    31     6     0 -9999
2022 07 24 07   278   222 10100   210    46 -9999    -1 -9999
2022 07 24 08   272   217 10091   220    51 -9999    -1 -9999
2022 07 24 09   272   217 10103   280    41 -9999    -1 -9999
2022 07 24 10   256   228 10085   200    26 -9999     5 -9999
2022 07 24 11   244   222 -9999   200    41 -9999    10 -9999
2022 07 24 12   239   222 10100   210    46     8    15    60
2022 07 24 13   228   211 10096   210    88 -9999    15 -9999
2022 07 24 14   228   206 10093   180    67 -9999     5 -9999
2022 07 24 15   244   211 10096   200    62 -9999     0 -9999
2022 07 24 16   256   217 10096   210    82 -9999     0 -9999
2022 07 24 17   267   222 10098   210    67 -9999     0 -9999
2022 07 24 18   267   217 10099   250    67     8     0    20
2022 07 24 19   278   222 10097   250    51 -9999     0 -9999
2022 07 24 20   294   222 10094   240    67 -9999     0 -9999
2022 07 24 21   289   211 10096   280    57 -9999     0 -9999
2022 07 24 22   289   200 10101   290    62 -9999     0 -9999
2022 07 24 23   294   183 10102   280    57 -9999     0 -9999
2022 07 25 00   278   183 10105   290    62     6     0 -9999
2022 07 25 01   272   178 10113   310    72     4     0 -9999
2022 07 25 02   256   167 10121   310    46     4     0 -9999
2022 07 25 03   239   167 10129   340    31     4     0 -9999
2022 07 25 04   239   156 10136   300    21     4     0 -9999
2022 07 25 05   228   156 10138   300    15     4     0 -9999
2022 07 25 06   217   161 10144   280    26     2     0 -9999
2022 07 25 07   217   144 10144   320    36     4     0 -9999
2022 07 25 08   206   144 10141   310    26     4     0 -9999
2022 07 25 09   200   144 10148   310    26     2     0 -9999
2022 07 25 10   189   144 10149   340    21     4     0 -9999
2022 07 25 11   178   139 10155   350    31     4     0 -9999
2022 07 25 12   194   150 10160   350    26     2     0 -9999
2022 07 25 13   217   156 10170   360    21     4     0 -9999
2022 07 25 14   222   156 10173   360    21     4     0 -9999
2022 07 25 15   239   156 10176 -9999    21 -9999     0 -9999
2022 07 25 16   233   156 10178    40    26 -9999     0 -9999
2022 07 25 17   239   144 10179    70    46 -9999     0 -9999
2022 07 25 18   239   144 10176    30    46     6     0 -9999
2022 07 25 19   233   139 10172   100    51 -9999     0 -9999
2022 07 25 20   233   139 10172   120    21 -9999     0 -9999
2022 07 25 21   239   144 10169   120    46 -9999     0 -9999
2022 07 25 22   239   144 10165    60    41 -9999     0 -9999
2022 07 25 23   233   144 10164   100    36 -9999     0 -9999
2022 07 26 00   222   144 10167    90    31     4     0 -9999
2022 07 26 01   217   139 10166   100    41 -9999     0 -9999
2022 07 26 02   211   144 10169    90    31 -9999     0 -9999
2022 07 26 03   200   144 10174   150    21     4     0 -9999
2022 07 26 04   194   144 10174   140    31     4     0 -9999
2022 07 26 05   194   144 10172   160    26 -9999     0 -9999
2022 07 26 06   194   144 10171   160    15     6     0 -9999
2022 07 26 07   189   133 10164   150    26 -9999     0 -9999
2022 07 26 08   189   133 10164     0     0 -9999     0 -9999
2022 07 26 09   183   139 10161     0     0     4     0 -9999
2022 07 26 10   183   139 10159     0     0 -9999     0 -9999
2022 07 26 11   183   133 10160     0     0 -9999     0 -9999
2022 07 26 12   189   122 10164   190    21     4     0 -9999
2022 07 26 13   206   111 10164 -9999    21     2     0 -9999
2022 07 26 14   222   111 10163   180    21     2     0 -9999
2022 07 26 15   239   128 10162   110    26 -9999     0 -9999
2022 07 26 16   250   139 10159   160    31 -9999     0 -9999
2022 07 26 17   261   139 10153   220    31 -9999     0 -9999
2022 07 26 18   272   133 10149     0     0     6     0 -9999
2022 07 26 19   278   133 10141 -9999    26 -9999     0 -9999
2022 07 26 20   272   139 10139 -9999    26 -9999     0 -9999
2022 07 26 21   261   139 10137   170    41 -9999     0 -9999
2022 07 26 22   267   139 10131   170    41 -9999     0 -9999
2022 07 26 23   256   161 10128   120    46 -9999     0 -9999
2022 07 27 00   250   156 10126   130    57     6     0 -9999
2022 07 27 01   244   156 10128   140    41 -9999     0 -9999
2022 07 27 02   239   161 10130   140    41 -9999     0 -9999
2022 07 27 03   239   172 10135   170    21 -9999     0 -9999
2022 07 27 04   233   183 10132   210    21 -9999     0 -9999
2022 07 27 05   222   183 10136   240    15 -9999     0 -9999
2022 07 27 06   222   189 10128   220    15     6     0 -9999
2022 07 27 07   217   189 10121   180    21     4     0 -9999
2022 07 27 08   211   183 10111   190    15 -9999     0 -9999
2022 07 27 09   211   189 10116   240    21 -9999     0 -9999
2022 07 27 10   211   189 10112   270    26 -9999     0 -9999
2022 07 27 11   211   189 10111   260    21 -9999     0 -9999
2022 07 27 12   211   189 10110   240    21     6     0 -9999
2022 07 27 13   217   194 10111   230    36 -9999     0 -9999
2022 07 27 14   222   189 10111   250    51 -9999     0 -9999
2022 07 27 15   233   189 10113   240    41 -9999     0 -9999
2022 07 27 16   250   189 10114   260    62 -9999     0 -9999
2022 07 27 17   267   194 10109   260    41 -9999     0 -9999
2022 07 27 18   278   194 10104   240    41     6     0 -9999
2022 07 27 19   283   200 10093   210    72 -9999     0 -9999
2022 07 27 20   239   211 10101   300    26 -9999    -1 -9999
2022 07 27 21   267   206 10099   290    41 -9999    -1 -9999
2022 07 27 22   272   194 10098   280    41 -9999     0 -9999
2022 07 27 23   283   194 10096   290    51 -9999     0 -9999
2022 07 28 00   272   183 10098   290    36     6     0    -1
2022 07 28 01   267   167 10102   300    46 -9999     0 -9999
2022 07 28 02   256   161 10106   280    26     2     0 -9999
2022 07 28 03   239   161 10107   260    26     0     0 -9999
2022 07 28 04   228   156 10110   260    36     0     0 -9999
2022 07 28 05   222   156 10113   250    31     2     0 -9999
2022 07 28 06   217   156 10111   250    36     0     0 -9999
2022 07 28 07   217   156 10108   250    36     2     0 -9999
2022 07 28 08   217   156 10102   250    31     2     0 -9999
2022 07 28 09   217   150 10101   230    31     4     0 -9999
2022 07 28 10   211   156 10106   290    31 -9999     0 -9999
2022 07 28 11   211   161 10111   300    36 -9999    -1 -9999
2022 07 28 12   206   172 10111   270    36     8    -1    -1
2022 07 28 13   211   167 10121   270    41 -9999    -1 -9999
2022 07 28 14   217   156 10118   300    46 -9999     0 -9999
2022 07 28 15   233   156 10118   320    46 -9999     0 -9999
2022 07 28 16   244   150 10123   270    51 -9999     0 -9999
2022 07 28 17   261   128 10127   290    57 -9999     0 -9999
2022 07 28 18   267   128 10129   280    57     6     0    -1
2022 07 28 19   256   128 10128   290    57 -9999     0 -9999
2022 07 28 20   261   122 10124   290    46 -9999     0 -9999
2022 07 28 21   261   133 10120   290    46 -9999     0 -9999
2022 07 28 22   261   133 10120   280    67 -9999     0 -9999
2022 07 28 23   256   133 10122   250    51 -9999     0 -9999
2022 07 29 00   250   117 10125   280    46     6     0 -9999
2022 07 29 01   239   122 10128   280    36 -9999     0 -9999
2022 07 29 02   228   128 10134   260    31     4     0 -9999
2022 07 29 03   217   133 10139   260    31     2     0 -9999
2022 07 29 04   211   139 10141   280    21     2     0 -9999
2022 07 29 05   206   133 10145   290    26     2     0 -9999
2022 07 29 06   200   133 10145   280    26     2     0 -9999
2022 07 29 07   189   133 10144   290    26     0     0 -9999
2022 07 29 08   183   128 10146   280    26     0     0 -9999
2022 07 29 09   178   128 10147   270    15     0     0 -9999
2022 07 29 10   172   128 10150   260    21     0     0 -9999
2022 07 29 11   167   128 10151   270    26     2     0 -9999
2022 07 29 12   172   133 10156   270    31     2     0 -9999
2022 07 29 13   200   133 10160   310    26     2     0 -9999
2022 07 29 14   217   133 10166   290    21     0     0 -9999
2022 07 29 15   228   128 10166   280    31     0     0 -9999
2022 07 29 16   244   128 10168   300    46     2     0 -9999
2022 07 29 17   250   117 10169   290    46     4     0 -9999
2022 07 29 18   256   117 10170   270    57     6     0 -9999
2022 07 29 19   250   117 10171   310    62 -9999     0 -9999
2022 07 29 20   267   122 10168   310    62 -9999     0 -9999
2022 07 29 21   267   122 10166   290    62 -9999     0 -9999
2022 07 29 22   261   117 10168   280    51 -9999     0 -9999
2022 07 29 23   261   128 10171   290    41     4     0 -9999
2022 07 30 00   256   128 10172   310    41     2     0 -9999
2022 07 30 01   244   122 10173   320    36     2     0 -9999
2022 07 30 02   233   128 10178   320    26     2     0 -9999
2022 07 30 03   228   133 10188   270    15     2     0 -9999
2022 07 30 04   217   139 10191   280    15     2     0 -9999
2022 07 30 05   211   144 10194   300    21     2     0 -9999
2022 07 30 06   206   144 10198   290    21     2     0 -9999
2022 07 30 07   194   144 10202   270    21     2     0 -9999
2022 07 30 08   189   144 10205   270    21     0     0 -9999
2022 07 30 09   183   144 10206     0     0     0     0 -9999
2022 07 30 10   178   144 10208     0     0     0     0 -9999
2022 07 30 11   178   144 10214     0     0     2     0 -9999
2022 07 30 12   183   150 10218   230    15     2     0 -9999
2022 07 30 13   217   144 10221     0     0     2     0 -9999
2022 07 30 14   233   139 10222     0     0     2     0 -9999
2022 07 30 15   244   133 10223   250    15     2     0 -9999
2022 07 30 16   261   133 10221   170    26 -9999     0 -9999
2022 07 30 17   261   128 10217   210    15 -9999     0 -9999
2022 07 30 18   267   128 10215   220    36     6     0 -9999
2022 07 30 19   267   128 10213   190    26 -9999     0 -9999
2022 07 30 20   272   128 10209   240    41 -9999     0 -9999
2022 07 30 21   272   128 10205     0     0 -9999     0 -9999
2022 07 30 22   267   133 10202   220    31     4     0 -9999
2022 07 30 23   267   133 10198   240    21     4     0 -9999
2022 07 31 00   267   133 10196   230    26     4     0 -9999
2022 07 31 01   256   139 10192   260    21     4     0 -9999
2022 07 31 02   250   144 10191   220    15     4     0 -9999
2022 07 31 03   244   144 10196   220    21     4     0 -9999
2022 07 31 04   228   150 10201   210    21     4     0 -9999
2022 07 31 05   228   150 10206   200    21     4     0 -9999
2022 07 31 06   217   150 10205   210    21     4     0 -9999
2022 07 31 07   211   150 10200   220    21     4     0 -9999
2022 07 31 08   206   150 10196   220    21     4     0 -9999
2022 07 31 09   206   150 10192   220    15     4     0 -9999
2022 07 31 10   194   150 10190     0     0     4     0 -9999
2022 07 31 11   194   156 10188     0     0     4     0 -9999
2022 07 31 12   200   161 10189     0     0     6     0 -9999
2022 07 31 13   222   167 10190     0     0 -9999     0 -9999
2022 07 31 14   250   156 10187     0     0     2     0 -9999
2022 07 31 15   261   161 10183   150    15     2     0 -9999
2022 07 31 16   267   144 10179   180    46     4     0 -9999
2022 07 31 17   272   144 10177   210    41     4     0 -9999
2022 07 31 18   278   139 10172   190    57     6     0 -9999
2022 07 31 19   283   144 10167   230    51 -9999     0 -9999
2022 07 31 20   283   144 10160   200    41 -9999     0 -9999
2022 07 31 21   289   139 10153   210    57 -9999     0 -9999
2022 07 31 22   278   144 10147   210    51 -9999     0 -9999
2022 07 31 23   283   150 10143   210    41 -9999     0 -9999
2022 08 01 00   278   161 10139   210    51     4     0 -9999
2022 08 01 01   267   167 10138   220    41     4     0 -9999
2022 08 01 02   256   167 10135   210    36     4     0 -9999
2022 08 01 03   256   172 10135   210    31     4     0 -9999
2022 08 01 04   250   172 10130   200    46     4     0 -9999
2022 08 01 05   244   167 10126   210    36 -9999     0 -9999
2022 08 01 06   239   178 10122   200    51     4     0 -9999
2022 08 01 07   233   189 10117   210    36     4     0 -9999
2022 08 01 08   233   200 10106   200    57 -9999     0 -9999
2022 08 01 09   233   206 10101   200    41 -9999     0 -9999
2022 08 01 10   239   206 10089   200    46 -9999    -1 -9999
2022 08 01 11   228   211 10080   210    41 -9999    -1 -9999
2022 08 01 12   222   206 10085   220    46     6     0    -1
2022 08 01 13   233   194 10089   250    62 -9999     0 -9999
2022 08 01 14   239   194 10089   250    57     4     0 -9999
2022 08 01 15   256   200 10091   270    62     4     0 -9999
2022 08 01 16   267   194 10095   260    82 -9999     0 -9999
2022 08 01 17   278   194 10099   290    62 -9999     0 -9999
2022 08 01 18   289   183 10100   280    62     6     0 -9999
2022 08 01 19   283   178 10100   290    57 -9999     0 -9999
2022 08 01 20   289   178 10100   270    51 -9999     0 -9999
2022 08 01 21   289   183 10100   250    62 -9999     0 -9999
2022 08 01 22   294   172 10103   280    51 -9999     0 -9999
2022 08 01 23   283   161 10105   290    62 -9999     0 -9999
2022 08 02 00   283   167 10103   300    57     4     0 -9999
2022 08 02 01   272   167 10107   290    46     2     0 -9999
2022 08 02 02   261   172 10113   290    36     2     0 -9999
2022 08 02 03   256   172 10120   290    26     2     0 -9999
2022 08 02 04   239   167 10123   290    21     0     0 -9999
2022 08 02 05   233   167 10124   320    21     0     0 -9999
2022 08 02 06   228   172 10127     0     0     0     0 -9999
2022 08 02 07   217   172 10128   270    21     0     0 -9999
2022 08 02 08   211   172 10130   260    15     0     0 -9999
2022 08 02 09   206   172 10133   250    15     0     0 -9999
2022 08 02 10   200   167 10136     0     0     0     0 -9999
2022 08 02 11   206   172 10143   210    15     2     0 -9999
2022 08 02 12   217   167 10144    30    26     2     0 -9999
2022 08 02 13   233   172 10143    70    15     2     0 -9999
2022 08 02 14   244   167 10146     0     0     4     0 -9999
2022 08 02 15   267   167 10149   130    31 -9999     0 -9999
2022 08 02 16   272   167 10147   200    46 -9999     0 -9999
2022 08 02 17   278   167 10145   170    46 -9999     0 -9999
2022 08 02 18   289   172 10140   160    36     4     0 -9999
2022 08 02 19   294   178 10135   160    46     4     0 -9999
2022 08 02 20   311   183 10127   210    41     2     0 -9999
2022 08 02 21   322   200 10120   210    51     2     0 -9999
2022 08 02 22   311   200 10117   210    57     2     0 -9999
2022 08 02 23   311   172 10108   210    46     2     0 -9999
2022 08 03 00   306   172 10103   200    51     2     0 -9999
2022 08 03 01   283   189 10107   210    36     2     0 -9999
2022 08 03 02   278   183 10109   210    46     2     0 -9999
2022 08 03 03   267   183 10110   190    46     2     0 -9999
2022 08 03 04   256   194 10105   190    67     4     0 -9999
2022 08 03 05   250   189 10103   200    72     4     0 -9999
2022 08 03 06   244   189 10102   190    57     4     0 -9999
2022 08 03 07   239   189 10105   190    36 -9999     0 -9999
2022 08 03 08   239   194 10101   200    46 -9999     0 -9999
2022 08 03 09   239   200 10090   200    51 -9999     0 -9999
2022 08 03 10   239   206 10080   210    67 -9999     0 -9999
2022 08 03 11   244   211 10083   200    51 -9999     0 -9999
2022 08 03 12   250   217 10088   210    72     6     0 -9999
2022 08 03 13   256   222 10087   220    57 -9999     0 -9999
2022 08 03 14   272   228 10079   220    51 -9999     0 -9999
2022 08 03 15   289   228 10081   220    67 -9999     0 -9999
2022 08 03 16   300   233 10082   210    77 -9999     0 -9999
2022 08 03 17   317   233 10076   230    77 -9999     0 -9999
2022 08 03 18   328   228 10082   230    77     6     0 -9999
2022 08 03 19   317   217 10086   270    77 -9999     0 -9999
2022 08 03 20   311   206 10074   260    57 -9999     0 -9999
2022 08 03 21   300   183 10072   240    67 -9999     0 -9999
2022 08 03 22   289   194 10084   230    51 -9999     0 -9999
2022 08 03 23   278   200 10084   230    57 -9999    -1 -9999
2022 08 04 00   278   206 10088   230    46     6    -1     0
2022 08 04 01   283   211 10094   220    57 -9999     0 -9999
2022 08 04 02   278   206 10100   220    31 -9999     0 -9999
2022 08 04 03   272   211 10111   210    31 -9999     0 -9999
2022 08 04 04   261   217 10117   210    51 -9999     0 -9999
2022 08 04 05   250   211 10116   220    46 -9999     0 -9999
2022 08 04 06   244   206 10119   210    41     6     0 -9999
2022 08 04 07   239   206 10117   210    51     4     0 -9999
2022 08 04 08   233   206 10120   210    41     2     0 -9999
2022 08 04 09   233   206 10122   220    41 -9999     0 -9999
2022 08 04 10   233   206 10124   230    36 -9999     0 -9999
2022 08 04 11   233   206 10134   230    57 -9999     0 -9999
2022 08 04 12   233   206 10135   230    31     6     0 -9999
2022 08 04 13   233   206 10140   230    36 -9999     0 -9999
2022 08 04 14   244   211 10142   230    31 -9999     0 -9999
2022 08 04 15   256   211 10142 -9999    15 -9999     0 -9999
2022 08 04 16   267   211 10147     0     0 -9999     0 -9999
2022 08 04 17   278   217 10150     0     0 -9999     0 -9999
2022 08 04 18   272   211 10153    80    46     6     0 -9999
2022 08 04 19   267   211 10152    70    41 -9999    -1 -9999
2022 08 04 20   267   206 10153    60    57 -9999     0 -9999
2022 08 04 21   261   200 10152    40    62 -9999     0 -9999
2022 08 04 22   250   194 10156    40    57 -9999     0 -9999
2022 08 04 23   244   194 10158    40    46 -9999     0 -9999
2022 08 05 00   239   178 10159    20    67     6     0    -1
2022 08 05 01   239   167 10161    50    41 -9999     0 -9999
2022 08 05 02   228   172 10166    30    62 -9999     0 -9999
2022 08 05 03   222   183 10173    30    36 -9999     0 -9999
2022 08 05 04   217   183 10175    30    26     4     0 -9999
2022 08 05 05   211   183 10178    10    31     2     0 -9999
2022 08 05 06   211   183 10177    10    36     2     0 -9999
2022 08 05 07   200   178 10175   350    26     2     0 -9999
2022 08 05 08   206   183 10173    20    31     2     0 -9999
2022 08 05 09   194   178 10175   350    26     2     0 -9999
2022 08 05 10   206   178 10178    20    26 -9999     0 -9999
2022 08 05 11   206   178 10180    20    21 -9999     0 -9999
2022 08 05 12   206   178 10184   350    15     4     0 -9999
2022 08 05 13   233   183 10184    10    21     2     0 -9999
2022 08 05 14   250   183 10186     0     0     0     0 -9999
2022 08 05 15   267   189 10185   150    15     0     0 -9999
2022 08 05 16   294   200 10186    90    21     0     0 -9999
2022 08 05 17   300   200 10184    80    41     2     0 -9999
2022 08 05 18   300   194 10183    60    41     4     0 -9999
2022 08 05 19   300   200 10180    50    36     4     0 -9999
2022 08 05 20   306   200 10175    70    46     4     0 -9999
2022 08 05 21   306   206 10169    80    57     4     0 -9999
2022 08 05 22   300   217 10168   130    41 -9999     0 -9999
2022 08 05 23   300   222 10165   210    36 -9999     0 -9999
2022 08 06 00   294   217 10161   180    46     4    -1     0
2022 08 06 01   283   211 10164   180    31     4     0 -9999
2022 08 06 02   278   217 10169   220    15     2     0 -9999
2022 08 06 03   267   222 10173   100    31     2     0 -9999
2022 08 06 04   256   228 10168   140    41     2     0 -9999
2022 08 06 05   256   222 10170   170    26     0     0 -9999
2022 08 06 06   256   228 10175   200    15     0     0 -9999
2022 08 06 07   250   222 10171   190    21     0     0 -9999
2022 08 06 08   244   217 10175   210    21     0     0 -9999
2022 08 06 09   239   217 10178   210    15     0     0 -9999
2022 08 06 10   233   217 10178   200    21     0     0 -9999
2022 08 06 11   233   211 10178   190    15     2     0 -9999
2022 08 06 12   239   217 10179   200    21     2     0 -9999
2022 08 06 13   261   222 10180   240    21     2     0 -9999
2022 08 06 14   278   222 10176   230    31     4     0 -9999
2022 08 06 15   294   222 10177 -9999    31     4     0 -9999
2022 08 06 16   311   217 10181   220    46     4     0 -9999
2022 08 06 17   311   217 10177   210    26 -9999     0 -9999
2022 08 06 18   322   217 10169   220    57     6     0 -9999
2022 08 06 19   339   206 10163   190    57 -9999     0 -9999
2022 08 06 20   333   200 10158   210    41 -9999     0 -9999
2022 08 06 21   344   206 10156   230    46 -9999     0 -9999
2022 08 06 22   322   206 10153   250    51 -9999     0 -9999
2022 08 06 23   317   222 10154   230    41 -9999     0 -9999
2022 08 07 00   311   228 10153   220    46     6     0 -9999
2022 08 07 01   311   228 10152   200    36 -9999     0 -9999
2022 08 07 02   300   233 10156   190    41     4     0 -9999
2022 08 07 03   294   239 10165   190    31     4     0 -9999
2022 08 07 04   289   239 10166   180    41     4     0 -9999
2022 08 07 05   283   239 10166   190    51     4     0 -9999
2022 08 07 06   283   239 10164   210    51     6     0 -9999
2022 08 07 07   283   239 10160   220    62 -9999     0 -9999
2022 08 07 08   278   239 10162   220    26 -9999     0 -9999
2022 08 07 09   261   206 -9999   340    41 -9999     0 -9999
2022 08 07 10   239   217 10171   240    21 -9999     3 -9999
2022 08 07 11   239   217 10168   290    21 -9999    -1 -9999
2022 08 07 12   239   211 10166     0     0     6    -1     3
2022 08 07 13   239   217 10171   200    21 -9999     3 -9999
2022 08 07 14   239   217 10175   290    31 -9999    -1 -9999
2022 08 07 15   244   217 10173   240    26 -9999    -1 -9999
2022 08 07 16   244   217 10183   250    26 -9999    -1 -9999
2022 08 07 17   239   222 10181   220    31 -9999    15 -9999
2022 08 07 18   244   233 10180   210    36     8    13    30
2022 08 07 19   250   233 10162   200    41 -9999     3 -9999
2022 08 07 20   256   233 10154   200    26 -9999    -1 -9999
2022 08 07 21   267   233 10146   240    21 -9999    -1 -9999
2022 08 07 22   272   233 10153   220    31 -9999     0 -9999
2022 08 07 23   272   233 10155   230    31 -9999     0 -9999
2022 08 08 00   267   233 10157   220    31     8    -1     5
2022 08 08 01   261   233 10159   240    21 -9999    -1 -9999
2022 08 08 02   261   222 10159     0     0 -9999     0 -9999
2022 08 08 03   256   222 10159   210    26 -9999     0 -9999
2022 08 08 04   250   228 10157     0     0 -9999    15 -9999
2022 08 08 05   250   233 10150   150    21 -9999    -1 -9999
2022 08 08 06   244   233 10145   180    26     6     0    20
2022 08 08 07   250   233 10133   180    31 -9999     0 -9999
2022 08 08 08   244   233 10125   180    41 -9999     0 -9999
2022 08 08 09   250   239 10122   220    26 -9999     0 -9999
2022 08 08 10   256   239 10116   220    41 -9999     0 -9999
2022 08 08 11   261   239 10120   220    51 -9999     0 -9999
2022 08 08 12   250   211 10132   270    57     8     0 -9999
2022 08 08 13   239   217 10129   240    31 -9999    23 -9999
2022 08 08 14   239   211 10117   250    46 -9999    13 -9999
2022 08 08 15   239   211 10115   210    62 -9999     3 -9999
2022 08 08 16   239   211 10123   240    77 -9999    13 -9999
2022 08 08 17   233   217 10120   240    51 -9999     3 -9999
2022 08 08 18   261   222 10127   260    57     6    -1    50
2022 08 08 19   261   228 10126   270    72 -9999     0 -9999
2022 08 08 20   233   217 10133   340    67 -9999     8 -9999
2022 08 08 21   200   183 10136    30    77 -9999    -1 -9999
2022 08 08 22   183   172 10141    30    72 -9999     0 -9999
2022 08 08 23   189   161 10147    30    62 -9999     0 -9999
2022 08 09 00   194   156 10154    20    57     8     0     8
2022 08 09 01   194   156 10155    30    67 -9999     0 -9999
2022 08 09 02   194   161 10163    40    46 -9999     0 -9999
2022 08 09 03   194   167 10167    20    51 -9999     0 -9999
2022 08 09 04   194   167 10172    20    36 -9999     0 -9999
2022 08 09 05   189   167 10171   350    36 -9999     0 -9999
2022 08 09 06   189   161 10173    20    26     6     0 -9999
2022 08 09 07   183   167 10176   350    26 -9999     0 -9999
2022 08 09 08   183   161 10173    10    36 -9999     0 -9999
2022 08 09 09   178   150 10176   350    36     4     0 -9999
2022 08 09 10   172   150 10181   350    36     2     0 -9999
2022 08 09 11   167   144 10184   350    31     2     0 -9999
2022 08 09 12   178   150 10189   340    31     4     0 -9999
2022 08 09 13   183   156 10192   360    41 -9999     0 -9999
2022 08 09 14   211   156 10197    20    57     4     0 -9999
2022 08 09 15   217   144 10201    50    62 -9999     0 -9999
2022 08 09 16   222   150 10203    30    62 -9999     0 -9999
2022 08 09 17   228   144 10200    30    62 -9999     0 -9999
2022 08 09 18   233   139 10196    30    51     6     0 -9999
2022 08 09 19   239   133 10194    30    51 -9999     0 -9999
2022 08 09 20   244   133 10192    30    46     4     0 -9999
2022 08 09 21   244   133 10188    30    62     2     0 -9999
2022 08 09 22   244   111 10187    50    46     2     0 -9999
2022 08 09 23   239   117 10185    30    46     2     0 -9999
2022 08 10 00   228   122 10186    50    46     4     0 -9999
2022 08 10 01   211   117 10189    50    31     4     0 -9999
2022 08 10 02   206   117 10191    80    15     2     0 -9999
2022 08 10 03   200   111 10192    60    26     0     0 -9999
2022 08 10 04   178   133 10195   100    21     0     0 -9999
2022 08 10 05   183   133 10199     0     0     0     0 -9999
2022 08 10 06   178   133 10201     0     0     0     0 -9999
2022 08 10 07   167   133 10204     0     0     0     0 -9999
2022 08 10 08   161   133 10204     0     0     0     0 -9999
2022 08 10 09   161   133 10203   290    21     0     0 -9999
2022 08 10 10   161   128 10201   290    15     0     0 -9999
2022 08 10 11   167   117 10206   280    15     2     0 -9999
2022 08 10 12   172   128 10213     0     0     2     0 -9999
2022 08 10 13   194   128 10215     0     0     2     0 -9999
2022 08 10 14   222   144 10218     0     0     2     0 -9999
2022 08 10 15   244   156 10218   300    31     2     0 -9999
2022 08 10 16   272   156 10217    50    31     4     0 -9999
2022 08 10 17   272   150 10214     0     0     4     0 -9999
2022 08 10 18   278   139 10209   310    41     2     0 -9999
2022 08 10 19   283   150 10202   280    21     2     0 -9999
2022 08 10 20   289   144 10195   270    46     2     0 -9999
2022 08 10 21   289   144 10191   290    36     2     0 -9999
2022 08 10 22   289   150 10189   280    31     2     0 -9999
2022 08 10 23   289   161 10185   300    41     2     0 -9999
2022 08 11 00   278   161 10182   330    31     2     0 -9999
2022 08 11 01   267   167 10183   290    31     2     0 -9999
2022 08 11 02   256   172 10190   280    26     0     0 -9999
2022 08 11 03   244   178 10190   270    21     0     0 -9999
2022 08 11 04   233   178 10191   260    26     0     0 -9999
2022 08 11 05   228   183 10192   260    31     0     0 -9999
2022 08 11 06   228   183 10190   260    26     2     0 -9999
2022 08 11 07   222   183 10189   260    31     2     0 -9999
2022 08 11 08   217   183 10188   300    21 -9999     0 -9999
2022 08 11 09   222   183 10189   350    41     4     0 -9999
2022 08 11 10   222   194 10190    20    51 -9999     0 -9999
2022 08 11 11   222   178 10196    20    72 -9999     0 -9999
2022 08 11 12   222   161 10201    30    57     6     0 -9999
2022 08 11 13   228   139 10205    50    57 -9999     0 -9999
2022 08 11 14   233   122 10213    50    67 -9999     0 -9999
2022 08 11 15   239   106 10215    60    67 -9999     0 -9999
2022 08 11 16   244   106 10220    40    72 -9999     0 -9999
2022 08 11 17   239   106 10223    50    67 -9999     0 -9999
2022 08 11 18   250   106 10219    40    67     2     0 -9999
2022 08 11 19   250   106 10219    20    62     2     0 -9999
2022 08 11 20   256   117 10218    30    88     4     0 -9999
2022 08 11 21   250   122 10215    40    88     4     0 -9999
2022 08 11 22   244   106 10213    30    82     4     0 -9999
2022 08 11 23   239   106 10211    30    77     2     0 -9999
2022 08 12 00   228   111 10212    20    72     2     0 -9999
2022 08 12 01   211   128 10215    30    67     2     0 -9999
2022 08 12 02   200   133 10220    30    62     2     0 -9999
2022 08 12 03   194   128 10226    10    46     0     0 -9999
2022 08 12 04   172   111 10226   350    31     0     0 -9999
2022 08 12 05   178   111 10225    10    31     2     0 -9999
2022 08 12 06   167   111 10227   310    26     2     0 -9999
2022 08 12 07   161   111 10224   320    15     2     0 -9999
2022 08 12 08   150   117 10226   350    36     2     0 -9999
2022 08 12 09   144   117 10227   350    26     4     0 -9999
2022 08 12 10   161   122 10224   340    15     4     0 -9999
2022 08 12 11   161   128 10232   350    21 -9999     0 -9999
2022 08 12 12   172   128 10236    10    21     6     0 -9999
2022 08 12 13   206   144 10237    40    36 -9999     0 -9999
2022 08 12 14   222   144 10233   110    31 -9999     0 -9999
2022 08 12 15   233   133 10241 -9999    31 -9999     0 -9999
2022 08 12 16   244    94 10248    60    15 -9999     0 -9999
2022 08 12 17   239   139 10244   350    31 -9999     0 -9999
2022 08 12 18   239   144 10237   340    26     8     0 -9999
2022 08 12 19   239   150 10229    80    31 -9999     0 -9999
2022 08 12 20   250   144 10227    20    31 -9999     0 -9999
2022 08 12 21   239   144 10220   350    15 -9999     0 -9999
2022 08 12 22   239   133 10213    20    41 -9999     0 -9999
2022 08 12 23   239   128 10209   100    41 -9999     0 -9999
2022 08 13 00   228   111 10209    80    36     6     0 -9999
2022 08 13 01   222   111 10207   100    31 -9999     0 -9999
2022 08 13 02   222   111 10209   120    26 -9999     0 -9999
2022 08 13 03   222   139 10211   240    15 -9999     0 -9999
2022 08 13 04   222   139 10209     0     0 -9999     0 -9999
2022 08 13 05   217   139 10205   170    31 -9999     0 -9999
2022 08 13 06   211   122 10204   150    31     6     0 -9999
2022 08 13 07   217   117 10203   160    31 -9999     0 -9999
2022 08 13 08   211   117 10204   190    36 -9999     0 -9999
2022 08 13 09   206   111 10202   170    36 -9999     0 -9999
2022 08 13 10   200   111 10202   170    36 -9999     0 -9999
2022 08 13 11   194   117 10200   170    26 -9999     0 -9999
2022 08 13 12   194   117 10201   170    26     6     0 -9999
2022 08 13 13   206   117 10200   180    31 -9999     0 -9999
2022 08 13 14   217   117 10193   180    46 -9999     0 -9999
2022 08 13 15   233   117 10184   190    57 -9999     0 -9999
2022 08 13 16   239   117 10182   200    41 -9999     0 -9999
2022 08 13 17   250   128 10172   190    88 -9999     0 -9999
2022 08 13 18   239   128 10167   200    72     6     0 -9999
2022 08 13 19   256   139 10155   190    72 -9999    -1 -9999
2022 08 13 20   244   139 10144   170    67 -9999     0 -9999
2022 08 13 21   244   139 10142   180    82 -9999     0 -9999
2022 08 13 22   256   150 10140   200    57 -9999     0 -9999
2022 08 13 23   256   156 10139   200    51 -9999     0 -9999
2022 08 14 00   256   156 10137   170    41     8     0     0
2022 08 14 01   250   156 10133   170    51 -9999     0 -9999
2022 08 14 02   244   161 10131   160    57 -9999    -1 -9999
2022 08 14 03   239   161 10130   170    46 -9999     0 -9999
2022 08 14 04   233   161 10127   190    51     4     0 -9999
2022 08 14 05   233   167 10122   190    41     4     0 -9999
2022 08 14 06   222   167 10116   190    41     4     0     0
2022 08 14 07   222   172 10112   180    31     4     0 -9999
2022 08 14 08   217   172 10108   190    31 -9999     0 -9999
2022 08 14 09   217   172 10108     0     0 -9999     0 -9999
2022 08 14 10   217   172 10104   140    15 -9999     0 -9999
2022 08 14 11   217   172 10108   130    21 -9999     0 -9999
2022 08 14 12   217   178 10112     0     0     8     0 -9999
2022 08 14 13   222   178 10113     0     0 -9999     0 -9999
2022 08 14 14   228   178 10115    10    31 -9999     0 -9999
2022 08 14 15   233   178 10115    30    41 -9999     0 -9999
2022 08 14 16   239   183 10117    20    62 -9999     0 -9999
2022 08 14 17   233   183 10122    20    67 -9999     0 -9999
2022 08 14 18   222   183 10130    20    72     8     0 -9999
2022 08 14 19   217   178 10135    30    72 -9999     0 -9999
2022 08 14 20   206   172 10138    30    72 -9999     0 -9999
2022 08 14 21   200   167 10139    20    82 -9999     0 -9999
2022 08 14 22   206   167 10144    20    77 -9999     0 -9999
2022 08 14 23   200   167 10145    30    57 -9999     0 -9999
2022 08 15 00   206   161 10147    40    72     8     0 -9999
2022 08 15 01   206   161 10151    20    62 -9999     0 -9999
2022 08 15 02   194   167 10156    10    67 -9999     0 -9999
2022 08 15 03   194   167 10158    10    67 -9999     0 -9999
2022 08 15 04   189   172 10158    30    57 -9999    -1 -9999
2022 08 15 05   194   172 10158    10    46 -9999    -1 -9999
2022 08 15 06   194   178 10156    20    46     8     0    -1
2022 08 15 07   194   172 10159   360    51 -9999     0 -9999
2022 08 15 08   194   172 10158    30    51 -9999     0 -9999
2022 08 15 09   194   172 10156    20    36 -9999     0 -9999
2022 08 15 10   194   178 10159    20    41 -9999     0 -9999
2022 08 15 11   194   178 10162    20    41 -9999     0 -9999
2022 08 15 12   200   178 10167    20    46     6     0 -9999
2022 08 15 13   211   172 10170    40    41     2     0 -9999
2022 08 15 14   228   167 10171    40    57     4     0 -9999
2022 08 15 15   233   156 10173    60    51     4     0 -9999
2022 08 15 16   244   144 10173    50    46     4     0 -9999
2022 08 15 17   256   139 10174    50    62     4     0 -9999
2022 08 15 18   256   139 10174    70    57     6     0 -9999
2022 08 15 19   250   150 10176    50    57 -9999     0 -9999
2022 08 15 20   250   139 10178    30    62 -9999     0 -9999
2022 08 15 21   244   133 10173    40    46 -9999     0 -9999
2022 08 15 22   239   128 10175    30    57 -9999     0 -9999
2022 08 15 23   233   133 10176    50    36 -9999     0 -9999
2022 08 16 00   222   139 10177    20    36     6     0 -9999
2022 08 16 01   217   133 10180    20    36 -9999     0 -9999
2022 08 16 02   211   139 10182    20    62 -9999     0 -9999
2022 08 16 03   206   150 10186    30    51 -9999     0 -9999
2022 08 16 04   194   167 10185    30    46     4     0 -9999
2022 08 16 05   194   167 10183    10    31     4     0 -9999
2022 08 16 06   189   161 10179    20    36     2     0 -9999
2022 08 16 07   178   161 10176   360    26     2     0 -9999
2022 08 16 08   172   156 10176   350    21     2     0 -9999
2022 08 16 09   172   156 10178   350    26     2     0 -9999
2022 08 16 10   167   156 10181   350    31     2     0 -9999
2022 08 16 11   167   150 10184   360    15     2     0 -9999
2022 08 16 12   178   161 10187    10    26     2     0 -9999
2022 08 16 13   206   167 10191    20    31     2     0 -9999
2022 08 16 14   233   144 10191    70    46     2     0 -9999
2022 08 16 15   244   133 10193    80    26     2     0 -9999
2022 08 16 16   250   122 10196    50    41 -9999     0 -9999
2022 08 16 17   256   139 10196    40    62     4     0 -9999
2022 08 16 18   267   133 10194    40    36     2     0 -9999
2022 08 16 19   267    89 10193    60    57     2     0 -9999
2022 08 16 20   267    94 10193    40    72     4     0 -9999
2022 08 16 21   267    72 10190    50    77 -9999     0 -9999
2022 08 16 22   256   100 10191    30    72     4     0 -9999
2022 08 16 23   250    89 10189    30    72     2     0 -9999
2022 08 17 00   239    89 10188    30    62     2     0 -9999
2022 08 17 01   222    94 10189    30    62     2     0 -9999
2022 08 17 02   211   111 10192    20    46     0     0 -9999
2022 08 17 03   189   117 10195    10    36     0     0 -9999
2022 08 17 04   183   122 10194   350    26     0     0 -9999
2022 08 17 05   183   128 10193   340    26     0     0 -9999
2022 08 17 06   183   128 10192   350    21     0     0 -9999
2022 08 17 07   167   128 10190   350    31     0     0 -9999
2022 08 17 08   167   139 10189   350    26     0     0 -9999
2022 08 17 09   172   144 10189   350    26     0     0 -9999
2022 08 17 10   172   150 10189   340    21     0     0 -9999
2022 08 17 11   167   150 10194   350    26     2     0 -9999
2022 08 17 12   172   156 10198   350    26     2     0 -9999
2022 08 17 13   200   172 10201    20    36     2     0 -9999
2022 08 17 14   233   178 10202    40    36     2     0 -9999
2022 08 17 15   250   172 10202    40    41     2     0 -9999
2022 08 17 16   256   150 10204    30    51     4     0 -9999
2022 08 17 17   267   150 10201    40    31     4     0 -9999
2022 08 17 18   267   144 10198    20    46     4     0 -9999
2022 08 17 19   272   133 10195    40    36     4     0 -9999
2022 08 17 20   272   139 10191    80    41 -9999     0 -9999
2022 08 17 21   272   139 10189    50    36 -9999     0 -9999
2022 08 17 22   261   139 10186    30    36 -9999     0 -9999
2022 08 17 23   261   139 10183    10    36 -9999     0 -9999
2022 08 18 00   250   133 10182    40    36     6     0 -9999
2022 08 18 01   228   144 10179    40    41 -9999     0 -9999
2022 08 18 02   217   144 10181    50    21     2     0 -9999
2022 08 18 03   206   139 10182    10    26     4     0 -9999
2022 08 18 04   200   150 10181     0     0     4     0 -9999
2022 08 18 05   194   156 10180   340    15     2     0 -9999
2022 08 18 06   183   150 10179     0     0     0     0 -9999
2022 08 18 07   183   150 10176   300    21     2     0 -9999
2022 08 18 08   178   144 10172     0     0     2     0 -9999
2022 08 18 09   172   139 10174     0     0     2     0 -9999
2022 08 18 10   167   139 10175     0     0     2     0 -9999
2022 08 18 11   167   139 10174     0     0     4     0 -9999
2022 08 18 12   172   144 10176     0     0     2     0 -9999
2022 08 18 13   200   144 10176     0     0     2     0 -9999
2022 08 18 14   222   139 10172   240    31     2     0 -9999
2022 08 18 15   244   128 10168   250    26     2     0 -9999
2022 08 18 16   250   133 10167 -9999    15     2     0 -9999
2022 08 18 17   267   117 10164   270    15     2     0 -9999
2022 08 18 18   278   111 10160 -9999    15     4     0 -9999
2022 08 18 19   278   117 10156 -9999    26 -9999     0 -9999
2022 08 18 20   278   117 10152   270    36 -9999     0 -9999
2022 08 18 21   278   122 10145   300    46 -9999     0 -9999
2022 08 18 22   278   111 10141   240    26 -9999     0 -9999
2022 08 18 23   278   117 10139   270    41 -9999     0 -9999
2022 08 19 00   272   144 10136   260    41     6     0 -9999
2022 08 19 01   256   144 10134   240    36 -9999     0 -9999
2022 08 19 02   250   150 10134   210    15     4     0 -9999
2022 08 19 03   239   150 10134   190    15     2     0 -9999
2022 08 19 04   228   156 10132   180    26     2     0 -9999
2022 08 19 05   222   156 10135   190    21     2     0 -9999
2022 08 19 06   217   156 10136   200    26     2     0 -9999
2022 08 19 07   206   156 10137   190    26     2     0 -9999
2022 08 19 08   206   156 10137   200    21     2     0 -9999
2022 08 19 09   206   156 10138   210    26     4     0 -9999
2022 08 19 10   206   150 10139   200    31     4     0 -9999
2022 08 19 11   200   150 10141   210    31     4     0 -9999
2022 08 19 12   200   150 10140   190    36     6     0 -9999
2022 08 19 13   222   161 10142   200    46     4     0 -9999
2022 08 19 14   244   150 10144   210    57     2     0 -9999
2022 08 19 15   256   161 10146   200    51     4     0 -9999
2022 08 19 16   278   156 10144   200    67     4     0 -9999
2022 08 19 17   278   144 10138   220    41 -9999     0 -9999
2022 08 19 18   283   133 10133   230    62     6     0 -9999
2022 08 19 19   283   139 10130   180    67 -9999     0 -9999
2022 08 19 20   294   139 10126   180    51 -9999     0 -9999
2022 08 19 21   289   150 10124   160    67 -9999     0 -9999
2022 08 19 22   278   144 10123   170    67 -9999     0 -9999
2022 08 19 23   283   150 10124   170    41 -9999     0 -9999
2022 08 20 00   272   144 10122   180    51     6     0 -9999
2022 08 20 01   267   144 10125   170    51 -9999     0 -9999
2022 08 20 02   261   156 10126   170    57 -9999    -1 -9999
2022 08 20 03   256   156 10130   180    46 -9999    -1 -9999
2022 08 20 04   244   156 10128   160    46 -9999    -1 -9999
2022 08 20 05   244   156 10128   170    36 -9999     0 -9999
2022 08 20 06   244   156 10134   200    41     8     0     0
2022 08 20 07   228   161 10142   250    57 -9999    -1 -9999
2022 08 20 08   189   167 -9999   290    36 -9999     2 -9999
2022 08 20 09   189   172 10147   170    21 -9999    69 -9999
2022 08 20 10   189   172 10147   170    41 -9999    43 -9999
2022 08 20 11   189   172 10142   170    31 -9999    20 -9999
2022 08 20 12   189   172 10146   180    36     6    -1   140
2022 08 20 13   194   178 10144   190    36 -9999     0 -9999
2022 08 20 14   200   178 10143   180    41 -9999     0 -9999
2022 08 20 15   222   178 10151   200    51 -9999     0 -9999
2022 08 20 16   211   183 10145   180    41 -9999     5 -9999
2022 08 20 17   228   189 10148   190    67 -9999    -1 -9999
2022 08 20 18   211   178 10144   200    51     6    -1     5
2022 08 20 19   217   183 10147   200    72 -9999    -1 -9999
2022 08 20 20   222   183 10138   210    31 -9999    -1 -9999
2022 08 20 21   222   194 10125   180    41 -9999     5 -9999
2022 08 20 22   244   167 10126   200    41 -9999     0 -9999
2022 08 20 23   239   189 10130   170    26 -9999     0 -9999
2022 08 21 00   244   189 10125   130    26     6     0     5
2022 08 21 01   228   189 10128   150    31 -9999     0 -9999
2022 08 21 02   222   183 10129   120    15 -9999     0 -9999
2022 08 21 03   222   183 10131     0     0 -9999     0 -9999
2022 08 21 04   217   183 10131     0     0 -9999     0 -9999
2022 08 21 05   211   189 10131     0     0 -9999     0 -9999
2022 08 21 06   211   189 10127   350    15     6     0 -9999
2022 08 21 07   206   194 10127   320    21 -9999     0 -9999
2022 08 21 08   211   194 10126   340    21 -9999    -1 -9999
2022 08 21 09   206   194 10125     0     0 -9999     3 -9999
2022 08 21 10   206   194 10124   290    15 -9999     0 -9999
2022 08 21 11   200   194 -9999   310    31 -9999     0 -9999
2022 08 21 12   200   189 10135   340    31     8     0     3
2022 08 21 13   200   189 10141   360    46 -9999     0 -9999
2022 08 21 14   211   189 10147    10    57 -9999     0 -9999
2022 08 21 15   222   189 10153   360    51 -9999     0 -9999
2022 08 21 16   228   183 10155    30    62 -9999     0 -9999
2022 08 21 17   239   183 10154    30    67 -9999     0 -9999
2022 08 21 18   250   178 10155    30    57     6     0 -9999
2022 08 21 19   256   178 10154    30    46 -9999     0 -9999
2022 08 21 20   261   178 10152    10    46 -9999     0 -9999
2022 08 21 21   261   172 10150    30    62 -9999     0 -9999
2022 08 21 22   250   178 10148    30    62 -9999     0 -9999
2022 08 21 23   244   178 10152    50    41 -9999     0 -9999
2022 08 22 00   228   172 10153    40    67     4     0 -9999
2022 08 22 01   217   167 10158    20    46     4     0 -9999
2022 08 22 02   217   172 10162    30    51 -9999     0 -9999
2022 08 22 03   211   178 10166    30    36     4     0 -9999
2022 08 22 04   200   172 10165   350    26     2     0 -9999
2022 08 22 05   189   172 10163   350    31     2     0 -9999
2022 08 22 06   194   172 10163   320    31     0     0 -9999
2022 08 22 07   189   172 10164   300    26     0     0 -9999
2022 08 22 08   183   167 10164   300    21     0     0 -9999
2022 08 22 09   183   167 10166   280    21     0     0 -9999
2022 08 22 10   178   161 10165   300    21     0     0 -9999
2022 08 22 11   178   156 10166   320    15     2     0 -9999
2022 08 22 12   183   161 10169   350    26     2     0 -9999
2022 08 22 13   206   167 10173   360    31     2     0 -9999
2022 08 22 14   228   172 10173    10    31     2     0 -9999
2022 08 22 15   244   167 10173    10    31     2     0 -9999
2022 08 22 16   256   161 10174   360    26     4     0 -9999
2022 08 22 17   272   156 10172 -9999    26 -9999     0 -9999
2022 08 22 18   272   144 10168   330    21     6     0 -9999
2022 08 22 19   278   133 10163   350    26 -9999     0 -9999
2022 08 22 20   289   128 10160 -9999    15 -9999     0 -9999
2022 08 22 21   289   122 10156 -9999    26 -9999     0 -9999
2022 08 22 22   267   161 10157    60    51     4     0 -9999
2022 08 22 23   256   167 10158    60    41     4     0 -9999
2022 08 23 00   239   144 10160    40    51     2     0 -9999
2022 08 23 01   228   156 10162    60    36     2     0 -9999
2022 08 23 02   217   144 10166   110    21     2     0 -9999
2022 08 23 03   217   150 10163     0     0     2     0 -9999
2022 08 23 04   206   150 10163     0     0     2     0 -9999
2022 08 23 05   189   150 10162   240    15     2     0 -9999
2022 08 23 06   189   150 10160   240    15     2     0 -9999
2022 08 23 07   189   150 10159   250    21     4     0 -9999
2022 08 23 08   183   150 10156   250    21     4     0 -9999
2022 08 23 09   178   150 10155   260    31 -9999     0 -9999
2022 08 23 10   183   156 10155   270    31 -9999     0 -9999
2022 08 23 11   178   150 10155   260    26 -9999     0 -9999
2022 08 23 12   183   150 10156   260    26     4     0 -9999
2022 08 23 13   200   150 10161   270    31     4     0 -9999
2022 08 23 14   228   156 10161   280    21     4     0 -9999
2022 08 23 15   250   150 10161   330    26     2     0 -9999
2022 08 23 16   261   144 10161   300    31     2     0 -9999
2022 08 23 17   272   122 10159 -9999    21     4     0 -9999
2022 08 23 18   283   139 10156 -9999    15     6     0 -9999
2022 08 23 19   289   128 10153   360    21 -9999     0 -9999
2022 08 23 20   289   117 10150     0     0 -9999     0 -9999
2022 08 23 21   278   128 10147 -9999    15 -9999     0 -9999
2022 08 23 22   278   133 10146    30    21 -9999     0 -9999
2022 08 23 23   272   133 10146   100    31 -9999     0 -9999
2022 08 24 00   267   122 10146    80    41     6     0 -9999
2022 08 24 01   250   128 10148   100    26 -9999     0 -9999
2022 08 24 02   244   128 10153   130    21     2     0 -9999
2022 08 24 03   239   133 10157   190    15     2     0 -9999
2022 08 24 04   228   133 10158     0     0     2     0 -9999
2022 08 24 05   211   139 10159   260    15     0     0 -9999
2022 08 24 06   211   139 10163   260    15     0     0 -9999
2022 08 24 07   211   139 10166   290    15     0     0 -9999
2022 08 24 08   206   150 10166   280    15     0     0 -9999
2022 08 24 09   200   150 10168   270    15     0     0 -9999
2022 08 24 10   194   150 10170   270    21     0     0 -9999
2022 08 24 11   206   139 10169   270    15     0     0 -9999
2022 08 24 12   194   150 10174     0     0     2     0 -9999
2022 08 24 13   217   150 10178     0     0     2     0 -9999
2022 08 24 14   244   144 10181   310    21     0     0 -9999
2022 08 24 15   261   139 10181   250    15     0     0 -9999
2022 08 24 16   272   139 10183   340    21     2     0 -9999
2022 08 24 17   283   133 10179   290    31     2     0 -9999
2022 08 24 18   283   133 10177 -9999    21     4     0 -9999
2022 08 24 19   278   133 10175 -9999    15 -9999     0 -9999
2022 08 24 20   294   139 10169   210    46 -9999     0 -9999
2022 08 24 21   283   139 10166   250    26 -9999     0 -9999
2022 08 24 22   283   139 10164   210    46 -9999     0 -9999
2022 08 24 23   283   139 10162   240    41 -9999     0 -9999
2022 08 25 00   272   139 10160   230    46     6     0 -9999
2022 08 25 01   256   139 10160   210    26     4     0 -9999
2022 08 25 02   250   139 10162   200    15     4     0 -9999
2022 08 25 03   239   150 10166   230    26     2     0 -9999
2022 08 25 04   228   150 10169   200    21     2     0 -9999
2022 08 25 05   228   150 10167   210    21     4     0 -9999
2022 08 25 06   222   150 10165   200    26     6     0 -9999
2022 08 25 07   217   156 10159   190    31 -9999     0 -9999
2022 08 25 08   211   156 10155   190    31 -9999     0 -9999
2022 08 25 09   211   150 10156   200    26 -9999     0 -9999
2022 08 25 10   211   156 10154   210    26 -9999     0 -9999
2022 08 25 11   200   167 10159   260    31 -9999    15 -9999
2022 08 25 12   189   172 10153   200    46     8    25    40
2022 08 25 13   194   172 10156   220    46 -9999    -1 -9999
2022 08 25 14   194   178 -9999   180    41 -9999    -1 -9999
2022 08 25 15   200   189 10156   200    26 -9999     0 -9999
2022 08 25 16   222   194 10150   210    57 -9999     0 -9999
2022 08 25 17   233   194 10148   240    41 -9999     0 -9999
2022 08 25 18   233   194 10147   220    31     8     0    40
2022 08 25 19   233   194 10144   220    26 -9999     0 -9999
2022 08 25 20   239   200 10139   210    36 -9999     0 -9999
2022 08 25 21   256   206 10137   250    21 -9999     0 -9999
2022 08 25 22   267   194 10131   230    41 -9999     0 -9999
2022 08 25 23   261   194 10132   270    41 -9999     0 -9999
2022 08 26 00   261   194 10132   260    46     6     0 -9999
2022 08 26 01   233   194 10139    10    57 -9999     8 -9999
2022 08 26 02   228   194 10147    70    15 -9999    -1 -9999
2022 08 26 03   228   200 10152   350    31 -9999     0 -9999
2022 08 26 04   222   200 -9999    10    51 -9999     0 -9999
2022 08 26 05   211   189 10161    10    41 -9999     0 -9999
2022 08 26 06   211   189 10165   360    36     8     0     8
2022 08 26 07   206   189 10163   350    31 -9999 -9999 -9999
2022 08 26 08   206   183 10163    10    46 -9999 -9999 -9999
2022 08 26 09   200   178 10161   360    41 -9999 -9999 -9999
2022 08 26 10   194   178 10164   350    41 -9999 -9999 -9999
2022 08 26 11   189   172 10166   330    31 -9999 -9999 -9999
2022 08 26 12   189   172 10171   360    51     6 -9999 -9999
2022 08 26 13   200   172 10176   360    51 -9999 -9999 -9999
2022 08 26 14   211   167 10180   350    41     4 -9999 -9999
2022 08 26 15   217   161 10184   360    41 -9999 -9999 -9999
2022 08 26 16   228   161 10183    20    31 -9999 -9999 -9999
2022 08 26 17   233   156 10188    20    41 -9999     0 -9999
2022 08 26 18   250   161 10185    20    51     6     0 -9999
2022 08 26 19   250   156 10184    10    41 -9999     0 -9999
2022 08 26 20   244   156 10179    40    26 -9999     0 -9999
2022 08 26 21   250   150 10175    30    21 -9999     0 -9999
2022 08 26 22   244   161 10172    70    41     4     0 -9999
2022 08 26 23   239   156 10174    70    51     4     0 -9999
2022 08 27 00   222   150 10172    60    51     2     0 -9999
2022 08 27 01   206   139 10177    40    41     2     0 -9999
2022 08 27 02   206   150 10182    90    31     2     0 -9999
2022 08 27 03   194   150 10185    70    26     4     0 -9999
2022 08 27 04   183   150 10184    30    26     2     0 -9999
2022 08 27 05   189   144 10183    90    15     2     0 -9999
2022 08 27 06   178   144 10182     0     0     2     0 -9999
2022 08 27 07   167   139 10177     0     0     2     0 -9999
2022 08 27 08   156   139 10182   260    15     2     0 -9999
2022 08 27 09   161   139 10180     0     0     2     0 -9999
2022 08 27 10   156   133 10180     0     0     2     0 -9999
2022 08 27 11   156   128 10181     0     0     2     0 -9999
2022 08 27 12   156   144 10183     0     0     2     0 -9999
2022 08 27 13   183   161 10183     0     0     2     0 -9999
2022 08 27 14   206   167 10181   160    26     2     0 -9999
2022 08 27 15   222   144 10182   160    15     2     0 -9999
2022 08 27 16   244   156 10180   150    26     4     0 -9999
2022 08 27 17   256   156 10174   190    31 -9999     0 -9999
2022 08 27 18   261   156 10169 -9999    15     6     0 -9999
2022 08 27 19   267   156 10164   170    15 -9999     0 -9999
2022 08 27 20   278   156 10160 -9999    21 -9999     0 -9999
2022 08 27 21   278   161 10155 -9999    26 -9999     0 -9999
2022 08 27 22   267   161 10155    50    46 -9999     0 -9999
2022 08 27 23   261   156 10152    70    51 -9999     0 -9999
2022 08 28 00   244   156 10148    80    46     6     0 -9999
2022 08 28 01   233   156 10143    90    41 -9999     0 -9999
2022 08 28 02   228   161 10144    90    21     4     0 -9999
2022 08 28 03   217   172 10143   130    36     4     0 -9999
2022 08 28 04   217   178 10136   140    31     4     0 -9999
2022 08 28 05   222   178 10132   160    46     4     0 -9999
2022 08 28 06   222   172 10132   160    31     6     0 -9999
2022 08 28 07   222   161 10131   160    41     4     0 -9999
2022 08 28 08   217   161 10128   160    31     4     0 -9999
2022 08 28 09   206   161 10125   140    26     4     0 -9999
2022 08 28 10   206   161 10122   150    31     4     0 -9999
2022 08 28 11   206   161 10123   160    31     4     0 -9999
2022 08 28 12   211   167 10127   160    41     2     0 -9999
2022 08 28 13   211   189 -9999   160    41 -9999    -1 -9999
2022 08 28 14   233   194 10123   180    36 -9999     0 -9999
2022 08 28 15   261   206 10119   180    46 -9999     0 -9999
2022 08 28 16   283   200 10115   190    51 -9999     0 -9999
2022 08 28 17   294   206 10111   190    57 -9999     0 -9999
2022 08 28 18   306   206 10104   190    67     6     0     3
2022 08 28 19   306   200 10095   180    67 -9999     0 -9999
2022 08 28 20   306   200 10082   180    72 -9999     0 -9999
2022 08 28 21   306   206 10077   190    82 -9999     0 -9999
2022 08 28 22   300   200 10074   170    72 -9999     0 -9999
2022 08 28 23   289   217 10079   200    57 -9999    -1 -9999
2022 08 29 00   228   217 -9999   260    31 -9999    12    81
2022 08 29 01   239   222 10083   220    21 -9999    -1 -9999
2022 08 29 02   239   222 10090   210    15 -9999     0 -9999
2022 08 29 03   250   222 10086   220    36 -9999     0 -9999
2022 08 29 04   250   211 10086   200    41 -9999     0 -9999
2022 08 29 05   250   206 10091   200    57 -9999     0 -9999
2022 08 29 06   244   200 10090   200    51     4     0    10
2022 08 29 07   233   194 10089   190    46     4     0 -9999
2022 08 29 08   228   194 10089   200    46     4     0 -9999
2022 08 29 09   228   200 10091   210    57     2     0 -9999
2022 08 29 10   228   200 10093   200    51     4     0 -9999
2022 08 29 11   228   206 10093   210    41     4     0 -9999
2022 08 29 12   228   206 10094   210    41     2     0 -9999
2022 08 29 13   239   211 10096   210    51     4     0 -9999
2022 08 29 14   261   217 10096   230    67     4     0 -9999
2022 08 29 15   272   222 10097   240    67     2     0 -9999
2022 08 29 16   289   228 10090   200    51     2     0 -9999
2022 08 29 17   294   228 10103   230    51 -9999     0 -9999
2022 08 29 18   222   183 10093   350    36 -9999    15    15
2022 08 29 19   217   189 10112   190    51 -9999    -1 -9999
2022 08 29 20   217   194 10078   160    26 -9999    -1 -9999
2022 08 29 21   244   194 10097   260    46 -9999     0 -9999
2022 08 29 22   272   194 10087   230    41 -9999     0 -9999
2022 08 29 23   267   206 10099   250    31 -9999     0 -9999
2022 08 30 00   261   206 10099   240    41     6     0    -1
2022 08 30 01   250   206 10098   230    31 -9999     0 -9999
2022 08 30 02   250   211 10103   260    46 -9999     0 -9999
2022 08 30 03   244   167 10111   270    26 -9999     0 -9999
2022 08 30 04   233   156 10119   260    36 -9999     0 -9999
2022 08 30 05   228   161 10124   250    31 -9999     0 -9999
2022 08 30 06   222   156 10134   250    36     6     0 -9999
2022 08 30 07   211   161 10129   230    36 -9999 -9999 -9999
2022 08 30 08   206   156 10122   240    36     4 -9999 -9999
2022 08 30 09   200   156 10120   250    36     2 -9999 -9999
2022 08 30 10   194   156 10120   250    41     2 -9999 -9999
2022 08 30 11   189   150 10121   260    46     2 -9999 -9999
2022 08 30 12   189   150 10125   260    36     2 -9999 -9999
2022 08 30 13   200   144 10129   290    41     2 -9999 -9999
2022 08 30 14   217   144 10132   280    57     0 -9999 -9999
2022 08 30 15   233   139 10136   290    46     0 -9999 -9999
2022 08 30 16   239   139 10138   280    51     2     0 -9999
2022 08 30 17   250   128 10137   280    72     4     0 -9999
2022 08 30 18   256   111 10139   300    72     2     0 -9999
2022 08 30 19   256   122 10138   290    62     2     0 -9999
2022 08 30 20   261   111 10133   290    57     2     0 -9999
2022 08 30 21   261   117 10133   300    51     2     0 -9999
2022 08 30 22   261   117 10134   300    67     2     0 -9999
2022 08 30 23   256   122 10137   310    67     2     0 -9999
2022 08 31 00   244   106 10138   320    77     2     0 -9999
2022 08 31 01   233   111 10143   300    36     0     0 -9999
2022 08 31 02   217   122 10150   280    26     0     0 -9999
2022 08 31 03   211   122 10152   290    21     0     0 -9999
2022 08 31 04   200   122 10157   280    26     0     0 -9999
2022 08 31 05   189   122 10159   260    26     0     0 -9999
2022 08 31 06   183   128 10163   260    26     0     0 -9999
2022 08 31 07   178   128 10162   260    36     0     0 -9999
2022 08 31 08   172   128 10163   260    36     0     0 -9999
2022 08 31 09   167   122 10162   270    31     0     0 -9999
2022 08 31 10   167   122 10161   270    26     0     0 -9999
2022 08 31 11   167   122 10164   270    36     0     0 -9999
2022 08 31 12   167   122 10168   270    31     0     0 -9999
2022 08 31 13   189   128 10169   270    36     0     0 -9999
2022 08 31 14   211   133 10169   300    46     0     0 -9999
2022 08 31 15   239   139 10170   280    36     0     0 -9999
2022 08 31 16   256   139 10168   290    41     0     0 -9999
2022 08 31 17   272   139 10164   290    46     2     0 -9999
2022 08 31 18   278   139 10159   270    46     2     0 -9999
2022 08 31 19   283   139 10156   290    57     2     0 -9999
2022 08 31 20   289   144 10154   290    62     2     0 -9999
2022 08 31 21   289   144 10150   290    41     2     0 -9999
2022 08 31 22   289   150 10148   270    46     2     0 -9999
2022 08 31 23   283   156 10147   240    41     2     0 -9999
2022 09 01 00   272   156 10146   250    36     2     0 -9999
2022 09 01 01   261   161 10147   250    31     2     0 -9999
2022 09 01 02   250   172 10152   230    26     0     0 -9999
2022 09 01 03   244   172 10156   240    26     0     0 -9999
2022 09 01 04   233   178 10158   250    31     0     0 -9999
2022 09 01 05   228   172 10157   250    36     0     0 -9999
2022 09 01 06   222   172 10157   250    36     0     0 -9999
2022 09 01 07   217   172 10156   260    31     0     0 -9999
2022 09 01 08   211   167 10156   250    36     0     0 -9999
2022 09 01 09   206   167 10157   260    26     0     0 -9999
2022 09 01 10   200   161 10160   250    21     0     0 -9999
2022 09 01 11   200   161 10161   260    15     0     0 -9999
2022 09 01 12   194   161 10167     0     0     2     0 -9999
2022 09 01 13   217   161 10171     0     0     2     0 -9999
2022 09 01 14   239   167 10173     0     0     2     0 -9999
2022 09 01 15   267   161 10174     0     0     2     0 -9999
2022 09 01 16   283   156 10173   220    21     2     0 -9999
2022 09 01 17   294   150 10169   260    36     2     0 -9999
2022 09 01 18   306   139 10167   240    57     4     0 -9999
2022 09 01 19   306   144 10164   250    46     4     0 -9999
2022 09 01 20   306   144 10160   240    67 -9999     0 -9999
2022 09 01 21   306   156 10156   250    41 -9999     0 -9999
2022 09 01 22   294   161 10154   230    51 -9999     0 -9999
2022 09 01 23   289   156 10154   220    67 -9999     0 -9999
2022 09 02 00   278   172 10151   210    46     6     0 -9999
2022 09 02 01   267   172 10151   220    36 -9999     0 -9999
2022 09 02 02   261   178 10154   210    31 -9999     0 -9999
2022 09 02 03   250   178 10156   200    21 -9999     0 -9999
2022 09 02 04   244   178 10157   200    26 -9999     0 -9999
2022 09 02 05   244   178 10160   190    21 -9999     0 -9999
2022 09 02 06   239   178 10161   190    21     8     0 -9999
2022 09 02 07   233   178 10159   200    26 -9999     0 -9999
2022 09 02 08   239   178 10158   200    31 -9999     0 -9999
2022 09 02 09   233   178 10161   200    36 -9999     0 -9999
2022 09 02 10   222   178 10166   220    21 -9999     0 -9999
2022 09 02 11   217   178 10168   210    21 -9999     0 -9999
2022 09 02 12   211   178 10171   190    21     6     0 -9999
2022 09 02 13   228   178 10171   190    31 -9999     0 -9999
2022 09 02 14   244   178 10173   190    26 -9999     0 -9999
2022 09 02 15   261   172 10175   190    41 -9999     0 -9999
2022 09 02 16   272   167 10172   210    51 -9999     0 -9999
2022 09 02 17   289   167 10169   180    51 -9999     0 -9999
2022 09 02 18   289   156 10167   200    62     6     0 -9999
2022 09 02 19   294   167 10164   180    46 -9999     0 -9999
2022 09 02 20   300   161 10161   200    67 -9999     0 -9999
2022 09 02 21   289   161 10159   200    62 -9999     0 -9999
2022 09 02 22   283   167 10156   190    57 -9999     0 -9999
2022 09 02 23   283   161 10156   180    46 -9999     0 -9999
2022 09 03 00   278   167 10159   190    36     6     0 -9999
2022 09 03 01   261   167 10159   180    31 -9999     0 -9999
2022 09 03 02   256   172 10165   220    15     4     0 -9999
2022 09 03 03   244   178 10167   190    21     4     0 -9999
2022 09 03 04   239   178 10171   180    26     4     0 -9999
2022 09 03 05   233   178 10176   210    21     4     0 -9999
2022 09 03 06   228   183 10177   200    31     4     0 -9999
2022 09 03 07   222   183 10173   210    36     4     0 -9999
2022 09 03 08   217   183 10175   220    36     2     0 -9999
2022 09 03 09   217   183 10175   260    36     4     0 -9999
2022 09 03 10   222   183 10171   260    31     4     0 -9999
2022 09 03 11   222   183 10173   240    36     4     0 -9999
2022 09 03 12   217   183 10181   170    31     4     0 -9999
2022 09 03 13   222   183 10186   240    26     4     0 -9999
2022 09 03 14   244   172 10183   260    46     4     0 -9999
2022 09 03 15   261   172 10186   250    46     4     0 -9999
2022 09 03 16   278   172 10187   250    36     4     0 -9999
2022 09 03 17   283   172 10185   250    26     4     0 -9999
2022 09 03 18   294   178 10186   280    41     6     0 -9999
2022 09 03 19   311   183 10183    10    15 -9999     0 -9999
2022 09 03 20   300   189 10179    90    46 -9999     0 -9999
2022 09 03 21   272   189 10174    40    57 -9999     0 -9999
2022 09 03 22   244   200 10182    20    67 -9999    -1 -9999
2022 09 03 23   233   200 10185    30    77 -9999    -1 -9999
2022 09 04 00   217   189 10191    30    77     8     0    -1
2022 09 04 01   217   178 10196    20    72 -9999     0 -9999
2022 09 04 02   211   172 10201    10    67 -9999     0 -9999
2022 09 04 03   206   167 10200    20    77 -9999     0 -9999
2022 09 04 04   206   167 10204    20    62 -9999     0 -9999
2022 09 04 05   206   172 10200    20    62 -9999     0 -9999
2022 09 04 06   206   172 10195    20    77     8     0 -9999
2022 09 04 07   206   172 10191    20    57 -9999     0 -9999
2022 09 04 08   211   172 10186    20    62 -9999     0 -9999
2022 09 04 09   206   178 10186    40    62 -9999     0 -9999
2022 09 04 10   206   178 10185    20    62 -9999     0 -9999
2022 09 04 11   200   183 10189    10    62 -9999     0 -9999
2022 09 04 12   200   178 10193    10    51     8     0 -9999
2022 09 04 13   211   189 10193    10    46 -9999     0 -9999
2022 09 04 14   217   194 -9999    50    57 -9999     0 -9999
2022 09 04 15   222   189 10195    50    41 -9999    -1 -9999
2022 09 04 16   228   189 10197    50    57 -9999     0 -9999
2022 09 04 17   222   189 10195    50    51 -9999     0 -9999
2022 09 04 18   217   183 10192    40    57     8     0     0
2022 09 04 19   217   189 10189    30    62 -9999     0 -9999
2022 09 04 20   211   183 10186    30    77 -9999     0 -9999
2022 09 04 21   222   178 10180    40    72 -9999     0 -9999
2022 09 04 22   217   172 10178    30    72 -9999     0 -9999
2022 09 04 23   206   172 10180    20    72 -9999     0 -9999
2022 09 05 00   200   167 10183    20    67     8     0 -9999
2022 09 05 01   206   167 10181    30    82 -9999     0 -9999
2022 09 05 02   206   167 10184    30    62 -9999     0 -9999
2022 09 05 03   206   167 10183    40    67 -9999     0 -9999
2022 09 05 04   206   167 10181    60    62 -9999     0 -9999
2022 09 05 05   200   167 10180    50    46 -9999     0 -9999
2022 09 05 06   200   167 10180    50    46     8     0 -9999
2022 09 05 07   200   167 10177    60    51 -9999     0 -9999
2022 09 05 08   194   167 10177    40    46 -9999     0 -9999
2022 09 05 09   194   167 10176    40    46 -9999     0 -9999
2022 09 05 10   194   161 10175    20    62 -9999     0 -9999
2022 09 05 11   194   167 10180    30    57 -9999     0 -9999
2022 09 05 12   194   167 10182    40    51     8     0 -9999
2022 09 05 13   194   161 10185    30    62 -9999     0 -9999
2022 09 05 14   200   161 10185    30    57 -9999     0 -9999
2022 09 05 15   200   161 10186    40    62 -9999     0 -9999
2022 09 05 16   200   161 10190    40    62 -9999     0 -9999
2022 09 05 17   206   161 10191    10    62 -9999     0 -9999
2022 09 05 18   206   156 10191    30    62     8     0 -9999
2022 09 05 19   211   161 10191    30    62 -9999     0 -9999
2022 09 05 20   206   161 10188    30    72 -9999     0 -9999
2022 09 05 21   206   161 10186    30    67 -9999     0 -9999
2022 09 05 22   206   167 10184    20    62 -9999     0 -9999
2022 09 05 23   200   167 10184    30    62 -9999     0 -9999
2022 09 06 00   194   167 10183    20    57     8     0 -9999
2022 09 06 01   194   167 10184    10    46 -9999     0 -9999
2022 09 06 02   200   167 10190    10    51 -9999     0 -9999
2022 09 06 03   200   167 10190    10    41 -9999     0 -9999
2022 09 06 04   200   172 10189    20    36 -9999     0 -9999
2022 09 06 05   194   167 10189    30    36 -9999     0 -9999
2022 09 06 06   178   161 10189   340    26     4     0 -9999
2022 09 06 07   183   167 -9999   340    26 -9999     0 -9999
2022 09 06 08   189   167 10186    10    36 -9999     0 -9999
2022 09 06 09   189   167 10186   350    26 -9999     0 -9999
2022 09 06 10   189   167 10186   360    26 -9999     0 -9999
2022 09 06 11   194   172 10189   360    31 -9999     0 -9999
2022 09 06 12   194   178 10197   360    31     8     0 -9999
2022 09 06 13   200   178 10201   350    21 -9999     0 -9999
2022 09 06 14   217   183 10200   360    26     4     0 -9999
2022 09 06 15   222   183 10204    20    31 -9999     0 -9999
2022 09 06 16   239   183 10205    40    26 -9999     0 -9999
2022 09 06 17   261   178 10203    50    31 -9999     0 -9999
2022 09 06 18   256   172 10200    80    31     6     0 -9999
2022 09 06 19   256   172 10195    50    26 -9999     0 -9999
2022 09 06 20   250   172 10191    60    51 -9999     0 -9999
2022 09 06 21   244   167 10191    60    31 -9999     0 -9999
2022 09 06 22   256   167 10189    30    31 -9999     0 -9999
2022 09 06 23   250   167 10189    40    46 -9999     0 -9999
2022 09 07 00   233   172 10192    40    41     6     0 -9999
2022 09 07 01   222   167 10196    50    26 -9999     0 -9999
2022 09 07 02   211   172 10203    50    36 -9999     0 -9999
2022 09 07 03   206   178 10206    20    31 -9999     0 -9999
2022 09 07 04   200   178 10205    20    26     2     0 -9999
2022 09 07 05   194   178 10206   350    26     4     0 -9999
2022 09 07 06   189   172 10204   340    15     4     0 -9999
2022 09 07 07   183   172 10202    10    21 -9999     0 -9999
2022 09 07 08   183   172 10201   340    21 -9999     0 -9999
2022 09 07 09   183   167 10202   350    26     4     0 -9999
2022 09 07 10   178   167 10201   360    31     4     0 -9999
2022 09 07 11   178   161 10205   340    26     4     0 -9999
2022 09 07 12   178   156 10208   360    26     4     0 -9999
2022 09 07 13   194   161 10214   350    41 -9999     0 -9999
2022 09 07 14   206   167 10216   350    26 -9999     0 -9999
2022 09 07 15   228   156 10217    30    36 -9999     0 -9999
2022 09 07 16   244   150 10216 -9999    31     4     0 -9999
2022 09 07 17   256   133 10208    80    36 -9999     0 -9999
2022 09 07 18   261   133 10203    20    46     4     0 -9999
2022 09 07 19   256   133 10202    50    41     4     0 -9999
2022 09 07 20   267   133 10194    20    21     4     0 -9999
2022 09 07 21   267   139 10188    60    46     4     0 -9999
2022 09 07 22   261   139 10187    70    51     2     0 -9999
2022 09 07 23   256   139 10184    40    31     2     0 -9999
2022 09 08 00   244   139 10181    60    36     2     0 -9999
2022 09 08 01   233   128 10181    70    21     2     0 -9999
2022 09 08 02   217   139 10183   110    21     0     0 -9999
2022 09 08 03   217   139 10182     0     0     0     0 -9999
2022 09 08 04   211   144 10178     0     0     2     0 -9999
2022 09 08 05   194   144 10176     0     0     2     0 -9999
2022 09 08 06   194   144 10173     0     0     2     0 -9999
2022 09 08 07   183   139 10171     0     0     0     0 -9999
2022 09 08 08   178   139 10171     0     0     0     0 -9999
2022 09 08 09   172   139 10170     0     0     0     0 -9999
2022 09 08 10   167   139 10172     0     0     0     0 -9999
2022 09 08 11   167   139 10174     0     0     2     0 -9999
2022 09 08 12   167   139 10174     0     0     2     0 -9999
2022 09 08 13   189   144 10174     0     0     2     0 -9999
2022 09 08 14   217   139 10172   180    26     0     0 -9999
2022 09 08 15   233   139 10168   210    26     0     0 -9999
2022 09 08 16   250   133 10164 -9999    31     0     0 -9999
2022 09 08 17   267   128 10156   200    46     0     0 -9999
2022 09 08 18   272   128 10149   120    21     0     0 -9999
2022 09 08 19   283   128 10141   140    21     2     0 -9999
2022 09 08 20   278   122 10131   150    31     2     0 -9999
2022 09 08 21   283   122 10125   240    21     2     0 -9999
2022 09 08 22   278   111 10119 -9999    15     2     0 -9999
2022 09 08 23   278   122 10116   180    41     2     0 -9999
2022 09 09 00   267   128 10113   190    31     4     0 -9999
2022 09 09 01   250   122 10114   180    36     4     0 -9999
2022 09 09 02   233   122 10116   210    21     2     0 -9999
2022 09 09 03   222   128 10118   200    21     2     0 -9999
2022 09 09 04   211   128 10121   170    26     0     0 -9999
2022 09 09 05   200   133 10123   180    15     0     0 -9999
2022 09 09 06   200   133 10125   200    26     0     0 -9999
2022 09 09 07   200   128 10123   200    26     0     0 -9999
2022 09 09 08   194   128 10123   200    26     0     0 -9999
2022 09 09 09   178   128 10128   140    31     0     0 -9999
2022 09 09 10   178   128 10128   180    31     0     0 -9999
2022 09 09 11   172   128 10131   170    15     0     0 -9999
2022 09 09 12   172   128 10138   180    15     0     0 -9999
2022 09 09 13   189   128 10143   180    26     0     0 -9999
2022 09 09 14   217   133 10140   190    36     0     0 -9999
2022 09 09 15   244   139 10140   200    36     0     0 -9999
2022 09 09 16   256   133 10138   210    51     0     0 -9999
2022 09 09 17   261   133 10133   210    41     0     0 -9999
2022 09 09 18   272   122 10130   180    51     0     0 -9999
2022 09 09 19   278   117 10125   150    36     0     0 -9999
2022 09 09 20   283   117 10120   190    46     0     0 -9999
2022 09 09 21   289   122 10118   160    51     0     0 -9999
2022 09 09 22   283   122 10118   180    46     2     0 -9999
2022 09 09 23   272   128 10121   190    46     2     0 -9999
2022 09 10 00   261   133 10126   180    46     2     0 -9999
2022 09 10 01   244   139 10132   180    26     2     0 -9999
2022 09 10 02   239   144 10140   190    15     2     0 -9999
2022 09 10 03   228   150 10140   180    21     2     0 -9999
2022 09 10 04   217   150 10149   240    15     2     0 -9999
2022 09 10 05   206   150 10151     0     0     2     0 -9999
2022 09 10 06   200   150 10151   200    15     2     0 -9999
2022 09 10 07   194   150 10151     0     0     2     0 -9999
2022 09 10 08   189   150 10149     0     0     2     0 -9999
2022 09 10 09   183   150 10149     0     0     2     0 -9999
2022 09 10 10   178   144 10148     0     0     2     0 -9999
2022 09 10 11   172   144 10153     0     0     2     0 -9999
2022 09 10 12   178   150 10164     0     0     6     0 -9999
2022 09 10 13   194   156 10170   250    21     4     0 -9999
2022 09 10 14   228   156 10169   190    15     4     0 -9999
2022 09 10 15   244   156 10172 -9999    15     2     0 -9999
2022 09 10 16   267   144 10170   180    36     4     0 -9999
2022 09 10 17   272   133 10168   210    36     4     0 -9999
2022 09 10 18   278   128 10163   180    41     4     0 -9999
2022 09 10 19   278   133 10161 -9999    21 -9999     0 -9999
2022 09 10 20   283   122 10157   280    31 -9999     0 -9999
2022 09 10 21   289   122 10152   250    57 -9999     0 -9999
2022 09 10 22   283   128 10150   240    21 -9999     0 -9999
2022 09 10 23   278   133 10150   240    26 -9999     0 -9999
2022 09 11 00   267   139 10153   260    21     4     0 -9999
2022 09 11 01   239   172 10156    30    26     4     0 -9999
2022 09 11 02   233   178 10157    90    26     4     0 -9999
2022 09 11 03   228   183 10161    90    15     4     0 -9999
2022 09 11 04   228   183 10159    70    15     4     0 -9999
2022 09 11 05   211   189 10160    20    57     4     0 -9999
2022 09 11 06   211   189 10158    30    51     6     0 -9999
2022 09 11 07   211   194 10154    20    57 -9999     0 -9999
2022 09 11 08   211   189 10148    40    57 -9999     0 -9999
2022 09 11 09   217   189 10144    50    46 -9999     0 -9999
2022 09 11 10   211   189 10140    40    57 -9999     0 -9999
2022 09 11 11   211   183 -9999    30    62 -9999     0 -9999
2022 09 11 12   211   183 10136    40    51     8     0 -9999
2022 09 11 13   211   178 10131    30    67 -9999    -1 -9999
2022 09 11 14   200   183 -9999    20    57 -9999     5 -9999
2022 09 11 15   189   178 10131    10    67 -9999    38 -9999
2022 09 11 16   194   183 10123    30    67 -9999    58 -9999
2022 09 11 17   194   183 10112    20    72 -9999     5 -9999
2022 09 11 18   194   178 10109    30    67     8     5   220
2022 09 11 19   183   167 10108   300    26 -9999    43 -9999
2022 09 11 20   172   156 10107   300    77 -9999    64 -9999
2022 09 11 21   172   156 10107   310    62 -9999    30 -9999
2022 09 11 22   167   150 10095   320    62 -9999    10 -9999
2022 09 11 23   161   144 10099   290    72 -9999    -1 -9999
2022 09 12 00   156   133 10105   290    77     8    -1   150
2022 09 12 01   156   128 10108   290    72 -9999     0 -9999
2022 09 12 02   150   122 10113   310    82 -9999     0 -9999
2022 09 12 03   156   122 10110   290    57 -9999     0 -9999
2022 09 12 04   150   122 10108   280    57 -9999     0 -9999
2022 09 12 05   144   117 10106   280    67 -9999     0 -9999
2022 09 12 06   144   111 10106   270    51     8     0 -9999
2022 09 12 07   139   106 10101   270    67 -9999 -9999 -9999
2022 09 12 08   144   111 10095   260    46 -9999 -9999 -9999
2022 09 12 09   144   106 10091   260    46 -9999 -9999 -9999
2022 09 12 10   139   100 10087   270    72 -9999 -9999 -9999
2022 09 12 11   128   100 10081   250    82 -9999    -1 -9999
2022 09 12 12   122   106 10079   240    57     8    -1    -1
2022 09 12 13   122   106 10079   230    46 -9999    -1 -9999
2022 09 12 14   128   111 10073   230    41 -9999    -1 -9999
2022 09 12 15   133   111 10073   260    31 -9999    -1 -9999
2022 09 12 16   144   122 10072   250    26 -9999    -1 -9999
2022 09 12 17   144   128 10071   260    31 -9999    -1 -9999
2022 09 12 18   161   128 10070   270    31     6 -9999 -9999
2022 09 12 19   161   128 10070   290    31 -9999    -1 -9999
2022 09 12 20   167   128 10068   330    15 -9999     5 -9999
2022 09 12 21   189   128 10069    10    31 -9999    -1 -9999
2022 09 12 22   178   117 10076    20    51 -9999     0 -9999
2022 09 12 23   178   106 10078    30    62 -9999     0 -9999
2022 09 13 00   167   106 10084    30    46     6     0     5
2022 09 13 01   156   106 10089    10    31 -9999     0 -9999
2022 09 13 02   156   106 10091   330    21 -9999     0 -9999
2022 09 13 03   156   111 10091     0     0 -9999     0 -9999
2022 09 13 04   156   117 10090   260    21 -9999     0 -9999
2022 09 13 05   156   122 10090   240    21 -9999     0 -9999
2022 09 13 06   156   139 10087   270    15     8     0 -9999
2022 09 13 07   161   139 10089   270    21 -9999     0 -9999
2022 09 13 08   156   139 10090   270    31 -9999    -1 -9999
2022 09 13 09   156   144 10090   280    21 -9999    -1 -9999
2022 09 13 10   161   150 10092   280    26 -9999     3 -9999
2022 09 13 11   161   144 10094   300    31 -9999    -1 -9999
2022 09 13 12   161   144 10100   320    31     8    -1     3
2022 09 13 13   167   150 10106   310    26 -9999     0 -9999
2022 09 13 14   167   144 10113   300    51 -9999     0 -9999
2022 09 13 15   200   144 10117   330    36     2     0 -9999
2022 09 13 16   217   150 10119   300    51     2     0 -9999
2022 09 13 17   228   144 10122   330    51 -9999     0 -9999
2022 09 13 18   244   150 10124   300    36     6     0 -9999
2022 09 13 19   239   144 10124   300    46 -9999     0 -9999
2022 09 13 20   250   144 10124 -9999    26 -9999     0 -9999
2022 09 13 21   256   144 10123   320    41 -9999     0 -9999
2022 09 13 22   250   139 10127   300    41     4     0 -9999
2022 09 13 23   244   133 10135   310    21     2     0 -9999
2022 09 14 00   233   133 10138   310    36     2     0 -9999
2022 09 14 01   217   139 10144   310    21     2     0 -9999
2022 09 14 02   206   139 10151   280    21     0     0 -9999
2022 09 14 03   200   117 10153   270    15     0     0 -9999
2022 09 14 04   183   128 10155   280    15     0     0 -9999
2022 09 14 05   172   128 10159   250    15     0     0 -9999
2022 09 14 06   167   128 10160   270    21     0     0 -9999
2022 09 14 07   161   128 10163   270    15     2     0 -9999
2022 09 14 08   150   117 10166     0     0     2     0 -9999
2022 09 14 09   150   117 10168     0     0     2     0 -9999
2022 09 14 10   144   111 10174     0     0     2     0 -9999
2022 09 14 11   144   111 10184     0     0     2     0 -9999
2022 09 14 12   150   111 10191     0     0     2     0 -9999
2022 09 14 13   167   122 10195     0     0     2     0 -9999
2022 09 14 14   200   139 10196     0     0     2     0 -9999
2022 09 14 15   211   139 10203    30    41     0     0 -9999
2022 09 14 16   228   139 10205     0     0     0     0 -9999
2022 09 14 17   239   139 10208     0     0     2     0 -9999
2022 09 14 18   250   139 10206    80    21     2     0 -9999
2022 09 14 19   256   128 10203 -9999    15     2     0 -9999
2022 09 14 20   244   167 10201    80    36     2     0 -9999
2022 09 14 21   239   172 10198    70    41     2     0 -9999
2022 09 14 22   228   172 10200    40    57     4     0 -9999
2022 09 14 23   217   161 10204    50    36     2     0 -9999
2022 09 15 00   200   161 10208    60    46     4     0 -9999
2022 09 15 01   194   161 10211    70    51     4     0 -9999
2022 09 15 02   189   156 10218    60    41 -9999     0 -9999
2022 09 15 03   183   156 10219    60    31     4     0 -9999
2022 09 15 04   178   156 10221    70    36     4     0 -9999
2022 09 15 05   178   150 10222    80    31     2     0 -9999
2022 09 15 06   178   150 10222    60    31     2     0 -9999
2022 09 15 07   172   150 10225    60    21     2     0 -9999
2022 09 15 08   167   144 10227   100    15     2     0 -9999
2022 09 15 09   161   139 10230     0     0     2     0 -9999
2022 09 15 10   161   139 10231     0     0     2     0 -9999
2022 09 15 11   161   139 10233     0     0     2     0 -9999
2022 09 15 12   161   139 10234     0     0     4     0 -9999
2022 09 15 13   172   161 10237   170    15     4     0 -9999
2022 09 15 14   194   156 10234   170    26     4     0 -9999
2022 09 15 15   222   161 10233   170    26     4     0 -9999
2022 09 15 16   233   161 10233   230    31 -9999     0 -9999
2022 09 15 17   256   156 10226   230    46 -9999     0 -9999
2022 09 15 18   261   161 10219   200    41     6     0 -9999
2022 09 15 19   267   156 10214   210    51 -9999     0 -9999
2022 09 15 20   267   150 10208   200    51 -9999     0 -9999
2022 09 15 21   267   144 10202   210    31 -9999     0 -9999
2022 09 15 22   267   156 10196   220    31 -9999     0 -9999
2022 09 15 23   267   156 10195   200    21 -9999     0 -9999
2022 09 16 00   250   161 10194   180    26     6     0 -9999
2022 09 16 01   239   161 10195   160    26 -9999     0 -9999
2022 09 16 02   228   167 10197   170    36 -9999     0 -9999
2022 09 16 03   222   161 10198   180    31 -9999     0 -9999
2022 09 16 04   217   167 10197   180    31 -9999     0 -9999
2022 09 16 05   211   161 10196   180    26 -9999     0 -9999
2022 09 16 06   206   161 10199   190    21     6     0 -9999
2022 09 16 07   194   161 10200   190    15 -9999     0 -9999
2022 09 16 08   189   161 10200   200    21 -9999     0 -9999
2022 09 16 09   189   161 10202     0     0 -9999     0 -9999
2022 09 16 10   183   156 10202     0     0 -9999     0 -9999
2022 09 16 11   178   156 10203     0     0 -9999     0 -9999
2022 09 16 12   178   156 10204   190    21     6     0 -9999
2022 09 16 13   189   161 10205   190    15 -9999     0 -9999
2022 09 16 14   211   167 10205   210    26 -9999     0 -9999
2022 09 16 15   228   167 10206   210    41 -9999     0 -9999
2022 09 16 16   250   167 10203   200    46 -9999     0 -9999
2022 09 16 17   261   161 10197   210    46 -9999     0 -9999
2022 09 16 18   267   161 10192   220    41     6     0 -9999
2022 09 16 19   272   161 10183   210    46 -9999     0 -9999
2022 09 16 20   272   156 10179   180    41 -9999     0 -9999
2022 09 16 21   278   150 10173   170    51     4     0 -9999
2022 09 16 22   272   150 10173   200    57     4     0 -9999
2022 09 16 23   272   150 10173   200    46     4     0 -9999
2022 09 17 00   256   156 10175   170    41     6     0 -9999
2022 09 17 01   244   156 10175   180    36 -9999     0 -9999
2022 09 17 02   239   156 10175   180    36 -9999     0 -9999
2022 09 17 03   233   156 10176   180    31 -9999     0 -9999
2022 09 17 04   222   161 10175   180    31     4     0 -9999
2022 09 17 05   217   161 10175   180    26 -9999     0 -9999
2022 09 17 06   211   161 10174   180    31     6     0 -9999
2022 09 17 07   217   161 10174   200    31 -9999     0 -9999
2022 09 17 08   211   161 10175   190    31 -9999     0 -9999
2022 09 17 09   206   161 10174   170    26 -9999     0 -9999
2022 09 17 10   200   161 10172   180    26 -9999     0 -9999
2022 09 17 11   200   161 10169   180    26 -9999     0 -9999
2022 09 17 12   200   161 10167   180    26     6     0 -9999
2022 09 17 13   206   167 10173   180    26 -9999     0 -9999
2022 09 17 14   228   167 10172   200    36 -9999     0 -9999
2022 09 17 15   250   167 10173   220    36     4     0 -9999
2022 09 17 16   261   167 10168   200    57 -9999     0 -9999
2022 09 17 17   278   161 10163   210    88 -9999     0 -9999
2022 09 17 18   283   156 10155   200    62     6     0 -9999
2022 09 17 19   294   156 10151   220    82 -9999     0 -9999
2022 09 17 20   294   156 10144   220    82 -9999     0 -9999
2022 09 17 21   283   150 10147   210    72 -9999     0 -9999
2022 09 17 22   283   156 10142   200    41 -9999     0 -9999
2022 09 17 23   278   156 10138   210    41 -9999     0 -9999
2022 09 18 00   272   161 10133   190    31     6     0 -9999
2022 09 18 01   261   161 10134   190    36 -9999     0 -9999
2022 09 18 02   261   161 10138   190    41 -9999     0 -9999
2022 09 18 03   256   161 10136   200    57 -9999     0 -9999
2022 09 18 04   250   156 10135   190    51 -9999     0 -9999
2022 09 18 05   250   156 10131   210    62 -9999     0 -9999
2022 09 18 06   244   156 10132   220    62     6     0 -9999
2022 09 18 07   233   156 10132   220    51 -9999     0 -9999
2022 09 18 08   228   156 10131   210    41 -9999     0 -9999
2022 09 18 09   222   161 10130   210    51 -9999     0 -9999
2022 09 18 10   222   161 10130   220    51 -9999     0 -9999
2022 09 18 11   222   161 10133   210    51 -9999     0 -9999
2022 09 18 12   217   167 10140   230    46     6     0 -9999
2022 09 18 13   217   167 10139   200    21 -9999     0 -9999
2022 09 18 14   217   172 10142   210    36 -9999    -1 -9999
2022 09 18 15   228   172 10141   200    31     4     0 -9999
2022 09 18 16   256   167 10138   200    31     4     0 -9999
2022 09 18 17   272   167 10134   230    46     2     0 -9999
2022 09 18 18   278   172 10133   250    41     4     0     0
2022 09 18 19   278   172 10128   210    26 -9999     0 -9999
2022 09 18 20   283   172 10124   210    26 -9999     0 -9999
2022 09 18 21   289   172 10121   210    21     4     0 -9999
2022 09 18 22   289   167 10118   220    21     2     0 -9999
2022 09 18 23   289   161 10121   210    31     4     0 -9999
2022 09 19 00   272   172 10118   240    21     6     0 -9999
2022 09 19 01   267   172 10112   270    15 -9999     0 -9999
2022 09 19 02   261   178 10121   320    21 -9999     0 -9999
2022 09 19 03   261   183 10117     0     0 -9999     0 -9999
2022 09 19 04   244   194 10109   160    21 -9999    -1 -9999
2022 09 19 05   200   178 10114   320    31 -9999   104 -9999
2022 09 19 06   200   183 10116     0     0     8     8   110
2022 09 19 07   200   183 10116     0     0     4     0 -9999
2022 09 19 08   194   183 10119   210    21     2     0 -9999
2022 09 19 09   194   178 10118   320    21     2     0 -9999
2022 09 19 10   194   183 -9999   320    26 -9999     0 -9999
2022 09 19 11   194   178 10132   360    31     4     0 -9999
2022 09 19 12   194   178 10142    30    31     6     0    -1
2022 09 19 13   206   172 10148    20    41     4     0 -9999
2022 09 19 14   206   172 10153   360    41     4     0 -9999
2022 09 19 15   211   172 10155    20    41     4     0 -9999
2022 09 19 16   222   161 10157    30    46     4     0 -9999
2022 09 19 17   239   150 10156    20    36     2     0 -9999
2022 09 19 18   244   128 10154    20    57     2     0 -9999
2022 09 19 19   244   133 10152    50    46     2     0 -9999
2022 09 19 20   250   117 10149    50    41     2     0 -9999
2022 09 19 21   256   128 10150 -9999    21     2     0 -9999
2022 09 19 22   250   122 10152    90    21     0     0 -9999
2022 09 19 23   239   128 10156    80    31     0     0 -9999
2022 09 20 00   222   122 10155    90    41     2     0 -9999
2022 09 20 01   206   133 10153   100    31     2     0 -9999
2022 09 20 02   194   128 10161     0     0     0     0 -9999
2022 09 20 03   194   133 10162   110    26     0     0 -9999
2022 09 20 04   189   144 10167     0     0     2     0 -9999
2022 09 20 05   189   144 10165   110    15     2     0 -9999
2022 09 20 06   172   144 10158     0     0     2     0 -9999
2022 09 20 07   178   150 10157   200    15     2     0 -9999
2022 09 20 08   178   150 10160     0     0     2     0 -9999
2022 09 20 09   183   156 10154   150    31 -9999     0 -9999
2022 09 20 10   178   144 10146   160    41 -9999     0 -9999
2022 09 20 11   172   139 10150   170    36     2     0 -9999
2022 09 20 12   172   133 10153   160    31     6     0 -9999
2022 09 20 13   183   139 10152   180    36     4     0 -9999
2022 09 20 14   206   144 10146   180    46     4     0 -9999
2022 09 20 15   233   172 10143   180    36     4     0 -9999
2022 09 20 16   261   194 10135   190    57     4     0 -9999
2022 09 20 17   289   200 -9999    10    26     4     0 -9999
2022 09 20 18   278   194 10133    50    46     4     0 -9999
2022 09 20 19   278   200 10126    90    57     2     0 -9999
2022 09 20 20   272   194 10115   130    36 -9999     0 -9999
2022 09 20 21   289   200 10104   140    46 -9999     0 -9999
2022 09 20 22   294   206 10105   160    15 -9999     0 -9999
2022 09 20 23   283   217 10122    20    72 -9999     5 -9999
2022 09 21 00   239   183 10118   190    67     6    -1    40
2022 09 21 01   233   189 10106   190    31     4     0 -9999
2022 09 21 02   239   194 10106   210    36     2     0 -9999
2022 09 21 03   244   194 10099   210    36     0     0 -9999
2022 09 21 04   250   194 10097   230    46     2     0 -9999
2022 09 21 05   250   189 10093   220    41     2     0 -9999
2022 09 21 06   250   183 10093   230    41     2     0     0
2022 09 21 07   244   183 10090   220    36     2     0 -9999
2022 09 21 08   239   183 10085   220    36     2     0 -9999
2022 09 21 09   233   183 10080   230    36     2     0 -9999
2022 09 21 10   233   183 10079   210    31     4     0 -9999
2022 09 21 11   228   183 10086   230    26     4     0 -9999
2022 09 21 12   228   178 10087   240    31     4     0 -9999
2022 09 21 13   244   172 10096   270    72     4     0 -9999
2022 09 21 14   267   167 10096   290    67     4     0 -9999
2022 09 21 15   283   189 10101   290    51 -9999     0 -9999
2022 09 21 16   289   194 10100   320    72 -9999     0 -9999
2022 09 21 17   283   194 10107   310    62 -9999     0 -9999
2022 09 21 18   283   200 10108   340    51     6     0 -9999
2022 09 21 19   289   178 10104   310    46 -9999     0 -9999
2022 09 21 20   283   139 10104   320    46 -9999     0 -9999
2022 09 21 21   272   128 10101   350    41 -9999     0 -9999
2022 09 21 22   261   117 10104   320    62 -9999     0 -9999
2022 09 21 23   244   100 10123   320    67 -9999     0 -9999
2022 09 22 00   228   100 10126   320    67     6     0 -9999
2022 09 22 01   211    89 10131   310    62 -9999     0 -9999
2022 09 22 02   200    89 10138   320    67 -9999     0 -9999
2022 09 22 03   183    78 10145   330    82     4     0 -9999
2022 09 22 04   172    83 10152   310    51     4     0 -9999
2022 09 22 05   167    83 10154   310    57     2     0 -9999
2022 09 22 06   156    83 10157   320    46     2     0 -9999
2022 09 22 07   150    83 10161   330    51     2     0 -9999
2022 09 22 08   144    78 10164   320    67     2     0 -9999
2022 09 22 09   133    78 10169   330    57     2     0 -9999
2022 09 22 10   128    78 10177   330    46     4     0 -9999
2022 09 22 11   122    72 10185   330    51     4     0 -9999
2022 09 22 12   111    72 10197   350    62     2     0 -9999
2022 09 22 13   122    72 10202   340    57     2     0 -9999
2022 09 22 14   133    72 10211   340    72     2     0 -9999
2022 09 22 15   144    50 10221   360    72     2     0 -9999
2022 09 22 16   161    50 10227   360    67     4     0 -9999
2022 09 22 17   167    50 10227   360    72     4     0 -9999
2022 09 22 18   167    50 10226   340    46     6     0 -9999
2022 09 22 19   172    50 10224   350    62 -9999     0 -9999
2022 09 22 20   167    50 10224   340    46 -9999     0 -9999
2022 09 22 21   172    67 10225    20    57 -9999     0 -9999
2022 09 22 22   161    61 10227    40    62 -9999     0 -9999
2022 09 22 23   156    61 10228    30    57     4     0 -9999
2022 09 23 00   144    56 10229    30    62     4     0 -9999
2022 09 23 01   139    56 10231    20    31     2     0 -9999
2022 09 23 02   122    61 10233   350    26     2     0 -9999
2022 09 23 03   122    61 10235   350    26     2     0 -9999
2022 09 23 04   117    67 10237   360    36     2     0 -9999
2022 09 23 05   106    67 10234    10    26     2     0 -9999
2022 09 23 06   106    67 10237   330    15     2     0 -9999
2022 09 23 07   106    67 10241   270    15     4     0 -9999
2022 09 23 08   106    67 10238   330    15 -9999     0 -9999
2022 09 23 09   106    61 10238    20    21     4     0 -9999
2022 09 23 10   106    56 10240   330    15     4     0 -9999
2022 09 23 11   106    56 10242   300    26     4     0 -9999
2022 09 23 12   111    67 10249   190    21     6     0 -9999
2022 09 23 13   117    72 10250   180    26 -9999     0 -9999
2022 09 23 14   122    72 10248   170    41 -9999     0 -9999
2022 09 23 15   133    72 10250   150    41 -9999     0 -9999
2022 09 23 16   144    67 10243   100    26     4     0 -9999
2022 09 23 17   167    67 10240   170    26 -9999     0 -9999
2022 09 23 18   167    50 10228   140    46     8     0 -9999
2022 09 23 19   161    39 10225   180    41 -9999     0 -9999
2022 09 23 20   167    50 10217   170    46 -9999     0 -9999
2022 09 23 21   167    56 10215   250    26 -9999     0 -9999
2022 09 23 22   156    44 10199   180    31 -9999     0 -9999
2022 09 23 23   156    33 10192   170    41 -9999     0 -9999
2022 09 24 00   156    33 10184   180    31     8     0 -9999
2022 09 24 01   150    39 10184   170    26 -9999     0 -9999
2022 09 24 02   150    50 10187   180    26 -9999     0 -9999
2022 09 24 03   150    50 10185   190    26 -9999     0 -9999
2022 09 24 04   144    56 10180   180    26 -9999     0 -9999
2022 09 24 05   144    61 10180   190    36 -9999     0 -9999
2022 09 24 06   139    83 10179   210    31     8    -1    -1
2022 09 24 07   128    89 10168   190    36 -9999    -1 -9999
2022 09 24 08   117   100 10161   170    36 -9999     0 -9999
2022 09 24 09   111   100 10153   160    31 -9999    -1 -9999
2022 09 24 10   117   100 10148   150    26 -9999     0 -9999
2022 09 24 11   122    89 10146   180    36 -9999     0 -9999
2022 09 24 12   122    83 10143   180    31     8     0    -1
2022 09 24 13   128    89 10139   190    36 -9999     0 -9999
2022 09 24 14   139    94 10135   200    51 -9999     0 -9999
2022 09 24 15   144    94 10136   220    41 -9999     0 -9999
2022 09 24 16   150   100 10131   240    46 -9999     0 -9999
2022 09 24 17   167   106 10123   210    36 -9999     0 -9999
2022 09 24 18   183   111 10113   220    51     4     0 -9999
2022 09 24 19   200   117 10103   220    62 -9999     0 -9999
2022 09 24 20   194   122 10098   240    51 -9999     0 -9999
2022 09 24 21   206   128 10091   260    36 -9999     0 -9999
2022 09 24 22   217   133 10086   260    41 -9999     0 -9999
2022 09 24 23   189   133 10086   340    46 -9999     0 -9999
2022 09 25 00   178   128 10090   320    36     6     0 -9999
2022 09 25 01   172   122 10095   290    31 -9999     0 -9999
2022 09 25 02   161   122 10088   300    21 -9999     0 -9999
2022 09 25 03   161   128 10086   230    26 -9999     3 -9999
2022 09 25 04   150   133 10071   120    21 -9999    20 -9999
2022 09 25 05   156   139 10069     0     0 -9999    -1 -9999
2022 09 25 06   150   133 10067     0     0     8    -1    20
2022 09 25 07   144   133 10059   230    15     4    -1 -9999
2022 09 25 08   144   128 10054   260    41     2     0 -9999
2022 09 25 09   144   117 10054   280    57 -9999     0 -9999
2022 09 25 10   144   117 10053   280    51 -9999     0 -9999
2022 09 25 11   144   122 10058   290    51 -9999     0 -9999
2022 09 25 12   144   122 10066   300    67     8     0     0
2022 09 25 13   150   122 10071   310    41 -9999     0 -9999
2022 09 25 14   156   122 10073   300    57 -9999     0 -9999
2022 09 25 15   167   128 10076   290    51 -9999     0 -9999
2022 09 25 16   178   117 10077   310    62 -9999     0 -9999
2022 09 25 17   178   122 10080   290    46 -9999     0 -9999
2022 09 25 18   183   122 10079   270    62     6     0 -9999
2022 09 25 19   183   117 10078   280    57 -9999     0 -9999
2022 09 25 20   183   122 10077   260    77 -9999    -1 -9999
2022 09 25 21   183   117 10081   290    67 -9999    -1 -9999
2022 09 25 22   183   111 10080   270    57 -9999    -1 -9999
2022 09 25 23   183   111 10077   270    41 -9999     0 -9999
2022 09 26 00   178   106 10079   260    36     4     0     0
2022 09 26 01   167   100 10079   240    26     4     0 -9999
2022 09 26 02   139    94 10099   320    51 -9999     3 -9999
2022 09 26 03   139   100 10093   260    41 -9999     5 -9999
2022 09 26 04   133    94 10093   280    26 -9999    -1 -9999
2022 09 26 05   133    83 10090   300    46     2     0 -9999
2022 09 26 06   128    83 10089   300    36     2     0     8
2022 09 26 07   122    78 10089   280    36     0     0 -9999
2022 09 26 08   111    78 10087   270    41     0     0 -9999
2022 09 26 09   111    67 10088   270    41     0     0 -9999
2022 09 26 10   106    67 10090   270    46     0     0 -9999
2022 09 26 11   106    61 10093   280    57     0     0 -9999
2022 09 26 12   106    61 10100   290    41     2     0 -9999
2022 09 26 13   111    61 10104   280    51     2     0 -9999
2022 09 26 14   122    67 10108   300    62     2     0 -9999
2022 09 26 15   133    67 10113   310    88     2     0 -9999
2022 09 26 16   144    72 10116   300    93     4     0 -9999
2022 09 26 17   150    67 10119   310    67     4     0 -9999
2022 09 26 18   161    61 10120   300    82     6     0 -9999
2022 09 26 19   167    56 10119   300    77 -9999     0 -9999
2022 09 26 20   161    56 10123   320    62 -9999     0 -9999
2022 09 26 21   156    50 10126   320    77 -9999     0 -9999
2022 09 26 22   156    56 10130   320    57 -9999     0 -9999
2022 09 26 23   144    56 10135   330    51 -9999     0 -9999
2022 09 27 00   139    44 10139   310    36     6     0 -9999
2022 09 27 01   133    44 10143   300    31     4     0 -9999
2022 09 27 02   128    50 10145   290    31 -9999     0 -9999
2022 09 27 03   128    50 10144   300    31 -9999     0 -9999
2022 09 27 04   122    50 10144   290    36     4     0 -9999
2022 09 27 05   122    50 10146   300    46 -9999     0 -9999
2022 09 27 06   111    56 10146   280    26     4     0 -9999
2022 09 27 07   100    50 10147   300    36     2     0 -9999
2022 09 27 08    89    50 10147   280    31     2     0 -9999
2022 09 27 09    89    44 10148   290    36     2     0 -9999
2022 09 27 10    83    44 10151   290    31     2     0 -9999
2022 09 27 11    78    39 10158   280    31     4     0 -9999
2022 09 27 12    78    39 10165   290    31     6     0 -9999
2022 09 27 13    89    39 10172   280    41 -9999     0 -9999
2022 09 27 14   100    44 10177   310    51     2     0 -9999
2022 09 27 15   122    44 10181   310    41     2     0 -9999
2022 09 27 16   128    22 10187   320    77 -9999     0 -9999
2022 09 27 17   133    11 10194   330    82 -9999     0 -9999
2022 09 27 18   144    17 10198   320    62     2     0 -9999
2022 09 27 19   150    17 10199   320    57     4     0 -9999
2022 09 27 20   150    22 10202   300    62 -9999     0 -9999
2022 09 27 21   139    17 10209   330    62 -9999     0 -9999
2022 09 27 22   139    22 10216   340    51 -9999     0 -9999
2022 09 27 23   133    28 10223   350    57 -9999     0 -9999
2022 09 28 00   122    22 10231   340    46     6     0 -9999
2022 09 28 01   122    28 10235   330    41 -9999     0 -9999
2022 09 28 02   117    33 10242   340    57 -9999     0 -9999
2022 09 28 03   106    39 10247   340    46 -9999     0 -9999
2022 09 28 04   100    44 10253   340    36     2     0 -9999
2022 09 28 05   100    44 10258   330    36 -9999     0 -9999
2022 09 28 06   100    50 10258   320    36     6     0 -9999
2022 09 28 07    94    50 10262   320    41     4     0 -9999
2022 09 28 08    89    50 10266   320    41     4     0 -9999
2022 09 28 09    89    44 10271   330    36     2     0 -9999
2022 09 28 10    83    44 10277   330    57     4     0 -9999
2022 09 28 11    78    39 10284   330    41     4     0 -9999
2022 09 28 12    72    33 10293   340    51     2     0 -9999
2022 09 28 13    83    33 10301   340    62     2     0 -9999
2022 09 28 14   100    39 10305   350    57     2     0 -9999
2022 09 28 15   111    44 10314   350    41     2     0 -9999
2022 09 28 16   128    56 10317    10    46     2     0 -9999
2022 09 28 17   139    61 10317    10    46 -9999     0 -9999
2022 09 28 18   150    61 10318    30    57     6     0 -9999
2022 09 28 19   144    50 10315    30    57     4     0 -9999
2022 09 28 20   150    44 10314    20    41     4     0 -9999
2022 09 28 21   150    33 10317    60    46     4     0 -9999
2022 09 28 22   144    39 10318    60    51     4     0 -9999
2022 09 28 23   133    39 10321    20    51     4     0 -9999
2022 09 29 00   122    39 10323    50    51     4     0 -9999
2022 09 29 01   117    39 10324    50    36     2     0 -9999
2022 09 29 02   106    39 10327    50    31     2     0 -9999
2022 09 29 03   106    44 10328    60    36     2     0 -9999
2022 09 29 04   100    44 10327    50    21     2     0 -9999
2022 09 29 05    94    39 10328     0     0     2     0 -9999
2022 09 29 06    78    44 10327     0     0     2     0 -9999
2022 09 29 07    72    44 10327   280    15     2     0 -9999
2022 09 29 08    67    39 10327   300    15     4     0 -9999
2022 09 29 09    67    39 10325   340    15     4     0 -9999
2022 09 29 10    67    39 10327   330    15     4     0 -9999
2022 09 29 11    83    44 10330     0     0 -9999     0 -9999
2022 09 29 12    78    44 10333     0     0     6     0 -9999
2022 09 29 13    89    50 10337     0     0 -9999     0 -9999
2022 09 29 14   106    61 10335   350    21 -9999     0 -9999
2022 09 29 15   133    67 10335   110    21     4     0 -9999
2022 09 29 16   139    61 10334    80    15 -9999     0 -9999
2022 09 29 17   150    56 10327 -9999    21     4     0 -9999
2022 09 29 18   161    61 10321     0     0     2     0 -9999
2022 09 29 19   172    56 10310    50    36     4     0 -9999
2022 09 29 20   172    56 10299 -9999    15     4     0 -9999
2022 09 29 21   172    56 10294 -9999    26 -9999     0 -9999
2022 09 29 22   161    67 10289    80    46     4     0 -9999
2022 09 29 23   150    67 10285    90    36     4     0 -9999
2022 09 30 00   133    61 10280    90    36     4     0 -9999
2022 09 30 01   122    67 10279    90    26     2     0 -9999
2022 09 30 02   122    72 10279   100    26 -9999     0 -9999
2022 09 30 03   117    78 10278   100    21 -9999     0 -9999
2022 09 30 04   117    78 10277    90    21 -9999     0 -9999
2022 09 30 05   117    78 10273     0     0     4     0 -9999
2022 09 30 06   100    72 10268     0     0     2     0 -9999
2022 09 30 07   106    72 10268     0     0     2     0 -9999
2022 09 30 08    94    67 10267     0     0     2     0 -9999
2022 09 30 09    89    61 10267     0     0     0     0 -9999
2022 09 30 10    89    56 10269     0     0     0     0 -9999
2022 09 30 11    83    56 10274     0     0     0     0 -9999
2022 09 30 12    83    50 10276     0     0     2     0 -9999
2022 09 30 13   111    78 10276   120    15     2     0 -9999
2022 09 30 14   122    83 10275   170    26     2     0 -9999
2022 09 30 15   144    78 10275 -9999    15     2     0 -9999
2022 09 30 16   161    78 10271   150    26     2     0 -9999
2022 09 30 17   167    72 10265 -9999    21     2     0 -9999
2022 09 30 18   183    72 10257 -9999    26     2     0 -9999
2022 09 30 19   194    61 10246    80    46     2     0 -9999
2022 09 30 20   189    61 10237    80    46     2     0 -9999
2022 09 30 21   178    61 10233    90    51     2     0 -9999
2022 09 30 22   172    67 10226    70    57     2     0 -9999
2022 09 30 23   167    61 10222    90    31     2     0 -9999
2022 10 01 00   144    72 10222    50    41     2     0 -9999
2022 10 01 01   133    83 10220    30    31     0     0 -9999
2022 10 01 02   133    83 10223    20    31     2     0 -9999
2022 10 01 03   139    94 10225    60    31     2     0 -9999
2022 10 01 04   122    89 10221    10    26     2     0 -9999
2022 10 01 05   117    89 10218   360    21     4     0 -9999
2022 10 01 06   111    89 10214   350    26     4     0 -9999
2022 10 01 07   106    89 10216   360    21     2 -9999 -9999
2022 10 01 08   106    89 10217   340    15     2 -9999 -9999
2022 10 01 09   111    89 10218   330    21     2 -9999 -9999
2022 10 01 10   106    89 10221   340    21     2 -9999 -9999
2022 10 01 11   100    89 10224   340    21     2 -9999 -9999
2022 10 01 12   106    83 10228   330    21     2 -9999 -9999
2022 10 01 13   122   106 10231   350    21     2 -9999 -9999
2022 10 01 14   144   117 10234   360    36     2 -9999 -9999
2022 10 01 15   172   117 10235    30    51     2 -9999 -9999
2022 10 01 16   183    83 10239    30    72     2 -9999 -9999
2022 10 01 17   189    78 10237    30    77     2 -9999 -9999
2022 10 01 18   194    67 10236    30    72     2 -9999 -9999
2022 10 01 19   194    72 10233    50    57     0 -9999 -9999
2022 10 01 20   194    72 10229    40    67     0 -9999 -9999
2022 10 01 21   189    61 10229    40    67     0 -9999 -9999
2022 10 01 22   189    61 10228    20    77     0 -9999 -9999
2022 10 01 23   178    61 10229    20    67     0 -9999 -9999
2022 10 02 00   161    83 10231    20    51     2 -9999 -9999
2022 10 02 01   150   100 10235    10    46     0 -9999 -9999
2022 10 02 02   139   100 10236    10    41     0 -9999 -9999
2022 10 02 03   128   100 10240   350    41     0 -9999 -9999
2022 10 02 04   122   100 10243   350    31     0 -9999 -9999
2022 10 02 05   122   100 10243   340    31     0 -9999 -9999
2022 10 02 06   117   100 10241   330    26     0 -9999 -9999
2022 10 02 07   117    94 10243   350    26     0 -9999 -9999
2022 10 02 08   117   100 10245    30    31     0 -9999 -9999
2022 10 02 09   117    94 10248    30    31     0 -9999 -9999
2022 10 02 10   139   111 10249    60    26     2 -9999 -9999
2022 10 02 11   133   117 10256    40    26 -9999 -9999 -9999
2022 10 02 12   144   117 10261    70    36     6 -9999 -9999
2022 10 02 13   150   122 10269    60    31 -9999 -9999 -9999
2022 10 02 14   156   117 10271    60    41 -9999 -9999 -9999
2022 10 02 15   161   111 10279    70    57 -9999 -9999 -9999
2022 10 02 16   167   111 10286    50    57 -9999 -9999 -9999
2022 10 02 17   167   111 10288    30    62 -9999 -9999 -9999
2022 10 02 18   172   111 10288    10    67     6 -9999 -9999
2022 10 02 19   178   100 10280    20    77     2 -9999 -9999
2022 10 02 20   183    94 10276    50    72     2 -9999 -9999
2022 10 02 21   172    89 10275    30    67     2 -9999 -9999
2022 10 02 22   167    89 10275    40    67     2 -9999 -9999
2022 10 02 23   156    83 10275    30    67     2 -9999 -9999
2022 10 03 00   139    78 10275    20    57     2 -9999 -9999
2022 10 03 01   133    83 10273    30    46     0 -9999 -9999
2022 10 03 02   128    89 10275    20    36     0 -9999 -9999
2022 10 03 03   122    89 10276    30    36     0 -9999 -9999
2022 10 03 04   117    89 10277    30    31     0 -9999 -9999
2022 10 03 05   117    89 10275    20    21     0 -9999 -9999
2022 10 03 06   106    83 10275   360    21     0 -9999 -9999
2022 10 03 07   106    72 10275    30    26     0 -9999 -9999
2022 10 03 08   100    56 10275     0     0     0 -9999 -9999
2022 10 03 09    89    61 10277   300    15     0 -9999 -9999
2022 10 03 10    83    50 10281     0     0     0 -9999 -9999
2022 10 03 11    83    56 10284     0     0     0 -9999 -9999
2022 10 03 12    72    50 10288     0     0     2 -9999 -9999
2022 10 03 13   106    61 10291     0     0     2 -9999 -9999
2022 10 03 14   128    72 10291   170    15     2 -9999 -9999
2022 10 03 15   144    56 10295     0     0     2 -9999 -9999
2022 10 03 16   172    44 10293     0     0     2 -9999 -9999
2022 10 03 17   178    44 10288    50    31     2 -9999 -9999
2022 10 03 18   183    56 10281     0     0     2 -9999 -9999
2022 10 03 19   194    56 10274 -9999    15     2 -9999 -9999
2022 10 03 20   200    61 10268    80    26     2     0 -9999
2022 10 03 21   200    56 10264    80    36     2     0 -9999
2022 10 03 22   189    39 10263    90    31     2     0 -9999
2022 10 03 23   172    44 10260    60    41     2     0 -9999
2022 10 04 00   144    61 10259   100    26     2     0 -9999
2022 10 04 01   133    67 10258    90    26     0     0 -9999
2022 10 04 02   128    72 10257     0     0     0     0 -9999
2022 10 04 03   122    67 10256     0     0     0     0 -9999
2022 10 04 04   106    67 10254     0     0     0     0 -9999
2022 10 04 05   106    67 10253     0     0     2     0 -9999
2022 10 04 06    94    61 10251     0     0     2 -9999 -9999
2022 10 04 07    89    56 10247     0     0     0 -9999 -9999
2022 10 04 08    83    56 10244     0     0     0 -9999 -9999
2022 10 04 09    78    50 10244   270    15     0 -9999 -9999
2022 10 04 10    78    50 10248     0     0     0 -9999 -9999
2022 10 04 11    72    50 10249     0     0     2 -9999 -9999
2022 10 04 12    78    50 10249     0     0     2 -9999 -9999
2022 10 04 13    94    72 10249     0     0     2 -9999 -9999
2022 10 04 14   122    78 10249   220    26     2 -9999 -9999
2022 10 04 15   156    67 10249 -9999    21     2 -9999 -9999
2022 10 04 16   178    50 10244 -9999    21     4 -9999 -9999
2022 10 04 17   200    33 10239   250    26     2 -9999 -9999
2022 10 04 18   211    28 10234 -9999    15     4 -9999 -9999
2022 10 04 19   217    17 10225 -9999    26     4 -9999 -9999
2022 10 04 20   228    17 10218 -9999    15     4 -9999 -9999
2022 10 04 21   228     6 10213   200    26 -9999 -9999 -9999
2022 10 04 22   222    11 10210 -9999    21 -9999 -9999 -9999
2022 10 04 23   206    56 10211   100    21 -9999 -9999 -9999
2022 10 05 00   178    61 10212   130    21     6 -9999 -9999
2022 10 05 01   167    61 10212   150    26     4 -9999 -9999
2022 10 05 02   161    67 10211     0     0     4 -9999 -9999
2022 10 05 03   139    72 10210     0     0 -9999 -9999 -9999
2022 10 05 04   133    72 10211     0     0 -9999 -9999 -9999
2022 10 05 05   122    72 10207     0     0 -9999 -9999 -9999
2022 10 05 06   117    67 10203     0     0     6 -9999 -9999
2022 10 05 07   111    67 10200     0     0 -9999 -9999 -9999
2022 10 05 08   106    61 10198     0     0 -9999 -9999 -9999
2022 10 05 09   106    61 10198     0     0 -9999 -9999 -9999
2022 10 05 10    94    61 10200   240    15 -9999 -9999 -9999
2022 10 05 11   100    56 10203     0     0 -9999 -9999 -9999
2022 10 05 12    94    44 10203     0     0     6 -9999 -9999
2022 10 05 13   106    50 10205   250    21 -9999 -9999 -9999
2022 10 05 14   139    50 10204     0     0 -9999 -9999 -9999
2022 10 05 15   172    44 10206   220    21 -9999 -9999 -9999
2022 10 05 16   206    39 10202   210    26 -9999 -9999 -9999
2022 10 05 17   222    28 10198 -9999    21 -9999 -9999 -9999
2022 10 05 18   228    17 10192 -9999    21     6 -9999 -9999
2022 10 05 19   239     0 10182   200    36 -9999 -9999 -9999
2022 10 05 20   239     0 10176   200    36 -9999 -9999 -9999
2022 10 05 21   239     6 10172 -9999    31 -9999 -9999 -9999
2022 10 05 22   239   -11 10170   210    36 -9999 -9999 -9999
2022 10 05 23   228    -6 10169   190    26 -9999 -9999 -9999
2022 10 06 00   211    11 10170   180    15     6 -9999 -9999
2022 10 06 01   189    33 10169   180    15 -9999 -9999 -9999
2022 10 06 02   183    39 10169   220    15 -9999 -9999 -9999
2022 10 06 03   183    44 10168   230    15 -9999 -9999 -9999
2022 10 06 04   183    39 10166   240    26 -9999 -9999 -9999
2022 10 06 05   172    39 10163   240    26 -9999 -9999 -9999
2022 10 06 06   172    67 10163   260    31     8    -1    -1
2022 10 06 07   161    67 10161   230    21 -9999     0 -9999
2022 10 06 08   161    67 10164   260    41 -9999    -1 -9999
2022 10 06 09   156    83 10162   260    21 -9999    -1 -9999
2022 10 06 10   156    94 10158   220    15 -9999     0 -9999
2022 10 06 11   150    94 10156   250    21 -9999     0 -9999
2022 10 06 12   150   100 10157   220    15     6     0    -1
2022 10 06 13   156    94 10159   240    26 -9999     0 -9999
2022 10 06 14   167    94 10162   230    41 -9999     0 -9999
2022 10 06 15   189    89 10161   230    51     4     0 -9999
2022 10 06 16   194    94 10161   260    31 -9999     0 -9999
2022 10 06 17   211    89 10156   240    41 -9999     0 -9999
2022 10 06 18   222    94 10153   290    51     4     0 -9999
2022 10 06 19   228   100 10148   250    57 -9999     0 -9999
2022 10 06 20   239    89 10147   310    62 -9999     0 -9999
2022 10 06 21   172   144 10160   350    62 -9999    10 -9999
2022 10 06 22   167   139 10173    20    77 -9999     3 -9999
2022 10 06 23   128   106 10191    10    67 -9999    -1 -9999
2022 10 07 00   128   100 10195   350    41     8     0    10
2022 10 07 01   128   100 10200   350    31 -9999     0 -9999
2022 10 07 02   133    94 10209   330    41 -9999     0 -9999
2022 10 07 03   133    94 10215    20    77 -9999     0 -9999
2022 10 07 04   122    78 10227    40   129 -9999    -1 -9999
2022 10 07 05   117    44 10233    10    77 -9999    -1 -9999
2022 10 07 06   106    56 10236   350    51     6     0    -1
2022 10 07 07    89    39 10244   340    51 -9999     0 -9999
2022 10 07 08    78    33 10248   340    57 -9999     0 -9999
2022 10 07 09    72    33 10252   350    51 -9999     0 -9999
2022 10 07 10    67    28 10258   350    62 -9999     0 -9999
2022 10 07 11    67    22 10262   350    51 -9999     0 -9999
2022 10 07 12    61    22 10268   340    57     6     0 -9999
2022 10 07 13    72    28 10275   340    51 -9999     0 -9999
2022 10 07 14    83    33 10282   350    62 -9999     0 -9999
2022 10 07 15    94    33 10289   340    41 -9999     0 -9999
2022 10 07 16   100    39 10293   360    62 -9999     0 -9999
2022 10 07 17   117    28 10294    10    46     4     0 -9999
2022 10 07 18   128    22 10288   360    51     4     0 -9999
2022 10 07 19   133     6 10283   350    77     4     0 -9999
2022 10 07 20   133    -6 10280   360    46 -9999     0 -9999
2022 10 07 21   128    -6 10280    10    51 -9999     0 -9999
2022 10 07 22   111    22 10284    40    57 -9999     0 -9999
2022 10 07 23   100    17 10286    30    72     4     0 -9999
2022 10 08 00    89    17 10289    20    51     2     0 -9999
2022 10 08 01    78    11 10295   360    36     2     0 -9999
2022 10 08 02    78     0 10300    10    46     2     0 -9999
2022 10 08 03    56     0 10303   350    26     2     0 -9999
2022 10 08 04    56    -6 10304   360    26     2     0 -9999
2022 10 08 05    61    -6 10301     0     0     2     0 -9999
2022 10 08 06    44     0 10298   280    15     2     0 -9999
2022 10 08 07    39     0 10299   260    21     2     0 -9999
2022 10 08 08    33     6 10296   270    26     2     0 -9999
2022 10 08 09    33     6 10294   260    26     2     0 -9999
2022 10 08 10    33     0 10293   250    26     2     0 -9999
2022 10 08 11    33    -6 10294   250    31     2     0 -9999
2022 10 08 12    33    -6 10296   250    31     2     0 -9999
2022 10 08 13    44     0 10297   240    36 -9999     0 -9999
2022 10 08 14    67     6 10300   240    26 -9999     0 -9999
2022 10 08 15    83     6 10298   250    46     4     0 -9999
2022 10 08 16   106     0 10290   250    46     2     0 -9999
2022 10 08 17   117    -6 10283   250    57 -9999     0 -9999
2022 10 08 18   128   -11 10269   230    67     2     0 -9999
2022 10 08 19   133   -11 10256   230    67     2     0 -9999
2022 10 08 20   139   -28 10243   260    77     2     0 -9999
2022 10 08 21   144   -28 10234   260    67     2     0 -9999
2022 10 08 22   144   -39 10228   250    62     4     0 -9999
2022 10 08 23   133   -28 10226   240    41     4     0 -9999
2022 10 09 00   122   -22 10228   240    41     2     0 -9999
2022 10 09 01   111   -17 10225   240    36     2     0 -9999
2022 10 09 02   106   -17 10222   230    36     0     0 -9999
2022 10 09 03   100   -17 10225   230    36     2     0 -9999
2022 10 09 04    94   -17 10220   230    41     2     0 -9999
2022 10 09 05    83   -11 10218   240    41     2     0 -9999
2022 10 09 06    78   -11 10215   230    41     2     0 -9999
2022 10 09 07    78    -6 10212   230    46     2     0 -9999
2022 10 09 08    72    -6 10210   240    46     2     0 -9999
2022 10 09 09    67    -6 10207   240    46     2     0 -9999
2022 10 09 10    61     0 10204   230    41     2     0 -9999
2022 10 09 11    56     0 10204   230    36     2     0 -9999
2022 10 09 12    56     0 10205   230    36     2     0 -9999
2022 10 09 13    61     0 10207   230    51     4     0 -9999
2022 10 09 14    83     6 10211   230    41     4     0 -9999
2022 10 09 15   111    17 10208   230    41     2     0 -9999
2022 10 09 16   144    22 10207   260    36     2     0 -9999
2022 10 09 17   167    28 10204   220    36     2     0 -9999
2022 10 09 18   183    22 10197   210    46     4     0 -9999
2022 10 09 19   194    17 10191   240    51     4     0 -9999
2022 10 09 20   194    17 10184   240    46     4     0 -9999
2022 10 09 21   200    17 10182   240    51 -9999     0 -9999
2022 10 09 22   194    22 10182   250    36 -9999     0 -9999
2022 10 09 23   194    22 10181   230    21 -9999     0 -9999
2022 10 10 00   183    33 10186   230    21     6     0 -9999
2022 10 10 01   167    39 10188   210    21 -9999     0 -9999
2022 10 10 02   156    44 10189   230    21 -9999     0 -9999
2022 10 10 03   139    50 10193   230    21     2     0 -9999
2022 10 10 04   128    50 10193   230    21     4     0 -9999
2022 10 10 05   117    50 10192     0     0     2     0 -9999
2022 10 10 06   106    50 10193   350    15     0     0 -9999
2022 10 10 07   106    50 10195     0     0     0     0 -9999
2022 10 10 08    94    50 10194     0     0     4     0 -9999
2022 10 10 09    89    56 10197   200    21 -9999     0 -9999
2022 10 10 10    89    56 10201    10    21     4     0 -9999
2022 10 10 11    89    56 10203     0     0     2     0 -9999
2022 10 10 12    83    56 10208     0     0     2     0 -9999
2022 10 10 13    94    61 10212     0     0     2     0 -9999
2022 10 10 14   133    61 10213     0     0     2     0 -9999
2022 10 10 15   161    56 10214     0     0     0     0 -9999
2022 10 10 16   183    56 10217   170    15     0     0 -9999
2022 10 10 17   200    61 10217     0     0 -9999     0 -9999
2022 10 10 18   206    56 10211 -9999    15     2     0 -9999
2022 10 10 19   222    61 10203 -9999    15     2     0 -9999
2022 10 10 20   222    44 10198   210    36     2     0 -9999
2022 10 10 21   228    39 10196   220    31     2     0 -9999
2022 10 10 22   200   100 10194    20    51     2     0 -9999
2022 10 10 23   172   117 10195    30    57     2     0 -9999
2022 10 11 00   150   117 10200    20    46     2     0 -9999
2022 10 11 01   139   111 10204    60    31     0     0 -9999
2022 10 11 02   133   111 10205   120    26     0     0 -9999
2022 10 11 03   122   106 10204   110    15     0     0 -9999
2022 10 11 04   122   100 10202     0     0     2     0 -9999
2022 10 11 05   111    89 10200     0     0     2     0 -9999
2022 10 11 06   111    89 10196     0     0     0     0 -9999
2022 10 11 07   100    78 10196     0     0     0     0 -9999
2022 10 11 08   100    72 10193     0     0     0     0 -9999
2022 10 11 09   106    89 10188   190    21     2     0 -9999
2022 10 11 10   111    78 10191   170    15     2     0 -9999
2022 10 11 11   111    67 10189   170    31     4     0 -9999
2022 10 11 12   122    61 10188   180    36     2     0 -9999
2022 10 11 13   133    61 10187   180    46     2     0 -9999
2022 10 11 14   156    67 10184   190    41 -9999     0 -9999
2022 10 11 15   167    72 10184   190    62 -9999     0 -9999
2022 10 11 16   189    78 10184   190    77 -9999     0 -9999
2022 10 11 17   200    94 10177   200    62 -9999     0 -9999
2022 10 11 18   200   111 10173   200    72     8     0 -9999
2022 10 11 19   194   144 -9999   210    93 -9999     0 -9999
2022 10 11 20   172   156 10164   190    67 -9999     8 -9999
2022 10 11 21   167   150 -9999   180    51 -9999     2 -9999
2022 10 11 22   161   144 10148   160    51 -9999    23 -9999
2022 10 11 23   156   144 10142   170    67 -9999    25 -9999
2022 10 12 00   144   128 10137   180    82     8    10    80
2022 10 12 01   139   122 10133   170    51 -9999    36 -9999
2022 10 12 02   144   122 10129   190    46 -9999    -1 -9999
2022 10 12 03   150   122 10126   190    41 -9999    -1 -9999
2022 10 12 04   161   117 10123   190    57 -9999    -1 -9999
2022 10 12 05   167   122 10115   190    67 -9999     0 -9999
2022 10 12 06   172   128 10110   200    57     8    -1    40
2022 10 12 07   161   128 10106   180    72 -9999    18 -9999
2022 10 12 08   167   128 10097   190    77 -9999     0 -9999
2022 10 12 09   167   128 10086   190    57 -9999    -1 -9999
2022 10 12 10   167   117 10078   190    77 -9999    -1 -9999
2022 10 12 11   156   117 10072   180    62 -9999     8 -9999
2022 10 12 12   156   128 10060   190    77     8     3    30
2022 10 12 13   150   128 10057   200    51 -9999    -1 -9999
2022 10 12 14   156   128 10053   190    67 -9999     0 -9999
2022 10 12 15   156   117 10048   200    77 -9999     0 -9999
2022 10 12 16   172   122 10033   190    88 -9999     0 -9999
2022 10 12 17   178   122 10038   220    98 -9999     0 -9999
2022 10 12 18   178   133 10028   200    67     8    -1    -1
2022 10 12 19   111    89 -9999   320    77 -9999     5 -9999
2022 10 12 20   122    94 10044   310    31 -9999    20 -9999
2022 10 12 21   139    94 10054 -9999    31 -9999     0 -9999
2022 10 12 22   144    83 10057   260    46     2     0 -9999
2022 10 12 23   139    72 10061   240    21     2     0 -9999
2022 10 13 00   122    78 10060   200    26     4     0    40
2022 10 13 01   117    72 10054   190    36     4     0 -9999
2022 10 13 02   122    72 10061   270    46 -9999    -1 -9999
2022 10 13 03   122    22 10074   260    62 -9999    -1 -9999
2022 10 13 04   100    44 10067   200    41 -9999    -1 -9999
2022 10 13 05   100    39 10064   220    41 -9999     0 -9999
2022 10 13 06    94    39 10060   260    51     6     0     0
2022 10 13 07    83    33 10058   260    51     4     0 -9999
2022 10 13 08    78    28 10057   260    51     2     0 -9999
2022 10 13 09    72    28 10054   240    51     2     0 -9999
2022 10 13 10    67    28 10049   230    36     0     0 -9999
2022 10 13 11    67    22 10048   240    51     2     0 -9999
2022 10 13 12    56    17 10048   250    51     2     0 -9999
2022 10 13 13    61    17 10051   250    46     2     0 -9999
2022 10 13 14    72    17 10052   250    51     2     0 -9999
2022 10 13 15    89     6 10044   280    51     2     0 -9999
2022 10 13 16   106     0 10039 -9999    26 -9999     0 -9999
2022 10 13 17   117     0 10035   210    67     2     0 -9999
2022 10 13 18   111   -22 10029   230    77     6     0 -9999
2022 10 13 19   111   -17 10032   240    88 -9999     0 -9999
2022 10 13 20   100   -22 10045   260    88 -9999     0 -9999
2022 10 13 21    94   -28 10057   280    72 -9999     0 -9999
2022 10 13 22    83   -39 10064   280    72 -9999     0 -9999
2022 10 13 23    83   -33 10072   270    57 -9999     0 -9999
2022 10 14 00    78   -28 10078   280    46 -9999     0 -9999
2022 10 14 01    61   -22 10082   250    31     2     0 -9999
2022 10 14 02    56   -22 10081   240    26     2     0 -9999
2022 10 14 03    50   -22 10075   220    21     2     0 -9999
2022 10 14 04    39   -17 10070   210    36     2     0 -9999
2022 10 14 05    39   -17 10067   220    36     4     0 -9999
2022 10 14 06    39   -17 10066   210    36     8     0 -9999
2022 10 14 07    39   -17 10063   220    31 -9999     0 -9999
2022 10 14 08    44   -17 10062   210    41 -9999     0 -9999
2022 10 14 09    50   -17 10058   220    31 -9999     0 -9999
2022 10 14 10    50   -22 10057   220    26 -9999     0 -9999
2022 10 14 11    44   -17 10056   200    21 -9999     0 -9999
2022 10 14 12    39   -17 10053   190    21     8     0 -9999
2022 10 14 13    39   -11 10055   200    15 -9999     0 -9999
2022 10 14 14    56   -11 10056   210    36 -9999     0 -9999
2022 10 14 15    67   -17 10051   200    51 -9999     0 -9999
2022 10 14 16    89   -33 10046   190    41 -9999     0 -9999
2022 10 14 17   111   -39 10042   200    57 -9999     0 -9999
2022 10 14 18   117   -50 10032   210    57     6     0 -9999
2022 10 14 19   139   -67 10019   220    62 -9999     0 -9999
2022 10 14 20   144   -72 10011   210    57 -9999     0 -9999
2022 10 14 21   150   -56 10011   230    82 -9999     0 -9999
2022 10 14 22   144   -50 10016   240    67 -9999     0 -9999
2022 10 14 23   139   -33 10025   270    46 -9999     0 -9999
2022 10 15 00   111     6 10046   250    46     8    -1     0
2022 10 15 01    83    33 10050   270    31 -9999     5 -9999
2022 10 15 02    67    33 10053   280    46 -9999     5 -9999
2022 10 15 03    67    33 10056   260    31 -9999    -1 -9999
2022 10 15 04    61    28 10061   270    36 -9999     0 -9999
2022 10 15 05    50    22 10065   260    36     2     0 -9999
2022 10 15 06    39    17 10071   260    36     2     0    10
2022 10 15 07    39    11 10076   260    36 -9999     0 -9999
2022 10 15 08    33     6 10084   260    31     2     0 -9999
2022 10 15 09    28     0 10091   250    31     0     0 -9999
2022 10 15 10    22     0 10100   250    31     0     0 -9999
2022 10 15 11    22    -6 10106   240    31     0     0 -9999
2022 10 15 12    17    -6 10113   230    26     0     0 -9999
2022 10 15 13    22    -6 10121   260    41     2     0 -9999
2022 10 15 14    39     6 10130   270    36     2     0 -9999
2022 10 15 15    56    11 10132   240    51     4     0 -9999
2022 10 15 16    78    11 10138   260    57     4     0 -9999
2022 10 15 17    89    17 10140   240    41     4     0 -9999
2022 10 15 18   100    11 10138   230    72     4     0 -9999
2022 10 15 19   106     6 10133   230    67     4     0 -9999
2022 10 15 20   111     0 10131   230    77     4     0 -9999
2022 10 15 21   117     0 10130   210    67     4     0 -9999
2022 10 15 22   117     0 10130   220    77     4     0 -9999
2022 10 15 23   100     6 10128   210    62 -9999     0 -9999
2022 10 16 00   100     6 10134   220    46     6     0 -9999
2022 10 16 01    94    11 10139   220    46 -9999     0 -9999
2022 10 16 02    94    11 10136   220    51 -9999     0 -9999
2022 10 16 03    94    17 10134   220    41 -9999     0 -9999
2022 10 16 04    94    17 10128   220    46 -9999     0 -9999
2022 10 16 05    94    17 10125   220    46     4     0 -9999
2022 10 16 06    94    22 10122   220    46     4     0 -9999
2022 10 16 07    83    22 10127   240    41     0     0 -9999
2022 10 16 08    67    22 10130   280    26     0     0 -9999
2022 10 16 09    61    22 10133   260    21     0     0 -9999
2022 10 16 10    50    17 10136   260    15     0     0 -9999
2022 10 16 11    44    11 10138     0     0     0     0 -9999
2022 10 16 12    44    17 10139   260    15     2     0 -9999
2022 10 16 13    50    22 10143   260    26     2     0 -9999
2022 10 16 14    83    33 10149   280    15     2     0 -9999
2022 10 16 15   106    28 10147   300    36 -9999     0 -9999
2022 10 16 16   100    22 10143   290    36 -9999     0 -9999
2022 10 16 17   117    33 10144   240    46 -9999     0 -9999
2022 10 16 18   117    22 10137   280    41     6     0 -9999
2022 10 16 19   117    17 10133   300    67 -9999     0 -9999
2022 10 16 20   106    28 10134   310    67 -9999     0 -9999
2022 10 16 21   106    17 10135   300    41 -9999     0 -9999
2022 10 16 22   106     6 10134   280    41 -9999     0 -9999
2022 10 16 23   100   -17 10134   280    67 -9999     0 -9999
2022 10 17 00    94   -28 10135   290    62 -9999     0 -9999
2022 10 17 01    89   -17 10135   290    46 -9999     0 -9999
2022 10 17 02    83   -11 10131   290    72 -9999     0 -9999
2022 10 17 03    72     0 10131   310    72 -9999     0 -9999
2022 10 17 04    67     0 10129   300    62 -9999     0 -9999
2022 10 17 05    61     0 10124   290    62 -9999     0 -9999
2022 10 17 06    50    -6 10118   290    62     6     0 -9999
2022 10 17 07    44    -6 10113   290    51     4     0 -9999
2022 10 17 08    50    -6 10108   300    67 -9999     0 -9999
2022 10 17 09    44   -11 10105   300    51 -9999     0 -9999
2022 10 17 10    39   -22 10107   310    67 -9999     0 -9999
2022 10 17 11    33   -22 10106   300    72     4     0 -9999
2022 10 17 12    28   -39 10106   310    77     2     0 -9999
2022 10 17 13    33   -33 10105   300    77 -9999     0 -9999
2022 10 17 14    39   -39 10106   290    72 -9999     0 -9999
2022 10 17 15    39   -33 10109   310    88 -9999    -1 -9999
2022 10 17 16    39   -28 10115   320    77 -9999     0 -9999
2022 10 17 17    39   -28 10119   310    88 -9999     0 -9999
2022 10 17 18    50   -22 10121   320   108     8     0    -1
2022 10 17 19    50   -17 10122   310    82 -9999     0 -9999
2022 10 17 20    50   -17 10126   310    93 -9999     0 -9999
2022 10 17 21    56   -17 10130   300    93 -9999     0 -9999
2022 10 17 22    61   -22 10136   310    88 -9999     0 -9999
2022 10 17 23    50   -17 10142   300    62 -9999     0 -9999
2022 10 18 00    44   -28 10147   310    67 -9999     0 -9999
2022 10 18 01    44   -22 10149   310    57 -9999     0 -9999
2022 10 18 02    39   -28 10149   310    88 -9999     0 -9999
2022 10 18 03    39   -28 10150   320    82 -9999     0 -9999
2022 10 18 04    33   -28 10155   310    93 -9999     0 -9999
2022 10 18 05    28   -28 10155   320    62 -9999     0 -9999
2022 10 18 06    22   -28 10154   310    51     6     0 -9999
2022 10 18 07    28   -33 10155   320    57 -9999     0 -9999
2022 10 18 08    28   -39 10156   320    72 -9999     0 -9999
2022 10 18 09    28   -44 10157   330    67 -9999     0 -9999
2022 10 18 10    28   -44 10159   320    67 -9999     0 -9999
2022 10 18 11    22   -44 10165   320    77 -9999     0 -9999
2022 10 18 12    17   -39 10167   320    82     8     0 -9999
2022 10 18 13    17   -44 10167   320    82 -9999     0 -9999
2022 10 18 14    17   -44 10173   330    72 -9999     0 -9999
2022 10 18 15    28   -44 10173   320    82 -9999     0 -9999
2022 10 18 16    39   -39 10171   320    67 -9999     0 -9999
2022 10 18 17    56   -33 10168   320    88 -9999     0 -9999
2022 10 18 18    72   -28 10162   300    88     6     0 -9999
2022 10 18 19    72   -28 10156   320    67 -9999     0 -9999
2022 10 18 20    83   -28 10153   330    88 -9999     0 -9999
2022 10 18 21    83   -28 10153   310    82 -9999     0 -9999
2022 10 18 22    78   -33 10157   310    82 -9999     0 -9999
2022 10 18 23    78   -33 10160   310    98 -9999     0 -9999
2022 10 19 00    78   -39 10162   310    67     6     0 -9999
2022 10 19 01    78   -44 10163   310    82 -9999     0 -9999
2022 10 19 02    72   -39 10162   320    67 -9999     0 -9999
2022 10 19 03    72   -28 10165   340    62 -9999     0 -9999
2022 10 19 04    67   -28 10167   330    57 -9999     0 -9999
2022 10 19 05    56   -28 10166   330    72 -9999     0 -9999
2022 10 19 06    50   -28 10163   310    67     6     0 -9999
2022 10 19 07    39   -33 10166   300    62 -9999     0 -9999
2022 10 19 08    28   -33 10166   310    72 -9999     0 -9999
2022 10 19 09    22   -33 10162   300    51 -9999     0 -9999
2022 10 19 10    17   -39 10162   300    57 -9999     0 -9999
2022 10 19 11    11   -39 10166   310    51 -9999     0 -9999
2022 10 19 12    11   -39 10165   300    46     2     0 -9999
2022 10 19 13     6   -39 10166   290    46 -9999     0 -9999
2022 10 19 14    22   -39 10170   300    51 -9999     0 -9999
2022 10 19 15    39   -33 10168   280    51 -9999     0 -9999
2022 10 19 16    56   -33 10166   290    51 -9999     0 -9999
2022 10 19 17    67   -39 10162   280    51 -9999     0 -9999
2022 10 19 18    72   -50 10154   280    72     2     0 -9999
2022 10 19 19    78   -56 10143   270    51 -9999     0 -9999
2022 10 19 20    83   -56 10138   250    77 -9999     0 -9999
2022 10 19 21    83   -78 10135   280    67 -9999     0 -9999
2022 10 19 22    83   -78 10131   260    62 -9999     0 -9999
2022 10 19 23    72   -78 10132   270    51 -9999     0 -9999
2022 10 20 00    61   -72 10136   260    41     6     0 -9999
2022 10 20 01    50   -67 10137   250    26     4     0 -9999
2022 10 20 02    39   -61 10137   230    26     2     0 -9999
2022 10 20 03    33   -61 10135   240    31     2     0 -9999
2022 10 20 04    28   -72 10134   240    31     2     0 -9999
2022 10 20 05    22   -72 10128   250    36     4     0 -9999
2022 10 20 06    22   -78 10120   250    41     6     0 -9999
2022 10 20 07    17   -78 10114   250    36 -9999     0 -9999
2022 10 20 08     6   -78 10108   240    36 -9999     0 -9999
2022 10 20 09    11   -78 10102   240    31 -9999     0 -9999
2022 10 20 10     6   -83 10096   240    31     4     0 -9999
2022 10 20 11     6   -83 10096   230    36     4     0 -9999
2022 10 20 12     6   -83 10095   230    36     6     0 -9999
2022 10 20 13    17   -89 10092   230    36 -9999     0 -9999
2022 10 20 14    33   -89 10088   210    41 -9999     0 -9999
2022 10 20 15    50   -83 10086   230    51 -9999     0 -9999
2022 10 20 16    72   -83 10090   230    31 -9999     0 -9999
2022 10 20 17    83   -83 10089   230    36 -9999     0 -9999
2022 10 20 18   117   -72 10082   230    51     6     0 -9999
2022 10 20 19   144   -67 10073   250    57     4     0 -9999
2022 10 20 20   156   -61 10068   210    51     2     0 -9999
2022 10 20 21   167   -50 10068   270    46     2     0 -9999
2022 10 20 22   161   -39 10069   210    36     2     0 -9999
2022 10 20 23   150   -33 10071   200    26     4     0 -9999
2022 10 21 00   128   -22 10078   210    26     4     0 -9999
2022 10 21 01   106   -11 10081   190    26 -9999     0 -9999
2022 10 21 02    89    -6 10079   160    21 -9999     0 -9999
2022 10 21 03    89    -6 10081   200    21     2     0 -9999
2022 10 21 04    78     0 10082     0     0     2     0 -9999
2022 10 21 05    67     0 10080     0     0     2     0 -9999
2022 10 21 06    78     6 10072   210    31     4     0 -9999
2022 10 21 07    78     6 10072   230    31 -9999 -9999 -9999
2022 10 21 08    72     6 10072   220    31 -9999 -9999 -9999
2022 10 21 09    67     6 10073   200    21 -9999 -9999 -9999
2022 10 21 10    61    11 10075   190    21 -9999 -9999 -9999
2022 10 21 11    67    11 10076   190    26 -9999 -9999 -9999
2022 10 21 12    67    11 10078   200    26     6 -9999 -9999
2022 10 21 13    67    17 10081   210    15 -9999 -9999 -9999
2022 10 21 14    89    17 10086   200    46 -9999 -9999 -9999
2022 10 21 15   122    22 10081   200    57 -9999 -9999 -9999
2022 10 21 16   122    22 10077   200    51     4 -9999 -9999
2022 10 21 17   183    28 10071   210    77     2 -9999 -9999
2022 10 21 18   206    33 10063   210    77     0     0 -9999
2022 10 21 19   228    39 10051   210    72     0     0 -9999
2022 10 21 20   244    33 10045   200    62     0     0 -9999
2022 10 21 21   244    22 10041   200    67     2     0 -9999
2022 10 21 22   239    28 10042   200    82     2     0 -9999
2022 10 21 23   228    28 10045   190    57     2     0 -9999
2022 10 22 00   217    28 10053   200    57     2     0 -9999
2022 10 22 01   211    33 10061   200    51     0     0 -9999
2022 10 22 02   206    33 10066   200    57     0     0 -9999
2022 10 22 03   194    28 10072   200    62     0     0 -9999
2022 10 22 04   183    28 10077   200    57     0     0 -9999
2022 10 22 05   178    33 10076   200    62     2     0 -9999
2022 10 22 06   172    39 10076   200    62     2     0 -9999
2022 10 22 07   161    44 10074   200    57     2     0 -9999
2022 10 22 08   161    50 10070   200    67     2     0 -9999
2022 10 22 09   156    61 10072   200    46     2     0 -9999
2022 10 22 10   150    67 10074   200    41     2     0 -9999
2022 10 22 11   139    67 10077   190    41     2     0 -9999
2022 10 22 12   139    67 10080   190    41     2     0 -9999
2022 10 22 13   139    72 10086   190    46     2     0 -9999
2022 10 22 14   150    78 10092   180    57     4     0 -9999
2022 10 22 15   172    83 10093   190    72     4     0 -9999
2022 10 22 16   200    89 10095   200    72     2     0 -9999
2022 10 22 17   222    89 10093   190    82     2     0 -9999
2022 10 22 18   239    89 10089   170    57     2     0 -9999
2022 10 22 19   250    94 10082   200    72     2     0 -9999
2022 10 22 20   261   100 10079   170    62     2     0 -9999
2022 10 22 21   261   106 10079   180    88     2     0 -9999
2022 10 22 22   261   106 10079   170    51     2     0 -9999
2022 10 22 23   244   106 10087   170    72     2     0 -9999
2022 10 23 00   228   111 10094   180    72     2     0 -9999
2022 10 23 01   217   111 10101   170    57     0     0 -9999
2022 10 23 02   211   117 10107   170    62     0     0 -9999
2022 10 23 03   211   111 10115   190    72     0     0 -9999
2022 10 23 04   200   111 10125   190    46     0     0 -9999
2022 10 23 05   194   117 10130   180    57     0     0 -9999
2022 10 23 06   183   117 10128   190    46     0     0 -9999
2022 10 23 07   178   111 10125   180    46     0     0 -9999
2022 10 23 08   172   111 10123   170    46     0     0 -9999
2022 10 23 09   172   106 10120   180    46     0     0 -9999
2022 10 23 10   167   106 10123   170    51     0     0 -9999
2022 10 23 11   172   106 10126   170    57     0     0 -9999
2022 10 23 12   167   106 10127   170    46     4     0 -9999
2022 10 23 13   178   106 10129   170    41     4     0 -9999
2022 10 23 14   189   111 10131   170    67     4     0 -9999
2022 10 23 15   200   111 10132   180    67     2     0 -9999
2022 10 23 16   211   117 10128   170    82     2     0 -9999
2022 10 23 17   228   122 10122   170    93     2     0 -9999
2022 10 23 18   244   128 10112   170    93     2     0 -9999
2022 10 23 19   256   128 10104   180    98     2     0 -9999
2022 10 23 20   256   128 10097   170   103     4     0 -9999
2022 10 23 21   256   122 10094   180    93     4     0 -9999
2022 10 23 22   256   122 10097   180   124 -9999     0 -9999
2022 10 23 23   244   117 10100   170    57 -9999     0 -9999
2022 10 24 00   239   106 10102   170    77     6     0 -9999
2022 10 24 01   233   111 10111   170    93     4     0 -9999
2022 10 24 02   228   106 10111   180    77 -9999     0 -9999
2022 10 24 03   222   100 10110   180    62 -9999     0 -9999
2022 10 24 04   217    89 10117   170    72 -9999     0 -9999
2022 10 24 05   211    89 10118   180    72 -9999     0 -9999
2022 10 24 06   211    83 10117   180    72     6     0 -9999
2022 10 24 07   206    83 10113   180    67 -9999     0 -9999
2022 10 24 08   206    89 10119   190    57 -9999     0 -9999
2022 10 24 09   194   106 10124   190    77 -9999    -1 -9999
2022 10 24 10   178   117 10125   180    51 -9999    -1 -9999
2022 10 24 11   178   111 10125   170    51 -9999    -1 -9999
2022 10 24 12   178   100 10123   170    57     6     0     0
2022 10 24 13   178    89 10122   170    62 -9999     0 -9999
2022 10 24 14   183    89 10123   170    67 -9999     0 -9999
2022 10 24 15   200    94 10122   170    82 -9999     0 -9999
2022 10 24 16   200   100 10121   180    62 -9999     0 -9999
2022 10 24 17   217   106 10118   190    72 -9999     0 -9999
2022 10 24 18   222   117 10104   170    57     8     0 -9999
2022 10 24 19   233   128 10094   170    72 -9999     0 -9999
2022 10 24 20   239   128 10088   180    72 -9999     0 -9999
2022 10 24 21   244   128 10086   170    88 -9999     0 -9999
2022 10 24 22   239   122 10082   170    72 -9999     0 -9999
2022 10 24 23   228   122 10080   170    88 -9999     0 -9999
2022 10 25 00   233   122 10076   160    82     6     0 -9999
2022 10 25 01   222   117 10080   170    88 -9999     0 -9999
2022 10 25 02   222   106 10077   160    82 -9999     0 -9999
2022 10 25 03   222    94 10075   170    62 -9999     0 -9999
2022 10 25 04   217    83 10080   180    72 -9999     0 -9999
2022 10 25 05   217    67 10074   190    88 -9999     0 -9999
2022 10 25 06   211    61 10070   190    72     8     0 -9999
2022 10 25 07   206    61 10069   220    36 -9999     0 -9999
2022 10 25 08   183    89 10063   200    41 -9999     0 -9999
2022 10 25 09   156   117 10061   190    41 -9999    15 -9999
2022 10 25 10   156   128 10063   200    41 -9999    10 -9999
2022 10 25 11   156   133 10061   200    31 -9999     0 -9999
2022 10 25 12   161   133 10061   190    46     8    -1    30
2022 10 25 13   161   139 10063   210    41 -9999    -1 -9999
2022 10 25 14   150   133 10064   170    41 -9999     8 -9999
2022 10 25 15   150   133 10062   180    46 -9999     8 -9999
2022 10 25 16   156   133 10057   190    36 -9999    18 -9999
2022 10 25 17   156   139 10052   180    26 -9999     3 -9999
2022 10 25 18   156   133 10043   180    21     8     8    40
2022 10 25 19   156   139 10036   150    21 -9999     3 -9999
2022 10 25 20   161   139 10021    70    21 -9999    23 -9999
2022 10 25 21   156   139 10028 -9999    21 -9999    43 -9999
2022 10 25 22   144   128 10027   340    41 -9999    15 -9999
2022 10 25 23   128   111 10034    20    72 -9999    15 -9999
2022 10 26 00   122   106 10046   360    57     8    18   110
2022 10 26 01   100    78 10038   350    62 -9999     3 -9999
2022 10 26 02   100    78 10042   360    67 -9999     0 -9999
2022 10 26 03    94    67 -9999    10    67 -9999     0 -9999
2022 10 26 04    89    61 10054    10    62 -9999     0 -9999
2022 10 26 05    83    61 10055   330    62 -9999     0 -9999
2022 10 26 06    78    50 10057   330    82     8     0     5
2022 10 26 07    72    44 10061   330    72 -9999     0 -9999
2022 10 26 08    67    44 10063   330    62 -9999     3 -9999
2022 10 26 09    67    39 -9999   340    72 -9999    -1 -9999
2022 10 26 10    67    39 10074   340    57 -9999    -1 -9999
2022 10 26 11    67    33 10089   310    67 -9999     0 -9999
2022 10 26 12    67    28 10101   320    57     6     0    10
2022 10 26 13    61    22 10114   310    57     4     0 -9999
2022 10 26 14    67    22 10126   310    57     4     0 -9999
2022 10 26 15    78    28 10137   330    57     4     0 -9999
2022 10 26 16    89    22 10144   330    62     4     0 -9999
2022 10 26 17   106    28 10153   330    41     4     0 -9999
2022 10 26 18   111    33 10155   320    57     4     0 -9999
2022 10 26 19   117    28 10157   310    36     4     0 -9999
2022 10 26 20   122    22 10160   320    41     2     0 -9999
2022 10 26 21   122    17 10166   320    36     2     0 -9999
2022 10 26 22   117    17 10173   340    26     2     0 -9999
2022 10 26 23   106    17 10181   310    21     2     0 -9999
2022 10 27 00   100    17 10191   330    21     0     0 -9999
2022 10 27 01    83    17 10199    50    21     0     0 -9999
2022 10 27 02    72    28 10203   120    21     0     0 -9999
2022 10 27 03    72    28 10211     0     0     0     0 -9999
2022 10 27 04    56    22 10217     0     0     2     0 -9999
2022 10 27 05    50    22 10224   240    15     2     0 -9999
2022 10 27 06    50    17 10226     0     0     4     0 -9999
2022 10 27 07    56    28 10229     0     0     4     0 -9999
2022 10 27 08    44    17 10234     0     0     4     0 -9999
2022 10 27 09    39    11 10239   260    15     4     0 -9999
2022 10 27 10    44    11 10246     0     0     2     0 -9999
2022 10 27 11    39     6 10254     0     0     2     0 -9999
2022 10 27 12    44    17 10263     0     0     4     0 -9999
2022 10 27 13    44    22 10272     0     0     4     0 -9999
2022 10 27 14    61    33 10281   170    15 -9999     0 -9999
2022 10 27 15    83    39 10283   150    41     4     0 -9999
2022 10 27 16   100    28 10286   160    31     4     0 -9999
2022 10 27 17   111    28 10284   120    46     4     0 -9999
2022 10 27 18   117    22 10281 -9999    26     6     0 -9999
2022 10 27 19   122    28 10274   100    46 -9999     0 -9999
2022 10 27 20   117    22 10274    80    46 -9999     0 -9999
2022 10 27 21   111    28 10275    70    51 -9999     0 -9999
2022 10 27 22   100    28 10276    70    51 -9999     0 -9999
2022 10 27 23    94    28 10276    70    41 -9999     0 -9999
2022 10 28 00    94    28 10277    60    41     8     0 -9999
2022 10 28 01    94    33 10279    80    31 -9999     0 -9999
2022 10 28 02    94    39 10278    90    26 -9999     0 -9999
2022 10 28 03    89    39 10282    90    21 -9999     0 -9999
2022 10 28 04    83    22 10282   110    26 -9999     0 -9999
2022 10 28 05    83    28 10282   120    36 -9999     0 -9999
2022 10 28 06    89    22 10283   120    36     6     0 -9999
2022 10 28 07    89    22 10285   130    31 -9999     0 -9999
2022 10 28 08    78    17 10287   130    15 -9999     0 -9999
2022 10 28 09    72    17 10287   120    21 -9999     0 -9999
2022 10 28 10    72    17 10291     0     0 -9999     0 -9999
2022 10 28 11    78    22 10297    90    15 -9999     0 -9999
2022 10 28 12    72    22 10297    90    15     6     0 -9999
2022 10 28 13    67    28 10299    90    15     4     0 -9999
2022 10 28 14    94    44 10304   100    21     2     0 -9999
2022 10 28 15   111    44 10303   110    31     2     0 -9999
2022 10 28 16   128    44 10300 -9999    15     2     0 -9999
2022 10 28 17   139    33 10294     0     0     2     0 -9999
2022 10 28 18   150    33 10288     0     0     2     0 -9999
2022 10 28 19   156    28 10282 -9999    26     2     0 -9999
2022 10 28 20   156    33 10278    90    31 -9999     0 -9999
2022 10 28 21   156    22 10276   100    31 -9999     0 -9999
2022 10 28 22   144    22 10277    90    36     4     0 -9999
2022 10 28 23   122    28 10281    80    31     2     0 -9999
2022 10 29 00   106    28 10286    70    21     0     0 -9999
2022 10 29 01   100    50 10290    90    15     0     0 -9999
2022 10 29 02    89    56 10291    70    15     0     0 -9999
2022 10 29 03    89    56 10289     0     0     0     0 -9999
2022 10 29 04    83    50 10287    70    15     0     0 -9999
2022 10 29 05    83    50 10282     0     0     0     0 -9999
2022 10 29 06    72    44 10282     0     0     0     0 -9999
2022 10 29 07    56    33 10273     0     0     0     0 -9999
2022 10 29 08    61    39 10276     0     0     0     0 -9999
2022 10 29 09    56    28 10276     0     0     0     0 -9999
2022 10 29 10    50    28 10277     0     0     0     0 -9999
2022 10 29 11    44    33 10279    10    21     2     0 -9999
2022 10 29 12    39    22 10282     0     0     4     0 -9999
2022 10 29 13    44    33 10286     0     0     2     0 -9999
2022 10 29 14    78    67 10285     0     0     2     0 -9999
2022 10 29 15   111    50 10284   160    21     2     0 -9999
2022 10 29 16   144    50 10278   140    15     2     0 -9999
2022 10 29 17   156    39 10271 -9999    15     2     0 -9999
2022 10 29 18   178    39 10260   120    31     2     0 -9999
2022 10 29 19   189    39 10253   130    31     2     0 -9999
2022 10 29 20   189    39 10245   110    36     2     0 -9999
2022 10 29 21   178    44 10244    70    46     2     0 -9999
2022 10 29 22   167    44 10239    90    46     2     0 -9999
2022 10 29 23   139    39 10238    90    31     4     0 -9999
2022 10 30 00   122    39 10236    90    21     4     0 -9999
2022 10 30 01   111    44 10235    70    15     4     0 -9999
2022 10 30 02   100    50 10229    90    15     4     0 -9999
2022 10 30 03    94    56 10226     0     0     2     0 -9999
2022 10 30 04    89    56 10219    30    15 -9999     0 -9999
2022 10 30 05    94    61 10214     0     0 -9999     0 -9999
2022 10 30 06    94    67 10208     0     0     6     0 -9999
2022 10 30 07    94    67 10204     0     0 -9999     0 -9999
2022 10 30 08    94    67 10198     0     0 -9999     0 -9999
2022 10 30 09    83    56 10191   360    21 -9999     0 -9999
2022 10 30 10    72    50 10187    20    15 -9999     0 -9999
2022 10 30 11    89    61 10182    20    26 -9999     0 -9999
2022 10 30 12    78    56 10181     0     0     6     0 -9999
2022 10 30 13    89    61 10181     0     0 -9999     0 -9999
2022 10 30 14   100    78 10179     0     0 -9999     0 -9999
2022 10 30 15   117    72 10175     0     0 -9999     0 -9999
2022 10 30 16   128    72 10173     0     0 -9999     0 -9999
2022 10 30 17   150    67 10166    80    15 -9999     0 -9999
2022 10 30 18   161    78 10154    40    15     6     0 -9999
2022 10 30 19   178    67 10138    20    41 -9999     0 -9999
2022 10 30 20   172    56 10133    70    36 -9999     0 -9999
2022 10 30 21   156    78 10128    50    36 -9999     0 -9999
2022 10 30 22   139    78 10131    50    31 -9999     0 -9999
2022 10 30 23   133    72 10126    50    31 -9999     0 -9999
2022 10 31 00   133    78 10129    60    26     8    -1 -9999
2022 10 31 01   128    94 10127    80    21 -9999     5 -9999
2022 10 31 02   117   100 10122   350    36 -9999     8 -9999
2022 10 31 03   128   106 -9999    70    21 -9999     0 -9999
2022 10 31 04   128   111 10112    80    26 -9999     0 -9999
2022 10 31 05   128   111 10108    80    21 -9999    -1 -9999
2022 10 31 06   128   111 10105    80    26     8     0    10
2022 10 31 07   122   111 10103    40    26 -9999    -1 -9999
2022 10 31 08   122   111 10100    70    21 -9999    -1 -9999
2022 10 31 09   122   111 10099    20    15 -9999     3 -9999
2022 10 31 10   122   111 10096    40    21 -9999     3 -9999
2022 10 31 11   122   111 10096    20    31 -9999     0 -9999
2022 10 31 12   122   111 10091    20    51     8     0     5
2022 10 31 13   122   111 10095    50    26 -9999     0 -9999
2022 10 31 14   128   117 10101    50    26 -9999     0 -9999
2022 10 31 15   133   117 10100    40    15 -9999     0 -9999
2022 10 31 16   133   117 10101    20    36 -9999     0 -9999
2022 10 31 17   133   122 10100   350    26 -9999     0 -9999
2022 10 31 18   133   117 10097   350    36     8     0 -9999
2022 10 31 19   133   117 10095    10    15 -9999     0 -9999
2022 10 31 20   139   117 10093    20    26 -9999     0 -9999
2022 10 31 21   139   117 10099     0     0 -9999     0 -9999
2022 10 31 22   139   111 10100     0     0 -9999     0 -9999
2022 10 31 23   139   117 10106     0     0 -9999     0 -9999
2022 11 01 00   128   111 10115   230    15     6     0 -9999
2022 11 01 01   122   106 10120   220    21     4     0 -9999
2022 11 01 02   117   100 10126   220    21     0     0 -9999
2022 11 01 03   117   100 10130   210    21     0     0 -9999
2022 11 01 04   111    94 10135   220    15     0     0 -9999
2022 11 01 05   106    89 10139   220    31     0     0 -9999
2022 11 01 06   100    83 10143   230    36     0     0 -9999
2022 11 01 07    94    72 10149   230    36     0     0 -9999
2022 11 01 08    89    67 10154   240    26     0     0 -9999
2022 11 01 09    83    56 10157   240    15     0     0 -9999
2022 11 01 10    83    56 10163   230    21     0     0 -9999
2022 11 01 11    78    50 10172   210    15     0     0 -9999
2022 11 01 12    72    50 10179   230    15     2     0 -9999
2022 11 01 13    78    50 10190   260    26     2     0 -9999
2022 11 01 14   100    56 10198   250    21     2     0 -9999
2022 11 01 15   128    61 10203   230    26     2     0 -9999
2022 11 01 16   156    50 10206   270    36     2     0 -9999
2022 11 01 17   172    50 10207 -9999    26     2     0 -9999
2022 11 01 18   183    33 10201   230    26     2     0 -9999
2022 11 01 19   194    28 10200   270    46     2     0 -9999
2022 11 01 20   200    33 10201   230    46     0     0 -9999
2022 11 01 21   200    33 10203   240    26     0     0 -9999
2022 11 01 22   194    28 10208   230    26     0     0 -9999
2022 11 01 23   183    28 10213   210    15     0     0 -9999
2022 11 02 00   161    39 10218   200    21     0     0 -9999
2022 11 02 01   133    50 10221     0     0     0     0 -9999
2022 11 02 02   122    44 10223   170    26     0     0 -9999
2022 11 02 03   117    44 10226   180    15     0     0 -9999
2022 11 02 04   122    44 10232   190    21     0     0 -9999
2022 11 02 05   106    50 10234   180    21     0     0 -9999
2022 11 02 06    94    44 10237     0     0     0     0 -9999
2022 11 02 07    89    44 10237     0     0     0     0 -9999
2022 11 02 08    78    39 10239     0     0     0     0 -9999
2022 11 02 09    67    33 10239     0     0     0     0 -9999
2022 11 02 10    67    39 10240     0     0     0     0 -9999
2022 11 02 11    67    39 10244   170    15     0     0 -9999
2022 11 02 12    67    39 10248   160    15     2     0 -9999
2022 11 02 13    78    56 10249   160    21     2     0 -9999
2022 11 02 14   106    78 10254   170    21     0     0 -9999
2022 11 02 15   133    89 10253   170    21     0     0 -9999
2022 11 02 16   172   100 10249 -9999    26     0     0 -9999
2022 11 02 17   189   100 10244   160    36     0     0 -9999
2022 11 02 18   206   100 10237   180    46     0     0 -9999
2022 11 02 19   211    94 10229   190    41     0     0 -9999
2022 11 02 20   217    94 10223   210    41     0     0 -9999
2022 11 02 21   217    89 10218   170    46     0     0 -9999
2022 11 02 22   211    89 10215   180    46     0     0 -9999
2022 11 02 23   194    94 10216   170    31     2     0 -9999
2022 11 03 00   189    89 10217   160    31     0     0 -9999
2022 11 03 01   178    94 10216   170    31     0     0 -9999
2022 11 03 02   161    94 10217   160    31     2     0 -9999
2022 11 03 03   156    94 10217   170    31     2     0 -9999
2022 11 03 04   150    94 10218   170    31     2     0 -9999
2022 11 03 05   144    94 10214   170    31     2     0 -9999
2022 11 03 06   150    94 10212   180    46     2     0 -9999
2022 11 03 07   144    94 10213   180    41     2     0 -9999
2022 11 03 08   139    94 10211   180    41     2     0 -9999
2022 11 03 09   133    94 10209   180    31     2     0 -9999
2022 11 03 10   128    89 10209   190    36     2     0 -9999
2022 11 03 11   117    83 10211   170    31     2     0 -9999
2022 11 03 12   111    83 10211   170    36     2     0 -9999
2022 11 03 13   117    83 10213   180    36     2     0 -9999
2022 11 03 14   133    89 10215   180    46     2     0 -9999
2022 11 03 15   167    94 10215   190    36     4     0 -9999
2022 11 03 16   194   100 10205   190    57 -9999     0 -9999
2022 11 03 17   200    94 10200   210    67 -9999     0 -9999
2022 11 03 18   217   100 10185   200   108     6     0 -9999
2022 11 03 19   222   100 10177   200    57 -9999     0 -9999
2022 11 03 20   228    94 10167   200    98 -9999     0 -9999
2022 11 03 21   222    94 10163   180    72 -9999     0 -9999
2022 11 03 22   211    94 10160   180    62 -9999     0 -9999
2022 11 03 23   206    89 10158   170    67 -9999     0 -9999
2022 11 04 00   194    89 10159   180    57     8     0 -9999
2022 11 04 01   194    83 10159   170    67 -9999     0 -9999
2022 11 04 02   189    83 10155   170    57 -9999     0 -9999
2022 11 04 03   183    78 10153   180    72 -9999     0 -9999
2022 11 04 04   183    78 10148   180    67 -9999     0 -9999
2022 11 04 05   183    83 10147   190    72 -9999     0 -9999
2022 11 04 06   178    83 10143   190    67     6     0 -9999
2022 11 04 07   172    83 10142   190    51 -9999     0 -9999
2022 11 04 08   167    89 10136   190    46 -9999     0 -9999
2022 11 04 09   167    89 10132   190    51 -9999     0 -9999
2022 11 04 10   172    94 10125   190    46 -9999     0 -9999
2022 11 04 11   172    94 10121   200    62 -9999     0 -9999
2022 11 04 12   178    94 10118   200    57     8     0 -9999
2022 11 04 13   183   100 10119   210    67 -9999     0 -9999
2022 11 04 14   183   100 10124   200    67 -9999     0 -9999
2022 11 04 15   183   106 10124   200    77 -9999     0 -9999
2022 11 04 16   189   111 10118   190    67 -9999     0 -9999
2022 11 04 17   178   128 10117   190    72 -9999    -1 -9999
2022 11 04 18   167   133 10110   190    51     8    -1    -1
2022 11 04 19   167   144 10097   190    36 -9999    15 -9999
2022 11 04 20   167   150 10088   140    15 -9999    10 -9999
2022 11 04 21   172   156 10080   150    21 -9999    -1 -9999
2022 11 04 22   211   156 10074   190    51 -9999     0 -9999
2022 11 04 23   217   139 10065   170    77 -9999     0 -9999
2022 11 05 00   217   133 10065   180    82     8     0    30
2022 11 05 01   217   133 10067   180    77 -9999     0 -9999
2022 11 05 02   211   133 10073   210    67 -9999     0 -9999
2022 11 05 03   211   128 10069   190    67 -9999     0 -9999
2022 11 05 04   211   122 10061   180    93 -9999     0 -9999
2022 11 05 05   206   122 10054   170    72 -9999     0 -9999
2022 11 05 06   211   122 10042   180    98     8    -1     0
2022 11 05 07   178   144 -9999   200    98 -9999     7 -9999
2022 11 05 08   167   144 10040   190    51 -9999    18 -9999
2022 11 05 09   167   144 10016   170    82 -9999     3 -9999
2022 11 05 10   172   144  9987   150   154 -9999    -1 -9999
2022 11 05 11   172   139  9999   170   113 -9999    -1 -9999
2022 11 05 12   167   133  9994   170    77     8     0    30
2022 11 05 13   167   128  9984   170   103 -9999     0 -9999
2022 11 05 14   161   128  9976   180    77 -9999    -1 -9999
2022 11 05 15   161   133  9967   180    88 -9999     5 -9999
2022 11 05 16   167   139  9959   180   129 -9999    -1 -9999
2022 11 05 17   178   133  9944   180   118 -9999     0 -9999
2022 11 05 18   128    94  9962   210   134     8     8    10
2022 11 05 19   111    61  9968   220    98 -9999     0 -9999
2022 11 05 20   111    44  9975   210   129 -9999     0 -9999
2022 11 05 21   100    33  9988   210   134 -9999     0 -9999
2022 11 05 22   100    39 10002   210   103 -9999     0 -9999
2022 11 05 23    94    39 10015   220   113 -9999     0 -9999
2022 11 06 00    94    39 10032   230   103     6     0 -9999
2022 11 06 01    89    33 10046   230    82     2     0 -9999
2022 11 06 02    78    39 10055   210    67     2     0 -9999
2022 11 06 03    78    33 10069   210    62     4     0 -9999
2022 11 06 04    72    33 10075   200    57     4     0 -9999
2022 11 06 05    72    28 10083   200    51     2     0 -9999
2022 11 06 06    72    28 10090   200    46     2     0 -9999
2022 11 06 07    78    28 10099   200    51     2     0 -9999
2022 11 06 08    78    28 10099   190    46     2     0 -9999
2022 11 06 09    83    28 10098   200    46     2     0 -9999
2022 11 06 10    83    28 10101   200    46     0     0 -9999
2022 11 06 11    78    28 10102   180    51     2     0 -9999
2022 11 06 12    83    28 10101   190    51     6     0 -9999
2022 11 06 13    89    33 10104   190    41 -9999     0 -9999
2022 11 06 14    89    39 10111   190    62 -9999     0 -9999
2022 11 06 15   100    39 10115   200    57 -9999     0 -9999
2022 11 06 16   117    44 10115   200    57 -9999     0 -9999
2022 11 06 17   133    50 10114   210    88 -9999     0 -9999
2022 11 06 18   144    56 10120   250    82     4     0 -9999
2022 11 06 19   150    56 10127   220    77     4     0 -9999
2022 11 06 20   161    61 10125   230    62     2     0 -9999
2022 11 06 21   156    67 10135   210    67     2     0 -9999
2022 11 06 22   156    67 10154   250    67 -9999     0 -9999
2022 11 06 23   144    67 10162   230    31     2     0 -9999
2022 11 07 00   133    67 10175   250    26     2     0 -9999
2022 11 07 01   122    67 10189   260    36     0     0 -9999
2022 11 07 02   117    61 10200   270    41     2     0 -9999
2022 11 07 03   111    39 10211   270    41     2     0 -9999
2022 11 07 04   106   -11 10220   260    41     2     0 -9999
2022 11 07 05   100   -33 10230   250    31     2     0 -9999
2022 11 07 06    89   -33 10242   230    31     0     0 -9999
2022 11 07 07    89   -39 10248   270    41     0     0 -9999
2022 11 07 08    78   -44 10260   280    31     0     0 -9999
2022 11 07 09    72   -44 10267   290    41     0     0 -9999
2022 11 07 10    67   -56 10276   270    31     0     0 -9999
2022 11 07 11    56   -61 10289   270    26     0     0 -9999
2022 11 07 12    50   -67 10300   280    26     2     0 -9999
2022 11 07 13    39   -61 10310   290    31     2     0 -9999
2022 11 07 14    56   -61 10322   290    36     2     0 -9999
2022 11 07 15    67   -67 10332   300    36     2     0 -9999
2022 11 07 16    83   -61 10338   320    41     2     0 -9999
2022 11 07 17   100   -61 10336   340    26     2     0 -9999
2022 11 07 18   106   -61 10333   320    31     2     0 -9999
2022 11 07 19   117   -56 10329   350    31     4     0 -9999
2022 11 07 20   122   -56 10327    40    21     4     0 -9999
2022 11 07 21   122   -61 10329    10    31 -9999     0 -9999
2022 11 07 22   106   -28 10336    70    41 -9999     0 -9999
2022 11 07 23    89   -22 10344    60    36 -9999     0 -9999
2022 11 08 00    78    -6 10354    40    36     6     0 -9999
2022 11 08 01    78    -6 10359    60    51 -9999     0 -9999
2022 11 08 02    78     6 10363    80    51 -9999     0 -9999
2022 11 08 03    72    11 10364    60    41 -9999     0 -9999
2022 11 08 04    72    17 10365    60    41 -9999     0 -9999
2022 11 08 05    72    17 10364    50    36 -9999     0 -9999
2022 11 08 06    72    28 10361    60    46     6     0 -9999
2022 11 08 07    78    28 10363    60    57 -9999     0 -9999
2022 11 08 08    78    17 10364    80    51 -9999     0 -9999
2022 11 08 09    78    11 10364    80    46 -9999     0 -9999
2022 11 08 10    72    11 10363    80    51     4     0 -9999
2022 11 08 11    72    11 10369    90    57     4     0 -9999
2022 11 08 12    67    11 10373    90    46     4     0 -9999
2022 11 08 13    67    11 10375    90    51     4     0 -9999
2022 11 08 14    78     6 10380    90    57 -9999     0 -9999
2022 11 08 15   100    11 10380   100    57 -9999     0 -9999
2022 11 08 16   100    11 10375   100    67     4     0 -9999
2022 11 08 17   106    17 10369   100    57     2     0 -9999
2022 11 08 18   111    17 10356   100    62     6     0 -9999
2022 11 08 19   117    22 10349    90    51 -9999     0 -9999
2022 11 08 20   111    17 10341   130    46 -9999     0 -9999
2022 11 08 21   117    22 10334    90    46 -9999     0 -9999
2022 11 08 22   111    28 10331    90    51 -9999     0 -9999
2022 11 08 23   106    33 10322    80    36 -9999     0 -9999
2022 11 09 00    94    33 10317   100    31     6     0 -9999
2022 11 09 01   106    33 10314   110    36     4     0 -9999
2022 11 09 02   100    28 10308   120    31     4     0 -9999
2022 11 09 03   106    28 10302   140    51 -9999     0 -9999
2022 11 09 04   100    22 10297   140    46     4     0 -9999
2022 11 09 05    94    22 10289   150    51 -9999     0 -9999
2022 11 09 06    94    22 10287   150    46     6     0 -9999
2022 11 09 07    83    22 10282   140    31 -9999     0 -9999
2022 11 09 08    83    22 10279   160    36 -9999     0 -9999
2022 11 09 09    89    22 10273   170    36 -9999     0 -9999
2022 11 09 10   100    17 10267   180    41 -9999     0 -9999
2022 11 09 11   106    17 10262   180    36 -9999     0 -9999
2022 11 09 12   111     6 10260   170    41     8     0 -9999
2022 11 09 13   117     0 10256   180    41 -9999     0 -9999
2022 11 09 14   122     6 10257   190    41 -9999     0 -9999
2022 11 09 15   122    11 10256   190    41 -9999     0 -9999
2022 11 09 16   139    17 10247   200    51 -9999     0 -9999
2022 11 09 17   167    28 10241   190    51 -9999     0 -9999
2022 11 09 18   172    33 10230   180    51     6     0 -9999
2022 11 09 19   183    56 10221   200    51 -9999     0 -9999
2022 11 09 20   200    67 10214   180    31     4     0 -9999
2022 11 09 21   206    78 10208   180    46     4     0 -9999
2022 11 09 22   206    78 10204   170    36     4     0 -9999
2022 11 09 23   189    72 10200   170    46     2     0 -9999
2022 11 10 00   183    78 10199   170    31     2     0 -9999
2022 11 10 01   178    83 10194   160    41     0     0 -9999
2022 11 10 02   183    89 10189   170    46     0     0 -9999
2022 11 10 03   189    89 10185   180    57     0     0 -9999
2022 11 10 04   194    72 10184   190    67     0     0 -9999
2022 11 10 05   189    61 10180   190    57     0     0 -9999
2022 11 10 06   189    44 10178   190    62     2     0 -9999
2022 11 10 07   183    44 10175   190    51     2     0 -9999
2022 11 10 08   172    50 10174   190    51     2     0 -9999
2022 11 10 09   172    61 10168   190    41     4     0 -9999
2022 11 10 10   167    72 10164   180    51 -9999     0 -9999
2022 11 10 11   167    89 10163   200    46     4     0 -9999
2022 11 10 12   172    94 10158   190    57     4     0 -9999
2022 11 10 13   167   100 10158   190    51 -9999     0 -9999
2022 11 10 14   183   106 10158   200    57     4     0 -9999
2022 11 10 15   189   106 10153   190    62     2     0 -9999
2022 11 10 16   206   106 10150   200    77     4     0 -9999
2022 11 10 17   222   100 10144   200    62     2     0 -9999
2022 11 10 18   228    89 10134   190    82     2     0 -9999
2022 11 10 19   239    89 10126   190    77     2     0 -9999
2022 11 10 20   239    72 10120   200    82     2     0 -9999
2022 11 10 21   239    56 10114   190    82     4     0 -9999
2022 11 10 22   233    44 10115   190    72     4     0 -9999
2022 11 10 23   217    50 10112   180    51     4     0 -9999
2022 11 11 00   206    56 10108   180    51     4     0 -9999
2022 11 11 01   189    67 10105   190    57 -9999     0 -9999
2022 11 11 02   183    72 10103   200    51     4     0 -9999
2022 11 11 03   178    78 10100   190    62     2     0 -9999
2022 11 11 04   167    83 10100   180    46     2     0 -9999
2022 11 11 05   161    89 10098   220    41     2     0 -9999
2022 11 11 06   161    89 10101   210    51     4     0 -9999
2022 11 11 07   150    83 10102   240    51     4     0 -9999
2022 11 11 08   133    89 10098   270    31     2     0 -9999
2022 11 11 09   117    78 10098   300    51     4     0 -9999
2022 11 11 10   100    56 10102   310    57     2     0 -9999
2022 11 11 11    94    50 10102   310    62     4     0 -9999
2022 11 11 12    89    50 10096   290    41     6     0 -9999
2022 11 11 13    78    39 10101   280    57 -9999     0 -9999
2022 11 11 14    72    33 10099   300    36 -9999     0 -9999
2022 11 11 15    61    22 10111   290    57 -9999     0 -9999
2022 11 11 16    67     6 10109   290    46 -9999     0 -9999
2022 11 11 17    67     6 10110   280    46 -9999     0 -9999
2022 11 11 18    67   -11 10108   280    57     2     0 -9999
2022 11 11 19    72   -22 10104   310    57     2     0 -9999
2022 11 11 20    67   -33 10102   290    57     4     0 -9999
2022 11 11 21    56   -39 10105   290    67     4     0 -9999
2022 11 11 22    50   -39 10110   290    62     2     0 -9999
2022 11 11 23    33   -44 10119   300    57     2     0 -9999
2022 11 12 00    22   -50 10127   290    72     2     0 -9999
2022 11 12 01    11   -56 10131   300    41     4     0 -9999
2022 11 12 02     6   -61 10138   310    67 -9999     0 -9999
2022 11 12 03     6   -67 10142   320    67 -9999     0 -9999
2022 11 12 04     6   -61 10143   330    62 -9999     0 -9999
2022 11 12 05     6   -61 10149   290    57 -9999     0 -9999
2022 11 12 06     0   -61 10147   330    51     8     0 -9999
2022 11 12 07     6   -61 10148   280    26 -9999     0 -9999
2022 11 12 08     6   -61 10152   260    21 -9999     0 -9999
2022 11 12 09     6   -61 10146   290    41 -9999     0 -9999
2022 11 12 10     6   -50 10143   300    62 -9999     0 -9999
2022 11 12 11     6   -50 10146   300    41 -9999     0 -9999
2022 11 12 12     6   -44 10149   290    36     8     0 -9999
2022 11 12 13     6   -39 10152   310    41 -9999     0 -9999
2022 11 12 14    11   -33 10157   290    41 -9999     0 -9999
2022 11 12 15    17   -33 10162   300    57 -9999     0 -9999
2022 11 12 16    22   -39 10163   290    67 -9999     0 -9999
2022 11 12 17    22   -44 10162   290    51 -9999     0 -9999
2022 11 12 18    17   -44 10161   300    51     8    -1    -1
2022 11 12 19    17   -44 10162   320    67 -9999     0 -9999
2022 11 12 20    17   -44 10167   310    57 -9999    -1 -9999
2022 11 12 21    17   -56 10171   290    36 -9999    -1 -9999
2022 11 12 22    17   -50 10179   290    36 -9999    -1 -9999
2022 11 12 23    17   -44 10185   270    41 -9999    -1 -9999
2022 11 13 00    11   -39 10192   280    31     8    -1    -1
2022 11 13 01    11   -33 10197   290    36 -9999     0 -9999
2022 11 13 02    11   -28 10200   290    51 -9999     0 -9999
2022 11 13 03     6   -33 10205   300    46 -9999     0 -9999
2022 11 13 04     6   -33 10207   290    51 -9999     0 -9999
2022 11 13 05     6   -33 10209   290    46 -9999     0 -9999
2022 11 13 06     6   -39 10213   300    46     6     0    -1
2022 11 13 07     6   -44 10217   310    46 -9999     0 -9999
2022 11 13 08     0   -44 10222   310    31 -9999     0 -9999
2022 11 13 09    -6   -56 10227   310    41 -9999     0 -9999
2022 11 13 10     0   -61 10232   320    62 -9999     0 -9999
2022 11 13 11    -6   -67 10238   320    62 -9999     0 -9999
2022 11 13 12   -11   -78 10247   320    51     6     0 -9999
2022 11 13 13   -17   -89 10256   320    36     2     0 -9999
2022 11 13 14    -6   -83 10263   320    41     2     0 -9999
2022 11 13 15     6   -83 10266   310    46     4     0 -9999
2022 11 13 16    11   -94 10269   300    51 -9999     0 -9999
2022 11 13 17    11   -94 10270   290    31 -9999     0 -9999
2022 11 13 18    17   -94 10267   280    31     6     0 -9999
2022 11 13 19    28   -94 10261   290    41 -9999     0 -9999
2022 11 13 20    28  -100 10261   280    46 -9999     0 -9999
2022 11 13 21    22  -100 10263   230    36     4     0 -9999
2022 11 13 22    22   -94 10266   310    31     4     0 -9999
2022 11 13 23    11   -94 10264   240    21 -9999     0 -9999
2022 11 14 00     6   -94 10268   260    26     6     0 -9999
2022 11 14 01     6   -89 10267     0     0 -9999     0 -9999
2022 11 14 02    -6   -89 10269   330    21 -9999     0 -9999
2022 11 14 03   -17   -94 10272   360    21 -9999     0 -9999
2022 11 14 04   -17   -89 10274   350    21 -9999     0 -9999
2022 11 14 05   -17   -89 10274   330    21 -9999     0 -9999
2022 11 14 06   -17   -83 10277     0     0     6     0 -9999
2022 11 14 07   -17   -83 10274     0     0 -9999     0 -9999
2022 11 14 08   -22   -78 10280     0     0 -9999     0 -9999
2022 11 14 09   -22   -78 10283     0     0 -9999     0 -9999
2022 11 14 10   -22   -72 10284   260    15 -9999     0 -9999
2022 11 14 11   -22   -78 10284     0     0 -9999     0 -9999
2022 11 14 12   -28   -72 10287     0     0     4     0 -9999
2022 11 14 13   -28   -78 10288     0     0 -9999     0 -9999
2022 11 14 14    -6   -72 10290     0     0 -9999     0 -9999
2022 11 14 15     6   -72 10295   190    21 -9999     0 -9999
2022 11 14 16    17   -78 10295   210    26 -9999     0 -9999
2022 11 14 17    33   -72 10285 -9999    21 -9999     0 -9999
2022 11 14 18    39   -72 10275   170    41     6     0 -9999
2022 11 14 19    50   -72 10267   140    36 -9999     0 -9999
2022 11 14 20    50   -78 10261   150    26 -9999     0 -9999
2022 11 14 21    50   -72 10258   150    46 -9999     0 -9999
2022 11 14 22    44   -72 10262   150    41 -9999     0 -9999
2022 11 14 23    33   -72 10262   120    36 -9999     0 -9999
2022 11 15 00    33   -67 10257   120    31     6     0 -9999
2022 11 15 01    28   -72 10255   130    26 -9999     0 -9999
2022 11 15 02    28   -61 10252   120    31 -9999     0 -9999
2022 11 15 03    28   -56 10262   160    36 -9999     0 -9999
2022 11 15 04    17   -61 10269   160    31 -9999     0 -9999
2022 11 15 05    22   -61 10269   150    36 -9999     0 -9999
2022 11 15 06    22   -56 10261   130    31     6     0 -9999
2022 11 15 07    28   -50 10256   100    31 -9999     0 -9999
2022 11 15 08    33   -50 10248    90    31 -9999     0 -9999
2022 11 15 09    33   -50 10249    90    31 -9999     0 -9999
2022 11 15 10    11   -17 10254   130    41 -9999     3 -9999
2022 11 15 11     6   -11 -9999   100    31 -9999    -1 -9999
2022 11 15 12     6   -11 10242    80    26     8     8    20
2022 11 15 13     6   -11 -9999   130    26 -9999    -1 -9999
2022 11 15 14    11    -6 10236    60    26 -9999     5 -9999
2022 11 15 15    11    -6 10235   120    31 -9999     8 -9999
2022 11 15 16    11    -6 10233   100    21 -9999     8 -9999
2022 11 15 17    11     0 10225   100    15 -9999     5 -9999
2022 11 15 18    17     0 10214     0     0     8     5    40
2022 11 15 19    22     0 10204   130    21 -9999     3 -9999
2022 11 15 20    28    -6 10200     0     0 -9999    -1 -9999
2022 11 15 21    33     0 10197     0     0 -9999    -1 -9999
2022 11 15 22    28     0 10200   280    21 -9999    -1 -9999
2022 11 15 23    22     0 10198   300    21 -9999     3 -9999
2022 11 16 00    17     0 10200   320    36     8    -1     5
2022 11 16 01    17     0 10200   280    26 -9999     3 -9999
2022 11 16 02    17     0 10198   280    21 -9999    -1 -9999
2022 11 16 03    11    -6 10199   280    26 -9999    -1 -9999
2022 11 16 04    17    -6 10196   270    36 -9999    -1 -9999
2022 11 16 05    11    -6 10196   270    51 -9999    -1 -9999
2022 11 16 06    11   -11 10196   280    31     8    -1     3
2022 11 16 07    11   -17 10195   250    46 -9999    -1 -9999
2022 11 16 08     6   -17 10198   270    46 -9999     0 -9999
2022 11 16 09    11   -17 10197   260    51 -9999     0 -9999
2022 11 16 10    11   -17 10196   240    26 -9999    -1 -9999
2022 11 16 11    11   -11 10196   240    36 -9999    -1 -9999
2022 11 16 12    11   -11 10195   250    31     8    -1    -1
2022 11 16 13     6   -11 10196   260    36 -9999    -1 -9999
2022 11 16 14    11   -11 10195   250    36 -9999    -1 -9999
2022 11 16 15    11   -11 10195   260    36 -9999    -1 -9999
2022 11 16 16    11   -11 10196   250    36 -9999    -1 -9999
2022 11 16 17    17    -6 -9999   260    36 -9999    -1 -9999
2022 11 16 18    17    -6 10186   280    31     8     3     5
2022 11 16 19    22     0 -9999   320    41 -9999    -1 -9999
2022 11 16 20    22    -6 10181   300    36 -9999    -1 -9999
2022 11 16 21    17    -6 10183   310    51 -9999    -1 -9999
2022 11 16 22    17   -17 10189   320    62 -9999    -1 -9999
2022 11 16 23    11   -17 10193   310    51 -9999    -1 -9999
2022 11 17 00    11   -22 10199   310    67     8    -1     5
2022 11 17 01    11   -28 10203   310    46 -9999     0 -9999
2022 11 17 02     6   -39 10202   300    41 -9999     0 -9999
2022 11 17 03     0   -33 10207   280    31 -9999     0 -9999
2022 11 17 04     0   -28 10208   290    26 -9999     0 -9999
2022 11 17 05     0   -28 10209   260    26 -9999     0 -9999
2022 11 17 06     0   -28 10210   260    36     8     0 -9999
2022 11 17 07     0   -28 10209   250    46 -9999     0 -9999
2022 11 17 08     0   -28 10208   250    46 -9999     0 -9999
2022 11 17 09     0   -33 10207   250    31 -9999     0 -9999
2022 11 17 10     0   -33 10204   250    51 -9999     0 -9999
2022 11 17 11    -6   -39 10206   240    57 -9999    -1 -9999
2022 11 17 12    -6   -39 10205   240    67     8    -1    -1
2022 11 17 13   -11   -44 10209   230    77 -9999    -1 -9999
2022 11 17 14   -17   -50 10209   240    67 -9999    -1 -9999
2022 11 17 15   -11   -61 10212   240    67 -9999    -1 -9999
2022 11 17 16   -17   -67 10206   220    62 -9999     0 -9999
2022 11 17 17    -6   -61 10207   230    88 -9999     0 -9999
2022 11 17 18     0   -56 10197   240    72     6     0    -1
2022 11 17 19     0   -44 -9999   240    62 -9999    -1 -9999
2022 11 17 20     6   -50 10184   250    57 -9999    -1 -9999
2022 11 17 21     0   -44 10186   250    72 -9999    -1 -9999
2022 11 17 22     0   -61 10187   250    82 -9999    -1 -9999
2022 11 17 23     0   -50 10184   230    62 -9999     0 -9999
2022 11 18 00     0   -44 10185   240    57     6     0    -1
2022 11 18 01     6   -56 10188   260    77 -9999     0 -9999
2022 11 18 02     0   -83 10192   270    93 -9999     0 -9999
2022 11 18 03    -6   -83 10195   270    62 -9999     0 -9999
2022 11 18 04   -11   -72 10195   260    67 -9999     0 -9999
2022 11 18 05   -11   -61 10192   260    51 -9999     0 -9999
2022 11 18 06   -11   -67 10192   260    57     6     0 -9999
2022 11 18 07   -17   -83 10192   270    46 -9999     0 -9999
2022 11 18 08   -22   -78 10192   280    77 -9999     0 -9999
2022 11 18 09   -22   -78 10191   280    46 -9999     0 -9999
2022 11 18 10   -22   -72 10192   270    57 -9999    -1 -9999
2022 11 18 11   -28   -83 10195   260    62 -9999     0 -9999
2022 11 18 12   -28   -78 10196   270    72     8     0    -1
2022 11 18 13   -33   -78 10199   260    67 -9999     0 -9999
2022 11 18 14   -33   -83 10206   270    67 -9999     0 -9999
2022 11 18 15   -33   -83 10211   260    93 -9999    -1 -9999
2022 11 18 16   -33  -100 10217   260    93 -9999    -1 -9999
2022 11 18 17   -28  -100 10221   270    77 -9999    -1 -9999
2022 11 18 18   -33  -100 10216   280    88     6    -1    -1
2022 11 18 19   -33  -111 10218   260    77 -9999    -1 -9999
2022 11 18 20   -33  -111 10216   260    67 -9999    -1 -9999
2022 11 18 21   -39  -100 10217   250    51 -9999    -1 -9999
2022 11 18 22   -44   -94 10221   260    72 -9999    -1 -9999
2022 11 18 23   -50   -89 -9999   240    67 -9999    -1 -9999
2022 11 19 00   -50  -106 10224   250    46     8    -1    -1
2022 11 19 01   -56  -106 10224   240    72 -9999    -1 -9999
2022 11 19 02   -56  -100 10224   240    77 -9999    -1 -9999
2022 11 19 03   -61  -106 10221   240    62 -9999    -1 -9999
2022 11 19 04   -61  -106 10216   240    57 -9999    -1 -9999
2022 11 19 05   -56  -117 10213   240    72 -9999     0 -9999
2022 11 19 06   -56  -106 10210   230    77     8    -1    -1
2022 11 19 07   -61  -100 10204   240    67 -9999    -1 -9999
2022 11 19 08   -61  -122 10201   240    67     4    -1 -9999
2022 11 19 09   -67  -133 10197   230    77     2     0 -9999
2022 11 19 10   -67  -128 10188   220    72     4     0 -9999
2022 11 19 11   -67  -122 10179   210    82 -9999     0 -9999
2022 11 19 12   -67  -122 10167   210    93     6     0     0
2022 11 19 13   -67  -128 10159   200    62 -9999     0 -9999
2022 11 19 14   -61  -122 10159   220    88 -9999     0 -9999
2022 11 19 15   -50  -122 10157   220    67 -9999     0 -9999
2022 11 19 16   -44  -106 10156   240    88 -9999    -1 -9999
2022 11 19 17   -39   -89 10155   240    51 -9999    -1 -9999
2022 11 19 18   -28  -106 10152   270    72     8    -1    -1
2022 11 19 19   -33   -83 10155   260    46 -9999    -1 -9999
2022 11 19 20   -33   -89 -9999   280    72 -9999    -1 -9999
2022 11 19 21   -33  -122 10169   270    98 -9999    -1 -9999
2022 11 19 22   -33  -144 10180   290    98 -9999    -1 -9999
2022 11 19 23   -44  -144 10194   280    67 -9999     0 -9999
2022 11 20 00   -50  -150 10207   290    62     4     0    -1
2022 11 20 01   -56  -144 10217   290    57     4     0 -9999
2022 11 20 02   -61  -144 10225   280    82     2     0 -9999
2022 11 20 03   -67  -139 10235   290    62     4     0 -9999
2022 11 20 04   -78  -139 10245   270    57     2     0 -9999
2022 11 20 05   -83  -144 10251   280    46     2     0 -9999
2022 11 20 06   -89  -144 10257   280    57     0     0 -9999
2022 11 20 07   -89  -144 10260   280    51     0     0 -9999
2022 11 20 08   -94  -144 10264   270    46     0     0 -9999
2022 11 20 09  -100  -150 10270   270    41     0     0 -9999
2022 11 20 10  -100  -150 10273   260    41     0     0 -9999
2022 11 20 11  -106  -150 10277   260    36     0     0 -9999
2022 11 20 12  -106  -150 10281   240    36     0     0 -9999
2022 11 20 13  -100  -150 10285   250    46     2     0 -9999
2022 11 20 14   -94  -144 10293   240    46     2     0 -9999
2022 11 20 15   -72  -144 10299   250    51     2     0 -9999
2022 11 20 16   -56  -144 10299   230    41 -9999     0 -9999
2022 11 20 17   -33  -150 10292   230    72     4     0 -9999
2022 11 20 18   -17  -133 10281   230    67     4     0 -9999
2022 11 20 19     0  -122 10268   230    41     4     0 -9999
2022 11 20 20     0  -117 10261   210    72     4     0 -9999
2022 11 20 21    11  -111 10250   200    62     4     0 -9999
2022 11 20 22    11  -111 10246   200    62 -9999     0 -9999
2022 11 20 23     6  -111 10238   190    57 -9999     0 -9999
2022 11 21 00     0  -111 10231   190    57     4     0 -9999
2022 11 21 01     0  -106 10227   190    67     4     0 -9999
2022 11 21 02     6  -111 10230   210    62     0     0 -9999
2022 11 21 03     0  -111 10229   200    77     0     0 -9999
2022 11 21 04    -6  -111 10227   210    72     0     0 -9999
2022 11 21 05   -11  -106 10222   210    88     0     0 -9999
2022 11 21 06   -11  -106 10214   210    72     0     0 -9999
2022 11 21 07    -6  -106 10206   210    77     0     0 -9999
2022 11 21 08    -6  -111 10200   210    67     0     0 -9999
2022 11 21 09     0  -106 10193   220    77     2     0 -9999
2022 11 21 10    -6  -106 10189   210    72     2     0 -9999
2022 11 21 11     0  -100 10185   220    77     4     0 -9999
2022 11 21 12     0  -100 10185   220    77     4     0 -9999
2022 11 21 13    -6   -94 10189   220    62 -9999     0 -9999
2022 11 21 14    -6   -89 10191   220    82     2     0 -9999
2022 11 21 15    17   -83 10195   230    62     2     0 -9999
2022 11 21 16    33   -78 10196   220    77     2     0 -9999
2022 11 21 17    50   -72 10197   240    62     2     0 -9999
2022 11 21 18    61   -67 10196   240    72     2     0 -9999
2022 11 21 19    72   -61 10192   250    51     2     0 -9999
2022 11 21 20    78   -72 10198   270    77     2     0 -9999
2022 11 21 21    78   -67 10204   250    57     2     0 -9999
2022 11 21 22    72   -72 10212   280    36     2     0 -9999
2022 11 21 23    61   -67 10224   270    21     2     0 -9999
2022 11 22 00    44   -61 10233   280    15     0     0 -9999
2022 11 22 01    33   -67 10240   330    31     0     0 -9999
2022 11 22 02    11   -72 10247    10    26     0     0 -9999
2022 11 22 03    11   -72 10250   360    15     0     0 -9999
2022 11 22 04    11   -67 10253   360    21     2     0 -9999
2022 11 22 05     6   -67 10254     0     0     2     0 -9999
2022 11 22 06     0   -67 10253     0     0     2     0 -9999
2022 11 22 07   -17   -67 10248     0     0     2     0 -9999
2022 11 22 08   -17   -67 10248     0     0     2     0 -9999
2022 11 22 09   -22   -67 10246     0     0     2     0 -9999
2022 11 22 10   -28   -72 10243     0     0     2     0 -9999
2022 11 22 11   -33   -72 10239     0     0     2     0 -9999
2022 11 22 12   -11   -61 10236   220    31     2     0 -9999
2022 11 22 13   -11   -61 10235   230    36     2     0 -9999
2022 11 22 14     0   -56 10235   210    26     2     0 -9999
2022 11 22 15    33   -56 10233   230    41     2     0 -9999
2022 11 22 16    61   -61 10231   230    62     2     0 -9999
2022 11 22 17    83   -61 10226   250    51     2     0 -9999
2022 11 22 18    94   -61 10219   250    57     4     0 -9999
2022 11 22 19   106   -67 10213   260    57     2     0 -9999
2022 11 22 20   111   -67 10211   250    51     4     0 -9999
2022 11 22 21   106   -72 10211   250    41 -9999     0 -9999
2022 11 22 22   100   -72 10211   240    41 -9999     0 -9999
2022 11 22 23    89   -67 10215   230    21     4     0 -9999
2022 11 23 00    72   -56 10215   210    21     2     0 -9999
2022 11 23 01    61   -50 10216   220    26     2     0 -9999
2022 11 23 02    56   -44 10214   210    31     0     0 -9999
2022 11 23 03    50   -44 10210   210    31     0     0 -9999
2022 11 23 04    44   -39 10207   200    26     0     0 -9999
2022 11 23 05    39   -39 10206   210    21     0     0 -9999
2022 11 23 06    28   -33 10206   200    26     0     0 -9999
2022 11 23 07    28   -28 10208   220    26     0     0 -9999
2022 11 23 08    28   -28 10204   220    26     0     0 -9999
2022 11 23 09    22   -28 10204   220    26     0     0 -9999
2022 11 23 10    17   -28 10203   220    26     0     0 -9999
2022 11 23 11    17   -28 10206   200    26     0     0 -9999
2022 11 23 12    17   -22 10207   210    26     0     0 -9999
2022 11 23 13    17   -28 10211   200    26     2     0 -9999
2022 11 23 14    28   -17 10216   200    15     2     0 -9999
2022 11 23 15    50    -6 10218   210    41     2     0 -9999
2022 11 23 16    72     6 10220   230    26     2     0 -9999
2022 11 23 17   100    17 10215   200    36     2     0 -9999
2022 11 23 18   122    28 10207   210    36     2     0 -9999
2022 11 23 19   133    33 10201   210    51     2     0 -9999
2022 11 23 20   144    33 10197   210    57     2     0 -9999
2022 11 23 21   144    44 10195   200    57     4     0 -9999
2022 11 23 22   133    33 10198   210    26 -9999     0 -9999
2022 11 23 23   122    33 10202   190    21 -9999     0 -9999
2022 11 24 00   106    33 10202   160    21     6     0 -9999
2022 11 24 01    94    33 10207   180    26 -9999     0 -9999
2022 11 24 02    89    33 10210   190    26 -9999     0 -9999
2022 11 24 03    83    33 10214   170    21 -9999     0 -9999
2022 11 24 04    83    28 10213   170    31 -9999     0 -9999
2022 11 24 05    78    22 10214   170    26 -9999     0 -9999
2022 11 24 06    78    17 10212   190    26     8     0 -9999
2022 11 24 07    61    11 10211   170    31 -9999     0 -9999
2022 11 24 08    56     6 10210   160    15     4     0 -9999
2022 11 24 09    39    -6 10209   160    26     4     0 -9999
2022 11 24 10    33   -11 10208   160    15     4     0 -9999
2022 11 24 11    28    -6 10208   160    15     2     0 -9999
2022 11 24 12    28    -6 10209   150    21     2     0 -9999
2022 11 24 13    28    -6 10211   190    21     4     0 -9999
2022 11 24 14    33     0 10210   160    26 -9999     0 -9999
2022 11 24 15    56     6 10208   180    31 -9999     0 -9999
2022 11 24 16    72    11 10205   180    26 -9999    -1 -9999
2022 11 24 17   100     6 10201   220    41 -9999     0 -9999
2022 11 24 18   106     6 10188   210    51     6     0     0
2022 11 24 19   117    50 10179   230    62 -9999     0 -9999
2022 11 24 20   117    50 10173   220    51 -9999     0 -9999
2022 11 24 21   111    50 10175   240    36 -9999     0 -9999
2022 11 24 22   106    50 10173   230    46 -9999     0 -9999
2022 11 24 23    94    39 10176   200    36 -9999     0 -9999
2022 11 25 00    78    39 10175   220    31     6     0 -9999
2022 11 25 01    78    44 10176   210    46 -9999     0 -9999
2022 11 25 02    83    56 10176   230    41 -9999     0 -9999
2022 11 25 03    89    56 10177   240    36 -9999     0 -9999
2022 11 25 04    83    56 10179   260    36     4     0 -9999
2022 11 25 05    83    44 10178   300    41     0     0 -9999
2022 11 25 06    67    33 10186   310    72     2     0 -9999
2022 11 25 07    56    22 10193   320    46     2     0 -9999
2022 11 25 08    39    11 10203   310    21     0     0 -9999
2022 11 25 09    33     6 10206   310    46     2     0 -9999
2022 11 25 10    33     6 10209   300    36     4     0 -9999
2022 11 25 11    22    -6 10215   280    21     2     0 -9999
2022 11 25 12    17   -11 10224   230    21     0     0 -9999
2022 11 25 13    11   -17 10231   250    26     0     0 -9999
2022 11 25 14    11    -6 10235   240    26     0     0 -9999
2022 11 25 15    33     0 10233   260    36     0     0 -9999
2022 11 25 16    56     0 10237   260    36     0     0 -9999
2022 11 25 17    78    -6 10235   260    41     0     0 -9999
2022 11 25 18    89    -6 10230   240    36     0     0 -9999
2022 11 25 19   100   -22 10222   250    41     0     0 -9999
2022 11 25 20   111   -28 10218   260    36     0     0 -9999
2022 11 25 21   111   -33 10217   260    36     0     0 -9999
2022 11 25 22   100   -33 10220   260    36     0     0 -9999
2022 11 25 23    89   -28 10220   250    21     0     0 -9999
2022 11 26 00    72   -28 10220   240    26     0     0 -9999
2022 11 26 01    67   -22 10219   230    36     0     0 -9999
2022 11 26 02    61   -17 10221   240    36     0     0 -9999
2022 11 26 03    50   -17 10215   240    31     2     0 -9999
2022 11 26 04    44   -17 10216   250    31     2     0 -9999
2022 11 26 05    44   -22 10216   240    21     2     0 -9999
2022 11 26 06    39   -22 10210   250    26     2     0 -9999
2022 11 26 07    33   -28 10201   230    21     2     0 -9999
2022 11 26 08    33   -33 10201   210    15     0     0 -9999
2022 11 26 09    22   -33 10197   200    26     0     0 -9999
2022 11 26 10    17   -33 10192   200    26     0     0 -9999
2022 11 26 11    22   -33 10194   220    46     0     0 -9999
2022 11 26 12    17   -33 10192   220    31     0     0 -9999
2022 11 26 13    17   -33 10190   210    41     2     0 -9999
2022 11 26 14    22   -33 10186   220    31     2     0 -9999
2022 11 26 15    50   -28 10182   220    46     2     0 -9999
2022 11 26 16    78   -28 10178   220    51     2     0 -9999
2022 11 26 17   100   -28 10162   230    67     2     0 -9999
2022 11 26 18   111   -39 10153   210    72     2     0 -9999
2022 11 26 19   122   -56 10139   220    88     2     0 -9999
2022 11 26 20   128   -61 10130   210    67     4     0 -9999
2022 11 26 21   128   -67 10125   220    82     4     0 -9999
2022 11 26 22   122   -56 10120   210    41     4     0 -9999
2022 11 26 23   106   -56 10116   200    31 -9999     0 -9999
2022 11 27 00    94   -50 10113   180    31     6     0 -9999
2022 11 27 01    83   -44 10105   180    26 -9999     0 -9999
2022 11 27 02    83   -22 10098   190    46 -9999     0 -9999
2022 11 27 03    83     0 10091   190    26 -9999     0 -9999
2022 11 27 04    78     6 10084   180    26 -9999     0 -9999
2022 11 27 05    72    17 10069   190    21 -9999     0 -9999
2022 11 27 06    67    17 10058   170    15     8     0 -9999
2022 11 27 07    61    17 10042   130    15 -9999     0 -9999
2022 11 27 08    67    22 10030    60    21 -9999     0 -9999
2022 11 27 09    61    22 10022    20    21 -9999     0 -9999
2022 11 27 10    61    28 10019   150    26 -9999    -1 -9999
2022 11 27 11    56    33 -9999   350    26 -9999     2 -9999
2022 11 27 12    61    39  9997    30    51     8    -1    60
2022 11 27 13    61    22  9983    50    62 -9999     3 -9999
2022 11 27 14    67    28  9972    40    77 -9999    -1 -9999
2022 11 27 15    67    28  9981    40    46 -9999    -1 -9999
2022 11 27 16    67    39  9973    40    51 -9999     5 -9999
2022 11 27 17    67    39  9986   340    26 -9999     0 -9999
2022 11 27 18    72    44  9992   350    67     8     0    10
2022 11 27 19    83    39  9995   350    93 -9999     0 -9999
2022 11 27 20    67    33 10009   340    82 -9999    -1 -9999
2022 11 27 21    56    22 10021   350    67 -9999     0 -9999
2022 11 27 22    56    22 10041   350    82 -9999     0 -9999
2022 11 27 23    56    22 10057   330    62 -9999     0 -9999
2022 11 28 00    50    17 10066   340    51     8     0     0
2022 11 28 01    50    11 10079   340    51 -9999     0 -9999
2022 11 28 02    44    -6 10089   330    46 -9999     0 -9999
2022 11 28 03    33   -11 10096   310    31 -9999     0 -9999
2022 11 28 04    33   -11 10101   310    26 -9999     0 -9999
2022 11 28 05    28   -17 10105   300    31 -9999     0 -9999
2022 11 28 06    17   -17 10108   280    15     6     0 -9999
2022 11 28 07    11   -17 10110   270    15 -9999     0 -9999
2022 11 28 08     0   -22 10116     0     0 -9999     0 -9999
2022 11 28 09    -6   -33 10120   280    15     4     0 -9999
2022 11 28 10    -6   -28 10124   270    15     4     0 -9999
2022 11 28 11   -11   -33 10128   240    15     4     0 -9999
2022 11 28 12   -11   -39 10133     0     0     4     0 -9999
2022 11 28 13   -11   -39 10140     0     0     4     0 -9999
2022 11 28 14    -6   -28 10142     0     0 -9999     0 -9999
2022 11 28 15    22     0 10144   160    15     2     0 -9999
2022 11 28 16    56     0 10150   170    26     4     0 -9999
2022 11 28 17    61    -6 10143   190    36     2     0 -9999
2022 11 28 18    72    -6 10135   200    41     4     0 -9999
2022 11 28 19    78   -17 10131   190    51 -9999     0 -9999
2022 11 28 20    67   -11 10128   180    62 -9999     0 -9999
2022 11 28 21    61    -6 10135   220    51 -9999     0 -9999
2022 11 28 22    61    -6 10129   170    36 -9999     0 -9999
2022 11 28 23    61     6 10129   180    46 -9999     0 -9999
2022 11 29 00    61    11 10130   170    46     8     0 -9999
2022 11 29 01    61    17 10128   170    36 -9999     0 -9999
2022 11 29 02    61    22 10134   170    51 -9999     0 -9999
2022 11 29 03    56    22 10136   180    46 -9999     0 -9999
2022 11 29 04    50    22 10132   180    36 -9999     0 -9999
2022 11 29 05    44    22 10132   170    31 -9999     0 -9999
2022 11 29 06    44    22 10131   180    41     8     0 -9999
2022 11 29 07    44    17 10127   180    41 -9999     0 -9999
2022 11 29 08    39    17 10129   170    36 -9999     0 -9999
2022 11 29 09    44    22 10124   170    46 -9999     0 -9999
2022 11 29 10    44    22 10123   170    26 -9999     0 -9999
2022 11 29 11    50    28 10114   160    41 -9999     0 -9999
2022 11 29 12    56    33 10104   150    57     8     0 -9999
2022 11 29 13    61    39 10097   150    57 -9999     0 -9999
2022 11 29 14    67    39 10086   150    57 -9999     0 -9999
2022 11 29 15    78    50 10078   140    67 -9999     0 -9999
2022 11 29 16    94    56 10063   150    72 -9999     0 -9999
2022 11 29 17   117    67 10040   160    93 -9999     0 -9999
2022 11 29 18   139    67 10012   160    88     4     0 -9999
2022 11 29 19   139    72  9999   170    88 -9999     0 -9999
2022 11 29 20   139    78  9990   180    93 -9999     0 -9999
2022 11 29 21   144    83  9990   190    98 -9999     0 -9999
2022 11 29 22   144    89  9992   190    82 -9999     0 -9999
2022 11 29 23   144   100  9988   180    72 -9999     0 -9999
2022 11 30 00   144   106  9978   180    67     8     0 -9999
2022 11 30 01   144   111  9971   190    82 -9999    -1 -9999
2022 11 30 02   139   111  9971   210    93 -9999     8 -9999
2022 11 30 03   106    50  9983   250    57 -9999     0 -9999
2022 11 30 04    72    33 10000   260    82 -9999     0 -9999
2022 11 30 05    28     0 10024   280    82 -9999     0 -9999
2022 11 30 06    11   -28 10039   270    82     8     0     8
2022 11 30 07     6   -44 10052   270    93 -9999     0 -9999
2022 11 30 08   -17   -61 10066   260    72 -9999     0 -9999
2022 11 30 09   -28   -83 10080   270    67 -9999     0 -9999
2022 11 30 10   -33   -94 10095   270    72 -9999     0 -9999
2022 11 30 11   -39   -94 10107   270    72 -9999     0 -9999
2022 11 30 12   -39  -100 10120   270    88     4     0 -9999
2022 11 30 13   -39   -89 10131   250    77 -9999     0 -9999
2022 11 30 14   -44  -100 10138   260    72     4     0 -9999
2022 11 30 15   -39  -100 10149   260    93 -9999     0 -9999
2022 11 30 16   -33  -100 10159   270    67 -9999     0 -9999
2022 11 30 17   -39  -100 10165   260    88 -9999     0 -9999
2022 11 30 18   -33  -100 10168   250    72     8     0 -9999
2022 11 30 19   -28  -106 10175   270    88 -9999     0 -9999
2022 11 30 20   -22  -106 10183   260    88 -9999     0 -9999
2022 11 30 21   -17  -111 10191   270    82     4     0 -9999
2022 11 30 22   -22  -111 10205   270    82     4     0 -9999
2022 11 30 23   -33  -111 10217   270    98     2     0 -9999
2022 12 01 00   -39  -111 10228   270    82     2     0 -9999
2022 12 01 01   -44  -111 10236   270   103     0     0 -9999
2022 12 01 02   -44  -117 10243   270    98     0     0 -9999
2022 12 01 03   -50  -122 10251   270    77     0     0 -9999
2022 12 01 04   -56  -117 10263   280    62     0     0 -9999
2022 12 01 05   -61  -122 10272   280    62     0     0 -9999
2022 12 01 06   -67  -122 10280   260    41     0     0 -9999
2022 12 01 07   -67  -122 10288   270    46     0     0 -9999
2022 12 01 08   -72  -117 10295   250    41     0     0 -9999
2022 12 01 09   -72  -117 10300   260    36     2     0 -9999
2022 12 01 10   -72  -117 10306   270    31     2     0 -9999
2022 12 01 11   -78  -117 10313   250    31     2     0 -9999
2022 12 01 12   -78  -117 10319   260    31     4     0 -9999
2022 12 01 13   -78  -117 10323   240    21 -9999     0 -9999
2022 12 01 14   -72  -111 10329   240    36 -9999     0 -9999
2022 12 01 15   -61  -111 10332   250    31 -9999     0 -9999
2022 12 01 16   -44  -106 10331   210    31     4     0 -9999
2022 12 01 17   -22  -106 10317   160    36     4     0 -9999
2022 12 01 18    -6  -100 10311   190    36     4     0 -9999
2022 12 01 19     6  -100 10301   180    51     2     0 -9999
2022 12 01 20    22  -106 10292   200    36     2     0 -9999
2022 12 01 21    22  -100 10284   170    46     4     0 -9999
2022 12 01 22    11  -100 10277   170    51     4     0 -9999
2022 12 01 23     6   -94 10270   170    51 -9999     0 -9999
2022 12 02 00     6   -83 10269   170    46     8     0 -9999
2022 12 02 01     6   -83 10250   160    77 -9999     0 -9999
2022 12 02 02    11   -89 10244   180    72 -9999     0 -9999
2022 12 02 03    11   -89 10236   190    62 -9999     0 -9999
2022 12 02 04    17   -94 10229   180    67 -9999     0 -9999
2022 12 02 05    22   -89 10226   190    62 -9999     0 -9999
2022 12 02 06    22   -78 10212   180    72     8     0 -9999
2022 12 02 07    22   -72 10208   200    67 -9999     0 -9999
2022 12 02 08    28   -72 10202   190    62 -9999     0 -9999
2022 12 02 09    33   -67 10196   190    67 -9999     0 -9999
2022 12 02 10    33   -67 10187   190    67 -9999     0 -9999
2022 12 02 11    33   -61 10176   190    51 -9999     0 -9999
2022 12 02 12    33   -61 10171   180    67     8     0 -9999
2022 12 02 13    39   -56 10164   190    72 -9999     0 -9999
2022 12 02 14    39   -50 10155   180    67 -9999     0 -9999
2022 12 02 15    44   -39 10145   180    57 -9999     0 -9999
2022 12 02 16    56   -39 10137   190    77 -9999     0 -9999
2022 12 02 17    72   -39 10119   200    88 -9999     0 -9999
2022 12 02 18    89   -28 10107   190    88     6     0 -9999
2022 12 02 19    83   -17 10090   200    93 -9999     0 -9999
2022 12 02 20    89   -17 10076   190    62 -9999     0 -9999
2022 12 02 21   106     0 10057   190    98 -9999     0 -9999
2022 12 02 22   106     6 10054   190    93 -9999     0 -9999
2022 12 02 23   111    17 10051   200   103 -9999     0 -9999
2022 12 03 00   117    28 10056   200    82     8     0 -9999
2022 12 03 01   111    39 10055   210    62 -9999     0 -9999
2022 12 03 02   111    56 10055   210    93 -9999     0 -9999
2022 12 03 03   111    61 10058   210    88 -9999     0 -9999
2022 12 03 04   100    67 10064   220    62 -9999    -1 -9999
2022 12 03 05   100    67 10064   210    67 -9999     0 -9999
2022 12 03 06   100    72 10068   230    72     8    -1    -1
2022 12 03 07   106    78 10067   230    72 -9999    -1 -9999
2022 12 03 08    83    17 10096   270    93 -9999     0 -9999
2022 12 03 09    22   -17 -9999   270   118 -9999    -1 -9999
2022 12 03 10    -6   -61 10151   280   108 -9999    -1 -9999
2022 12 03 11   -28   -83 10175   280    62     2     0 -9999
2022 12 03 12   -39   -94 10203   270    93     0     0    -1
2022 12 03 13   -50  -106 10225   270    62     2     0 -9999
2022 12 03 14   -50  -106 10243   270    72     2     0 -9999
2022 12 03 15   -50  -111 10263   290    72     2     0 -9999
2022 12 03 16   -39  -111 10275   280    72     0     0 -9999
2022 12 03 17   -28  -117 10281   290    57     0     0 -9999
2022 12 03 18   -17  -122 10286   280    51     0     0 -9999
2022 12 03 19   -11  -122 10289   270    57     0     0 -9999
2022 12 03 20     0  -128 10290   270    57     0     0 -9999
2022 12 03 21    -6  -133 10292   260    57     2     0 -9999
2022 12 03 22   -11  -139 10296   280    36     4     0 -9999
2022 12 03 23   -22  -139 10303   270    41     2     0 -9999
2022 12 04 00   -28  -133 10309   270    36     2     0 -9999
2022 12 04 01   -33  -133 10317   280    31     2     0 -9999
2022 12 04 02   -44  -133 10313   260    41     0     0 -9999
2022 12 04 03   -50  -133 10311   260    36     0     0 -9999
2022 12 04 04   -56  -133 10303   260    46     0     0 -9999
2022 12 04 05   -61  -133 10302   270    36     0     0 -9999
2022 12 04 06   -61  -133 10296   260    41     0     0 -9999
2022 12 04 07   -67  -133 10289   250    31     0     0 -9999
2022 12 04 08   -67  -133 10281   220    15     0     0 -9999
2022 12 04 09   -72  -133 10272   210    31     0     0 -9999
2022 12 04 10   -67  -128 10264   220    36     0     0 -9999
2022 12 04 11   -67  -133 10255   210    51     0     0 -9999
2022 12 04 12   -67  -128 10250   220    41     0     0 -9999
2022 12 04 13   -61  -128 10250   220    41     2     0 -9999
2022 12 04 14   -56  -122 10251   230    57     0     0 -9999
2022 12 04 15   -33  -117 10240   230    72     0     0 -9999
2022 12 04 16    -6  -117 10238   260    57     0     0 -9999
2022 12 04 17     6  -106 10231   240    67     0     0 -9999
2022 12 04 18    17  -100 10214   230    62     0     0 -9999
2022 12 04 19    28  -106 10205   240    51     0     0 -9999
2022 12 04 20    39  -106 10199   240    62     0     0 -9999
2022 12 04 21    44  -100 10192   240    46     2     0 -9999
2022 12 04 22    39  -100 10187   230    46     2     0 -9999
2022 12 04 23    28   -94 10181   200    51     2     0 -9999
2022 12 05 00    22   -94 10176   200    46     0     0 -9999
2022 12 05 01    17   -94 10175   210    41     0     0 -9999
2022 12 05 02    17   -83 10170   210    51     2     0 -9999
2022 12 05 03    11   -78 10168   210    57     2     0 -9999
2022 12 05 04     6   -78 10163   210    57     0     0 -9999
2022 12 05 05     6   -72 10159   220    57     2     0 -9999
2022 12 05 06     0   -72 10154   220    62     2     0 -9999
2022 12 05 07    -6   -72 10146   230    41     2     0 -9999
2022 12 05 08   -11   -72 10148   210    41     4     0 -9999
2022 12 05 09   -11   -72 10142   210    57 -9999     0 -9999
2022 12 05 10    -6   -67 10135   200    36 -9999     0 -9999
2022 12 05 11   -11   -67 10128   190    41 -9999     0 -9999
2022 12 05 12   -11   -67 10130   210    36     6     0 -9999
2022 12 05 13   -11   -61 10124   200    36 -9999     0 -9999
2022 12 05 14    -6   -61 10128   200    31 -9999     0 -9999
2022 12 05 15     0   -61 10128   200    36 -9999     0 -9999
2022 12 05 16    17   -56 10133   200    41 -9999     0 -9999
2022 12 05 17    33   -50 10119   200    41 -9999     0 -9999
2022 12 05 18    56   -44 10112   200    21     8     0 -9999
2022 12 05 19    61   -33 10108   210    46 -9999     0 -9999
2022 12 05 20    61   -28 10105   200    36 -9999     0 -9999
2022 12 05 21    61   -22 10103   170    31 -9999     0 -9999
2022 12 05 22    61   -17 10104   170    41 -9999     0 -9999
2022 12 05 23    56   -17 10109   170    26 -9999     0 -9999
2022 12 06 00    61   -11 10115   190    31     8     0 -9999
2022 12 06 01    61   -11 10120   200    21 -9999     0 -9999
2022 12 06 02    50   -11 10125   170    21 -9999     0 -9999
2022 12 06 03    56    -6 10127   190    15 -9999     0 -9999
2022 12 06 04    50     6 10132   200    15 -9999     0 -9999
2022 12 06 05    44    11 10130   230    26 -9999     0 -9999
2022 12 06 06    44    11 10138   290    21     8     0 -9999
2022 12 06 07    39     0 10148   350    41 -9999     0 -9999
2022 12 06 08    39     0 10139   120    26 -9999     0 -9999
2022 12 06 09    33    -6 10148   360    26 -9999     0 -9999
2022 12 06 10    28    -6 10144   350    31 -9999     0 -9999
2022 12 06 11    28    -6 10143    20    36 -9999     0 -9999
2022 12 06 12    28    -6 10152    20    21     8     0 -9999
2022 12 06 13    39     6 10157    20    41 -9999     0 -9999
2022 12 06 14    44     6 10164    20    31 -9999     0 -9999
2022 12 06 15    50    11 10171   360    36 -9999     0 -9999
2022 12 06 16    56    17 10175    40    46 -9999     0 -9999
2022 12 06 17    61    17 10166    70    41 -9999     0 -9999
2022 12 06 18    61    22 10164    50    26     8     0 -9999
2022 12 06 19    61    22 10161    40    26 -9999     0 -9999
2022 12 06 20    61    22 10163    20    41 -9999     0 -9999
2022 12 06 21    56    22 10164    30    36 -9999     0 -9999
2022 12 06 22    56    22 10163    30    46 -9999     0 -9999
2022 12 06 23    56    28 10166    80    36 -9999     0 -9999
2022 12 07 00    61    28 10170    60    21     8     0 -9999
2022 12 07 01    61    28 10171    80    21 -9999     0 -9999
2022 12 07 02    50    17 10177     0     0 -9999     0 -9999
2022 12 07 03    39    11 10180     0     0 -9999     0 -9999
2022 12 07 04    28     6 10185   330    15     4     0 -9999
2022 12 07 05    33    11 -9999   350    21 -9999     0 -9999
2022 12 07 06    33    17 10194   340    15     8     0 -9999
2022 12 07 07    17     0 10195     0     0 -9999     0 -9999
2022 12 07 08    33    17 10200   340    31 -9999     0 -9999
2022 12 07 09    33    17 10207   300    31 -9999     0 -9999
2022 12 07 10    33    17 10205   280    21 -9999     0 -9999
2022 12 07 11    33    17 10213   270    15 -9999     0 -9999
2022 12 07 12    33    22 10218   290    15     8     0 -9999
2022 12 07 13    28    17 10227   280    26     9     0 -9999
2022 12 07 14    28    17 10233   260    15     9     0 -9999
2022 12 07 15    33    28 10240   260    21 -9999     0 -9999
2022 12 07 16    39    33 10241     0     0 -9999     0 -9999
2022 12 07 17    50    28 10246   280    21 -9999     0 -9999
2022 12 07 18    56    28 10247   290    31     8     0 -9999
2022 12 07 19    61    22 10250   220    26 -9999     0 -9999
2022 12 07 20    61    17 10251   270    26 -9999     0 -9999
2022 12 07 21    56    17 10257   290    46 -9999     0 -9999
2022 12 07 22    50    11 10261   330    31 -9999     0 -9999
2022 12 07 23    44     0 10268    50    15 -9999     0 -9999
2022 12 08 00    50     0 10274 -9999    15     6     0 -9999
2022 12 08 01    44     0 10283     0     0 -9999     0 -9999
2022 12 08 02    39     6 10287    10    26 -9999     0 -9999
2022 12 08 03    39     6 10290    10    62 -9999     0 -9999
2022 12 08 04    22   -17 10294    10    51 -9999     0 -9999
2022 12 08 05    22   -17 10293    10    41 -9999     0 -9999
2022 12 08 06    17   -22 10292    20    41     8     0 -9999
2022 12 08 07    -6   -33 10291   360    31 -9999     0 -9999
2022 12 08 08    -6   -39 10294   360    21 -9999     0 -9999
2022 12 08 09     0   -33 10295    20    21 -9999     0 -9999
2022 12 08 10     0   -39 10287     0     0 -9999     0 -9999
2022 12 08 11    -6   -33 10289   360    15 -9999     0 -9999
2022 12 08 12     6   -22 10293   330    15     8     0 -9999
2022 12 08 13    11   -17 10288   350    31 -9999     0 -9999
2022 12 08 14    39    -6 10294    70    36 -9999     0 -9999
2022 12 08 15    39   -11 10289    60    51 -9999     0 -9999
2022 12 08 16    44   -11 10297    90    41 -9999     0 -9999
2022 12 08 17    44   -17 10291    80    36 -9999     0 -9999
2022 12 08 18    50   -22 10280    40    41     6     0 -9999
2022 12 08 19    44   -22 10275    60    41 -9999     0 -9999
2022 12 08 20    44   -22 10274    70    51 -9999     0 -9999
2022 12 08 21    33   -22 10275    60    46 -9999     0 -9999
2022 12 08 22    33   -22 10279    60    51 -9999     0 -9999
2022 12 08 23    28   -22 10279    50    46 -9999     0 -9999
2022 12 09 00    22   -22 10276    60    62     6     0 -9999
2022 12 09 01    22   -22 10275    60    46 -9999     0 -9999
2022 12 09 02    22   -22 10271    50    51 -9999     0 -9999
2022 12 09 03    22   -17 10267    70    36     4     0 -9999
2022 12 09 04    28   -11 10262    60    51 -9999     0 -9999
2022 12 09 05    33    -6 10260    80    51 -9999     0 -9999
2022 12 09 06    28    -6 10254    70    46     4     0 -9999
2022 12 09 07    28    -6 10251    80    46     4     0 -9999
2022 12 09 08    28    -6 10246    80    46 -9999     0 -9999
2022 12 09 09    33     0 10242   100    46 -9999     0 -9999
2022 12 09 10    33     0 10232    90    57 -9999     0 -9999
2022 12 09 11    33     0 10228    90    72 -9999     0 -9999
2022 12 09 12    28     0 10224    90    57     8     3     3
2022 12 09 13    22    -6 -9999    90    36 -9999     2 -9999
2022 12 09 14    11    -6 10220    80    51 -9999    25 -9999
2022 12 09 15    17    -6 10221    90    51 -9999    23 -9999
2022 12 09 16    22     0 10215    90    62 -9999    18 -9999
2022 12 09 17    22     0 -9999    90    46 -9999    -1 -9999
2022 12 09 18    22     0 10214    90    46     8     8   100
2022 12 09 19    28     6 10207    90    46 -9999     3 -9999
2022 12 09 20    28    11 10206    80    51 -9999    -1 -9999
2022 12 09 21    28    11 10213    70    57 -9999     3 -9999
2022 12 09 22    28    11 10219    70    51 -9999     3 -9999
2022 12 09 23    28    11 -9999    80    46 -9999    -1 -9999
2022 12 10 00    33    11 10224    80    51     8    -1    10
2022 12 10 01    33    11 10228    90    46 -9999     0 -9999
2022 12 10 02    33    11 10234    90    51 -9999    -1 -9999
2022 12 10 03    33    11 10234    90    57 -9999    -1 -9999
2022 12 10 04    33    11 10238    80    41 -9999    -1 -9999
2022 12 10 05    28    11 10240    90    41 -9999    -1 -9999
2022 12 10 06    28    11 10237   100    36     8    -1    -1
2022 12 10 07    33    11 10237   100    36 -9999    -1 -9999
2022 12 10 08    33    11 10237    80    26 -9999     0 -9999
2022 12 10 09    33    11 10235    90    41 -9999     0 -9999
2022 12 10 10    33    11 10236   100    26 -9999     0 -9999
2022 12 10 11    33    11 10234   110    21 -9999     0 -9999
2022 12 10 12    33    11 10237   140    21     8     0    -1
2022 12 10 13    33    11 10233   120    31 -9999     0 -9999
2022 12 10 14    33     6 10232   110    36 -9999     0 -9999
2022 12 10 15    33    11 10228   110    46 -9999     0 -9999
2022 12 10 16    33    11 10233   130    31 -9999     0 -9999
2022 12 10 17    33    11 10230   140    21 -9999    -1 -9999
2022 12 10 18    33    17 10216   120    26     8    -1    -1
2022 12 10 19    39    17 10211   120    15 -9999    -1 -9999
2022 12 10 20    39    17 10204   120    21 -9999     0 -9999
2022 12 10 21    44    17 10204   110    26 -9999     0 -9999
2022 12 10 22    39    17 10208   110    21 -9999     0 -9999
2022 12 10 23    39    17 10211   130    15 -9999    -1 -9999
2022 12 11 00    39    17 10210   190    21     8    -1    -1
2022 12 11 01    39    22 -9999     0     0 -9999    -1 -9999
2022 12 11 02    39    22 10211     0     0 -9999    -1 -9999
2022 12 11 03    39    22 10209   240    15 -9999     0 -9999
2022 12 11 04    39    22 10208   240    21 -9999     0 -9999
2022 12 11 05    39    22 -9999   260    31 -9999     0 -9999
2022 12 11 06    39    22 10209   270    31     8     0     5
2022 12 11 07    33    17 10210   280    26 -9999    -1 -9999
2022 12 11 08    33    11 10214   300    26 -9999     0 -9999
2022 12 11 09    33    11 10218   280    21 -9999     0 -9999
2022 12 11 10    33    11 10219   300    21 -9999     0 -9999
2022 12 11 11    33    11 10220   320    21 -9999     0 -9999
2022 12 11 12    28     6 10227   320    31     8     0     0
2022 12 11 13    28     6 10229   310    31 -9999     0 -9999
2022 12 11 14    28   -17 10235   290    21 -9999     0 -9999
2022 12 11 15    22     0 10239   290    26 -9999     0 -9999
2022 12 11 16    28     0 10239   300    26 -9999     0 -9999
2022 12 11 17    28     0 10240   290    31 -9999     0 -9999
2022 12 11 18    33    -6 10239   320    26     8     0 -9999
2022 12 11 19    39   -17 10238   300    26 -9999     0 -9999
2022 12 11 20    39   -17 10234   290    31 -9999     0 -9999
2022 12 11 21    44   -17 10231   350    15 -9999     0 -9999
2022 12 11 22    39   -11 10234    10    15 -9999     0 -9999
2022 12 11 23    39   -11 10238    20    21 -9999     0 -9999
2022 12 12 00    33    -6 10239   360    26     8     0 -9999
2022 12 12 01    33    -6 10242   360    26 -9999     0 -9999
2022 12 12 02    33     0 10244   350    31 -9999     0 -9999
2022 12 12 03    33     0 10245   350    26 -9999     0 -9999
2022 12 12 04    33     0 10246   350    21 -9999     0 -9999
2022 12 12 05    33     0 10248   340    15 -9999     0 -9999
2022 12 12 06    28     0 10249   350    15     8     0 -9999
2022 12 12 07    33     0 10253   350    15 -9999     0 -9999
2022 12 12 08    28     0 10256   330    26 -9999     0 -9999
2022 12 12 09    28     6 10258   340    15 -9999     0 -9999
2022 12 12 10    22     6 10257   350    31 -9999     0 -9999
2022 12 12 11    22     0 10257   340    15 -9999     0 -9999
2022 12 12 12    22     0 10257   350    15     8     0 -9999
2022 12 12 13    22     0 10258     0     0 -9999     0 -9999
2022 12 12 14    28    11 10262   340    15 -9999     0 -9999
2022 12 12 15    44    17 10265   100    21 -9999    -1 -9999
2022 12 12 16    44    17 10268    90    31 -9999    -1 -9999
2022 12 12 17    50    11 10264    90    36 -9999    -1 -9999
2022 12 12 18    56    11 10257   100    36     8     0    -1
2022 12 12 19    56   -17 10255    90    41 -9999     0 -9999
2022 12 12 20    50   -17 10252   120    36 -9999     0 -9999
2022 12 12 21    50   -22 10253   130    36 -9999     0 -9999
2022 12 12 22    44   -22 10252    80    51 -9999     0 -9999
2022 12 12 23    39   -22 10255   110    41 -9999     0 -9999
2022 12 13 00    39   -22 10256   100    46     8     0 -9999
2022 12 13 01    39   -22 10263   140    36 -9999     0 -9999
2022 12 13 02    39   -22 10261   120    46 -9999     0 -9999
2022 12 13 03    33   -28 10260   110    51 -9999     0 -9999
2022 12 13 04    33   -28 10254   130    62 -9999     0 -9999
2022 12 13 05    28   -22 10255   130    51 -9999     0 -9999
2022 12 13 06    28   -28 10254   130    51     8     0 -9999
2022 12 13 07    28   -22 10244   120    67 -9999     0 -9999
2022 12 13 08    22   -22 10249   100    72 -9999     0 -9999
2022 12 13 09    17   -28 10248   130    72 -9999     0 -9999
2022 12 13 10    17   -28 10247   120    51 -9999     0 -9999
2022 12 13 11    17   -28 10244   120    62 -9999     0 -9999
2022 12 13 12    22   -28 10244   110    72     8     0 -9999
2022 12 13 13    22   -22 10245   120    46 -9999     0 -9999
2022 12 13 14    22   -22 10242   120    51 -9999     0 -9999
2022 12 13 15    22   -22 10240   110    57 -9999     0 -9999
2022 12 13 16    28   -17 10242   130    62 -9999     0 -9999
2022 12 13 17    28   -17 10239   120    57 -9999     0 -9999
2022 12 13 18    28   -17 10226   110    62     8     0 -9999
2022 12 13 19    28   -17 10213   110    77 -9999     0 -9999
2022 12 13 20    28   -17 10206   110    72 -9999     0 -9999
2022 12 13 21    28   -17 10205   110    62 -9999     0 -9999
2022 12 13 22    28   -17 10193   100    72 -9999     0 -9999
2022 12 13 23    28   -17 10188   100    67 -9999     0 -9999
2022 12 14 00    28   -17 10190   120    41     8     0 -9999
2022 12 14 01    28   -17 10182   110    88 -9999     0 -9999
2022 12 14 02    28   -17 10171   110    82 -9999     0 -9999
2022 12 14 03    28   -11 10172   120    72 -9999    -1 -9999
2022 12 14 04    28    -6 10158   110    77 -9999    -1 -9999
2022 12 14 05    28    -6 10151   100    93 -9999     3 -9999
2022 12 14 06    33     0 10139   110    57     8    -1     3
2022 12 14 07    33     0 10137   110    93 -9999     0 -9999
2022 12 14 08    33     0 10137   110    77 -9999     3 -9999
2022 12 14 09    33     6 10130   100    67 -9999    10 -9999
2022 12 14 10    33    11 10121   100    51 -9999    15 -9999
2022 12 14 11    33    11 10116   100    88 -9999    25 -9999
2022 12 14 12    33    11 10116   110    88     8    28    70
2022 12 14 13    39    17 10105   120    98 -9999    10 -9999
2022 12 14 14    39    22 10104   120    77 -9999     5 -9999
2022 12 14 15    39    22 10107   120    57 -9999     3 -9999
2022 12 14 16    44    28 10107   130    57 -9999     3 -9999
2022 12 14 17    56    39 -9999   130    72 -9999     3 -9999
2022 12 14 18    61    44 10089   130    62     8     0    30
2022 12 14 19    61    44 -9999   120    67 -9999    -1 -9999
2022 12 14 20    67    50 10083   130    51 -9999    -1 -9999
2022 12 14 21    67    50 10074   110    46 -9999     5 -9999
2022 12 14 22    61    44 10070   100    62 -9999    -1 -9999
2022 12 14 23    61    44 10070   110    57 -9999     5 -9999
2022 12 15 00    56    39 10057    90    46     8    15    30
2022 12 15 01    50    33 10048    90    51 -9999    15 -9999
2022 12 15 02    39    22 10047   110    62 -9999    18 -9999
2022 12 15 03    39    17 10019    80    46 -9999    43 -9999
2022 12 15 04    39    17  9994    80    46 -9999    23 -9999
2022 12 15 05    39    17 -9999   100    31 -9999     5 -9999
2022 12 15 06    33    17  9971   280    31     8    69   220
2022 12 15 07    28    11  9963   310    15 -9999    33 -9999
2022 12 15 08    28    11 -9999   220    31 -9999    -1 -9999
2022 12 15 09    22     6  9965   210    31 -9999    -1 -9999
2022 12 15 10    28    11  9974   220    88 -9999    -1 -9999
2022 12 15 11    22     0  9984   230    62 -9999     0 -9999
2022 12 15 12    17    -6  9996   220    57     8     0    40
2022 12 15 13    11   -17 10003   210    51 -9999     0 -9999
2022 12 15 14    11   -17 10008   210    57 -9999     0 -9999
2022 12 15 15    17   -17 10014   200    51 -9999     0 -9999
2022 12 15 16    22   -11 10019   220    51 -9999     0 -9999
2022 12 15 17    22   -11 10019   220    51 -9999     0 -9999
2022 12 15 18    22   -17 10015   200    57     8     0 -9999
2022 12 15 19    22   -22 10012   220    67 -9999     0 -9999
2022 12 15 20    17   -17 10017   240    51 -9999    -1 -9999
2022 12 15 21    17   -17 -9999   210    46 -9999    -1 -9999
2022 12 15 22    11   -17 10032   210    46 -9999     3 -9999
2022 12 15 23     0   -17 10036   210    46 -9999     3 -9999
2022 12 16 00     0   -22 10037   210    46 -9999     3    10
2022 12 16 01     0   -28 -9999   220    46 -9999    -1 -9999
2022 12 16 02     0   -28 -9999   220    62 -9999    -1 -9999
2022 12 16 03     0   -33 10040   220    41 -9999    -1 -9999
2022 12 16 04     0   -33 10040   220    62 -9999     0 -9999
2022 12 16 05    -6   -50 10046   240    67 -9999     0 -9999
2022 12 16 06    -6   -50 10044   210    57     8    -1    -1
2022 12 16 07    -6   -44 10042   210    57 -9999    -1 -9999
2022 12 16 08    -6   -39 10044   220    57 -9999     0 -9999
2022 12 16 09    -6   -39 10046   210    57 -9999     0 -9999
2022 12 16 10    -6   -39 10039   200    62 -9999     0 -9999
2022 12 16 11    -6   -44 10038   220    57 -9999     0 -9999
2022 12 16 12    -6   -44 10041   210    62     8     0    -1
2022 12 16 13   -11   -50 10040   220    57 -9999     0 -9999
2022 12 16 14    -6   -50 10039   200    51 -9999     0 -9999
2022 12 16 15    -6   -44 10039   220    57 -9999    -1 -9999
2022 12 16 16   -11   -33 10041   210    36 -9999     3 -9999
2022 12 16 17   -17   -50 10041   250    67 -9999     3 -9999
2022 12 16 18   -22   -56 10038   230    51     8    -1     5
2022 12 16 19   -11   -56 10034   220    67 -9999    -1 -9999
2022 12 16 20   -22   -61 10039   250    77 -9999    -1 -9999
2022 12 16 21   -22   -67 10045   240    77 -9999    -1 -9999
2022 12 16 22   -28   -78 10053   240    62 -9999    -1 -9999
2022 12 16 23   -28   -72 10057   230    57 -9999    -1 -9999
2022 12 17 00   -22   -78 10057   230    77     8    -1    -1
2022 12 17 01   -22   -72 10057   220    67 -9999    -1 -9999
2022 12 17 02   -28   -61 10056   220    62 -9999    -1 -9999
2022 12 17 03   -33   -61 10057   230    62 -9999    -1 -9999
2022 12 17 04   -33   -72 10057   230    82 -9999    -1 -9999
2022 12 17 05   -33   -72 10055   240    62 -9999    -1 -9999
2022 12 17 06   -33   -78 10054   240    51     8    -1    -1
2022 12 17 07   -33   -78 10054   240    82 -9999    -1 -9999
2022 12 17 08   -33   -72 10056   250    57 -9999    -1 -9999
2022 12 17 09   -33   -72 10057   240    72 -9999    -1 -9999
2022 12 17 10   -39   -72 10058   250    62 -9999    -1 -9999
2022 12 17 11   -39   -72 10061   240    62 -9999    -1 -9999
2022 12 17 12   -39   -72 10062   240    41     8    -1    -1
2022 12 17 13   -44   -83 -9999   250    67 -9999    -1 -9999
2022 12 17 14   -44   -83 10071   240    72 -9999    -1 -9999
2022 12 17 15   -44   -83 10073   250    51 -9999    -1 -9999
2022 12 17 16   -44   -78 10078   240    77 -9999    -1 -9999
2022 12 17 17   -39   -78 10081   240    88 -9999     0 -9999
2022 12 17 18   -44   -83 10078   240    77 -9999     0    -1
2022 12 17 19   -44   -83 10074   240    51 -9999     0 -9999
2022 12 17 20   -39   -78 10079   240    67 -9999     0 -9999
2022 12 17 21   -39   -78 10090   250    57 -9999     0 -9999
2022 12 17 22   -44   -83 10100   260    77 -9999     0 -9999
2022 12 17 23   -44   -83 10109   250    67 -9999    -1 -9999
2022 12 18 00   -44   -94 10115   250    77     8    -1    -1
2022 12 18 01   -50   -89 10119   260    51 -9999     0 -9999
2022 12 18 02   -56   -89 10123   250    62 -9999     0 -9999
2022 12 18 03   -56   -94 10127   260    62 -9999    -1 -9999
2022 12 18 04   -56   -94 10130   260    67 -9999    -1 -9999
2022 12 18 05   -61  -100 10135   260    51 -9999    -1 -9999
2022 12 18 06   -61  -100 10138   270    51     8     0    -1
2022 12 18 07   -67  -106 10143   250    67 -9999     0 -9999
2022 12 18 08   -72  -106 10150   260    62 -9999     0 -9999
2022 12 18 09   -72  -111 10157   260    62 -9999     0 -9999
2022 12 18 10   -72  -111 10161   270    62 -9999     0 -9999
2022 12 18 11   -78  -117 10169   270    67 -9999     0 -9999
2022 12 18 12   -83  -117 10175   260    72     6    -1 -9999
2022 12 18 13   -83  -122 10181   250    51 -9999    -1 -9999
2022 12 18 14   -89  -122 10191   240    51 -9999    -1 -9999
2022 12 18 15   -89  -128 10201   240    46 -9999    -1 -9999
2022 12 18 16   -89  -128 10208   250    46 -9999    -1 -9999
2022 12 18 17   -83  -128 10211   260    77     2    -1 -9999
2022 12 18 18   -72  -122 10208   260    51     2     0    -1
2022 12 18 19   -72  -122 10210   250    57     2     0 -9999
2022 12 18 20   -67  -122 10215   250    62     2     0 -9999
2022 12 18 21   -61  -117 10223   250    62     2     0 -9999
2022 12 18 22   -67  -122 10232   250    62     2     0 -9999
2022 12 18 23   -78  -122 10240   250    46     2     0 -9999
2022 12 19 00   -83  -128 10249   250    41     2     0 -9999
2022 12 19 01   -83  -133 10256   260    51     2     0 -9999
2022 12 19 02   -89  -133 10256   270    46     0     0 -9999
2022 12 19 03   -94  -139 10262   260    51     0     0 -9999
2022 12 19 04   -94  -139 10264   270    26     0     0 -9999
2022 12 19 05  -100  -144 10272   290    36     0     0 -9999
2022 12 19 06  -100  -144 10275   280    31     0     0 -9999
2022 12 19 07  -106  -150 10282   260    36     0     0 -9999
2022 12 19 08  -106  -150 10285   270    15     0     0 -9999
2022 12 19 09  -111  -156 10294   280    21     0     0 -9999
2022 12 19 10  -117  -156 10298   310    26     2     0 -9999
2022 12 19 11  -117  -156 10306   260    21     2     0 -9999
2022 12 19 12  -117  -161 10308   310    26     2     0 -9999
2022 12 19 13  -122  -161 10309   290    21     2     0 -9999
2022 12 19 14  -117  -156 10318   260    21     4     0 -9999
2022 12 19 15  -111  -156 10322   330    21 -9999     0 -9999
2022 12 19 16   -89  -144 10324     0     0 -9999     0 -9999
2022 12 19 17   -78  -139 10321   160    15 -9999     0 -9999
2022 12 19 18   -61  -133 10310     0     0     6     0 -9999
2022 12 19 19   -50  -128 10304     0     0 -9999     0 -9999
2022 12 19 20   -44  -128 10309   230    15 -9999     0 -9999
2022 12 19 21   -39  -122 10307     0     0 -9999     0 -9999
2022 12 19 22   -33  -117 10309     0     0 -9999     0 -9999
2022 12 19 23   -33  -111 10312     0     0 -9999     0 -9999
2022 12 20 00   -33  -106 10313   130    15     6     0 -9999
2022 12 20 01   -33  -100 10311   160    31 -9999     0 -9999
2022 12 20 02   -39  -100 10311   170    26 -9999     0 -9999
2022 12 20 03   -33   -89 10305   150    26 -9999     0 -9999
2022 12 20 04   -33   -83 10296   130    41 -9999     0 -9999
2022 12 20 05   -33   -83 10301   190    26 -9999     0 -9999
2022 12 20 06   -33   -83 10302   190    26     6     0 -9999
2022 12 20 07   -39   -83 10304   190    26 -9999     0 -9999
2022 12 20 08   -33   -83 10307   210    31 -9999     0 -9999
2022 12 20 09   -33   -78 10308   210    21 -9999     0 -9999
2022 12 20 10   -33   -78 10301   170    21 -9999     0 -9999
2022 12 20 11   -33   -72 10304   190    21 -9999     0 -9999
2022 12 20 12   -39   -78 10305   170    21     6     0 -9999
2022 12 20 13   -39   -72 10306   190    15 -9999     0 -9999
2022 12 20 14   -39   -72 10307   180    21 -9999     0 -9999
2022 12 20 15   -28   -67 10309   210    26     4     0 -9999
2022 12 20 16   -11   -61 10315   250    41     2     0 -9999
2022 12 20 17    -6   -50 10318   290    51 -9999     0 -9999
2022 12 20 18     0   -44 10312   320    31     8     0 -9999
2022 12 20 19     0   -44 10309   270    26 -9999     0 -9999
2022 12 20 20     0   -39 10311   300    31 -9999     0 -9999
2022 12 20 21    -6   -39 10313   290    21 -9999     0 -9999
2022 12 20 22   -11   -50 10319   320    41 -9999     0 -9999
2022 12 20 23   -17   -56 10321   300    31 -9999     0 -9999
2022 12 21 00   -17   -56 10327   310    21     6     0 -9999
2022 12 21 01   -22   -67 10323   300    31 -9999     0 -9999
2022 12 21 02   -33   -72 10329   330    41 -9999     0 -9999
2022 12 21 03   -44   -83 10329   330    41 -9999     0 -9999
2022 12 21 04   -56   -94 10328   330    26     2     0 -9999
2022 12 21 05   -67  -106 10330   310    26     2     0 -9999
2022 12 21 06   -78  -122 10331   300    36     2     0 -9999
2022 12 21 07   -89  -128 10331   340    36     2     0 -9999
2022 12 21 08   -94  -144 10332   330    26     2     0 -9999
2022 12 21 09  -106  -150 10331   360    26     2 -9999 -9999
2022 12 21 10  -111  -156 10330   350    36     4     0 -9999
2022 12 21 11  -111  -150 10329   350    36 -9999     0 -9999
2022 12 21 12  -117  -161 10325   340    31     6     0 -9999
2022 12 21 13  -111  -161 10325   360    26 -9999     0 -9999
2022 12 21 14  -106  -150 10323   360    31 -9999     0 -9999
2022 12 21 15  -100  -139 10324   340    26 -9999     0 -9999
2022 12 21 16   -83  -122 10319   350    31 -9999     0 -9999
2022 12 21 17   -67  -111 10308   360    21 -9999     0 -9999
2022 12 21 18   -56  -100 10297   360    21     8     0 -9999
2022 12 21 19   -44   -94 10283    20    26 -9999     0 -9999
2022 12 21 20   -28   -78 10268   110    15 -9999     0 -9999
2022 12 21 21   -22   -72 10261     0     0 -9999     0 -9999
2022 12 21 22   -17   -67 10252     0     0 -9999     0 -9999
2022 12 21 23   -17   -61 10243     0     0 -9999     0 -9999
2022 12 22 00    -6   -44 10240   150    26     8     0 -9999
2022 12 22 01    -6   -39 10239   150    21 -9999     0 -9999
2022 12 22 02    -6   -39 10225   130    31 -9999     0 -9999
2022 12 22 03    -6   -33 10215   140    21 -9999     0 -9999
2022 12 22 04     0   -33 10208   140    31 -9999     0 -9999
2022 12 22 05     0   -33 10196   140    36 -9999     0 -9999
2022 12 22 06     0   -33 10182   130    36     8     0 -9999
2022 12 22 07     0   -33 10170   150    36 -9999     0 -9999
2022 12 22 08     0   -33 10164   170    21 -9999     0 -9999
2022 12 22 09     6   -33 10155   160    31 -9999     0 -9999
2022 12 22 10     0   -33 10144   150    26 -9999     0 -9999
2022 12 22 11     0   -33 10136   180    21 -9999     0 -9999
2022 12 22 12     0   -39 10130   180    21     8     0 -9999
2022 12 22 13     0   -39 10128     0     0 -9999     0 -9999
2022 12 22 14     0   -39 10120     0     0 -9999     0 -9999
2022 12 22 15     6   -33 10117   230    21 -9999     0 -9999
2022 12 22 16     6   -28 -9999   250    15 -9999    -1 -9999
2022 12 22 17     6   -28 -9999   240    36 -9999    -1 -9999
2022 12 22 18   -28   -56 10097   300    82     8    -1    -1
2022 12 22 19   -56   -83 10090   310    62 -9999    -1 -9999
2022 12 22 20   -83  -111 10091   290    62     9     5 -9999
2022 12 22 21  -106  -133 10096   300    77     9     8 -9999
2022 12 22 22  -128  -167 10101   300    77     9     3 -9999
2022 12 22 23  -144  -178 10107   300    72     9     5 -9999
2022 12 23 00  -150  -189 10112   280    57     9     3    20
2022 12 23 01  -167  -211 10114   280    77 -9999    -1 -9999
2022 12 23 02  -178  -217 10113   290    67 -9999    -1 -9999
2022 12 23 03  -183  -228 10112   290    93 -9999    -1 -9999
2022 12 23 04  -189  -244 10111   280    77 -9999    -1 -9999
2022 12 23 05  -200  -250 10112   280    98 -9999     0 -9999
2022 12 23 06  -211  -261 10111   280   108     6     0    -1
2022 12 23 07  -222  -267 10112   280    82 -9999     0 -9999
2022 12 23 08  -222  -272 10114   280    93 -9999     0 -9999
2022 12 23 09  -222  -272 10120   270    98 -9999     0 -9999
2022 12 23 10  -222  -272 10116   280    93 -9999     0 -9999
2022 12 23 11  -222  -272 10117   280   108 -9999     0 -9999
2022 12 23 12  -222  -272 10117   280    67     8     0 -9999
2022 12 23 13  -222  -267 10119   270    93 -9999     0 -9999
2022 12 23 14  -217  -261 10119   270    88 -9999     0 -9999
2022 12 23 15  -211  -261 10124   270   103 -9999     0 -9999
2022 12 23 16  -206  -261 10125   270   124 -9999     0 -9999
2022 12 23 17  -200  -256 10122   270    88 -9999     0 -9999
2022 12 23 18  -194  -250 10117   270   124     6     0 -9999
2022 12 23 19  -189  -244 10118   280   118 -9999     0 -9999
2022 12 23 20  -189  -244 10117   260   129 -9999     0 -9999
2022 12 23 21  -183  -239 10121   270    93 -9999     0 -9999
2022 12 23 22  -189  -239 10127   270    88 -9999    -1 -9999
2022 12 23 23  -183  -239 10127   270   103 -9999     0 -9999
2022 12 24 00  -189  -233 10132   270   103     8     0 -9999
2022 12 24 01  -183  -239 10132   270    77 -9999     0 -9999
2022 12 24 02  -183  -233 10133   270    88 -9999    -1 -9999
2022 12 24 03  -183  -239 10130   260   103 -9999    -1 -9999
2022 12 24 04  -189  -239 10128   260    82 -9999     0 -9999
2022 12 24 05  -183  -233 10126   260    98 -9999    -1 -9999
2022 12 24 06  -183  -233 10125   270    93     8    -1    -1
2022 12 24 07  -183  -228 10122   260    93 -9999     0 -9999
2022 12 24 08  -178  -228 10125   280    93 -9999     0 -9999
2022 12 24 09  -178  -228 10125   270    67 -9999     0 -9999
2022 12 24 10  -178  -228 10129   270    72 -9999     0 -9999
2022 12 24 11  -178  -222 10128   270    72     4     0 -9999
2022 12 24 12  -172  -217 10128   260    67     4     0 -9999
2022 12 24 13  -172  -217 10132   270    67 -9999     0 -9999
2022 12 24 14  -167  -211 10140   270    62 -9999     0 -9999
2022 12 24 15  -161  -206 10144   280    88 -9999     0 -9999
2022 12 24 16  -144  -194 10149   270    88     4     0 -9999
2022 12 24 17  -139  -194 10146   280    88     2     0 -9999
2022 12 24 18  -133  -189 10143   270   108     2     0 -9999
2022 12 24 19  -122  -178 10139   270    93     2     0 -9999
2022 12 24 20  -106  -172 10135   270    98     2     0 -9999
2022 12 24 21  -100  -178 10140   270    82     2     0 -9999
2022 12 24 22  -100  -183 10137   270    98     2     0 -9999
2022 12 24 23  -106  -178 10148   270   103     2     0 -9999
2022 12 25 00  -111  -183 10151   270    88     0     0 -9999
2022 12 25 01  -117  -189 10153   270    93     0     0 -9999
2022 12 25 02  -122  -194 10151   270    82     0     0 -9999
2022 12 25 03  -128  -200 10156   290    82     0     0 -9999
2022 12 25 04  -133  -206 10155   280    77     0     0 -9999
2022 12 25 05  -139  -206 10163   280    57     0     0 -9999
2022 12 25 06  -144  -206 10163   280    62     0     0 -9999
2022 12 25 07  -144  -211 10161   280    51     0     0 -9999
2022 12 25 08  -150  -206 10165   270    67     0     0 -9999
2022 12 25 09  -150  -206 10171   270    57     0     0 -9999
2022 12 25 10  -150  -206 10173   280    46     0     0 -9999
2022 12 25 11  -156  -211 10175   280    51     0     0 -9999
2022 12 25 12  -161  -211 10180   270    62     0     0 -9999
2022 12 25 13  -167  -211 10185   270    57     2     0 -9999
2022 12 25 14  -167  -217 10189   270    51     2     0 -9999
2022 12 25 15  -156  -211 10193   280    46     2     0 -9999
2022 12 25 16  -144  -211 10195   290    62     2     0 -9999
2022 12 25 17  -128  -200 10191   270    57     2     0 -9999
2022 12 25 18  -122  -194 10181   250    67     2     0 -9999
2022 12 25 19  -111  -183 10182   250    77     2     0 -9999
2022 12 25 20  -100  -172 10182   260    77 -9999     0 -9999
2022 12 25 21  -100  -172 10185   270    62 -9999     0 -9999
2022 12 25 22  -106  -167 10184   240    51 -9999     0 -9999
2022 12 25 23  -106  -156 10187   250    46 -9999     0 -9999
2022 12 26 00  -106  -156 10189   250    57     6     0 -9999
2022 12 26 01  -106  -156 10192   250    57 -9999     0 -9999
2022 12 26 02  -106  -156 10188   240    31 -9999     0 -9999
2022 12 26 03  -106  -156 10189   250    36 -9999     0 -9999
2022 12 26 04  -100  -161 10195   240    41 -9999     0 -9999
2022 12 26 05  -106  -156 10195   240    36 -9999     0 -9999
2022 12 26 06  -100  -156 10194   250    46     8     0 -9999
2022 12 26 07   -94  -156 10188   250    41 -9999     0 -9999
2022 12 26 08   -89  -156 10189   260    36 -9999     0 -9999
2022 12 26 09   -89  -156 10190   250    21 -9999     0 -9999
2022 12 26 10   -83  -150 10188     0     0 -9999    -1 -9999
2022 12 26 11   -83  -150 -9999     0     0 -9999    -1 -9999
2022 12 26 12   -83  -144 10201     0     0     8    -1    -1
2022 12 26 13   -89  -133 10207     0     0 -9999    -1 -9999
2022 12 26 14   -89  -122 10213     0     0 -9999    -1 -9999
2022 12 26 15   -83  -117 10217     0     0 -9999    -1 -9999
2022 12 26 16   -78  -117 10220     0     0 -9999    -1 -9999
2022 12 26 17   -67  -117 10222     0     0 -9999    -1 -9999
2022 12 26 18   -67  -117 10221   350    15     8    -1     3
2022 12 26 19   -61  -117 10216    10    26 -9999    -1 -9999
2022 12 26 20   -61  -117 10220   350    41 -9999    -1 -9999
2022 12 26 21   -56  -117 10220   350    15 -9999     0 -9999
2022 12 26 22   -56  -122 10225    10    21 -9999     0 -9999
2022 12 26 23   -67  -122 10232   340    21 -9999     0 -9999
2022 12 27 00   -67  -122 10239   270    15     6     0    -1
2022 12 27 01   -78  -128 10246   300    31 -9999     0 -9999
2022 12 27 02   -89  -133 10256   310    36     4     0 -9999
2022 12 27 03  -100  -139 10249   290    15     4     0 -9999
2022 12 27 04  -106  -139 10252   280    21     2     0 -9999
2022 12 27 05  -111  -150 10252   290    21     2     0 -9999
2022 12 27 06  -117  -150 10250   250    21     2     0 -9999
2022 12 27 07  -122  -150 10250   260    26     2     0 -9999
2022 12 27 08  -122  -156 10247   210    21     2     0 -9999
2022 12 27 09  -128  -161 10250   240    26     0     0 -9999
2022 12 27 10  -128  -161 10248   220    26     2     0 -9999
2022 12 27 11  -128  -161 10245   230    26     4     0 -9999
2022 12 27 12  -133  -161 10246   210    21     4     0 -9999
2022 12 27 13  -128  -161 10242   210    36 -9999     0 -9999
2022 12 27 14  -128  -161 10239   210    36 -9999     0 -9999
2022 12 27 15  -117  -150 10229   210    46 -9999     0 -9999
2022 12 27 16  -100  -144 10235   210    67 -9999     0 -9999
2022 12 27 17   -83  -133 10226   210    46 -9999     0 -9999
2022 12 27 18   -67  -139 10216   210    57     6     0 -9999
2022 12 27 19   -61  -122 10197   190    46 -9999     0 -9999
2022 12 27 20   -50  -117 10182   200    77 -9999     0 -9999
2022 12 27 21   -44  -111 10177   180    77 -9999     0 -9999
2022 12 27 22   -44  -106 10173   190    72 -9999     0 -9999
2022 12 27 23   -50   -94 10167   190    51 -9999     0 -9999
2022 12 28 00   -50   -89 10156   170    72     6     0 -9999
2022 12 28 01   -50   -83 10149   190    77 -9999     0 -9999
2022 12 28 02   -44   -78 10139   190    93 -9999     0 -9999
2022 12 28 03   -44   -78 10129   190    77 -9999     0 -9999
2022 12 28 04   -39   -78 10125   190    77 -9999     0 -9999
2022 12 28 05   -39   -72 10126   200    77 -9999     0 -9999
2022 12 28 06   -39   -72 10123   190    72     6     0 -9999
2022 12 28 07   -39   -72 10119   190    57 -9999     0 -9999
2022 12 28 08   -33   -72 10118   200    46 -9999     0 -9999
2022 12 28 09   -33   -67 10118   190    51 -9999     0 -9999
2022 12 28 10   -28   -67 10116   200    62 -9999     0 -9999
2022 12 28 11   -22   -61 10109   190    72 -9999     0 -9999
2022 12 28 12   -17   -56 10107   190    72     6     0 -9999
2022 12 28 13   -11   -56 10103   190    62 -9999     0 -9999
2022 12 28 14    -6   -56 10107   190    57 -9999     0 -9999
2022 12 28 15     0   -50 10108   190    72 -9999     0 -9999
2022 12 28 16    17   -44 10103   190    82 -9999     0 -9999
2022 12 28 17    33   -39 10100   180    82 -9999     0 -9999
2022 12 28 18    44   -33 10092   190    77     6     0 -9999
2022 12 28 19    67   -28 10085   200    77 -9999     0 -9999
2022 12 28 20    72   -17 10073   190    77 -9999     0 -9999
2022 12 28 21    72   -11 10069   190    82 -9999     0 -9999
2022 12 28 22    67   -11 10071   180    72 -9999     0 -9999
2022 12 28 23    61    -6 10069   180    82 -9999     0 -9999
2022 12 29 00    67     6 10072   190    77     8     0 -9999
2022 12 29 01    67    11 10075   190    93 -9999     0 -9999
2022 12 29 02    67    11 10077   180    93 -9999     0 -9999
2022 12 29 03    67    11 10082   180    82 -9999     0 -9999
2022 12 29 04    72    22 10085   200    82 -9999     0 -9999
2022 12 29 05    67    22 10084   190    72 -9999     0 -9999
2022 12 29 06    67    28 10085   190    67     6     0 -9999
2022 12 29 07    61    28 10082   190    62     4     0 -9999
2022 12 29 08    67    28 10083   190    57     4     0 -9999
2022 12 29 09    67    33 10085   190    57     4     0 -9999
2022 12 29 10    72    33 10083   190    72     4     0 -9999
2022 12 29 11    67    33 10084   190    62     4     0 -9999
2022 12 29 12    72    39 10087   190    67     4     0 -9999
2022 12 29 13    78    44 10092   190    82 -9999     0 -9999
2022 12 29 14    83    56 10096   190    72 -9999     0 -9999
2022 12 29 15   100    72 10101   190    77 -9999     0 -9999
2022 12 29 16   117    83 10102   200    82 -9999     0 -9999
2022 12 29 17   122    89 10101   200    82 -9999     0 -9999
2022 12 29 18   128    94 10094   200    77     8     0 -9999
2022 12 29 19   139   106 10090   200    62 -9999     0 -9999
2022 12 29 20   144   106 10089   200    77 -9999     0 -9999
2022 12 29 21   144   106 10088   170    57 -9999     0 -9999
2022 12 29 22   139   106 10090   170    62 -9999     0 -9999
2022 12 29 23   139   106 10096   180    77 -9999     0 -9999
2022 12 30 00   133   106 10098   180    77     6     0 -9999
2022 12 30 01   133   106 10101   190    98 -9999     0 -9999
2022 12 30 02   133   106 10106   190    72 -9999     0 -9999
2022 12 30 03   133   111 10106   190    82 -9999     0 -9999
2022 12 30 04   133   111 10105   180    67 -9999     0 -9999
2022 12 30 05   133   111 10106   200    67 -9999     0 -9999
2022 12 30 06   133   117 10105   200    82     8     0 -9999
2022 12 30 07   139   117 10104   210    82 -9999     0 -9999
2022 12 30 08   139   117 10107   200    72 -9999     0 -9999
2022 12 30 09   139   111 10111   210    77 -9999     0 -9999
2022 12 30 10   122    78 10120   240    46 -9999     0 -9999
2022 12 30 11   100    39 10124   240    51 -9999     0 -9999
2022 12 30 12    89    28 10133   240    46     8     0 -9999
2022 12 30 13    72    22 10136   250    57 -9999     0 -9999
2022 12 30 14    56    17 10147   240    62 -9999     0 -9999
2022 12 30 15    39     6 10155   280    41 -9999     0 -9999
2022 12 30 16    33     6 10162   270    41 -9999     0 -9999
2022 12 30 17    33     0 10163   270    46 -9999     0 -9999
2022 12 30 18    33     0 10153   240    41     8     0 -9999
2022 12 30 19    33     0 10152   260    31 -9999     0 -9999
2022 12 30 20    33     0 10153   260    36 -9999     0 -9999
2022 12 30 21    33     0 10151   260    36 -9999     0 -9999
2022 12 30 22    33    -6 10155   240    21 -9999     0 -9999
2022 12 30 23    28    -6 10157   270    21 -9999     0 -9999
2022 12 31 00    28   -11 10157   290    26     8     0 -9999
2022 12 31 01    22   -11 10162   260    15 -9999     0 -9999
2022 12 31 02    17   -17 10165   280    26 -9999     0 -9999
2022 12 31 03    11   -22 10161     0     0 -9999     0 -9999
2022 12 31 04     0   -22 10160   260    21 -9999     0 -9999
2022 12 31 05    -6   -28 10157   270    15 -9999     0 -9999
2022 12 31 06   -11   -33 10145   300    26     8     0 -9999
2022 12 31 07   -11   -39 10145     0     0 -9999     0 -9999
2022 12 31 08   -22   -44 10142   330    26 -9999     0 -9999
2022 12 31 09   -17   -44 10144   310    15 -9999     0 -9999
2022 12 31 10   -22   -44 10142   320    26 -9999     0 -9999
2022 12 31 11   -22   -50 10141     0     0 -9999     0 -9999
2022 12 31 12   -28   -50 10141     0     0     8     0 -9999
2022 12 31 13   -28   -56 10143   310    15 -9999     0 -9999
2022 12 31 14   -28   -56 10141     0     0 -9999     0 -9999
2022 12 31 15   -22   -50 10144     0     0 -9999     0 -9999
2022 12 31 16   -17   -39 10148     0     0 -9999     0 -9999
2022 12 31 17     6   -33 10147     0     0 -9999     0 -9999
2022 12 31 18    17   -33 10136     0     0     6     0 -9999
2022 12 31 19    28   -39 10127     0     0 -9999     0 -9999
2022 12 31 20    28   -39 10126   200    15 -9999     0 -9999
2022 12 31 21    33   -39 10126   190    21 -9999     0 -9999
2022 12 31 22    39   -33 10124   120    15 -9999     0 -9999
2022 12 31 23    28   -28 10122   140    21 -9999     0 -9999
