2024 01 01 00     6   -22 10174   320    77     8 -9999    -1
2024 01 01 01     0   -22 10182   310    57 -9999    -1 -9999
2024 01 01 02     6   -28 10188   320    72 -9999    -1 -9999
2024 01 01 03     6   -28 10194   320    72     8    -1 -9999
2024 01 01 04     6   -28 10197   330    57 -9999     0 -9999
2024 01 01 05     6   -28 10204   330    72 -9999     0 -9999
2024 01 01 06     0   -28 10209   330    57     8     0    -1
2024 01 01 07     0   -33 10214   340    67 -9999     0 -9999
2024 01 01 08     0   -33 10221   340    72 -9999    -1 -9999
2024 01 01 09     0   -33 10227   330    57     8     0 -9999
2024 01 01 10    -6   -33 10231   340    62 -9999     0 -9999
2024 01 01 11    -6   -44 10238   340    51 -9999     0 -9999
2024 01 01 12    -6   -50 10246   330    46     8     0    -1
2024 01 01 13   -11   -50 10253   340    36 -9999     0 -9999
2024 01 01 14    -6   -50 10257   340    36 -9999     0 -9999
2024 01 01 15    -6   -50 10263   330    46     8     0 -9999
2024 01 01 16     0   -50 10267   310    46 -9999     0 -9999
2024 01 01 17    -6   -56 10270   290    36 -9999     0 -9999
2024 01 01 18    -6   -61 10267   270    31     8     0 -9999
2024 01 01 19    -6   -56 10263   310    26 -9999    -1 -9999
2024 01 01 20    -6   -56 10260   270    31 -9999     0 -9999
2024 01 01 21    -6   -56 10262   260    41     8     0 -9999
2024 01 01 22   -11   -61 10265   270    36 -9999     0 -9999
2024 01 01 23   -11   -56 10264   250    36 -9999     0 -9999
2024 01 02 00   -11   -56 10264   260    31     8     0    -1
2024 01 02 01   -11   -56 10262   230    41 -9999     0 -9999
2024 01 02 02   -17   -56 10261   250    41 -9999     0 -9999
2024 01 02 03   -17   -56 10257   240    41     8     0 -9999
2024 01 02 04   -28   -61 10253   240    46 -9999     0 -9999
2024 01 02 05   -28   -61 10250   250    62 -9999     0 -9999
2024 01 02 06   -28   -56 10247   240    67     8     0 -9999
2024 01 02 07   -28   -56 10246   240    57 -9999     0 -9999
2024 01 02 08   -28   -56 10248   250    51 -9999     0 -9999
2024 01 02 09   -28   -61 10248   240    57     8     0 -9999
2024 01 02 10   -22   -56 10242   240    46 -9999     0 -9999
2024 01 02 11   -22   -56 -9999   230    62     4     0 -9999
2024 01 02 12   -28   -56 10237   210    46     2     0 -9999
2024 01 02 13   -33   -56 10232   210    57     2     0 -9999
2024 01 02 14   -28   -56 10231   210    57     2     0 -9999
2024 01 02 15   -22   -50 10224   210    72     6     0 -9999
2024 01 02 16    -6   -44 10216   220    62 -9999     0 -9999
2024 01 02 17    11   -33 10206   220    57 -9999     0 -9999
2024 01 02 18    17   -33 10196   230    93     6     0 -9999
2024 01 02 19    17   -28 10185   230    51 -9999     0 -9999
2024 01 02 20    39   -22 10182   240    72 -9999     0 -9999
2024 01 02 21    33   -22 10180   230    62     6     0 -9999
2024 01 02 22    28   -22 10182   250    62 -9999     0 -9999
2024 01 02 23    28   -17 10185   240    57 -9999     0 -9999
2024 01 03 00    22   -17 10188   260    41     8     0 -9999
2024 01 03 01    22   -17 10187   250    57 -9999     0 -9999
2024 01 03 02    11   -22 10187   270    67 -9999     0 -9999
2024 01 03 03     0   -28 10189   280    41     8     0 -9999
2024 01 03 04    -6   -28 10187   310    36 -9999     0 -9999
2024 01 03 05    -6   -28 10185   290    41 -9999     0 -9999
2024 01 03 06    -6   -33 10181     0     0     8    -1    -1
2024 01 03 07    -6   -28 10179   260    21 -9999     0 -9999
2024 01 03 08    -6   -28 10179   290    21 -9999     0 -9999
2024 01 03 09     0   -28 10180   300    31     8     0 -9999
2024 01 03 10     0   -22 10177   250    26 -9999     0 -9999
2024 01 03 11    -6   -11 10175   260    15 -9999    -1 -9999
2024 01 03 12     0   -11 10172   260    15     8    -1    -1
2024 01 03 13     0   -28 10174   300    31 -9999    -1 -9999
2024 01 03 14     0   -28 10177   290    31 -9999     0 -9999
2024 01 03 15     6   -33 10181   310    26     8     0 -9999
2024 01 03 16     6   -33 10187   290    26 -9999     0 -9999
2024 01 03 17     6   -33 10186   310    41 -9999     0 -9999
2024 01 03 18     6   -33 10177   300    51     8     0    -1
2024 01 03 19    11   -28 10168   300    41 -9999     0 -9999
2024 01 03 20    11   -33 10168   320    46 -9999     0 -9999
2024 01 03 21    22   -33 10173   310    41     6     0 -9999
2024 01 03 22    22   -33 10181   310    31 -9999     0 -9999
2024 01 03 23    17   -28 10189   300    41 -9999     0 -9999
2024 01 04 00    17   -28 10196   300    26     8    -1 -9999
2024 01 04 01    17   -28 10203   290    21 -9999     0 -9999
2024 01 04 02    17   -28 10208   300    46 -9999     0 -9999
2024 01 04 03    11   -28 10211   320    41     8     0 -9999
2024 01 04 04    11   -28 10217   320    36 -9999     0 -9999
2024 01 04 05    11   -33 10223   320    41 -9999     0 -9999
2024 01 04 06    11   -39 10225   330    31     8     0 -9999
2024 01 04 07     6   -39 10230   340    51 -9999     0 -9999
2024 01 04 08     0   -50 10239   350    41 -9999     0 -9999
2024 01 04 09   -17   -56 10249   340    31     6     0 -9999
2024 01 04 10   -17   -61 10249   350    46 -9999     0 -9999
2024 01 04 11   -33   -72 10253   350    36     4     0 -9999
2024 01 04 12   -39   -83 10262   360    26     2     0 -9999
2024 01 04 13   -33   -83 10268   360    26     2     0 -9999
2024 01 04 14   -28   -83 10275   340    26     2     0 -9999
2024 01 04 15    -6   -72 10282   350    31     6     0 -9999
2024 01 04 16    -6   -78 10290   300    21 -9999     0 -9999
2024 01 04 17     6   -78 10284     0     0     2     0 -9999
2024 01 04 18    11   -83 10277    30    15     2     0 -9999
2024 01 04 19    11   -78 10272   210    15     2     0 -9999
2024 01 04 20    17   -78 10269   290    21     2     0 -9999
2024 01 04 21    17   -72 10268 -9999    15     6     0 -9999
2024 01 04 22    17   -72 10268   220    31 -9999     0 -9999
2024 01 04 23     6   -67 10273   250    26     4     0 -9999
2024 01 05 00     0   -67 10276   250    21     2     0 -9999
2024 01 05 01    -6   -67 10274     0     0     4     0 -9999
2024 01 05 02    -6   -61 10274   250    15 -9999     0 -9999
2024 01 05 03    -6   -61 10273   250    15     8     0 -9999
2024 01 05 04     0   -61 10266     0     0 -9999     0 -9999
2024 01 05 05     6   -61 10262   230    26 -9999     0 -9999
2024 01 05 06    -6   -61 10257     0     0     2     0 -9999
2024 01 05 07   -17   -61 10255     0     0     4     0 -9999
2024 01 05 08   -22   -61 10258   190    21 -9999     0 -9999
2024 01 05 09   -22   -61 10257   190    21     6     0 -9999
2024 01 05 10   -22   -61 10255   200    21 -9999     0 -9999
2024 01 05 11   -22   -61 10255   200    21 -9999     0 -9999
2024 01 05 12   -22   -56 10258   200    26     6     0 -9999
2024 01 05 13   -28   -61 10258   180    15 -9999     0 -9999
2024 01 05 14   -28   -56 10255   170    31 -9999     0 -9999
2024 01 05 15   -11   -56 10256   190    31     6     0 -9999
2024 01 05 16     0   -50 10250   180    31 -9999     0 -9999
2024 01 05 17    11   -50 10235   200    36 -9999     0 -9999
2024 01 05 18    17   -44 10220   170    26     6     0 -9999
2024 01 05 19    22   -44 10204   100    21 -9999     0 -9999
2024 01 05 20    28   -44 10217   150    31 -9999     0 -9999
2024 01 05 21    22   -44 10214   220    31     8     0 -9999
2024 01 05 22    17   -44 10200   140    21 -9999     0 -9999
2024 01 05 23    11   -50 10192   110    26 -9999     0 -9999
2024 01 06 00    11   -44 10187   110    36     8     0 -9999
2024 01 06 01    11   -39 10179   110    36 -9999     0 -9999
2024 01 06 02    11   -39 10174   110    46 -9999     0 -9999
2024 01 06 03    11   -39 10173   130    46     8     0 -9999
2024 01 06 04    11   -39 10169   120    36 -9999     0 -9999
2024 01 06 05    11   -39 10166   150    51 -9999     0 -9999
2024 01 06 06     0   -22 10153   120    46     8     3 -9999
2024 01 06 07    -6   -17 10146   120    31     9    10 -9999
2024 01 06 08    -6   -17 10136   110    31 -9999     5 -9999
2024 01 06 09     0   -11 10127   110    26     9     5 -9999
2024 01 06 10     0   -17 10115   110    36     9     3 -9999
2024 01 06 11     0   -11 10106   110    31     9     5 -9999
2024 01 06 12    -6   -11 10099   110    21     9     5    40
2024 01 06 13     0   -17 10095   120    31 -9999     3 -9999
2024 01 06 14     0   -17 10089   110    26 -9999    -1 -9999
2024 01 06 15     0   -11 10085   120    26     8    -1 -9999
2024 01 06 16     0   -11 10084   170    15 -9999     3 -9999
2024 01 06 17     0   -11 10081   200    15 -9999    -1 -9999
2024 01 06 18     0   -11 10072   220    15     8     3     8
2024 01 06 19     0   -11 10063   200    15 -9999     3 -9999
2024 01 06 20     6    -6 10056   210    15 -9999     3 -9999
2024 01 06 21     6    -6 10052     0     0     8    -1 -9999
2024 01 06 22     6   -11 10055   260    15 -9999    -1 -9999
2024 01 06 23     6    -6 10054   280    15 -9999    -1 -9999
2024 01 07 00     6    -6 10058     0     0     8    -1     5
2024 01 07 01     6    -6 -9999   250    15 -9999    -1 -9999
2024 01 07 02     6    -6 10058   260    21 -9999     3 -9999
2024 01 07 03     6    -6 10057   270    15     8    -1 -9999
2024 01 07 04     0    -6 10058   260    15 -9999    -1 -9999
2024 01 07 05     0    -6 10060   250    21 -9999     3 -9999
2024 01 07 06     0    -6 10059   250    21     9     3     8
2024 01 07 07     0   -11 10060   250    31 -9999     3 -9999
2024 01 07 08     0   -11 10063   260    31 -9999     3 -9999
2024 01 07 09    -6   -11 10067   270    36     8    -1 -9999
2024 01 07 10    -6   -17 10071   260    36 -9999    -1 -9999
2024 01 07 11    -6   -17 10074   270    36 -9999    -1 -9999
2024 01 07 12    -6   -17 10083   280    31     8     0     5
2024 01 07 13     0   -17 10093   260    41 -9999     0 -9999
2024 01 07 14    -6   -22 10103   270    31 -9999     0 -9999
2024 01 07 15     0   -22 10116   270    41     8     0 -9999
2024 01 07 16     0   -22 10128   270    46 -9999     0 -9999
2024 01 07 17     6   -28 10131   290    41 -9999     0 -9999
2024 01 07 18     6   -33 10136   280    46     8     0 -9999
2024 01 07 19     6   -33 10144   270    46 -9999     0 -9999
2024 01 07 20     6   -39 10152   280    51 -9999     0 -9999
2024 01 07 21    11   -39 10163   290    41     8     0 -9999
2024 01 07 22    11   -33 10175   260    31 -9999     0 -9999
2024 01 07 23     6   -33 10196   250    57 -9999     0 -9999
2024 01 08 00     6   -39 10199   290    31     8     0 -9999
2024 01 08 01     6   -33 10201   270    15 -9999     0 -9999
2024 01 08 02     6   -33 10208   230    21 -9999     0 -9999
2024 01 08 03     6   -28 10217   220    26     8     0 -9999
2024 01 08 04     6   -33 10221   250    21 -9999     0 -9999
2024 01 08 05     0   -28 10232   230    31 -9999     0 -9999
2024 01 08 06    -6   -33 10240   240    31     8     0 -9999
2024 01 08 07    -6   -33 10246   250    26 -9999     0 -9999
2024 01 08 08    -6   -33 10251   240    31 -9999     0 -9999
2024 01 08 09    -6   -33 10251   220    15     8     0 -9999
2024 01 08 10    -6   -33 10244   130    15 -9999     0 -9999
2024 01 08 11    -6   -33 10254   250    15 -9999     0 -9999
2024 01 08 12    -6   -33 10255     0     0     8     0 -9999
2024 01 08 13     0   -28 10253   120    21 -9999     0 -9999
2024 01 08 14     6   -28 10254   150    41 -9999     0 -9999
2024 01 08 15     6   -22 10259   150    41     8     0 -9999
2024 01 08 16    11   -22 10248   140    41 -9999     0 -9999
2024 01 08 17    11   -28 10249   140    46 -9999     0 -9999
2024 01 08 18    17   -22 10237   130    46     8     0 -9999
2024 01 08 19    17   -22 10225   140    46 -9999     0 -9999
2024 01 08 20    22   -22 10226   130    41 -9999     0 -9999
2024 01 08 21    22   -17 10208    80    41     8     0 -9999
2024 01 08 22    22   -17 10202   110    41 -9999     0 -9999
2024 01 08 23    22   -17 10197   110    57 -9999     0 -9999
2024 01 09 00    22   -17 10186   100    51     8     0 -9999
2024 01 09 01    22   -17 10176   100    57 -9999     0 -9999
2024 01 09 02    22   -11 10163    90    57 -9999     0 -9999
2024 01 09 03    22   -11 10148    90    67     8     0 -9999
2024 01 09 04    17   -11 10147    90    57 -9999     3 -9999
2024 01 09 05    11    -6 10125    80    51 -9999     8 -9999
2024 01 09 06     6     0 10111    70    51     9    10    20
2024 01 09 07     6     0 10092    90    57 -9999     5 -9999
2024 01 09 08    11     0 10078    80    41 -9999     8 -9999
2024 01 09 09     6     0 10048    90    62     8    15 -9999
2024 01 09 10     6     0 10025    80    62 -9999    13 -9999
2024 01 09 11    11     0 -9999    90    57 -9999    -1 -9999
2024 01 09 12    11     6  9988    80    57     8    13    60
2024 01 09 13    11     6  9976    80    57 -9999     8 -9999
2024 01 09 14    11     6  9939    60    67 -9999     5 -9999
2024 01 09 15    17     6  9927    70    62     8    -1 -9999
2024 01 09 16    17    11  9908    70    67 -9999    15 -9999
2024 01 09 17    17     6  9871    50    62 -9999    15 -9999
2024 01 09 18    17    11  9846    60    57     8     2    50
2024 01 09 19    22    11  9836    60    57 -9999    20 -9999
2024 01 09 20     6     0  9822    20    57 -9999    33 -9999
2024 01 09 21     6     0  9812    20    51     8    18 -9999
2024 01 09 22     6     0  9811   360    46     9    28 -9999
2024 01 09 23     6     0  9810   360    62 -9999    15 -9999
2024 01 10 00     6     0  9817   350    46     8     5   120
2024 01 10 01     6     0  9821   340    51 -9999    -1 -9999
2024 01 10 02    11     0  9826   330    57 -9999     3 -9999
2024 01 10 03    11     0  9834   320    62     8    -1 -9999
2024 01 10 04    11     0  9843   320    82 -9999    -1 -9999
2024 01 10 05    11    -6  9859   310    67 -9999    -1 -9999
2024 01 10 06    11   -11  9875   310    77     8    -1     3
2024 01 10 07    11   -17  9892   320    93 -9999     0 -9999
2024 01 10 08    11   -17  9917   310    67 -9999    -1 -9999
2024 01 10 09    11   -17  9930   310    57     8    -1 -9999
2024 01 10 10    11   -22  9942   310    67 -9999     0 -9999
2024 01 10 11     6   -22  9956   290    72 -9999     0 -9999
2024 01 10 12     6   -22  9972   270    57     8     0    -1
2024 01 10 13     6   -28 -9999   280    41 -9999     0 -9999
2024 01 10 14     6   -33 10000   280    46 -9999     0 -9999
2024 01 10 15     6   -33 10010   250    46     8     0 -9999
2024 01 10 16     6   -28 10016   250    46 -9999     0 -9999
2024 01 10 17     0   -28 10022   240    41 -9999     0 -9999
2024 01 10 18     0   -28 10020   240    72     8     0 -9999
2024 01 10 19    -6   -33 10024   250    62 -9999     0 -9999
2024 01 10 20    -6   -39 10026   250    57 -9999     0 -9999
2024 01 10 21   -11   -44 10031   230    41     8     0 -9999
2024 01 10 22   -11   -39 10032   220    57 -9999     0 -9999
2024 01 10 23   -11   -39 10030   210    46 -9999     0 -9999
2024 01 11 00   -11   -39 10029   200    46     8     0 -9999
2024 01 11 01   -11   -39 10028   190    36 -9999     0 -9999
2024 01 11 02    -6   -39 10027   180    57 -9999     0 -9999
2024 01 11 03    -6   -33 10033   190    62     8     0 -9999
2024 01 11 04   -11   -28 10033   200    41 -9999    -1 -9999
2024 01 11 05    -6   -28 10014   140    36 -9999     0 -9999
2024 01 11 06     0   -22 10007   150    41     8     0    -1
2024 01 11 07     6   -17 -9999   150    51 -9999    -1 -9999
2024 01 11 08     0   -11  9995   150    41 -9999     3 -9999
2024 01 11 09     6   -11  9997   180    26     8    -1 -9999
2024 01 11 10     6    -6  9993   180    26 -9999    -1 -9999
2024 01 11 11     6    -6  9999   220    36 -9999    -1 -9999
2024 01 11 12    11   -11 10012   250    57     8     0     3
2024 01 11 13     6   -22 10027   280    51 -9999     0 -9999
2024 01 11 14     0   -33 10043   280    51 -9999     0 -9999
2024 01 11 15    -6   -39 10063   290    67     8     0 -9999
2024 01 11 16    -6   -39 10083   280    72 -9999     0 -9999
2024 01 11 17    -6   -39 10101   250    46 -9999     0 -9999
2024 01 11 18   -11   -44 10107   270    36     8     0 -9999
2024 01 11 19    -6   -44 10107   290    26 -9999     0 -9999
2024 01 11 20     0   -44 10122   240    51     4     0 -9999
2024 01 11 21    -6   -50 10125   230    36     6     0 -9999
2024 01 11 22   -11   -50 10136   250    41 -9999     0 -9999
2024 01 11 23   -17   -56 10147   250    21 -9999     0 -9999
2024 01 12 00   -22   -56 10148   300    21     6     0 -9999
2024 01 12 01   -22   -61 10154     0     0 -9999     0 -9999
2024 01 12 02   -28   -61 10152   160    15 -9999     0 -9999
2024 01 12 03   -28   -61 10148    90    26     8     0 -9999
2024 01 12 04   -22   -50 10142   110    31 -9999     0 -9999
2024 01 12 05   -17   -50 10148   130    21 -9999     0 -9999
2024 01 12 06   -11   -44 10129    80    31     8     0 -9999
2024 01 12 07   -11   -39 10121    40    21 -9999     0 -9999
2024 01 12 08     0   -28 10114    90    46 -9999     0 -9999
2024 01 12 09     6   -28 10108    80    57     8     0 -9999
2024 01 12 10     6   -17 10086    60    67 -9999     3 -9999
2024 01 12 11     6   -11 -9999    80    72 -9999    -1 -9999
2024 01 12 12     6    -6 10057    80    72     9    25    10
2024 01 12 13     0    -6 10036    80    93     9    36 -9999
2024 01 12 14     6     0 -9999    90   118 -9999     2 -9999
2024 01 12 15    11     6  9993    90    82     8     3 -9999
2024 01 12 16    11     6  9967    90    88 -9999     8 -9999
2024 01 12 17    11     6 -9999   100    72 -9999    -1 -9999
2024 01 12 18    17    11  9919   110    88     8     8    70
2024 01 12 19    17     6  9885    90    51 -9999     8 -9999
2024 01 12 20    22    11  9856    80    51 -9999    10 -9999
2024 01 12 21    17    11  9843    70    46     8    13 -9999
2024 01 12 22    11     6  9831    50    46 -9999    30 -9999
2024 01 12 23    11     6  9820    10    51 -9999    20 -9999
2024 01 13 00    11     6  9815   310    26     8     8    90
2024 01 13 01     6     0  9817   270    41 -9999    -1 -9999
2024 01 13 02    11     0  9821   270    46 -9999     0 -9999
2024 01 13 03    11     0  9826   270    36     8     0 -9999
2024 01 13 04    11     0  9835   270    46 -9999     0 -9999
2024 01 13 05    11     0  9844   270    51 -9999    -1 -9999
2024 01 13 06     6     0  9853   270    62     8     8     8
2024 01 13 07     0   -17  9864   290    77 -9999     5 -9999
2024 01 13 08   -22   -39  9881   300    77 -9999     5 -9999
2024 01 13 09   -28   -50  9899   290    82     8     3 -9999
2024 01 13 10   -28   -50  9916   300    82 -9999     3 -9999
2024 01 13 11   -28   -44  9932   290    62 -9999     3 -9999
2024 01 13 12   -28   -50  9953   290    62     8     3     8
2024 01 13 13   -28   -44  9971   270    51 -9999     3 -9999
2024 01 13 14   -33   -50  9991   270    77 -9999    -1 -9999
2024 01 13 15   -44   -67 10013   270    72     8    -1 -9999
2024 01 13 16   -44   -78 10030   280    77 -9999    -1 -9999
2024 01 13 17   -50   -83 10042   270    72 -9999     0 -9999
2024 01 13 18   -56   -94 10047   260    67     6     0     3
2024 01 13 19   -61  -100 -9999   260    88 -9999    -1 -9999
2024 01 13 20   -67  -100 10061   260    82 -9999    -1 -9999
2024 01 13 21   -78  -111 10072   260    62     8     0 -9999
2024 01 13 22   -94  -128 10085   240    72 -9999     0 -9999
2024 01 13 23  -106  -139 10098   240    82 -9999    -1 -9999
2024 01 14 00  -122  -150 10102   250    62     8    -1    -1
2024 01 14 01  -128  -161 10102   250    67 -9999    -1 -9999
2024 01 14 02  -133  -167 10111   250    77 -9999    -1 -9999
2024 01 14 03  -144  -178 10112   270    57     8    -1 -9999
2024 01 14 04  -150  -189 10114   250    67 -9999    -1 -9999
2024 01 14 05  -161  -200 10123   260    98 -9999    -1 -9999
2024 01 14 06  -172  -206 10127   260   103     8    -1    -1
2024 01 14 07  -161  -217 10131   260    93 -9999    -1 -9999
2024 01 14 08  -183  -222 10141   260    72 -9999    -1 -9999
2024 01 14 09  -189  -233 10148   270    98     8    -1 -9999
2024 01 14 10  -200  -244 10158   260    77 -9999    -1 -9999
2024 01 14 11  -206  -256 10169   260    88 -9999    -1 -9999
2024 01 14 12  -217  -256 10179   250    88     6     0    -1
2024 01 14 13  -228  -267 10192   260    72     4     0 -9999
2024 01 14 14  -233  -272 10202   240    72 -9999     0 -9999
2024 01 14 15  -233  -272 10213   250    67     2     0 -9999
2024 01 14 16  -228  -272 10221   260    67     2     0 -9999
2024 01 14 17  -222  -267 10228   240    88     2     0 -9999
2024 01 14 18  -222  -267 10232   240    77     2     0 -9999
2024 01 14 19  -217  -261 10235   240    93     2     0 -9999
2024 01 14 20  -217  -261 10230   250    72     2     0 -9999
2024 01 14 21  -211  -256 10237   260    62     4     0 -9999
2024 01 14 22  -211  -261 10246   250    77     4     0 -9999
2024 01 14 23  -222  -267 10255   240    77     4     0 -9999
2024 01 15 00  -228  -272 10261   240    62     2     0 -9999
2024 01 15 01  -228  -272 10263   250    62     2     0 -9999
2024 01 15 02  -228  -272 10260   250    57     2     0 -9999
2024 01 15 03  -228  -267 10258   250    51     6     0 -9999
2024 01 15 04  -228  -267 10254   250    62 -9999     0 -9999
2024 01 15 05  -228  -267 10254   230    46     4     0 -9999
2024 01 15 06  -233  -267 10256   240    62     2     0 -9999
2024 01 15 07  -228  -267 10255   220    46     2     0 -9999
2024 01 15 08  -233  -272 10257   230    67     2     0 -9999
2024 01 15 09  -233  -267 10257   230    57     2     0 -9999
2024 01 15 10  -233  -272 10255   250    51     2     0 -9999
2024 01 15 11  -233  -272 10255   250    57 -9999     0 -9999
2024 01 15 12  -233  -267 10259   240    36     6     0 -9999
2024 01 15 13  -228  -261 10261   230    36 -9999     0 -9999
2024 01 15 14  -228  -261 10265   230    41 -9999     0 -9999
2024 01 15 15  -222  -256 10268   240    46     8     0 -9999
2024 01 15 16  -211  -250 10269   240    46 -9999     0 -9999
2024 01 15 17  -200  -244 10260   230    57 -9999     0 -9999
2024 01 15 18  -194  -239 10258   240    57     6     0 -9999
2024 01 15 19  -189  -233 10245   240    46 -9999     0 -9999
2024 01 15 20  -178  -222 10235   230    41 -9999     0 -9999
2024 01 15 21  -172  -228 10237   220    51     6     0 -9999
2024 01 15 22  -178  -233 10244   240    57 -9999     0 -9999
2024 01 15 23  -189  -233 10248   240    51 -9999     0 -9999
2024 01 16 00  -189  -239 10241   250    36     8     0 -9999
2024 01 16 01  -189  -233 10239   250    57 -9999     0 -9999
2024 01 16 02  -189  -228 10239   240    41 -9999     0 -9999
2024 01 16 03  -183  -228 10234   240    46     8     0 -9999
2024 01 16 04  -183  -228 10228   250    51 -9999     0 -9999
2024 01 16 05  -183  -222 10223   260    46 -9999     0 -9999
2024 01 16 06  -178  -217 10218   250    51     8     0 -9999
2024 01 16 07  -178  -217 10215   250    57 -9999     0 -9999
2024 01 16 08  -178  -217 10212   240    62 -9999     0 -9999
2024 01 16 09  -183  -228 10214   260    67     6     0 -9999
2024 01 16 10  -189  -233 10210   250    72     2     0 -9999
2024 01 16 11  -200  -239 10208   240    62     2     0 -9999
2024 01 16 12  -206  -250 10210   250    62     2     0 -9999
2024 01 16 13  -211  -250 10209   250    57     2     0 -9999
2024 01 16 14  -211  -250 10208   250    57     2     0 -9999
2024 01 16 15  -206  -250 10211   250    57     2     0 -9999
2024 01 16 16  -200  -244 10208   250    72     0     0 -9999
2024 01 16 17  -189  -233 10206   240    72     2     0 -9999
2024 01 16 18  -178  -233 10196   250    82     2     0 -9999
2024 01 16 19  -172  -228 10186   240    98     2     0 -9999
2024 01 16 20  -167  -228 10181   250    88     2     0 -9999
2024 01 16 21  -167  -228 10179   230    67     2     0 -9999
2024 01 16 22  -167  -233 10179   240    93     4     0 -9999
2024 01 16 23  -172  -233 10179   240    72     4     0 -9999
2024 01 17 00  -172  -228 10180   230    77     2     0 -9999
2024 01 17 01  -167  -228 10179   240    72     0     0 -9999
2024 01 17 02  -167  -222 10178   230    67     2     0 -9999
2024 01 17 03  -167  -222 10175   230    82     2     0 -9999
2024 01 17 04  -161  -222 10175   230    67     0     0 -9999
2024 01 17 05  -161  -222 10171   230    88     0     0 -9999
2024 01 17 06  -161  -222 10166   240    67     0     0 -9999
2024 01 17 07  -161  -222 10157   240    62     0     0 -9999
2024 01 17 08  -161  -222 10156   240    72     0     0 -9999
2024 01 17 09  -161  -222 10158   240    62     2     0 -9999
2024 01 17 10  -161  -222 10153   230    57     2     0 -9999
2024 01 17 11  -161  -217 10146   220    51 -9999     0 -9999
2024 01 17 12  -156  -211 10140   230    67     8     0 -9999
2024 01 17 13  -150  -211 10137   220    67 -9999     0 -9999
2024 01 17 14  -144  -200 10141   220    67 -9999     0 -9999
2024 01 17 15  -133  -189 10146   230    57     6     0 -9999
2024 01 17 16  -122  -183 10152   230    88 -9999     0 -9999
2024 01 17 17  -111  -172 10148   250    72 -9999     0 -9999
2024 01 17 18  -100  -161 10143   220    62     6     0 -9999
2024 01 17 19   -94  -156 10139   250    67     4     0 -9999
2024 01 17 20   -83  -144 10141   240    57 -9999     0 -9999
2024 01 17 21   -83  -150 10146   250    67     6     0 -9999
2024 01 17 22   -83  -150 10154   250    67 -9999     0 -9999
2024 01 17 23   -89  -150 10160   240    62 -9999     0 -9999
2024 01 18 00   -89  -150 10166   230    46     8     0 -9999
2024 01 18 01   -83  -139 10166   220    36 -9999     0 -9999
2024 01 18 02   -78  -133 10164   230    41 -9999     0 -9999
2024 01 18 03   -72  -128 10165   230    46     8     0 -9999
2024 01 18 04   -67  -122 10167   250    31 -9999     0 -9999
2024 01 18 05   -67  -122 10169   260    51 -9999     0 -9999
2024 01 18 06   -67  -122 10168   270    31     8     0 -9999
2024 01 18 07   -67  -117 -9999   280    21 -9999    -1 -9999
2024 01 18 08   -72   -94 10165   190    21 -9999     3 -9999
2024 01 18 09   -72   -89 10165   230    15     8     3 -9999
2024 01 18 10   -72   -94 10164   290    21 -9999    -1 -9999
2024 01 18 11   -72  -106 10165   300    26 -9999     0 -9999
2024 01 18 12   -72  -117 10166   350    21     8     0     5
2024 01 18 13   -72  -122 -9999   360    26 -9999     0 -9999
2024 01 18 14   -67  -117 10169     0     0 -9999     0 -9999
2024 01 18 15   -72  -117 10172    10    15     6     0 -9999
2024 01 18 16   -78  -122 10175   350    26 -9999     0 -9999
2024 01 18 17   -61  -117 10176     0     0 -9999     0 -9999
2024 01 18 18   -39  -111 10168    10    15     6     0 -9999
2024 01 18 19   -39  -111 10161    50    21 -9999     0 -9999
2024 01 18 20   -28  -117 10163    30    21 -9999     0 -9999
2024 01 18 21   -44  -106 10166   350    41     8     0 -9999
2024 01 18 22   -50  -111 10171   350    36 -9999     0 -9999
2024 01 18 23   -61  -117 10174   360    46 -9999     0 -9999
2024 01 19 00   -67  -117 10179   350    51     8     0 -9999
2024 01 19 01   -78  -128 10182   350    41 -9999     0 -9999
2024 01 19 02   -89  -133 10184   350    41 -9999     0 -9999
2024 01 19 03   -94  -139 10190   350    46     8    -1 -9999
2024 01 19 04  -106  -139 10192   340    41 -9999     3 -9999
2024 01 19 05  -111  -139 10194   330    41 -9999     3 -9999
2024 01 19 06  -111  -139 10194   330    51     9     5    10
2024 01 19 07  -111  -139 10190   330    67 -9999     3 -9999
2024 01 19 08  -111  -139 10196   320    51 -9999     5 -9999
2024 01 19 09  -111  -139 10197   320    57     8    -1 -9999
2024 01 19 10  -117  -144 10200   320    67 -9999     3 -9999
2024 01 19 11  -117  -150 10207   320    77 -9999    -1 -9999
2024 01 19 12  -117  -156 10215   310    62     8    -1    10
2024 01 19 13  -122  -156 -9999   320    62 -9999    -1 -9999
2024 01 19 14  -122  -161 10232   310    62 -9999    -1 -9999
2024 01 19 15  -122  -167 10241   320    67     8    -1 -9999
2024 01 19 16  -117  -167 10247   300    62 -9999    -1 -9999
2024 01 19 17  -122  -172 10254   300    57 -9999     0 -9999
2024 01 19 18  -117  -172 10250   300    57     6     0    -1
2024 01 19 19  -106  -172 10249   310    72 -9999     0 -9999
2024 01 19 20  -100  -167 10247   300    67 -9999     0 -9999
2024 01 19 21  -111  -172 10254   290    72     6     0 -9999
2024 01 19 22  -117  -172 10265   290    62 -9999     0 -9999
2024 01 19 23  -117  -178 10271   290    72 -9999     0 -9999
2024 01 20 00  -117  -178 10277   310    51     8    -1    -1
2024 01 20 01  -128  -167 -9999   290    41 -9999    -1 -9999
2024 01 20 02  -133  -167 10284   290    67 -9999    -1 -9999
2024 01 20 03  -139  -172 10285   290    62     8    -1 -9999
2024 01 20 04  -144  -178 10284   290    62     4    -1 -9999
2024 01 20 05  -144  -178 10287   300    62 -9999     0 -9999
2024 01 20 06  -150  -183 10287   290    57     4     0    -1
2024 01 20 07  -156  -189 10285   300    57     4     0 -9999
2024 01 20 08  -150  -183 10287   310    57 -9999     0 -9999
2024 01 20 09  -139  -178 10291   310    57     8     0 -9999
2024 01 20 10  -133  -172 10295   310    46 -9999     0 -9999
2024 01 20 11  -133  -172 10302   310    51 -9999     0 -9999
2024 01 20 12  -128  -172 10311   320    57     6     0 -9999
2024 01 20 13  -139  -178 10320   320    46 -9999     0 -9999
2024 01 20 14  -144  -183 10327   310    46     2     0 -9999
2024 01 20 15  -128  -178 10335   310    46     2     0 -9999
2024 01 20 16  -111  -172 10344   320    51     2     0 -9999
2024 01 20 17  -100  -167 10344   320    41     2     0 -9999
2024 01 20 18   -83  -167 10344   340    41     2     0 -9999
2024 01 20 19   -83  -156 10343   300    57     2     0 -9999
2024 01 20 20   -78  -156 10344   320    51     2     0 -9999
2024 01 20 21   -78  -156 10346   310    51     2     0 -9999
2024 01 20 22   -83  -161 10350   330    46     2     0 -9999
2024 01 20 23   -94  -161 10356   280    41     2     0 -9999
2024 01 21 00  -106  -167 10361   280    36     0     0 -9999
2024 01 21 01  -117  -167 10364   260    36     0     0 -9999
2024 01 21 02  -128  -172 10368   260    31     0     0 -9999
2024 01 21 03  -133  -183 10370   270    26     0     0 -9999
2024 01 21 04  -139  -183 10372   260    31     0     0 -9999
2024 01 21 05  -144  -189 10369   270    26     0     0 -9999
2024 01 21 06  -150  -194 10373   240    31     0     0 -9999
2024 01 21 07  -150  -200 10372   260    21     0     0 -9999
2024 01 21 08  -156  -200 10377   240    21     0     0 -9999
2024 01 21 09  -161  -194 10378   220    15     0     0 -9999
2024 01 21 10  -167  -200 10374   240    15     0     0 -9999
2024 01 21 11  -172  -206 10376   210    15     0     0 -9999
2024 01 21 12  -172  -200 10377   180    15     0     0 -9999
2024 01 21 13  -172  -200 10378   210    15     2     0 -9999
2024 01 21 14  -167  -194 10376   210    31     2     0 -9999
2024 01 21 15  -144  -189 10376   200    31     4     0 -9999
2024 01 21 16  -117  -172 10372   190    51     4     0 -9999
2024 01 21 17  -100  -172 10364   190    51 -9999     0 -9999
2024 01 21 18   -89  -172 10352   190    51     6     0 -9999
2024 01 21 19   -83  -167 10340   200    62 -9999     0 -9999
2024 01 21 20   -83  -161 10331   190    62 -9999     0 -9999
2024 01 21 21   -72  -144 10321   200    62     6     0 -9999
2024 01 21 22   -67  -139 10317   180    46 -9999     0 -9999
2024 01 21 23   -72  -133 10315   180    62 -9999     0 -9999
2024 01 22 00   -72  -128 10310   180    57     6     0 -9999
2024 01 22 01   -67  -128 10305   180    67 -9999     0 -9999
2024 01 22 02   -72  -128 10303   180    57 -9999     0 -9999
2024 01 22 03   -72  -133 10292   180    72     6     0 -9999
2024 01 22 04   -67  -133 10289   190    62 -9999     0 -9999
2024 01 22 05   -67  -128 10283   180    57 -9999     0 -9999
2024 01 22 06   -61  -122 10270   180    57     8     0 -9999
2024 01 22 07   -56  -117 10260   190    67 -9999     0 -9999
2024 01 22 08   -50  -117 10255   190    51 -9999     0 -9999
2024 01 22 09   -44  -106 10249   190    51     8     0 -9999
2024 01 22 10   -39  -100 10245   200    57 -9999     0 -9999
2024 01 22 11   -39   -89 10240   200    51 -9999     0 -9999
2024 01 22 12   -39   -61 10238   200    72     8    -1    -1
2024 01 22 13   -33   -56 10235   210    72 -9999    -1 -9999
2024 01 22 14   -33   -56 10234   200    57 -9999    -1 -9999
2024 01 22 15   -28   -56 10238   210    62     8     3 -9999
2024 01 22 16   -17   -44 10238   220    62 -9999     0 -9999
2024 01 22 17   -11   -39 10241   210    72 -9999    -1 -9999
2024 01 22 18    -6   -28 10238   210    51     8    -1     3
2024 01 22 19     0   -22 10231   220    62 -9999    -1 -9999
2024 01 22 20     0   -17 10231   220    62 -9999     0 -9999
2024 01 22 21     0   -17 10228   210    57 -9999     0 -9999
2024 01 22 22     0   -11 10232   210    57 -9999     0 -9999
2024 01 22 23     6   -11 10235   210    36 -9999     0 -9999
2024 01 23 00     6   -11 10245   210    46     8     0    -1
2024 01 23 01     6    -6 10248   200    41 -9999     0 -9999
2024 01 23 02    11    -6 10255   210    31 -9999     3 -9999
2024 01 23 03    11    -6 10257   210    36     8     3 -9999
2024 01 23 04     6     0 10260   200    26 -9999    -1 -9999
2024 01 23 05     6     0 10262   210    15 -9999    -1 -9999
2024 01 23 06     6     0 10259   200    21     8    -1     5
2024 01 23 07     6     0 10255   160    15 -9999    -1 -9999
2024 01 23 08     6     0 10252   150    21 -9999     3 -9999
2024 01 23 09     6     0 10249   150    26     8     5 -9999
2024 01 23 10     6    -6 10247   140    26 -9999    13 -9999
2024 01 23 11     6     0 10246   140    26 -9999    10 -9999
2024 01 23 12     6     0 10241   110    31     8    10    40
2024 01 23 13    11     0 10234    90    41 -9999    15 -9999
2024 01 23 14    11     0 10235    90    41 -9999     8 -9999
2024 01 23 15    11     6 10234    90    21     8     8 -9999
2024 01 23 16    11     6 10231    90    26 -9999     5 -9999
2024 01 23 17    17    11 10228    90    15 -9999     8 -9999
2024 01 23 18    17    11 10222    80    21     8     3    50
2024 01 23 19    22    11 10218     0     0 -9999     3 -9999
2024 01 23 20    22    11 10213    30    21 -9999    -1 -9999
2024 01 23 21    22    11 10220     0     0     8    -1 -9999
2024 01 23 22    28    17 10221     0     0 -9999     3 -9999
2024 01 23 23    22    11 10232   250    15 -9999     0 -9999
2024 01 24 00    22    11 10231     0     0     8     0     5
2024 01 24 01    22    11 10232   330    21 -9999     0 -9999
2024 01 24 02    17    11 10240   320    15 -9999     0 -9999
2024 01 24 03    17    11 10244     0     0     8     0 -9999
2024 01 24 04    17    11 10244     0     0 -9999     0 -9999
2024 01 24 05    17    11 10243     0     0 -9999     0 -9999
2024 01 24 06    17    11 10240    10    15     8     0 -9999
2024 01 24 07    11     0 10238     0     0 -9999     0 -9999
2024 01 24 08    17     6 10237     0     0 -9999     0 -9999
2024 01 24 09    11     6 10237     0     0     8     0 -9999
2024 01 24 10    11     0 10232    30    21     9    -1 -9999
2024 01 24 11    11    11 -9999    50    26     9    -1 -9999
2024 01 24 12    11    11 10220    90    21     8     0    -1
2024 01 24 13    11    11 10217    40    21 -9999     0 -9999
2024 01 24 14    17    11 -9999    40    26     9    -1 -9999
2024 01 24 15    22    17 10213   100    26     9     3 -9999
2024 01 24 16    22    22 10211    80    26 -9999     5 -9999
2024 01 24 17    22    17 10207    40    26 -9999     8 -9999
2024 01 24 18    22    17 10197    40    36     8     8    20
2024 01 24 19    28    22 10183    40    36 -9999     5 -9999
2024 01 24 20    28    22 10180    30    36 -9999     0 -9999
2024 01 24 21    28    22 10175    30    46     8    -1 -9999
2024 01 24 22    28    22 10177    20    41 -9999    -1 -9999
2024 01 24 23    28    22 10183    10    41 -9999    13 -9999
2024 01 25 00    28    22 10185    20    41     8     5    20
2024 01 25 01    28    22 10191    20    41 -9999    -1 -9999
2024 01 25 02    28    22 10188    20    36 -9999     0 -9999
2024 01 25 03    22    22 10190    20    36     8     0 -9999
2024 01 25 04    28    22 10180    50    26 -9999     0 -9999
2024 01 25 05    22    22 10189   360    26     9     0 -9999
2024 01 25 06    22    22 10194     0     0     9     0    -1
2024 01 25 07    22    22 10194   340    26     9     0 -9999
2024 01 25 08    17    17 10200   350    31     9     0 -9999
2024 01 25 09    17    11 10203   360    31     9     0 -9999
2024 01 25 10    17    17 10204    30    26     9     0 -9999
2024 01 25 11    22    22 10198    80    36     9     0 -9999
2024 01 25 12    22    22 10196    60    36     9     0 -9999
2024 01 25 13    17    17 10207   340    31     9     0 -9999
2024 01 25 14    22    22 10207    50    31     9    -1 -9999
2024 01 25 15    28    28 10203    70    21     9     0 -9999
2024 01 25 16    28    28 -9999    20    36     9     0 -9999
2024 01 25 17    33    33 10202    50    26     9     0 -9999
2024 01 25 18    33    28 10193    30    46     9     0     0
2024 01 25 19    33    28 10186    40    36     9     0 -9999
2024 01 25 20    33    28 10175    40    36     9     0 -9999
2024 01 25 21    33    28 10164    40    57     9     0 -9999
2024 01 25 22    28    28 10161    30    51     9     0 -9999
2024 01 25 23    28    28 10160    40    46     9     0 -9999
2024 01 26 00    28    28 10162    20    46     8    -1    -1
2024 01 26 01    28    28 -9999    20    46 -9999    10 -9999
2024 01 26 02    28    28 10149    30    57 -9999    13 -9999
2024 01 26 03    33    28 10143    50    51     8    10 -9999
2024 01 26 04    33    28 10136    40    46 -9999    15 -9999
2024 01 26 05    33    28 10128    40    57 -9999    15 -9999
2024 01 26 06    33    28 10124    30    57     8     8    70
2024 01 26 07    33    28 10131   350    51 -9999    20 -9999
2024 01 26 08    33    28 10142   340    46 -9999    28 -9999
2024 01 26 09    28    22 10141    10    41     8    18 -9999
2024 01 26 10    33    22 10148    20    46 -9999     3 -9999
2024 01 26 11    33    28 10158    20    41 -9999    -1 -9999
2024 01 26 12    33    28 10166    10    41     8    -1    70
2024 01 26 13    33    28 10169    10    41 -9999     0 -9999
2024 01 26 14    33    28 10183    10    26 -9999     0 -9999
2024 01 26 15    33    33 10189   320    31     8     3 -9999
2024 01 26 16    39    33 10197   320    21 -9999    -1 -9999
2024 01 26 17    33    28 10206   310    26 -9999    -1 -9999
2024 01 26 18    39    33 10204   330    21     8     3     3
2024 01 26 19    39    33 10200   350    26 -9999    -1 -9999
2024 01 26 20    39    33 10198   360    26 -9999    -1 -9999
2024 01 26 21    44    33 10201   360    26     8     5 -9999
2024 01 26 22    39    33 10209   340    26 -9999     3 -9999
2024 01 26 23    39    28 10217   340    21 -9999    13 -9999
2024 01 27 00    33    22 10226     0     0     8     3    30
2024 01 27 01    33    28 10229     0     0 -9999    -1 -9999
2024 01 27 02    33    28 10230   310    21 -9999    -1 -9999
2024 01 27 03    28    22 10230   320    26     8    -1 -9999
2024 01 27 04    28    28 10230   330    15 -9999     0 -9999
2024 01 27 05    28    22 10232   360    15 -9999     0 -9999
2024 01 27 06    28    22 10234     0     0     8     0    -1
2024 01 27 07    28    22 10229   330    21 -9999     0 -9999
2024 01 27 08    28    22 10229   310    21 -9999     0 -9999
2024 01 27 09    22    22 10225     0     0     8     0 -9999
2024 01 27 10    22    17 10226    10    21 -9999     0 -9999
2024 01 27 11    22    22 10237     0     0 -9999    -1 -9999
2024 01 27 12    22    17 10238   360    15     9    -1    -1
2024 01 27 13    22    22 10244     0     0     9    -1 -9999
2024 01 27 14    22    22 10235   300    21     9    -1 -9999
2024 01 27 15    28    28 10231     0     0     8    -1 -9999
2024 01 27 16    28    22 10227    20    31 -9999    -1 -9999
2024 01 27 17    33    28 10228    40    31 -9999    -1 -9999
2024 01 27 18    39    33 10224    30    26     8    -1    -1
2024 01 27 19    44    33 10213    20    31 -9999     0 -9999
2024 01 27 20    44    33 10203    30    41 -9999     0 -9999
2024 01 27 21    44    33 10196    30    51     8     0 -9999
2024 01 27 22    33    28 -9999    40    46 -9999     0 -9999
2024 01 27 23    33    28 10196    30    62 -9999     0 -9999
2024 01 28 00    28    28 10197    10    46     9    -1    -1
2024 01 28 01    33    28 10193    10    57 -9999    -1 -9999
2024 01 28 02    33    28 -9999    10    46 -9999    -1 -9999
2024 01 28 03    33    28 10185   350    51     8    -1 -9999
2024 01 28 04    28    22 10178   350    57 -9999    -1 -9999
2024 01 28 05    28    22 10175   360    46 -9999    -1 -9999
2024 01 28 06    28    22 10174   350    41     8     3     3
2024 01 28 07    28    22 10171   350    57 -9999     5 -9999
2024 01 28 08    28    22 10172   350    57 -9999     3 -9999
2024 01 28 09    28    22 10172   360    77     8     3 -9999
2024 01 28 10    28    22 10172   360    77 -9999    -1 -9999
2024 01 28 11    28    22 10175   360    72 -9999    -1 -9999
2024 01 28 12    28    22 10175   340    57     8     0    10
2024 01 28 13    28    22 10181   350    51 -9999    -1 -9999
2024 01 28 14    28    22 10184   350    51 -9999    -1 -9999
2024 01 28 15    28    17 10190   340    62     8     0 -9999
2024 01 28 16    28    17 10198   340    62 -9999     0 -9999
2024 01 28 17    33    22 10200   350    57 -9999    -1 -9999
2024 01 28 18    39    17 10199   340    67     8     0    -1
2024 01 28 19    33     6 10197   350    67 -9999     0 -9999
2024 01 28 20    33     0 10196   360    57 -9999     0 -9999
2024 01 28 21    33    -6 10201   330    41     8     0 -9999
2024 01 28 22    28   -11 10208   330    36 -9999     0 -9999
2024 01 28 23    22   -11 10216   310    51 -9999     0 -9999
2024 01 29 00    22   -11 10222   320    36     8     0 -9999
2024 01 29 01    17   -17 10225   310    46 -9999     0 -9999
2024 01 29 02    17   -17 10228   310    21 -9999     0 -9999
2024 01 29 03    17   -17 10229   290    26     8     0 -9999
2024 01 29 04    11   -22 10230   310    26 -9999     0 -9999
2024 01 29 05    11   -17 10233   310    41 -9999     0 -9999
2024 01 29 06     6   -17 10229   280    26     8     0 -9999
2024 01 29 07     6   -17 10225   250    36 -9999     0 -9999
2024 01 29 08     0   -22 10226   260    46 -9999     0 -9999
2024 01 29 09     0   -17 10224   270    31     8     0 -9999
2024 01 29 10    -6   -22 10221   250    31 -9999     0 -9999
2024 01 29 11    -6   -22 10220   270    41 -9999     0 -9999
2024 01 29 12    -6   -22 10220   260    46     8     0 -9999
2024 01 29 13   -11   -22 10225   270    41 -9999     0 -9999
2024 01 29 14   -11   -22 10223   240    36 -9999     0 -9999
2024 01 29 15    -6   -22 10222   240    36     8     0 -9999
2024 01 29 16    -6   -22 10221   220    36 -9999     0 -9999
2024 01 29 17     6   -11 10218   240    51 -9999     0 -9999
2024 01 29 18    17    -6 10208   220    51     6     0 -9999
2024 01 29 19    33     0 10196   240    46     2     0 -9999
2024 01 29 20    33     0 10188   230    46     2     0 -9999
2024 01 29 21    33     0 10184   220    51     2     0 -9999
2024 01 29 22    28     0 10177   200    51     2     0 -9999
2024 01 29 23    22    -6 10175   200    46     2     0 -9999
2024 01 30 00    17    -6 10165   200    62     4     0 -9999
2024 01 30 01    22     6 10161   200    51 -9999     0 -9999
2024 01 30 02    22     6 10157   210    62 -9999     0 -9999
2024 01 30 03    28    11 10149   200    67     8     0 -9999
2024 01 30 04    33    17 10144   210    62 -9999     0 -9999
2024 01 30 05    39    17 10137   200    72 -9999     0 -9999
2024 01 30 06    39    17 10127   200    72     8     0 -9999
2024 01 30 07    33    17 10119   210    67 -9999    -1 -9999
2024 01 30 08    33    17 10119   210    46 -9999    -1 -9999
2024 01 30 09    33    17 10112   210    51     8     0 -9999
2024 01 30 10    28    17 10107   200    46 -9999    -1 -9999
2024 01 30 11    28    17 10105   230    31 -9999    -1 -9999
2024 01 30 12    28    22 10109   250    26     8    -1    -1
2024 01 30 13    28    22 10109   210    21 -9999    -1 -9999
2024 01 30 14    28    22 10116   270    21 -9999     0 -9999
2024 01 30 15    39    17 10118   320    36     8     0 -9999
2024 01 30 16    39     6 10122   330    57 -9999     0 -9999
2024 01 30 17    44     6 10122   300    51 -9999     0 -9999
2024 01 30 18    50     0 10121   330    62     8     0    -1
2024 01 30 19    44     0 10122   340    51 -9999     0 -9999
2024 01 30 20    44     0 10123   330    41 -9999     0 -9999
2024 01 30 21    44    -6 10130   320    57     8     0 -9999
2024 01 30 22    44    -6 10141   330    41 -9999     0 -9999
2024 01 30 23    39    -6 10149   320    62 -9999     0 -9999
2024 01 31 00    33     0 10157   330    46     8     0 -9999
2024 01 31 01    33     0 10164   330    36 -9999     0 -9999
2024 01 31 02    33     0 10174   330    41 -9999     0 -9999
2024 01 31 03    33     0 10178   330    31     8     0 -9999
2024 01 31 04    33    -6 10179   320    41 -9999     0 -9999
2024 01 31 05    33    -6 10182   320    36 -9999     0 -9999
2024 01 31 06    28     0 10189   320    36     8     0 -9999
2024 01 31 07    28     0 10190   310    26 -9999     0 -9999
2024 01 31 08    28     0 10193   290    26 -9999     0 -9999
2024 01 31 09    28     0 10195   290    31     8     0 -9999
2024 01 31 10    28    -6 10199   290    26 -9999     0 -9999
2024 01 31 11    28    -6 -9999   280    31 -9999     0 -9999
2024 01 31 12    28    -6 10202   260    26     8     0 -9999
2024 01 31 13    28    -6 10208   240    21 -9999     0 -9999
2024 01 31 14    28    -6 10207   220    26 -9999     0 -9999
2024 01 31 15    33    -6 10210   230    36     8     0 -9999
2024 01 31 16    33    -6 10211   230    67 -9999     0 -9999
2024 01 31 17    28    -6 10212   240    46 -9999     0 -9999
2024 01 31 18    33     0 10204   220    57     8     0 -9999
2024 01 31 19    28     0 10198   230    77 -9999     0 -9999
2024 01 31 20    28     0 10190   240    62 -9999     0 -9999
2024 01 31 21    33     6 10187   230    46     8     0 -9999
2024 01 31 22    33     0 10184   220    67 -9999     0 -9999
2024 01 31 23    28     0 10181   230    57 -9999     0 -9999
2024 02 01 00    28     0 10179   220    51     6     0 -9999
2024 02 01 01    28     6 10168   210    57     4     0 -9999
2024 02 01 02    28     6 10163   210    57     2     0 -9999
2024 02 01 03    28     6 10163   210    62     2     0 -9999
2024 02 01 04    28     6 10158   210    57     2     0 -9999
2024 02 01 05    28     6 10158   220    41     0     0 -9999
2024 02 01 06    22     6 10158   220    41     0     0 -9999
2024 02 01 07    22     6 10151   210    51     0     0 -9999
2024 02 01 08    22     6 10150   220    41     0     0 -9999
2024 02 01 09    22     6 10140   220    57     0     0 -9999
2024 02 01 10    22     6 10139   220    41     0     0 -9999
2024 02 01 11    17     0 10137   220    31     0     0 -9999
2024 02 01 12    17     0 10134   220    31     4     0 -9999
2024 02 01 13    17     0 10134   220    31     2     0 -9999
2024 02 01 14    22     0 10133   230    36     2     0 -9999
2024 02 01 15    39    11 10130   230    41     4     0 -9999
2024 02 01 16    61    22 10126   250    41     4     0 -9999
2024 02 01 17    89    33 10126   290    31     2     0 -9999
2024 02 01 18   100    44 10114   250    21     2     0 -9999
2024 02 01 19   111    44 10116   290    21     2     0 -9999
2024 02 01 20   128    50 10113    10    15     2     0 -9999
2024 02 01 21   106    44 10118    40    57     4     0 -9999
2024 02 01 22    72    22 10128    30    67     4     0 -9999
2024 02 01 23    50    17 10140    30    51     4     0 -9999
2024 02 02 00    39    22 10150    30    62     6     0 -9999
2024 02 02 01    44    22 10157    30    77 -9999     0 -9999
2024 02 02 02    39    17 10162    30    72 -9999     0 -9999
2024 02 02 03    28    11 10164    20    41     2     0 -9999
2024 02 02 04    28     6 10168    30    57     2     0 -9999
2024 02 02 05    28    11 10170    20    57 -9999     0 -9999
2024 02 02 06    28     6 10176    30    77     8     0 -9999
2024 02 02 07    28     6 10176    30    62 -9999     0 -9999
2024 02 02 08    28     6 10184    30    67 -9999     0 -9999
2024 02 02 09    28     6 10185    30    67     8     0 -9999
2024 02 02 10    28     6 10188    30    57 -9999     0 -9999
2024 02 02 11    28     6 -9999    30    46 -9999     0 -9999
2024 02 02 12    28     6 10195    30    41     8     0 -9999
2024 02 02 13    28     0 10199    40    51 -9999     0 -9999
2024 02 02 14    33     0 10207    40    51 -9999     0 -9999
2024 02 02 15    33     0 10213    60    46     8     0 -9999
2024 02 02 16    33     0 10216    60    62 -9999     0 -9999
2024 02 02 17    33    -6 10220    70    41 -9999     0 -9999
2024 02 02 18    39    -6 10214    70    41     8     0 -9999
2024 02 02 19    50    -6 10208    80    31 -9999     0 -9999
2024 02 02 20    39    -6 10204    60    51 -9999     0 -9999
2024 02 02 21    50     0 10206    20    57     6     0 -9999
2024 02 02 22    28    -6 10206    50    57 -9999     0 -9999
2024 02 02 23    17   -11 10209    50    51 -9999     0 -9999
2024 02 03 00    11   -11 10211    40    51     6     0 -9999
2024 02 03 01    11   -11 10214    70    51 -9999     0 -9999
2024 02 03 02    17    -6 10211    40    46 -9999     0 -9999
2024 02 03 03     6   -11 10213    10    26     4     0 -9999
2024 02 03 04     6   -11 10211    20    26     2     0 -9999
2024 02 03 05     0   -11 10210   340    15     0     0 -9999
2024 02 03 06     0   -17 10208     0     0     0     0 -9999
2024 02 03 07   -11   -22 10209    20    21     0     0 -9999
2024 02 03 08    -6   -17 10209    80    26     2     0 -9999
2024 02 03 09   -11   -22 10206    80    21     0     0 -9999
2024 02 03 10     0   -22 10204    80    26     0     0 -9999
2024 02 03 11    -6   -22 10204    90    26     0     0 -9999
2024 02 03 12   -11   -28 10207   110    21     0     0 -9999
2024 02 03 13   -11   -28 10206     0     0     0     0 -9999
2024 02 03 14     0   -17 10208     0     0     0     0 -9999
2024 02 03 15    17   -11 10209   130    21     0     0 -9999
2024 02 03 16    33   -11 10210   100    41     2     0 -9999
2024 02 03 17    50   -11 10206    70    31     2     0 -9999
2024 02 03 18    50    -6 10201    70    31     2     0 -9999
2024 02 03 19    56    -6 10192    60    41     2     0 -9999
2024 02 03 20    39   -11 10188    60    46     2     0 -9999
2024 02 03 21    28   -17 10186    70    41     2     0 -9999
2024 02 03 22     6   -22 10183    80    51 -9999     0 -9999
2024 02 03 23     0   -22 10187    40    41     4     0 -9999
2024 02 04 00    -6   -22 10192    20    36     4     0 -9999
2024 02 04 01     0   -22 10192    20    41 -9999     0 -9999
2024 02 04 02     0   -17 10192    20    46     2     0 -9999
2024 02 04 03     0   -11 10188    30    36     2     0 -9999
2024 02 04 04     6    -6 10183    30    36     2     0 -9999
2024 02 04 05    -6   -17 10181    20    36     0     0 -9999
2024 02 04 06    -6   -11 10178    30    26     0     0 -9999
2024 02 04 07     0   -17 10169    30    31     0     0 -9999
2024 02 04 08     6   -11 10171    60    36     2     0 -9999
2024 02 04 09     6   -11 10171    50    36     4     0 -9999
2024 02 04 10    -6   -22 10172    30    21     4     0 -9999
2024 02 04 11   -11   -22 10173    40    21     2     0 -9999
2024 02 04 12    -6   -22 10176    40    31     2     0 -9999
2024 02 04 13     0   -17 10178    40    46 -9999     0 -9999
2024 02 04 14    17    -6 10179    40    41 -9999     0 -9999
2024 02 04 15    33     6 10184    60    41     6     0 -9999
2024 02 04 16    50     0 10190    70    36     4     0 -9999
2024 02 04 17    61     0 10190    50    46     4     0 -9999
2024 02 04 18    67     0 10185    20    67     6     0 -9999
2024 02 04 19    72   -11 10179    40    57     4     0 -9999
2024 02 04 20    78   -17 10172    30    67     4     0 -9999
2024 02 04 21    67   -17 10175    40    67     4     0 -9999
2024 02 04 22    56     0 10177    30    67     4     0 -9999
2024 02 04 23    28     0 10181    30    67 -9999     0 -9999
2024 02 05 00    11   -11 10184    30    41     6     0 -9999
2024 02 05 01    11   -11 10187    20    31     4     0 -9999
2024 02 05 02     6    -6 10187    10    36     2     0 -9999
2024 02 05 03     0   -11 10187   360    21     2     0 -9999
2024 02 05 04    -6   -17 10186   350    26     2     0 -9999
2024 02 05 05   -11   -22 10184    10    31     2     0 -9999
2024 02 05 06   -17   -22 10186   360    31     4     0 -9999
2024 02 05 07    -6   -11 -9999    10    36 -9999     0 -9999
2024 02 05 08   -11   -22 10188    30    46 -9999     0 -9999
2024 02 05 09     0   -11 10191    10    51     8     0 -9999
2024 02 05 10     0   -11 10194    20    46 -9999     0 -9999
2024 02 05 11     6   -11 10196    20    57 -9999     0 -9999
2024 02 05 12     6    -6 10197    10    46     8     0 -9999
2024 02 05 13     6    -6 10202    30    51 -9999     0 -9999
2024 02 05 14     6    -6 10204   350    36 -9999     0 -9999
2024 02 05 15    11    -6 10207    20    51     8     0 -9999
2024 02 05 16    22    -6 10210    30    67 -9999     0 -9999
2024 02 05 17    28    -6 10211   360    57 -9999     0 -9999
2024 02 05 18    33    -6 10207   360    51     6     0 -9999
2024 02 05 19    39    -6 10205    30    46 -9999     0 -9999
2024 02 05 20    44    -6 10203    50    51     2     0 -9999
2024 02 05 21    44    -6 10201    30    67     4     0 -9999
2024 02 05 22    39    -6 10206    40    51     4     0 -9999
2024 02 05 23    22   -11 10211    30    41 -9999     0 -9999
2024 02 06 00    11   -11 10215    30    46     6     0 -9999
2024 02 06 01    11   -11 10214    40    41 -9999     0 -9999
2024 02 06 02    11   -11 10216    20    46 -9999     0 -9999
2024 02 06 03    11    -6 10215    40    36     6     0 -9999
2024 02 06 04    11    -6 10217    30    46 -9999     0 -9999
2024 02 06 05    11    -6 10223   360    36 -9999     0 -9999
2024 02 06 06    11    -6 10226   360    36     8     0 -9999
2024 02 06 07    11    -6 10222    20    41 -9999     0 -9999
2024 02 06 08     0   -11 10221   350    21 -9999     0 -9999
2024 02 06 09     0   -17 10217    40    26     6     0 -9999
2024 02 06 10     0   -11 10217    40    21 -9999     0 -9999
2024 02 06 11     6    -6 10222   330    26 -9999     0 -9999
2024 02 06 12    17     6 10235   330    21     8     0 -9999
2024 02 06 13    17     0 10241   350    21 -9999     0 -9999
2024 02 06 14    22     6 10240    80    26 -9999     0 -9999
2024 02 06 15    11     6 10239   140    26     9     0 -9999
2024 02 06 16    22    11 10237   130    31 -9999     0 -9999
2024 02 06 17    39    11 10238   130    21 -9999     0 -9999
2024 02 06 18    67    11 10237    70    21     2     0 -9999
2024 02 06 19    72    17 10224     0     0     2     0 -9999
2024 02 06 20    78    11 10223   190    15     2     0 -9999
2024 02 06 21    89    17 10224   200    26     6     0 -9999
2024 02 06 22    78    11 10223   200    36 -9999     0 -9999
2024 02 06 23    67     6 10227   220    31 -9999     0 -9999
2024 02 07 00    44     0 10229   220    21     6     0 -9999
2024 02 07 01    33     0 10234   260    21 -9999     0 -9999
2024 02 07 02    28    -6 10227   230    15 -9999     0 -9999
2024 02 07 03    17    -6 10233     0     0     6     0 -9999
2024 02 07 04    11    -6 10221   150    26 -9999     0 -9999
2024 02 07 05    11    -6 10228   250    15 -9999     0 -9999
2024 02 07 06    11    -6 10225   170    26     6     0 -9999
2024 02 07 07    11    -6 10225   210    15 -9999     0 -9999
2024 02 07 08     6   -11 10223     0     0 -9999     0 -9999
2024 02 07 09     6   -11 10222     0     0     6     0 -9999
2024 02 07 10    -6   -17 10223     0     0     2     0 -9999
2024 02 07 11     0   -11 10215   180    15     4     0 -9999
2024 02 07 12     0   -17 10228     0     0     6     0 -9999
2024 02 07 13    -6   -17 10231   150    21 -9999     0 -9999
2024 02 07 14     6   -11 10231   140    26 -9999     0 -9999
2024 02 07 15    17    -6 10229   190    36     6     0 -9999
2024 02 07 16    39     0 10228   200    26 -9999     0 -9999
2024 02 07 17    50     6 10226   190    31 -9999     0 -9999
2024 02 07 18    61     6 10216   190    31 -9999     0 -9999
2024 02 07 19    72     6 10195   160    51 -9999     0 -9999
2024 02 07 20    78     6 10183   150    51 -9999     0 -9999
2024 02 07 21    89     0 10193   200    31     8     0 -9999
2024 02 07 22    83     0 10199   190    31 -9999     0 -9999
2024 02 07 23    72     6 10188   150    36 -9999     0 -9999
2024 02 08 00    72    11 10181   140    41 -9999     0 -9999
2024 02 08 01    67    11 10172   130    72 -9999     0 -9999
2024 02 08 02    67    11 10176   150    41 -9999     0 -9999
2024 02 08 03    61    11 10177   160    26     8     0 -9999
2024 02 08 04    56    11 10167   170    31 -9999     0 -9999
2024 02 08 05    61    11 10156   170    41 -9999     0 -9999
2024 02 08 06    67     6 10148   170    36     8     0 -9999
2024 02 08 07    72     0 10141   170    36 -9999     0 -9999
2024 02 08 08    94     0 10141   190    36 -9999     0 -9999
2024 02 08 09    89     0 10132   170    46     8     0 -9999
2024 02 08 10    94     0 10128   180    51 -9999     0 -9999
2024 02 08 11    94     0 10120   170    51 -9999     0 -9999
2024 02 08 12    89     6 10115   190    72     8     0 -9999
2024 02 08 13    78     6 10110   180    41 -9999     0 -9999
2024 02 08 14    83    17 10105   180    57 -9999     0 -9999
2024 02 08 15   100    22 10104   190    67     4     0 -9999
2024 02 08 16   122    28 10090   190    67 -9999     0 -9999
2024 02 08 17   139    39 10086   190    82 -9999     0 -9999
2024 02 08 18   139    44 10072   190   103     6     0 -9999
2024 02 08 19   139    61 10064   190   103 -9999     0 -9999
2024 02 08 20   133    67 10056   180    88 -9999     0 -9999
2024 02 08 21   128    83 10044   180    93     6     3 -9999
2024 02 08 22   139    83 10039   190    77 -9999     0 -9999
2024 02 08 23   139    83 10037   170    98 -9999     0 -9999
2024 02 09 00   139    89 10044   190   108     6     0     3
2024 02 09 01   128    61 10035   180    77 -9999     3 -9999
2024 02 09 02   117    78 10036   180    67 -9999    -1 -9999
2024 02 09 03   122    89 10037   200    77     6     0 -9999
2024 02 09 04   122    89 10034   210    98     4    -1 -9999
2024 02 09 05   122    89 10036   210    98     4     0 -9999
2024 02 09 06   117    83 10044   220    77     4     0     3
2024 02 09 07   100    50 10056   260    62     2     0 -9999
2024 02 09 08    72    17 10067   240    51     2     0 -9999
2024 02 09 09    67    17 10070   230    46     0     0 -9999
2024 02 09 10    61    17 10070   210    46     0     0 -9999
2024 02 09 11    56    11 10072   220    46     2     0 -9999
2024 02 09 12    56    17 10075   210    31     2     0 -9999
2024 02 09 13    56    17 10078   210    46     2     0 -9999
2024 02 09 14    72    17 10081   230    67     2     0 -9999
2024 02 09 15    89    22 10084   230    77     2     0 -9999
2024 02 09 16   100    22 10086   240    72     2     0 -9999
2024 02 09 17   106    11 10083   240    88     2     0 -9999
2024 02 09 18   122    11 10077   240    88     2     0 -9999
2024 02 09 19   128    22 10075   250   103     2     0 -9999
2024 02 09 20   128    28 10069   240   103     4     0 -9999
2024 02 09 21   128    28 10071   240    72     6     0 -9999
2024 02 09 22   128    28 10072   230    88     4     0 -9999
2024 02 09 23   122    22 10072   250    67     2     0 -9999
2024 02 10 00   106    17 10079   270    36     2     0 -9999
2024 02 10 01    94    11 10086   270    46     0     0 -9999
2024 02 10 02    72    11 10090   280    36     0     0 -9999
2024 02 10 03    56     6 10094   310    51     0     0 -9999
2024 02 10 04    44    -6 10097   310    46     0     0 -9999
2024 02 10 05    33   -17 10102   290    36 -9999     0 -9999
2024 02 10 06    28   -17 10105   230    15     0     0 -9999
2024 02 10 07    17   -22 10102   220    15     0     0 -9999
2024 02 10 08    11   -22 10103   210    15     0     0 -9999
2024 02 10 09     6   -22 10103   230    26     2     0 -9999
2024 02 10 10     0   -28 10110   230    26     4     0 -9999
2024 02 10 11     6   -28 10117   310    57 -9999     0 -9999
2024 02 10 12     0   -39 10125   300    62     8     0 -9999
2024 02 10 13     6   -39 10130   300    31 -9999     0 -9999
2024 02 10 14    11   -39 10137   300    62 -9999     0 -9999
2024 02 10 15    11   -39 10149   300    46     8     0 -9999
2024 02 10 16    22   -39 10155   320    46 -9999     0 -9999
2024 02 10 17    17   -44 10161   300    51 -9999     0 -9999
2024 02 10 18    28   -39 10158   320    62     6     0 -9999
2024 02 10 19    33   -44 10159   270    57 -9999     0 -9999
2024 02 10 20    44   -39 10157   300    46     4     0 -9999
2024 02 10 21    50   -39 10162   270    31     4     0 -9999
2024 02 10 22    50   -39 10162   300    51     4     0 -9999
2024 02 10 23    44   -44 10166   300    31 -9999     0 -9999
2024 02 11 00    39   -44 10175   300    21     6     0 -9999
2024 02 11 01    28   -44 10174   300    21 -9999     0 -9999
2024 02 11 02    22   -44 10172   330    15 -9999     0 -9999
2024 02 11 03    11   -44 10185   290    15     6     0 -9999
2024 02 11 04    11   -44 10179   330    21     4     0 -9999
2024 02 11 05     6   -44 10186   290    15     4     0 -9999
2024 02 11 06   -11   -50 10182   340    31     4     0 -9999
2024 02 11 07   -22   -61 10180   350    31     4     0 -9999
2024 02 11 08   -17   -56 10189   340    26     4     0 -9999
2024 02 11 09   -28   -61 10188   340    21     4     0 -9999
2024 02 11 10   -28   -61 10186   350    41     2     0 -9999
2024 02 11 11   -28   -61 10187   340    36     2     0 -9999
2024 02 11 12   -28   -61 10187   340    31     6     0 -9999
2024 02 11 13   -22   -61 10187   350    21 -9999     0 -9999
2024 02 11 14   -22   -56 10195   350    26 -9999     0 -9999
2024 02 11 15   -11   -56 10198   320    21     6     0 -9999
2024 02 11 16     6   -50 10197   320    31 -9999     0 -9999
2024 02 11 17    11   -50 10198   260    15 -9999     0 -9999
2024 02 11 18    33   -44 10189   310    26     6     0 -9999
2024 02 11 19    39   -44 10177   320    36     4     0 -9999
2024 02 11 20    44   -44 10176   320    36     2     0 -9999
2024 02 11 21    44   -39 10175   280    46     2     0 -9999
2024 02 11 22    39   -44 10173   290    26     2     0 -9999
2024 02 11 23    28   -44 10174   300    31     2     0 -9999
2024 02 12 00    11   -44 10175   320    36     2     0 -9999
2024 02 12 01    11   -50 10174   310    21     2     0 -9999
2024 02 12 02     0   -44 10172     0     0     0     0 -9999
2024 02 12 03     0   -50 10170     0     0     0     0 -9999
2024 02 12 04   -11   -50 10169     0     0     0     0 -9999
2024 02 12 05   -17   -56 10165   190    15     0     0 -9999
2024 02 12 06   -17   -50 10166   240    15     0     0 -9999
2024 02 12 07   -22   -50 10166   220    21     0     0 -9999
2024 02 12 08   -28   -50 10162   210    21     0     0 -9999
2024 02 12 09   -28   -50 10156   230    21     0     0 -9999
2024 02 12 10   -28   -50 10154   250    15     0     0 -9999
2024 02 12 11   -33   -50 10151     0     0     0     0 -9999
2024 02 12 12   -33   -50 10147   180    15     0     0 -9999
2024 02 12 13   -33   -50 10147   230    26     0     0 -9999
2024 02 12 14   -22   -44 10141   250    26     0     0 -9999
2024 02 12 15     0   -39 10148   250    36     2     0 -9999
2024 02 12 16    22   -33 10143   220    31     2     0 -9999
2024 02 12 17    44   -44 10137   310    26     2     0 -9999
2024 02 12 18    50   -50 10125   260    31     2     0 -9999
2024 02 12 19    61   -50 10119   250    41     2     0 -9999
2024 02 12 20    67   -33 10112   230    36     2     0 -9999
2024 02 12 21    72   -39 10107   260    36     4     0 -9999
2024 02 12 22    78   -39 10103   250    36 -9999     0 -9999
2024 02 12 23    67   -39 10099   290    36 -9999     0 -9999
2024 02 13 00    56   -33 10095   300    31     6     0 -9999
2024 02 13 01    44   -33 10092   300    26     4     0 -9999
2024 02 13 02    33   -33 10090   270    15     2     0 -9999
2024 02 13 03    28   -33 10092   300    26     0     0 -9999
2024 02 13 04    33   -33 10096   270    15     2     0 -9999
2024 02 13 05    22   -33 10099   270    21     0     0 -9999
2024 02 13 06    17   -33 10103   290    31     0     0 -9999
2024 02 13 07    11   -39 10109   300    36     0     0 -9999
2024 02 13 08    11   -44 10117   320    36     2     0 -9999
2024 02 13 09     6   -39 10121   330    36     2     0 -9999
2024 02 13 10     0   -44 10126   330    41     2     0 -9999
2024 02 13 11   -11   -50 10132   310    26     0     0 -9999
2024 02 13 12   -11   -56 10139   310    31     2     0 -9999
2024 02 13 13   -17   -56 10145   310    36     2     0 -9999
2024 02 13 14    -6   -50 10152   320    46     2     0 -9999
2024 02 13 15    11   -56 10160   320    51     2     0 -9999
2024 02 13 16    28   -61 10167   330    51 -9999     0 -9999
2024 02 13 17    28   -61 10175   320    46 -9999     0 -9999
2024 02 13 18    22   -67 10177   310    46     6     0 -9999
2024 02 13 19    33   -67 10173   310    41 -9999     0 -9999
2024 02 13 20    44   -67 10171   320    21 -9999     0 -9999
2024 02 13 21    39   -78 10174   300    41     4     0 -9999
2024 02 13 22    33   -78 10175   300    46     4     0 -9999
2024 02 13 23    22   -72 10184   340    31     4     0 -9999
2024 02 14 00    11   -83 10191   320    26     2     0 -9999
2024 02 14 01     6   -78 10200   320    15     2     0 -9999
2024 02 14 02     6   -83 10202   340    15     4     0 -9999
2024 02 14 03    -6   -72 10204     0     0     4     0 -9999
2024 02 14 04     0   -72 10203     0     0     4     0 -9999
2024 02 14 05    -6   -78 10204     0     0     4     0 -9999
2024 02 14 06   -11   -72 10208     0     0     6     0 -9999
2024 02 14 07   -17   -72 10210     0     0 -9999     0 -9999
2024 02 14 08   -22   -72 10214     0     0 -9999     0 -9999
2024 02 14 09   -28   -72 10216     0     0     2     0 -9999
2024 02 14 10   -28   -72 10219     0     0     0     0 -9999
2024 02 14 11   -33   -72 10228     0     0     0     0 -9999
2024 02 14 12   -33   -72 10229     0     0     0     0 -9999
2024 02 14 13   -33   -72 10236     0     0     0     0 -9999
2024 02 14 14   -11   -56 10245   200    21     0     0 -9999
2024 02 14 15    11   -44 10243   180    31     0     0 -9999
2024 02 14 16    28   -44 10248   180    26     0     0 -9999
2024 02 14 17    44   -56 10245   210    36     2     0 -9999
2024 02 14 18    61   -44 10237   160    41     2     0 -9999
2024 02 14 19    72   -44 10228   180    31     4     0 -9999
2024 02 14 20    78   -44 10219   160    31     4     0 -9999
2024 02 14 21    78   -44 10217   230    26     6     0 -9999
2024 02 14 22    78   -50 10213   190    41 -9999     0 -9999
2024 02 14 23    72   -44 10212   180    36 -9999     0 -9999
2024 02 15 00    67   -44 10206   150    36     8     0 -9999
2024 02 15 01    50   -39 10204   130    31 -9999     0 -9999
2024 02 15 02    44   -39 10200   140    31 -9999     0 -9999
2024 02 15 03    50   -44 10191   150    51     8     0 -9999
2024 02 15 04    50   -50 10177   150    57 -9999     0 -9999
2024 02 15 05    50   -50 -9999   160    36 -9999     0 -9999
2024 02 15 06    44   -50 10162   150    46     8     0 -9999
2024 02 15 07    50   -56 10144   160    46 -9999     0 -9999
2024 02 15 08    44   -39 10121   140    41 -9999    -1 -9999
2024 02 15 09    50   -22 10096   160    41     8    -1 -9999
2024 02 15 10    61    -6 10098   300    57 -9999    -1 -9999
2024 02 15 11    44    11 10080   170    31 -9999     8 -9999
2024 02 15 12    56    33 10072   220    57     8    10    20
2024 02 15 13    61    39 10082   270    72 -9999     3 -9999
2024 02 15 14    44    11 10099   300    77 -9999     0 -9999
2024 02 15 15    39     0 10122   310    93     6     0 -9999
2024 02 15 16    39     0 10137   320    98 -9999     0 -9999
2024 02 15 17    39   -11 10152   300   103 -9999     0 -9999
2024 02 15 18    44   -22 10159   320    82     4     0     5
2024 02 15 19    56   -44 10171   300    93     2     0 -9999
2024 02 15 20    56   -61 10177   290    88     2     0 -9999
2024 02 15 21    67   -56 10181   300    67     2     0 -9999
2024 02 15 22    56  -100 10183   300    72     2     0 -9999
2024 02 15 23    44  -111 10187   320    46     2     0 -9999
2024 02 16 00    33  -111 10198   310    41     2     0 -9999
2024 02 16 01    22  -111 10208   310    51     2     0 -9999
2024 02 16 02    17  -100 10215   290    31     4     0 -9999
2024 02 16 03     6   -94 10217   290    36     4     0 -9999
2024 02 16 04     6   -94 10222   310    41 -9999     0 -9999
2024 02 16 05     0   -89 10227   300    51 -9999     0 -9999
2024 02 16 06    -6   -89 10231   330    36     6     0 -9999
2024 02 16 07   -17   -89 10229   350    46 -9999     0 -9999
2024 02 16 08   -22   -89 10227   350    41 -9999     0 -9999
2024 02 16 09   -22   -89 10227   350    51     8     0 -9999
2024 02 16 10   -22   -89 10226   350    31 -9999     0 -9999
2024 02 16 11   -28   -89 10226   350    36 -9999     0 -9999
2024 02 16 12   -28   -94 10222   340    31     8     0 -9999
2024 02 16 13   -28   -94 10225   360    31 -9999     0 -9999
2024 02 16 14   -28  -100 10226   360    31 -9999     0 -9999
2024 02 16 15   -22  -100 10222   350    26     8     0 -9999
2024 02 16 16   -17   -94 10222   320    15 -9999     0 -9999
2024 02 16 17   -11  -106 10219   310    26 -9999     0 -9999
2024 02 16 18   -11  -106 10210   320    31     8     0 -9999
2024 02 16 19   -11  -106 10199   310    31 -9999     0 -9999
2024 02 16 20    -6  -100 10187   310    36 -9999     0 -9999
2024 02 16 21     0  -100 10177   310    41     6     0 -9999
2024 02 16 22     0  -100 10175   330    36 -9999     0 -9999
2024 02 16 23   -11  -100 10175   310    41 -9999     0 -9999
2024 02 17 00   -11  -100 10181   300    41     6     0 -9999
2024 02 17 01   -11   -94 10182   280    31 -9999     0 -9999
2024 02 17 02   -11   -94 10180   280    51 -9999     0 -9999
2024 02 17 03   -17  -100 10182   300    62     6     0 -9999
2024 02 17 04   -22  -117 10189   300    72 -9999     0 -9999
2024 02 17 05   -44  -111 10194   330    67 -9999 -9999 -9999
2024 02 17 06   -72  -139 10205   340    77     4    -1    -1
2024 02 17 07   -89  -150 10214   330    67     2 -9999 -9999
2024 02 17 08   -94  -178 10215   330    62     2     0 -9999
2024 02 17 09  -100  -178 10220   320    67     0     0 -9999
2024 02 17 10  -100  -172 10221   300    46     0     0 -9999
2024 02 17 11  -106  -178 10225   310    46     0     0 -9999
2024 02 17 12  -106  -172 10229   300    36     0     0 -9999
2024 02 17 13  -106  -172 10231   290    41     2     0 -9999
2024 02 17 14  -100  -167 10233   300    51     2     0 -9999
2024 02 17 15   -89  -172 10233   270    62     2     0 -9999
2024 02 17 16   -72  -172 10229   280    57     2     0 -9999
2024 02 17 17   -61  -156 10228   280    72     2     0 -9999
2024 02 17 18   -44  -144 10217   290    72     2     0 -9999
2024 02 17 19   -33  -139 10205   250    57     2     0 -9999
2024 02 17 20   -22  -128 10190   240    82     2     0 -9999
2024 02 17 21   -22  -128 10179   250    93     2     0 -9999
2024 02 17 22   -17  -128 10167   260    88     2     0 -9999
2024 02 17 23   -28  -111 10156   230    93     2     0 -9999
2024 02 18 00   -33  -111 10143   230    82     2     0 -9999
2024 02 18 01   -39  -106 10140   220    82     2     0 -9999
2024 02 18 02   -50  -106 10131   230   103     2     0 -9999
2024 02 18 03   -50  -111 10124   240   113     2     0 -9999
2024 02 18 04   -44  -111 10124   240    93     0     0 -9999
2024 02 18 05   -50  -106 10119   240    88     0     0 -9999
2024 02 18 06   -50  -106 10115   240    93     0     0 -9999
2024 02 18 07   -44  -100 10111   240    88     0     0 -9999
2024 02 18 08   -44  -100 10107   240    88     0     0 -9999
2024 02 18 09   -44  -100 10099   250    82     0     0 -9999
2024 02 18 10   -39   -94 10090   240    72     0     0 -9999
2024 02 18 11   -39   -94 10090   240    57     0     0 -9999
2024 02 18 12   -39   -94 10093   250    62     0     0 -9999
2024 02 18 13   -39   -89 10096   250    62     0     0 -9999
2024 02 18 14   -33   -83 10100   250    46     0     0 -9999
2024 02 18 15    -6   -78 10104   280    67     0     0 -9999
2024 02 18 16    11   -72 10105   270    77     0     0 -9999
2024 02 18 17    33   -72 10107   280    57     0     0 -9999
2024 02 18 18    50   -72 10108   300    72     0     0 -9999
2024 02 18 19    61   -72 10106   300    51     0     0 -9999
2024 02 18 20    72   -72 10104   270    57     2     0 -9999
2024 02 18 21    72   -83 10110   290    72     2     0 -9999
2024 02 18 22    72   -83 10116   280    62     2     0 -9999
2024 02 18 23    67   -83 10122   280    46     2     0 -9999
2024 02 19 00    50   -83 10132   270    26     0     0 -9999
2024 02 19 01    39   -89 10141   280    21     0     0 -9999
2024 02 19 02    11   -83 10147   250    15     0     0 -9999
2024 02 19 03    11   -83 10152   240    21     0     0 -9999
2024 02 19 04     6   -83 10159   250    21     0     0 -9999
2024 02 19 05     0   -83 10164   260    21     0     0 -9999
2024 02 19 06   -22   -89 10170    20    21     0     0 -9999
2024 02 19 07   -22   -83 10172     0     0     0     0 -9999
2024 02 19 08   -39   -83 10175     0     0     2     0 -9999
2024 02 19 09   -44   -89 10179     0     0     2     0 -9999
2024 02 19 10   -44   -89 10180     0     0     2     0 -9999
2024 02 19 11   -50   -89 10184     0     0     4     0 -9999
2024 02 19 12   -44   -89 10188     0     0     6     0 -9999
2024 02 19 13   -44   -83 10196     0     0 -9999     0 -9999
2024 02 19 14   -28   -67 10203     0     0 -9999     0 -9999
2024 02 19 15     6   -50 10205     0     0     6     0 -9999
2024 02 19 16    33   -56 10209   160    21 -9999     0 -9999
2024 02 19 17    61   -72 10208   240    41 -9999     0 -9999
2024 02 19 18    78   -83 10205   230    46     6     0 -9999
2024 02 19 19    89   -67 10196 -9999    15 -9999     0 -9999
2024 02 19 20    94   -67 10192   240    26 -9999     0 -9999
2024 02 19 21    94   -67 10189   200    31     6     0 -9999
2024 02 19 22   100   -61 10191   190    31 -9999     0 -9999
2024 02 19 23    94   -56 10195   230    36 -9999     0 -9999
2024 02 20 00    83   -50 10200   200    21     6     0 -9999
2024 02 20 01    67   -44 10205   190    21     4     0 -9999
2024 02 20 02    56   -28 10212   190    26     4     0 -9999
2024 02 20 03    39   -28 10215   170    26     2     0 -9999
2024 02 20 04    28   -28 10215   190    31     0     0 -9999
2024 02 20 05    22   -28 10215   170    21     0     0 -9999
2024 02 20 06    17   -28 10219   180    21     0     0 -9999
2024 02 20 07     6   -28 10216   160    15     0     0 -9999
2024 02 20 08   -11   -39 10219     0     0     0     0 -9999
2024 02 20 09   -11   -33 10216   150    15     0     0 -9999
2024 02 20 10   -11   -33 10214   160    21     0     0 -9999
2024 02 20 11    -6   -39 10217   160    26     0     0 -9999
2024 02 20 12   -11   -39 10219   160    21     0     0 -9999
2024 02 20 13   -11   -39 10220   160    21     0     0 -9999
2024 02 20 14    11   -28 10222   150    26     2     0 -9999
2024 02 20 15    44   -22 10219   170    31     2     0 -9999
2024 02 20 16    83   -28 10222   170    41     2     0 -9999
2024 02 20 17   106   -28 10217   170    46     2     0 -9999
2024 02 20 18   122   -28 10213   180    62     4     0 -9999
2024 02 20 19   133   -28 10200   210    62     2     0 -9999
2024 02 20 20   133   -39 10192   180    51     2     0 -9999
2024 02 20 21   139   -33 10186   190    77     2     0 -9999
2024 02 20 22   139   -33 10184   190    82     2     0 -9999
2024 02 20 23   128   -22 10186   200    57     2     0 -9999
2024 02 21 00   117     0 10190   190    51     2     0 -9999
2024 02 21 01   106     6 10190   180    46     2     0 -9999
2024 02 21 02   100    11 10189   190    41     2     0 -9999
2024 02 21 03    94    11 10186   200    51     0     0 -9999
2024 02 21 04    89    11 10184   190    41     2     0 -9999
2024 02 21 05    83    11 10182   200    46     4     0 -9999
2024 02 21 06    83     6 10181   210    41     6     0 -9999
2024 02 21 07    83     6 10180   210    41 -9999     0 -9999
2024 02 21 08    83     6 10175   220    51 -9999     0 -9999
2024 02 21 09    83     0 10166   200    41     6     0 -9999
2024 02 21 10    83     0 10162   210    41 -9999     0 -9999
2024 02 21 11    78     0 10157   200    46 -9999     0 -9999
2024 02 21 12    78     0 10156   180    26     8     0 -9999
2024 02 21 13    78     0 10153   180    36 -9999     0 -9999
2024 02 21 14    83     6 10149   190    46 -9999     0 -9999
2024 02 21 15   100    11 10140   190    51     6     0 -9999
2024 02 21 16   122    11 10130   210    67 -9999     0 -9999
2024 02 21 17   139    17 10125   210    82 -9999     0 -9999
2024 02 21 18   161    28 10115   220    82     8     0 -9999
2024 02 21 19   172    33 10103   220    62 -9999     0 -9999
2024 02 21 20   167    33 10100   210    72 -9999     0 -9999
2024 02 21 21   167    33 10096   240    57     8     0 -9999
2024 02 21 22   172    33 10093   250    46 -9999     0 -9999
2024 02 21 23   161    28 10093   250    31 -9999     0 -9999
2024 02 22 00   144    28 10097   270    21     6     0 -9999
2024 02 22 01   128    28 10097   180    15 -9999     0 -9999
2024 02 22 02   122    22 10097   310    15 -9999     0 -9999
2024 02 22 03   117    22 10098     0     0     8     0 -9999
2024 02 22 04   106    22 10102   340    36 -9999     0 -9999
2024 02 22 05   100    22 10099    10    26 -9999     0 -9999
2024 02 22 06    94    17 10083    30    36     8     0 -9999
2024 02 22 07    89    17 10082   330    15 -9999     0 -9999
2024 02 22 08    89    17 10082     0     0 -9999     0 -9999
2024 02 22 09    94    11 10073    60    36     8     0 -9999
2024 02 22 10    83    11 10065   360    31 -9999     0 -9999
2024 02 22 11    89    17 10063   170    15 -9999     0 -9999
2024 02 22 12    72    17 10063   350    26     8    -1 -9999
2024 02 22 13    56    17 10067   360    26 -9999    -1 -9999
2024 02 22 14    72    17 10070    40    41 -9999     0 -9999
2024 02 22 15    89    22 10067    30    31     6     0 -9999
2024 02 22 16   117    22 10069    30    36 -9999     0 -9999
2024 02 22 17   128    17 10068    50    36 -9999     0 -9999
2024 02 22 18   122     0 10062    60    36     6     0     0
2024 02 22 19   139     0 10055    20    26 -9999     0 -9999
2024 02 22 20   150     0 10049    50    26 -9999     0 -9999
2024 02 22 21   156   -11 10044     0     0     6     0 -9999
2024 02 22 22   156   -22 10043   290    15 -9999     0 -9999
2024 02 22 23   150   -22 10043   290    15 -9999     0 -9999
2024 02 23 00   139   -22 10047   290    21     6     0 -9999
2024 02 23 01   133   -17 10050   260    21 -9999     0 -9999
2024 02 23 02   117   -11 10049   260    31     2     0 -9999
2024 02 23 03   111   -17 10045   240    31     2     0 -9999
2024 02 23 04   100   -17 10040   240    31     2     0 -9999
2024 02 23 05    94   -17 10035   250    31     2     0 -9999
2024 02 23 06    89   -11 10034   290    41     0     0 -9999
2024 02 23 07    78    -6 10038   310    46     0     0 -9999
2024 02 23 08    72    -6 10037   310    41     0     0 -9999
2024 02 23 09    61   -11 10038   320    46     0     0 -9999
2024 02 23 10    56   -11 10039   300    46     0     0 -9999
2024 02 23 11    39    -6 10045   300    46     0     0 -9999
2024 02 23 12    33    -6 10050   310    51     0     0 -9999
2024 02 23 13    28   -11 10055   310    41     2     0 -9999
2024 02 23 14    39   -11 10061   310    41     2     0 -9999
2024 02 23 15    56   -11 10061   310    46     2     0 -9999
2024 02 23 16    78   -11 10059   310    36     2     0 -9999
2024 02 23 17    94   -11 10057   320    36     2     0 -9999
2024 02 23 18   100   -17 10056   320    51     2     0 -9999
2024 02 23 19   106   -22 10049   300    36     2     0 -9999
2024 02 23 20    72   -11 10052    30    72 -9999     0 -9999
2024 02 23 21    56     0 10058    30    72     6     0 -9999
2024 02 23 22    33    -6 10065    30    88 -9999     0 -9999
2024 02 23 23    22   -17 10074    30    77 -9999     0 -9999
2024 02 24 00    11   -17 10078    30    93     8    -1    -1
2024 02 24 01     0   -17 -9999    20    82 -9999 -9999 -9999
2024 02 24 02   -11   -28 10100    10   103 -9999 -9999 -9999
2024 02 24 03   -17   -39 10112    20    98     8 -9999 -9999
2024 02 24 04   -22   -44 10118    10    88 -9999 -9999 -9999
2024 02 24 05   -22   -61 10122    10    98 -9999 -9999 -9999
2024 02 24 06   -22   -72 10128    10    88     8 -9999    20
2024 02 24 07   -28   -78 10134    10    98 -9999 -9999 -9999
2024 02 24 08   -39   -89 10143   360    82 -9999     0 -9999
2024 02 24 09   -44   -94 10146   340    62     6     0 -9999
2024 02 24 10   -50  -100 10153   330    72 -9999     0 -9999
2024 02 24 11   -56   -94 10165   350    62 -9999     0 -9999
2024 02 24 12   -67  -100 10168   360    46     6     0 -9999
2024 02 24 13   -56  -100 10177   350    46 -9999     0 -9999
2024 02 24 14   -50   -94 10184   350    36 -9999     0 -9999
2024 02 24 15   -33   -94 10194    30    51     6     0 -9999
2024 02 24 16   -28  -100 10193    60    36 -9999     0 -9999
2024 02 24 17   -17   -94 10190    40    26     2     0 -9999
2024 02 24 18    -6   -83 10187   120    15     2     0 -9999
2024 02 24 19     0   -83 10184     0     0     2     0 -9999
2024 02 24 20     6   -83 10185   220    15     2     0 -9999
2024 02 24 21    17   -83 10178   190    31     2     0 -9999
2024 02 24 22    11   -83 10176   220    36     2     0 -9999
2024 02 24 23    11   -89 10169   210    41     2     0 -9999
2024 02 25 00     6   -83 10167   200    41     4     0 -9999
2024 02 25 01     6   -78 10161   190    51 -9999     0 -9999
2024 02 25 02     6   -72 10158   190    46 -9999     0 -9999
2024 02 25 03     0   -67 10157   190    41     6     0 -9999
2024 02 25 04     0   -67 10155   200    46 -9999     0 -9999
2024 02 25 05     0   -67 10146   190    41     4     0 -9999
2024 02 25 06     0   -67 10141   190    41     2     0 -9999
2024 02 25 07     0   -67 10132   190    57     0     0 -9999
2024 02 25 08     0   -72 10124   190    51     0     0 -9999
2024 02 25 09     0   -72 10111   190    57     0     0 -9999
2024 02 25 10     0   -72 10100   200    57     2     0 -9999
2024 02 25 11     6   -67 10097   200    46     2     0 -9999
2024 02 25 12     6   -56 10089   190    51     6     0 -9999
2024 02 25 13    11   -50 10088   210    57 -9999     0 -9999
2024 02 25 14    17   -44 10088   200    62 -9999     0 -9999
2024 02 25 15    39   -33 10086   210    77     6     0 -9999
2024 02 25 16    67   -22 10085   220    51     4     0 -9999
2024 02 25 17    83   -11 10080   230    82 -9999     0 -9999
2024 02 25 18   106    -6 10076   220    67     2     0 -9999
2024 02 25 19   128     0 10067   230    51     4     0 -9999
2024 02 25 20   150     0 10060   240    51     4     0 -9999
2024 02 25 21   150    -6 10062   220    51     6     0 -9999
2024 02 25 22   156    -6 10061   210    51 -9999     0 -9999
2024 02 25 23   156    -6 10063   220    36 -9999     0 -9999
2024 02 26 00   139     6 10073   220    21     6     0 -9999
2024 02 26 01   128     6 10080   220    26 -9999     0 -9999
2024 02 26 02   122     6 10083   220    26 -9999     0 -9999
2024 02 26 03   106     6 10089   210    21     6     0 -9999
2024 02 26 04   111     0 10093   220    26 -9999     0 -9999
2024 02 26 05    94     6 10098   350    15 -9999     0 -9999
2024 02 26 06    78     0 10099   360    31     6     0 -9999
2024 02 26 07    94    -6 10100   350    26 -9999     0 -9999
2024 02 26 08    67   -17 10100   350    15     4     0 -9999
2024 02 26 09    44   -22 10098    10    21     2     0 -9999
2024 02 26 10    56   -22 10097    60    26     2     0 -9999
2024 02 26 11    44   -22 10098    40    31     0     0 -9999
2024 02 26 12    33   -17 10103    30    31     0     0 -9999
2024 02 26 13    56    -6 10103    80    26     2     0 -9999
2024 02 26 14    72     6 10104    80    41     2     0 -9999
2024 02 26 15   100    -6 10098    90    57     2     0 -9999
2024 02 26 16   117    17 10094   100    57     2     0 -9999
2024 02 26 17   139    22 10081   130    51     2     0 -9999
2024 02 26 18   161    33 10066   170    41     6     0 -9999
2024 02 26 19   178    33 10051   190    62     4     0 -9999
2024 02 26 20   194    44 10035   170    57     2     0 -9999
2024 02 26 21   211    33 10021   200    88     4     0 -9999
2024 02 26 22   217    11 10012   180    67 -9999     0 -9999
2024 02 26 23   200     6 10001   170    57 -9999     0 -9999
2024 02 27 00   189    17  9997   160    46     6     0 -9999
2024 02 27 01   183    17  9994   170    62 -9999     0 -9999
2024 02 27 02   178    22  9992   180    51 -9999     0 -9999
2024 02 27 03   167    33  9990   170    51     6     0 -9999
2024 02 27 04   161    50  9984   180    46 -9999     0 -9999
2024 02 27 05   156    78  9976   190    57 -9999     0 -9999
2024 02 27 06   161   111  9971   200    72     6     0 -9999
2024 02 27 07   156   117  9965   200    77 -9999     0 -9999
2024 02 27 08   150   117  9964   210    67 -9999     0 -9999
2024 02 27 09   144   122  9959   200    72     6     0 -9999
2024 02 27 10   139   117  9956   200    77     4     0 -9999
2024 02 27 11   139   117  9953   200    51     4     0 -9999
2024 02 27 12   133   117  9949   200    46     2     0 -9999
2024 02 27 13   128   117  9946   200    51     2     0 -9999
2024 02 27 14   133   122  9946   200    57 -9999     0 -9999
2024 02 27 15   150   128  9950   200    82     4     0 -9999
2024 02 27 16   167   128  9946   210    57     2     0 -9999
2024 02 27 17   194   122  9942   210    82     2     0 -9999
2024 02 27 18   211   128  9936   200    67     2     0 -9999
2024 02 27 19   211   133  9924   180    88 -9999     0 -9999
2024 02 27 20   228   139  9917   200    62 -9999     0 -9999
2024 02 27 21   228   139  9909   180    46     6     0 -9999
2024 02 27 22   217   144  9909   170    62 -9999     0 -9999
2024 02 27 23   200   144  9910   170    57 -9999     0 -9999
2024 02 28 00   194   144  9905   140    26     8     0 -9999
2024 02 28 01   194   150  9900   110    46 -9999    -1 -9999
2024 02 28 02   128   100 -9999   240    46 -9999    55 -9999
2024 02 28 03   122   100  9890   110    36     6    58 -9999
2024 02 28 04   117   100  9891     0     0     2     0 -9999
2024 02 28 05   122   100  9892   250    46     2     0 -9999
2024 02 28 06   117    89  9901   290    62     2     0   110
2024 02 28 07   100    44  9923   290    82 -9999     0 -9999
2024 02 28 08    72    11  9950   290    77 -9999     0 -9999
2024 02 28 09    39     0  9972   310    72     8    -1 -9999
2024 02 28 10    17   -11  9989   310    62 -9999    -1 -9999
2024 02 28 11     0   -39 10017   310    88 -9999 -9999 -9999
2024 02 28 12   -22   -61 10036   290    88     8 -9999     5
2024 02 28 13   -33   -83 10059   300    77 -9999 -9999 -9999
2024 02 28 14   -50  -106 10084   310   103 -9999 -9999 -9999
2024 02 28 15   -61  -122 10106   310   108     6 -9999 -9999
2024 02 28 16   -67  -128 10126   290    77 -9999 -9999 -9999
2024 02 28 17   -56  -133 10149   310    88     2 -9999 -9999
2024 02 28 18   -33  -117 10164   300    88     2     0    -1
2024 02 28 19   -22  -117 10174   310    77     2     0 -9999
2024 02 28 20   -11  -128 10183   300    82     2     0 -9999
2024 02 28 21    -6  -122 10196   280    77 -9999     0 -9999
2024 02 28 22    -6  -133 10208   290    72     0     0 -9999
2024 02 28 23    -6  -133 10219   270    62     0     0 -9999
2024 02 29 00   -17  -150 10233   280    72     0     0 -9999
2024 02 29 01   -22  -161 10248   280    51     0     0 -9999
2024 02 29 02   -28  -156 10255   260    36     0     0 -9999
2024 02 29 03   -33  -161 10264   280    67     0     0 -9999
2024 02 29 04   -39  -161 10274   280    41     2     0 -9999
2024 02 29 05   -44  -161 10280   280    62     2     0 -9999
2024 02 29 06   -50  -161 10289   280    62     0     0 -9999
2024 02 29 07   -56  -167 10298   300    62     0     0 -9999
2024 02 29 08   -56  -161 10303   300    41     0     0 -9999
2024 02 29 09   -61  -156 10305   280    31     0     0 -9999
2024 02 29 10   -67  -156 10304   320    21     0     0 -9999
2024 02 29 11   -67  -156 10308     0     0     0     0 -9999
2024 02 29 12   -67  -150 10312     0     0     0     0 -9999
2024 02 29 13   -67  -139 10319   250    15     0     0 -9999
2024 02 29 14   -56  -156 10326   230    15     2     0 -9999
2024 02 29 15   -39  -144 10327     0     0     0     0 -9999
2024 02 29 16   -17  -144 10325   160    41     2     0 -9999
2024 02 29 17     0  -139 10319   160    51     2     0 -9999
2024 02 29 18    22  -128 10313   210    57     2     0 -9999
2024 02 29 19    39  -117 10298   210    46     2     0 -9999
2024 02 29 20    50  -106 10288   200    57     2     0 -9999
2024 02 29 21    61  -106 10278   190    72     2     0 -9999
2024 02 29 22    72  -100 10272   210    77     2     0 -9999
2024 02 29 23    67   -94 10266   210    57     2     0 -9999
2024 03 01 00    61   -94 10261   190    51     2     0 -9999
2024 03 01 01    56   -89 10258   180    51     0     0 -9999
2024 03 01 02    50   -83 10257   180    57     0     0 -9999
2024 03 01 03    39   -78 10256   180    51     0     0 -9999
2024 03 01 04    39   -72 10255   190    51     0     0 -9999
2024 03 01 05    33   -78 10250   180    72     0     0 -9999
2024 03 01 06    28   -83 10246   190    62     0     0 -9999
2024 03 01 07    22   -83 10248   200    41     0     0 -9999
2024 03 01 08    17   -83 10247   190    41     0     0 -9999
2024 03 01 09    17   -83 10243   190    41     0     0 -9999
2024 03 01 10    11   -83 10240   180    31     2     0 -9999
2024 03 01 11     0   -83 10238   170    36     2     0 -9999
2024 03 01 12    -6   -83 10238   180    36     2     0 -9999
2024 03 01 13     0   -83 10239   180    41     4     0 -9999
2024 03 01 14    17   -83 10236   170    46     4     0 -9999
2024 03 01 15    39   -83 10229   180    46     6     0 -9999
2024 03 01 16    61   -83 10220   180    51 -9999     0 -9999
2024 03 01 17    61   -83 10222   170    41 -9999     0 -9999
2024 03 01 18    61   -78 10218   200    51     6     0 -9999
2024 03 01 19    67   -72 10210   220    51 -9999     0 -9999
2024 03 01 20    72   -67 10198   150    31 -9999     0 -9999
2024 03 01 21    78   -67 10191   170    51 -9999     0 -9999
2024 03 01 22    72   -56 10186   170    51 -9999     0 -9999
2024 03 01 23    72   -33 10185   190    51 -9999     0 -9999
2024 03 02 00    72   -39 10182   180    62     8     0 -9999
2024 03 02 01    67   -39 10180   180    51 -9999     0 -9999
2024 03 02 02    61   -28 10179   180    36 -9999     0 -9999
2024 03 02 03    56   -33 10185   210    31     8     0 -9999
2024 03 02 04    56   -28 10183   190    31 -9999     0 -9999
2024 03 02 05    56   -17 10178   200    41 -9999     0 -9999
2024 03 02 06    56   -11 10181   230    21     6     0 -9999
2024 03 02 07    50   -11 10183   230    26 -9999     0 -9999
2024 03 02 08    50    -6 10185   240    31 -9999     0 -9999
2024 03 02 09    50     0 10182   200    21     8     0 -9999
2024 03 02 10    39    -6 10182   190    26     2     0 -9999
2024 03 02 11    33   -11 10188   200    15     0     0 -9999
2024 03 02 12    28    -6 10192   180    15     0     0 -9999
2024 03 02 13    17    -6 10190   170    26     0     0 -9999
2024 03 02 14    39    11 10193   200    21     0     0 -9999
2024 03 02 15    67    17 10190   220    46     0     0 -9999
2024 03 02 16    89    22 10191   200    57     0     0 -9999
2024 03 02 17   106    22 10188   220    41     0     0 -9999
2024 03 02 18   117    22 10181   190    46     0     0 -9999
2024 03 02 19   133    28 10173   180    46     2     0 -9999
2024 03 02 20   144    28 10164   210    46     2     0 -9999
2024 03 02 21   144    39 10161   200    46     2     0 -9999
2024 03 02 22   150    39 10156   180    62 -9999     0 -9999
2024 03 02 23   144    33 10155   170    46     4     0 -9999
2024 03 03 00   133    33 10155   170    46     4     0 -9999
2024 03 03 01   122    33 10154   160    41     2     0 -9999
2024 03 03 02   117    39 10155   170    41     2     0 -9999
2024 03 03 03   106    33 10151   170    46     0     0 -9999
2024 03 03 04   100    33 10150   170    46     0     0 -9999
2024 03 03 05    94    39 10146   170    57     0     0 -9999
2024 03 03 06    89    39 10145   170    51     0     0 -9999
2024 03 03 07    83    44 10152   180    67     0     0 -9999
2024 03 03 08    72    44 10149   170    57     0     0 -9999
2024 03 03 09    67    44 10147   170    46     2     0 -9999
2024 03 03 10    67    44 10144   160    57     0     0 -9999
2024 03 03 11    67    44 10141   170    51     2     0 -9999
2024 03 03 12    72    50 10136   170    62     2     0 -9999
2024 03 03 13    78    56 10135   180    77     2     0 -9999
2024 03 03 14    89    61 10132   170    82     2     0 -9999
2024 03 03 15   111    67 10125   170    82     2     0 -9999
2024 03 03 16   139    78 10117   170    93     2     0 -9999
2024 03 03 17   161    83 10110   170    93     4     0 -9999
2024 03 03 18   183    89 10100   160    98     6     0 -9999
2024 03 03 19   206    78 10086   170   103 -9999     0 -9999
2024 03 03 20   217    72 10078   180   103 -9999     0 -9999
2024 03 03 21   222    56 10071   170   113     6     0 -9999
2024 03 03 22   222    39 10062   160   103 -9999     0 -9999
2024 03 03 23   211    33 10060   170   103 -9999     0 -9999
2024 03 04 00   206    28 10060   170   118     4     0 -9999
2024 03 04 01   189    39 10070   170    93     2     0 -9999
2024 03 04 02   183    61 10077   170    82     2     0 -9999
2024 03 04 03   178    72 10081   180    72     2     0 -9999
2024 03 04 04   178    83 10082   190    93 -9999     0 -9999
2024 03 04 05   172    94 10089   190    67 -9999     0 -9999
2024 03 04 06   167   100 10102   200    67     6     0 -9999
2024 03 04 07   161   106 10110   200    57 -9999     0 -9999
2024 03 04 08   150   106 10116   200    46 -9999     0 -9999
2024 03 04 09   139   106 10115   190    26     2     0 -9999
2024 03 04 10   122   100 10120   180    31     2     0 -9999
2024 03 04 11   117   100 10119   170    15     2     0 -9999
2024 03 04 12   111   100 10125   160    21     2     0 -9999
2024 03 04 13   117   100 10130     0     0     2     0 -9999
2024 03 04 14   133   111 10134   180    15     2     0 -9999
2024 03 04 15   150   117 10132   210    21     6     0 -9999
2024 03 04 16   156   122 10129   150    15 -9999     0 -9999
2024 03 04 17   172   128 10123   180    31 -9999     0 -9999
2024 03 04 18   178   133 10117   170    51     8     0 -9999
2024 03 04 19   178   133 10110   180    57 -9999     0 -9999
2024 03 04 20   189   139 10099   170    72 -9999     0 -9999
2024 03 04 21   206   139 10090   170    67     6     0 -9999
2024 03 04 22   211   144 10083   170    98 -9999     0 -9999
2024 03 04 23   222   139 10078   180   103 -9999     0 -9999
2024 03 05 00   206   144 10086   190    77     6     0 -9999
2024 03 05 01   206   144 10086   170    72 -9999     0 -9999
2024 03 05 02   200   144 10086   190    51 -9999     0 -9999
2024 03 05 03   194   144 10079   160    36     8     5 -9999
2024 03 05 04   189   144 10084   150    46 -9999     8 -9999
2024 03 05 05    89    61 10102    10    88 -9999    -1 -9999
2024 03 05 06    67    56 10108    10    77     8     5    20
2024 03 05 07    61    44 10104    40    77 -9999    23 -9999
2024 03 05 08    56    39 -9999    20    88 -9999     8 -9999
2024 03 05 09    50    39 10120    20    62     8    51 -9999
2024 03 05 10    50    44 10121   350    57 -9999    58 -9999
2024 03 05 11    56    44 10131    30    57 -9999    33 -9999
2024 03 05 12    56    39 10148    30    93     8    15   190
2024 03 05 13    50    39 10142    20   124 -9999     3 -9999
2024 03 05 14    50    33 10148    10   108 -9999    -1 -9999
2024 03 05 15    56    33 10151    20    88     8     0 -9999
2024 03 05 16    56    33 10152    20    88 -9999     0 -9999
2024 03 05 17    56    28 10158    20    93 -9999     0 -9999
2024 03 05 18    61    28 10157    20   103     8     0     3
2024 03 05 19    67    28 10157    20    88 -9999     0 -9999
2024 03 05 20    67    28 10158    30    88 -9999     0 -9999
2024 03 05 21    61    22 10158    30    88     8     0 -9999
2024 03 05 22    50    17 10163    30    88 -9999     0 -9999
2024 03 05 23    50    17 10167    20    88 -9999     0 -9999
2024 03 06 00    44    17 10168    30    67     8     0 -9999
2024 03 06 01    44    17 10173    10    72 -9999     0 -9999
2024 03 06 02    44    11 10173    10    67 -9999     0 -9999
2024 03 06 03    50    17 10171    10    41     8     0 -9999
2024 03 06 04    44    11 10171   350    41 -9999     0 -9999
2024 03 06 05    50    11 10171   340    51 -9999     0 -9999
2024 03 06 06    50    11 10173   340    51     8     0 -9999
2024 03 06 07    44    22 10172   350    57 -9999     0 -9999
2024 03 06 08    39    22 10174   350    46 -9999     0 -9999
2024 03 06 09    44    28 10173   360    57     8     0 -9999
2024 03 06 10    39    33 -9999   360    57 -9999    -1 -9999
2024 03 06 11    39    33 10180    10    51 -9999    -1 -9999
2024 03 06 12    39    33 10186    10    57     8    -1    -1
2024 03 06 13    44    33 10191    10    62 -9999    -1 -9999
2024 03 06 14    44    33 10195    20    62 -9999    -1 -9999
2024 03 06 15    50    22 10199    20    67     8     0 -9999
2024 03 06 16    67    22 10198    30    62 -9999     0 -9999
2024 03 06 17    72    22 10196    40    67     2     0 -9999
2024 03 06 18    78    17 10193    40    67     2     0    -1
2024 03 06 19    78     6 10188    40    82     2     0 -9999
2024 03 06 20    78   -11 10187    30    72     2     0 -9999
2024 03 06 21    78    -6 10183    30    72     2     0 -9999
2024 03 06 22    78     0 10185    20    57     2     0 -9999
2024 03 06 23    67   -11 10186    30    72     4     0 -9999
2024 03 07 00    50   -22 10189    30    62     4     0 -9999
2024 03 07 01    44   -11 10191    30    72     2     0 -9999
2024 03 07 02    39     0 10194    40    51     4     0 -9999
2024 03 07 03    39     6 10195    20    46     4     0 -9999
2024 03 07 04    33     0 10197    30    41     4     0 -9999
2024 03 07 05    28     0 10194    20    41     4     0 -9999
2024 03 07 06    44   -22 10193    50    51     2     0 -9999
2024 03 07 07    39   -17 10193    60    51     2     0 -9999
2024 03 07 08    39   -11 10193    70    46 -9999     0 -9999
2024 03 07 09    33   -11 10191    80    36     6     0 -9999
2024 03 07 10    33   -11 10189    90    36 -9999     0 -9999
2024 03 07 11    28   -17 10192    70    21     4     0 -9999
2024 03 07 12    28   -17 10190    70    26     6     0 -9999
2024 03 07 13    33   -11 10197    70    21 -9999     0 -9999
2024 03 07 14    39    -6 10194    70    41 -9999     0 -9999
2024 03 07 15    56     0 10192    80    36     6     0 -9999
2024 03 07 16    72    11 10192   130    21 -9999     0 -9999
2024 03 07 17    89    17 10191   180    15 -9999     0 -9999
2024 03 07 18    94    17 10186    70    15     6     0 -9999
2024 03 07 19   100    28 10181 -9999    21 -9999     0 -9999
2024 03 07 20   100    28 10173    70    46 -9999     0 -9999
2024 03 07 21    89    33 10169    80    46 -9999     0 -9999
2024 03 07 22    89    39 10171    90    36 -9999     0 -9999
2024 03 07 23    83    39 10175   130    36 -9999     0 -9999
2024 03 08 00    78    33 10175    70    31     8     0 -9999
2024 03 08 01    67    28 10176    60    36 -9999     0 -9999
2024 03 08 02    67    28 10176    70    36 -9999     0 -9999
2024 03 08 03    67    28 10175    90    31     8     0 -9999
2024 03 08 04    67    22 10174   100    26 -9999     0 -9999
2024 03 08 05    67    28 10170    90    26 -9999     0 -9999
2024 03 08 06    72    33 10161    90    31     8     0 -9999
2024 03 08 07    78    39 10164   130    31 -9999     0 -9999
2024 03 08 08    78    44 10157    90    31 -9999     0 -9999
2024 03 08 09    72    39 10151    60    26     8     0 -9999
2024 03 08 10    72    39 10149    60    41 -9999     0 -9999
2024 03 08 11    67    39 10149    80    36 -9999     0 -9999
2024 03 08 12    67    39 10145    60    41     8    -1 -9999
2024 03 08 13    67    44 10145    60    41 -9999    -1 -9999
2024 03 08 14    61    44 10138    50    62 -9999    -1 -9999
2024 03 08 15    67    50 10132    80    46     8    -1 -9999
2024 03 08 16    61    50 10129    70    51 -9999     5 -9999
2024 03 08 17    67    56 10125    50    51 -9999    25 -9999
2024 03 08 18    67    56 10119    60    51     8    41    70
2024 03 08 19    67    56 10111    30    51 -9999    43 -9999
2024 03 08 20    67    56 10099    40    57 -9999    23 -9999
2024 03 08 21    67    61 10091    20    51     8    18 -9999
2024 03 08 22    67    56 10086    30    67 -9999    10 -9999
2024 03 08 23    61    50 10086    20    62 -9999    18 -9999
2024 03 09 00    56    44 10084    10    77     8    20   130
2024 03 09 01    61    50 10086   350    62 -9999     5 -9999
2024 03 09 02    56    44 10084    10    72 -9999    10 -9999
2024 03 09 03    50    39 10090   340    62     8     8 -9999
2024 03 09 04    50    39 10092   340    67 -9999     5 -9999
2024 03 09 05    44    28 10093   330    67 -9999    -1 -9999
2024 03 09 06    39    22 10094   340    67     8     0    30
2024 03 09 07    39    17 10096   330    82 -9999     0 -9999
2024 03 09 08    39    17 10100   330    62 -9999     0 -9999
2024 03 09 09    33    17 10101   310    51     8    -1 -9999
2024 03 09 10    39    22 10107   320    46 -9999    -1 -9999
2024 03 09 11    39    22 10107   320    36 -9999     0 -9999
2024 03 09 12    44    22 10108   320    46     8     0    -1
2024 03 09 13    44    17 10111   310    36 -9999     0 -9999
2024 03 09 14    39    11 10113   310    51 -9999     0 -9999
2024 03 09 15    44     6 10112   290    46     6     0 -9999
2024 03 09 16    44    -6 10116   310    41 -9999     0 -9999
2024 03 09 17    50    -6 10114   290    51     4     0 -9999
2024 03 09 18    61   -22 10110   290    67     2     0 -9999
2024 03 09 19    67   -28 10107   300    67     2     0 -9999
2024 03 09 20    67   -33 10102   310    57     4     0 -9999
2024 03 09 21    72   -33 10101   320    77     6     0 -9999
2024 03 09 22    56   -50 10103   300    77 -9999     0 -9999
2024 03 09 23    50   -50 10113   320    67 -9999     0 -9999
2024 03 10 00    39   -50 10120   330    67     6     0 -9999
2024 03 10 01    22   -56 10137   330    72 -9999     0 -9999
2024 03 10 02    22   -67 10138   300    67     2     0 -9999
2024 03 10 03    17   -61 10140   280    41     4     0 -9999
2024 03 10 04    17   -61 10140   300    51     4     0 -9999
2024 03 10 05    11   -67 10141   320    46     2     0 -9999
2024 03 10 06    11   -72 10145   330    51     0     0 -9999
2024 03 10 07     6   -78 10150   330    62     0     0 -9999
2024 03 10 08     0   -78 10151   320    62     0     0 -9999
2024 03 10 09     0   -78 10152   320    51     0     0 -9999
2024 03 10 10     0   -78 10152   330    41     0     0 -9999
2024 03 10 11    -6   -78 10160   320    51     0     0 -9999
2024 03 10 12   -11   -78 10170   320    51     2     0 -9999
2024 03 10 13    -6   -78 10179   320    62     2     0 -9999
2024 03 10 14     6   -78 10185   330    77     2     0 -9999
2024 03 10 15    22   -72 10191   320    82     2     0 -9999
2024 03 10 16    39   -78 10196   330    72     2     0 -9999
2024 03 10 17    56   -83 10200   310    77     2     0 -9999
2024 03 10 18    67   -83 10199   310    72     2     0 -9999
2024 03 10 19    78   -83 10196   340    67     2     0 -9999
2024 03 10 20    78   -94 10194   340    62     2     0 -9999
2024 03 10 21    78   -94 10197   300    72     0     0 -9999
2024 03 10 22    78  -106 10202   330    72     0     0 -9999
2024 03 10 23    78   -94 10205   340    46     2     0 -9999
2024 03 11 00    61   -94 10208   310    36     2     0 -9999
2024 03 11 01    56   -83 10213   260    15     2     0 -9999
2024 03 11 02    39   -78 10216   240    15     2     0 -9999
2024 03 11 03    28   -72 10218     0     0     0     0 -9999
2024 03 11 04    22   -67 10219   190    15     0     0 -9999
2024 03 11 05    17   -61 10219   220    26     0     0 -9999
2024 03 11 06    17   -61 10215   220    31     0     0 -9999
2024 03 11 07    11   -56 10216   220    31     0     0 -9999
2024 03 11 08    11   -56 10215   230    31     0     0 -9999
2024 03 11 09     6   -56 10208   200    26     0     0 -9999
2024 03 11 10    11   -61 10206   200    26     0     0 -9999
2024 03 11 11    11   -61 10203   200    31     0     0 -9999
2024 03 11 12    11   -61 10203   210    26     0     0 -9999
2024 03 11 13    28   -61 10201   200    41     0     0 -9999
2024 03 11 14    56   -56 10199   210    62     0     0 -9999
2024 03 11 15    78   -50 10191   220    93     0     0 -9999
2024 03 11 16   106   -39 10182   210    77     0     0 -9999
2024 03 11 17   128   -17 10170   210    88     2     0 -9999
2024 03 11 18   156     0 10160   210    82     2     0 -9999
2024 03 11 19   167    17 10144   200   103     2     0 -9999
2024 03 11 20   183    28 10133   200   103     4     0 -9999
2024 03 11 21   189    17 10126   220   113     6     0 -9999
2024 03 11 22   194    22 10121   220   103 -9999     0 -9999
2024 03 11 23   189    22 10120   230    77 -9999     0 -9999
2024 03 12 00   178    22 10122   210    72     6     0 -9999
2024 03 12 01   167    22 10124   220    62     4     0 -9999
2024 03 12 02   156    22 10126   220    57 -9999     0 -9999
2024 03 12 03   150    17 10129   220    57     6     0 -9999
2024 03 12 04   139    17 10126   220    67     4     0 -9999
2024 03 12 05   128    17 10124   220    62     4     0 -9999
2024 03 12 06   117    17 10123   220    62     6     0 -9999
2024 03 12 07   111    17 10121   230    46 -9999     0 -9999
2024 03 12 08   111    17 10117   230    46 -9999     0 -9999
2024 03 12 09   111    11 10115   230    46     6     0 -9999
2024 03 12 10    94    11 10117   230    36 -9999     0 -9999
2024 03 12 11    89    11 10118   220    36     4     0 -9999
2024 03 12 12    83    11 10117   220    46     4     0 -9999
2024 03 12 13    89    11 10114   210    51 -9999     0 -9999
2024 03 12 14   111    11 10111   220    51 -9999     0 -9999
2024 03 12 15   128    22 10109   210    62     8     0 -9999
2024 03 12 16   144    33 10102   210    77 -9999     0 -9999
2024 03 12 17   167    50 10099   230    62 -9999     0 -9999
2024 03 12 18   189    56 10092   220    72     6     0 -9999
2024 03 12 19   206    67 10083   220    67 -9999     0 -9999
2024 03 12 20   211    61 10074   220    98 -9999     0 -9999
2024 03 12 21   211    33 10070   200    93 -9999     0 -9999
2024 03 12 22   211    17 10068   220    72 -9999     0 -9999
2024 03 12 23   206    33 10067   220    93 -9999     0 -9999
2024 03 13 00   194    33 10071   210    46     8     0 -9999
2024 03 13 01   183    33 10075   210    41 -9999     0 -9999
2024 03 13 02   172    44 10079   210    31 -9999     0 -9999
2024 03 13 03   167    56 10081   230    41     8     0 -9999
2024 03 13 04   161    56 10081   210    51 -9999     0 -9999
2024 03 13 05   156    50 10082   220    67 -9999     0 -9999
2024 03 13 06   139    56 10081   220    41     8     0 -9999
2024 03 13 07   128    56 10083   210    31 -9999     0 -9999
2024 03 13 08   122    56 10082   220    31 -9999     0 -9999
2024 03 13 09   117    56 10080   220    31     6     0 -9999
2024 03 13 10   117    50 10083   200    15 -9999     0 -9999
2024 03 13 11   106    50 10086   190    21     4     0 -9999
2024 03 13 12   100    50 10092   310    21     2     0 -9999
2024 03 13 13   106    56 10096     0     0     0     0 -9999
2024 03 13 14   122    61 10101   210    21     2     0 -9999
2024 03 13 15   144    61 10102    30    15     4     0 -9999
2024 03 13 16   156    50 10103    80    26     2     0 -9999
2024 03 13 17   172    28 10107    70    41     2     0 -9999
2024 03 13 18   178    33 10108    80    41     4     0 -9999
2024 03 13 19   200    39 10100    80    46 -9999     0 -9999
2024 03 13 20   194    39 10097    90    46 -9999     0 -9999
2024 03 13 21   183    56 10100    60    46     8     0 -9999
2024 03 13 22   156    56 10103    50    41 -9999     0 -9999
2024 03 13 23   144    56 10107    60    26 -9999     0 -9999
2024 03 14 00   128    44 10112    50    51     8     0 -9999
2024 03 14 01   106    44 10117    30    57 -9999    -1 -9999
2024 03 14 02   106    11 10122    50    46 -9999     0 -9999
2024 03 14 03   111     6 10122    40    46     8     0 -9999
2024 03 14 04   111    -6 10123    50    41 -9999     0 -9999
2024 03 14 05   106    11 10118    30    57 -9999     0 -9999
2024 03 14 06   117    28 10112    50    57     6     0    -1
2024 03 14 07   111    33 10114    40    46 -9999     0 -9999
2024 03 14 08   122    39 10107    60    36 -9999     0 -9999
2024 03 14 09   106    50 10101    70    51     8     8 -9999
2024 03 14 10   100    56 10087    50    41 -9999    -1 -9999
2024 03 14 11    94    61 10097    50    36 -9999    20 -9999
2024 03 14 12    83    67 10092    30    51     8    30    60
2024 03 14 13    89    78 10099    50    15 -9999    27 -9999
2024 03 14 14   100    94 10088    70    36 -9999    10 -9999
2024 03 14 15   122   111 10083    60    31     8    -1 -9999
2024 03 14 16   117   111 10070    60    26 -9999    -1 -9999
2024 03 14 17   144   122 10067   110    57 -9999    -1 -9999
2024 03 14 18   161   128 10068 -9999    15     6     0    50
2024 03 14 19   167   128 10069   350    41 -9999     0 -9999
2024 03 14 20    94    72 10075    50    77 -9999     0 -9999
2024 03 14 21    78    61 10091   360    82     8     0 -9999
2024 03 14 22    72    56 10100    10    88 -9999     0 -9999
2024 03 14 23    72    56 10124   360    88 -9999    -1 -9999
2024 03 15 00    78    56 10129    10    88     8    -1    -1
2024 03 15 01    72    56 10131   360    98 -9999     0 -9999
2024 03 15 02    61    44 10145   360    88 -9999     0 -9999
2024 03 15 03    61    44 10155   360    77     8     0 -9999
2024 03 15 04    56    22 10159    20    82 -9999     0 -9999
2024 03 15 05    50    22 10167    20    77 -9999     0 -9999
2024 03 15 06    44    17 10165    10    67     6     0 -9999
2024 03 15 07    44    22 10174    10    62 -9999     0 -9999
2024 03 15 08    39    17 10178    20    62 -9999     0 -9999
2024 03 15 09    39    17 10187    20    67     8     0 -9999
2024 03 15 10    39    11 10195   360    62 -9999     0 -9999
2024 03 15 11    33    11 10197    10    77 -9999     0 -9999
2024 03 15 12    28    11 10198   360    62     6     0 -9999
2024 03 15 13    33     6 10206    10    46 -9999     0 -9999
2024 03 15 14    33     6 10216   360    41 -9999     0 -9999
2024 03 15 15    39    11 10221    20    26     6     0 -9999
2024 03 15 16    50    11 10217     0     0 -9999     0 -9999
2024 03 15 17    72    17 10214    30    15 -9999     0 -9999
2024 03 15 18    94    22 10205    20    26     2     0 -9999
2024 03 15 19   111    17 10194    10    36     2     0 -9999
2024 03 15 20   117    28 10190    60    46     2     0 -9999
2024 03 15 21   106    33 10181    80    41     2     0 -9999
2024 03 15 22   100    28 10181    90    41     2     0 -9999
2024 03 15 23    89    22 10180   110    36     2     0 -9999
2024 03 16 00    72    22 10175   160    31     2     0 -9999
2024 03 16 01    61    17 10175   110    26     2     0 -9999
2024 03 16 02    56    17 10174   140    26     2     0 -9999
2024 03 16 03    50    17 10166   150    36     2     0 -9999
2024 03 16 04    50    17 10160   180    31     2     0 -9999
2024 03 16 05    50    17 10149   180    36     2     0 -9999
2024 03 16 06    50    17 10142   200    31     2     0 -9999
2024 03 16 07    50    17 10138   220    36     2     0 -9999
2024 03 16 08    56    17 10132   220    31     4     0 -9999
2024 03 16 09    50    11 10120   220    36     4     0 -9999
2024 03 16 10    50    11 10114   220    46     4     0 -9999
2024 03 16 11    50    11 10106   220    51     4     0 -9999
2024 03 16 12    50    11 10100   220    57     2     0 -9999
2024 03 16 13    61    17 10085   210    72     2     0 -9999
2024 03 16 14    78    22 10073   220    67     2     0 -9999
2024 03 16 15   106    28 10068   230    77     4     0 -9999
2024 03 16 16   111    33 10060   240    67 -9999     0 -9999
2024 03 16 17   122    33 10053   260   108 -9999     0 -9999
2024 03 16 18   133    39 10043   230    93     6     0 -9999
2024 03 16 19   128    28 10040   250   118 -9999     0 -9999
2024 03 16 20   144    11 10034   270    88 -9999     0 -9999
2024 03 16 21   133   -11 10040   260   108     6     0 -9999
2024 03 16 22   111   -17 10051   290    98 -9999     0 -9999
2024 03 16 23    94   -22 10061   290   103 -9999     0 -9999
2024 03 17 00    89   -28 10064   290    98     4     0 -9999
2024 03 17 01    83   -28 10069   280    62     4     0 -9999
2024 03 17 02    72   -28 10074   270    72     2     0 -9999
2024 03 17 03    67   -28 10074   270    51     2     0 -9999
2024 03 17 04    67   -22 10072   260    62     4     0 -9999
2024 03 17 05    56   -28 10069   260    57     2     0 -9999
2024 03 17 06    56   -44 10070   260    72     2     0 -9999
2024 03 17 07    44   -56 10074   280    51     2     0 -9999
2024 03 17 08    33   -56 10078   290    57     2     0 -9999
2024 03 17 09    28   -61 10077   290    57     4     0 -9999
2024 03 17 10    22   -67 10080   280    62     2     0 -9999
2024 03 17 11    17   -72 10085   280    51     2     0 -9999
2024 03 17 12    11   -72 10087   290    57     2     0 -9999
2024 03 17 13    11   -67 10092   290    36     4     0 -9999
2024 03 17 14    28   -67 10099   310    51     4     0 -9999
2024 03 17 15    17   -50 10106   330    67     6    -1 -9999
2024 03 17 16    28   -78 10112   320    51 -9999     0 -9999
2024 03 17 17    33   -78 10115   320    72 -9999     0 -9999
2024 03 17 18    33   -94 10113   290    67     6     0    -1
2024 03 17 19    28  -100 10118   300    67 -9999     0 -9999
2024 03 17 20    33   -94 10118   280    77 -9999     0 -9999
2024 03 17 21    22   -89 10126   310    46     6     0 -9999
2024 03 17 22    22   -94 10130   300    77 -9999     0 -9999
2024 03 17 23    11   -78 10138   340    57 -9999     0 -9999
2024 03 18 00     6   -89 10145   320    51     6     0 -9999
2024 03 18 01     6   -94 10151   330    57 -9999     0 -9999
2024 03 18 02     0   -94 10158   320    57 -9999     0 -9999
2024 03 18 03     0   -94 10162   310    62     8     0 -9999
2024 03 18 04   -11   -78 10164   350    31 -9999 -9999 -9999
2024 03 18 05   -11   -94 10166   340    51 -9999 -9999 -9999
2024 03 18 06   -17  -106 10166   320    62     6     0 -9999
2024 03 18 07   -28  -111 10169   330    62     4     0 -9999
2024 03 18 08   -28  -111 10169   310    51 -9999     0 -9999
2024 03 18 09   -22  -106 10168   320    46     8 -9999 -9999
2024 03 18 10   -33  -122 10173   340    67     4 -9999 -9999
2024 03 18 11   -39  -117 10178   340    41     4 -9999 -9999
2024 03 18 12   -44  -111 10185   320    41     4     0    -1
2024 03 18 13   -39  -106 10192   320    62 -9999     0 -9999
2024 03 18 14   -28  -100 10199   310    57 -9999 -9999 -9999
2024 03 18 15   -22   -89 10202   320    51     8 -9999 -9999
2024 03 18 16   -11   -78 10207   320    46 -9999 -9999 -9999
2024 03 18 17     0   -78 10209   320    51 -9999 -9999 -9999
2024 03 18 18     0   -83 10208   320    67     8    -1    -1
2024 03 18 19     6   -89 10206   310    57 -9999 -9999 -9999
2024 03 18 20    11   -89 10202   270    62 -9999     0 -9999
2024 03 18 21    11   -94 10200   310    51     4     0 -9999
2024 03 18 22    17   -94 10197   260    41     4     0 -9999
2024 03 18 23    17   -89 10197   280    62     4     0 -9999
2024 03 19 00    11   -89 10197   290    41     4     0 -9999
2024 03 19 01     6   -89 10189   240    21     2     0 -9999
2024 03 19 02     0   -83 10188   230    26     0     0 -9999
2024 03 19 03     0   -83 10184   240    36     2     0 -9999
2024 03 19 04    -6   -83 10178   240    41     2     0 -9999
2024 03 19 05    -6   -89 10168   240    51     2     0 -9999
2024 03 19 06    -6   -89 10164   240    62     4     0 -9999
2024 03 19 07    -6   -94 10157   240    62 -9999     0 -9999
2024 03 19 08   -11   -94 10150   230    57 -9999     0 -9999
2024 03 19 09   -11  -100 10137   230    62     6     0 -9999
2024 03 19 10    -6  -100 10120   220    62 -9999     0 -9999
2024 03 19 11   -11   -89 10108   220    62 -9999     0 -9999
2024 03 19 12   -11   -89 10093   220    72     4     0 -9999
2024 03 19 13    -6   -89 10082   220    88 -9999     0 -9999
2024 03 19 14     6   -83 10066   220    98 -9999     0 -9999
2024 03 19 15    28   -78 10058   230    98     6     0 -9999
2024 03 19 16    56   -72 10047   250    88 -9999     0 -9999
2024 03 19 17    78   -61 10039   260    93 -9999     0 -9999
2024 03 19 18    89   -50 10037   260    82 -9999     0 -9999
2024 03 19 19   111   -39 10031   270    72 -9999     0 -9999
2024 03 19 20   117   -33 10028   260    88 -9999     0 -9999
2024 03 19 21   133   -33 10026   280    77     6     0 -9999
2024 03 19 22   139   -28 10026   290    62 -9999     0 -9999
2024 03 19 23   139   -22 10028   270    82     4     0 -9999
2024 03 20 00   133   -39 10032   300    62     2     0 -9999
2024 03 20 01   122   -33 10038   290    36     4     0 -9999
2024 03 20 02   117   -28 10043   290    36     4     0 -9999
2024 03 20 03    94   -28 10049   300    26     2     0 -9999
2024 03 20 04    61   -22 10054    30    31     2     0 -9999
2024 03 20 05    44   -22 10059   340    26     0     0 -9999
2024 03 20 06    44   -22 10062   300    26     0     0 -9999
2024 03 20 07    61   -39 10064   290    41     0     0 -9999
2024 03 20 08    61   -50 10069   310    62     2     0 -9999
2024 03 20 09    44   -83 10080   330    62     2     0 -9999
2024 03 20 10    33  -111 10091   320    62     2     0 -9999
2024 03 20 11    22  -117 10106   320    62     2     0 -9999
2024 03 20 12    11  -111 10119   320    41     2     0 -9999
2024 03 20 13    11  -117 10131   320    67     2     0 -9999
2024 03 20 14    17  -111 10141   320    77     2     0 -9999
2024 03 20 15    22  -111 10153   310    77     2     0 -9999
2024 03 20 16    28  -117 10165   330    77     2     0 -9999
2024 03 20 17    33  -122 10177   340    82     2     0 -9999
2024 03 20 18    33  -128 10183   360    67     2     0 -9999
2024 03 20 19    39  -122 10184   320    72     2     0 -9999
2024 03 20 20    39  -128 10185   310    57     2     0 -9999
2024 03 20 21    39  -128 10189   310    57     2     0 -9999
2024 03 20 22    39  -133 10193   310    67     2     0 -9999
2024 03 20 23    33  -133 10201   330    51     2     0 -9999
2024 03 21 00    11   -89 10207    80    41     2     0 -9999
2024 03 21 01     0   -83 10215    90    46     2     0 -9999
2024 03 21 02    -6   -83 10222    70    41     0     0 -9999
2024 03 21 03   -11   -78 10226   100    36     0     0 -9999
2024 03 21 04   -11   -83 10229 -9999    21     2     0 -9999
2024 03 21 05   -11   -83 10234    90    26     2     0 -9999
2024 03 21 06   -17   -83 10239     0     0     4     0 -9999
2024 03 21 07   -11   -78 10242     0     0     4     0 -9999
2024 03 21 08   -11   -78 10243     0     0     4     0 -9999
2024 03 21 09   -22   -72 10246     0     0     4     0 -9999
2024 03 21 10   -22   -72 10246     0     0     4     0 -9999
2024 03 21 11   -22   -72 10251     0     0     4     0 -9999
2024 03 21 12   -17   -67 10258     0     0     6     0 -9999
2024 03 21 13   -11   -67 10264   320    15 -9999     0 -9999
2024 03 21 14    -6   -83 10267   230    15 -9999     0 -9999
2024 03 21 15     6   -72 10270     0     0     6     0 -9999
2024 03 21 16    17   -78 10272   280    15 -9999     0 -9999
2024 03 21 17    22   -94 10268     0     0 -9999     0 -9999
2024 03 21 18    33   -89 10265    60    26     6     0 -9999
2024 03 21 19    39   -89 10263     0     0 -9999     0 -9999
2024 03 21 20    44   -83 10252   100    21 -9999     0 -9999
2024 03 21 21    39   -72 10245    90    36 -9999     0 -9999
2024 03 21 22    33   -67 10240   100    51 -9999     0 -9999
2024 03 21 23    28   -67 10239    90    57 -9999     0 -9999
2024 03 22 00    22   -67 10240    90    41     6     0 -9999
2024 03 22 01    22   -56 10239    90    46 -9999     0 -9999
2024 03 22 02    22   -61 10237   100    46 -9999     0 -9999
2024 03 22 03    22   -61 10233   110    36     6     0 -9999
2024 03 22 04    22   -67 10231   110    57 -9999     0 -9999
2024 03 22 05    22   -61 10226   120    41 -9999     0 -9999
2024 03 22 06    22   -78 10221   130    51     8     0 -9999
2024 03 22 07    22   -78 10212   120    57 -9999     0 -9999
2024 03 22 08    28   -83 10208    90    41 -9999     0 -9999
2024 03 22 09    22   -67 10210   100    31     8    -1 -9999
2024 03 22 10     6   -33 10212    90    41 -9999    -1 -9999
2024 03 22 11    -6   -22 10217    80    41 -9999 -9999 -9999
2024 03 22 12     0   -28 10218    80    46     8    -1     3
2024 03 22 13     0   -17 -9999    90    41 -9999 -9999 -9999
2024 03 22 14     6   -22 10201    90    57 -9999 -9999 -9999
2024 03 22 15    11   -28 10199   100    57     8 -9999 -9999
2024 03 22 16    11   -28 10191    90    46 -9999 -9999 -9999
2024 03 22 17    22   -33 10183    80    36 -9999     0 -9999
2024 03 22 18    33   -17 10181    70    21     8     0     8
2024 03 22 19    28   -11 10176    60    31 -9999     0 -9999
2024 03 22 20    11    -6 10177    30    31 -9999     3 -9999
2024 03 22 21     6     0 10178    10    36     8 -9999 -9999
2024 03 22 22    11    -6 -9999    10    57 -9999 -9999 -9999
2024 03 22 23    11    -6 10192    10    67 -9999 -9999 -9999
2024 03 23 00    11   -11 10199    10    62     8 -9999 -9999
2024 03 23 01    17   -11 10205    10    62 -9999     0 -9999
2024 03 23 02    17    -6 10211    10    41 -9999     0 -9999
2024 03 23 03    17    -6 10217   360    41     8     0 -9999
2024 03 23 04    17    -6 10218   350    41 -9999     0 -9999
2024 03 23 05    11   -11 -9999   350    62 -9999 -9999 -9999
2024 03 23 06    11   -17 10224   360    62     8 -9999    -1
2024 03 23 07     6   -17 10226   360    67 -9999 -9999 -9999
2024 03 23 08     0   -22 10229   350    67 -9999     0 -9999
2024 03 23 09     0   -28 10229   350    57     8     0 -9999
2024 03 23 10    -6   -39 10235   350    51 -9999     0 -9999
2024 03 23 11   -11   -44 10243   350    57 -9999     0 -9999
2024 03 23 12   -22   -50 10250   350    51     2     0 -9999
2024 03 23 13   -11   -50 10258   340    57     2     0 -9999
2024 03 23 14     0   -44 10264   350    62     4     0 -9999
2024 03 23 15    17   -56 10272   360    72     6     0 -9999
2024 03 23 16    17   -56 10275    20    67 -9999     0 -9999
2024 03 23 17    22   -67 10274    40    67 -9999     0 -9999
2024 03 23 18    22   -83 10270    30    77     6     0 -9999
2024 03 23 19    33   -89 10267    60    51     2     0 -9999
2024 03 23 20    33  -106 10259    40    46     2     0 -9999
2024 03 23 21    28  -117 10258    40    41     2     0 -9999
2024 03 23 22    22  -117 10253    60    57     4     0 -9999
2024 03 23 23    17  -106 10257    80    51     2     0 -9999
2024 03 24 00     6  -106 10258    90    51     2     0 -9999
2024 03 24 01     0  -100 10257   100    41     2     0 -9999
2024 03 24 02    -6  -100 10260   100    31     4     0 -9999
2024 03 24 03     0   -94 10252   100    36     6     0 -9999
2024 03 24 04     6   -89 10250   110    36 -9999     0 -9999
2024 03 24 05     6   -89 10246   100    41 -9999     0 -9999
2024 03 24 06     6   -83 10243   100    41     8     0 -9999
2024 03 24 07     6   -83 10240   100    36 -9999     0 -9999
2024 03 24 08     6   -89 10232   100    41 -9999     0 -9999
2024 03 24 09    11   -83 10226   120    41     8     0 -9999
2024 03 24 10    11   -61 10219   130    62 -9999     0 -9999
2024 03 24 11    11   -72 10222   110    51 -9999     0 -9999
2024 03 24 12    11   -72 10226   140    36     8     0 -9999
2024 03 24 13    17   -78 10226   120    51 -9999     0 -9999
2024 03 24 14    22   -72 10225   130    57 -9999     0 -9999
2024 03 24 15    44   -56 10215   140    57     6     0 -9999
2024 03 24 16    50   -61 10214   150    77 -9999     0 -9999
2024 03 24 17    56   -56 10204   150    62 -9999     0 -9999
2024 03 24 18    72   -50 10189   120    77     8     0 -9999
2024 03 24 19    72   -50 10182   130    57 -9999     0 -9999
2024 03 24 20    72   -50 10174   110    72 -9999     0 -9999
2024 03 24 21    78   -44 10158   110    98     8     0 -9999
2024 03 24 22    83   -56 10145   120    77 -9999     0 -9999
2024 03 24 23    83   -56 10141   110    77 -9999     0 -9999
2024 03 25 00    78   -50 10137   110    72     6     0 -9999
2024 03 25 01    72   -44 10133   110    72 -9999     0 -9999
2024 03 25 02    67   -44 10128   120    77 -9999     0 -9999
2024 03 25 03    67   -50 10122   120    62     8     0 -9999
2024 03 25 04    72   -67 10125   140    57 -9999     0 -9999
2024 03 25 05    72   -67 10119   140    82 -9999     0 -9999
2024 03 25 06    78   -67 10113   150    77     8     0 -9999
2024 03 25 07    78   -61 10110   140    62 -9999     0 -9999
2024 03 25 08    78   -61 10102   140    46 -9999     0 -9999
2024 03 25 09    83   -56 10089   140    57     8     0 -9999
2024 03 25 10    89   -50 10083   160    46 -9999     0 -9999
2024 03 25 11    89   -39 10080   140    46 -9999     0 -9999
2024 03 25 12    89   -33 10080   150    41     8     0 -9999
2024 03 25 13   100   -22 10081   160    41 -9999     0 -9999
2024 03 25 14   117   -11 10075   170    67 -9999     0 -9999
2024 03 25 15   106    28 10076   170    57     8     3 -9999
2024 03 25 16   122    33 10075   170    51 -9999    -1 -9999
2024 03 25 17   150    56 10069   180    93 -9999    -1 -9999
2024 03 25 18   161    61 10069   180   108     8    -1     3
2024 03 25 19   139    78 10069   190    98 -9999     3 -9999
2024 03 25 20   139    83 10056   160    46 -9999     3 -9999
2024 03 25 21   144    94 10044   150    62     8     3 -9999
2024 03 25 22   161    78 10034   160    41 -9999    -1 -9999
2024 03 25 23   167    72 10029   160    31 -9999     0 -9999
2024 03 26 00   161    72 10026   210    26     8    -1     8
2024 03 26 01   122   100 10016   340    36 -9999    -1 -9999
2024 03 26 02   117   100 10009   360    36 -9999    -1 -9999
2024 03 26 03   111   100 10023   350    26     8    25 -9999
2024 03 26 04   111   100 10019   120    21 -9999    25 -9999
2024 03 26 05   117   106 -9999   150    51 -9999    -1 -9999
2024 03 26 06   117   100  9988   140    67     8    10   110
2024 03 26 07   111   100 -9999   150    77 -9999    -1 -9999
2024 03 26 08   111    89  9958   160   103 -9999    -1 -9999
2024 03 26 09   111    83  9951   160    88     8     0 -9999
2024 03 26 10   111    89 -9999   170    93 -9999     0 -9999
2024 03 26 11   106    94  9951   190    67 -9999     5 -9999
2024 03 26 12   111    94  9953   190    72 -9999     0     5
2024 03 26 13   117    94  9959   200    67 -9999     0 -9999
2024 03 26 14   117    89  9965   200    72 -9999    -1 -9999
2024 03 26 15   128    89  9963   190    77     8     0 -9999
2024 03 26 16   122    89  9961   200    88 -9999    -1 -9999
2024 03 26 17    94    67  9974   230    82 -9999    28 -9999
2024 03 26 18    83    56  9976   200    57     8    -1    30
2024 03 26 19    83    33  9982   210    98 -9999     3 -9999
2024 03 26 20    72    11  9990   230   118 -9999    -1 -9999
2024 03 26 21    61    17 10002   210    98 -9999    -1 -9999
2024 03 26 22    56    22 10011   210   108 -9999    -1 -9999
2024 03 26 23    50    28 10023   230   113 -9999    -1 -9999
2024 03 27 00    39     6 10038   250    88 -9999    -1     3
2024 03 27 01    28    -6 10054   260    62 -9999     0 -9999
2024 03 27 02    17   -28 10065   250   103 -9999     0 -9999
2024 03 27 03    11   -33 10075   260    82     8     0 -9999
2024 03 27 04    11   -39 10080   260    93 -9999     0 -9999
2024 03 27 05     6   -39 10092   250    93 -9999     0 -9999
2024 03 27 06     0   -44 10101   260    77     8     0 -9999
2024 03 27 07     0   -50 10108   260    62 -9999     0 -9999
2024 03 27 08    -6   -61 -9999   250    57 -9999     0 -9999
2024 03 27 09    -6   -56 10120   260    88     8     0 -9999
2024 03 27 10    -6   -56 10125   240    77 -9999     0 -9999
2024 03 27 11   -17   -67 10137   270    72 -9999     0 -9999
2024 03 27 12   -17   -67 10146   270    51     8     0 -9999
2024 03 27 13   -17   -72 10155   280    67 -9999     0 -9999
2024 03 27 14   -11   -67 10164   280    62 -9999     0 -9999
2024 03 27 15    -6   -67 10173   270    51     8     0 -9999
2024 03 27 16     0   -61 10177   270    62 -9999     0 -9999
2024 03 27 17    17   -56 10180   250    51 -9999     0 -9999
2024 03 27 18    28   -50 10184   230    72 -9999     0 -9999
2024 03 27 19    39   -50 10185   260    51 -9999     0 -9999
2024 03 27 20    44   -44 10185   250    41 -9999     0 -9999
2024 03 27 21    44   -56 10190   230    82 -9999     0 -9999
2024 03 27 22    56   -50 10190   250    88 -9999     0 -9999
2024 03 27 23    50   -50 10191   260    57 -9999     0 -9999
2024 03 28 00    44   -56 10194   250    57 -9999     0 -9999
2024 03 28 01    39   -50 10194   260    51 -9999     0 -9999
2024 03 28 02    33   -50 10198   240    41 -9999     0 -9999
2024 03 28 03    22   -44 10197   240    26 -9999     0 -9999
2024 03 28 04    17   -44 10201   250    21 -9999     0 -9999
2024 03 28 05    11   -44 10203   230    21 -9999     0 -9999
2024 03 28 06     6   -56 10204   240    26 -9999     0 -9999
2024 03 28 07     0   -56 10207   240    21 -9999     0 -9999
2024 03 28 08    -6   -61 10206   250    21 -9999     0 -9999
2024 03 28 09    -6   -67 10204   260    21 -9999     0 -9999
2024 03 28 10   -11   -67 10205   210    26 -9999     0 -9999
2024 03 28 11   -17   -61 10205   200    21 -9999     0 -9999
2024 03 28 12    -6   -56 10206   210    26 -9999     0 -9999
2024 03 28 13     6   -56 10210   210    31 -9999     0 -9999
2024 03 28 14    17   -61 10210   220    36 -9999     0 -9999
2024 03 28 15    22   -67 10214   230    31 -9999     0 -9999
2024 03 28 16    39   -61 10212   230    41 -9999     0 -9999
2024 03 28 17    61   -44 10204   230    36 -9999     0 -9999
2024 03 28 18    72   -33 10194   240    62 -9999     0 -9999
2024 03 28 19    83   -28 10184   280    41 -9999     0 -9999
2024 03 28 20    89   -22 10175   250    62 -9999     0 -9999
2024 03 28 21    94   -22 10169   280    67 -9999     0 -9999
2024 03 28 22   100   -28 10168   290    51 -9999     0 -9999
2024 03 28 23    94   -17 10167   270    51 -9999     0 -9999
2024 03 29 00    89   -17 10166   290    46 -9999     0 -9999
2024 03 29 01    78   -11 10170   290    21 -9999     0 -9999
2024 03 29 02    67   -17 10172   300    26 -9999     0 -9999
2024 03 29 03    67   -17 10176   270    15 -9999     0 -9999
2024 03 29 04    44   -33 10177   340    26 -9999     0 -9999
2024 03 29 05    44   -44 10180     0     0 -9999     0 -9999
2024 03 29 06    28   -39 10181     0     0 -9999     0 -9999
2024 03 29 07    17   -44 10180   320    15 -9999     0 -9999
2024 03 29 08     6   -67 10180   350    31 -9999     0 -9999
2024 03 29 09    17   -67 10180    10    21 -9999     0 -9999
2024 03 29 10    11   -67 10181   360    31 -9999     0 -9999
2024 03 29 11     6   -67 10184   350    15 -9999     0 -9999
2024 03 29 12     6   -56 10187   350    21 -9999     0 -9999
2024 03 29 13    28   -39 10190    20    31 -9999     0 -9999
2024 03 29 14    50   -33 10193    80    26 -9999     0 -9999
2024 03 29 15    72   -39 10189   100    36 -9999     0 -9999
2024 03 29 16    78   -39 10189    80    31 -9999     0 -9999
2024 03 29 17    89   -50 10184    80    36 -9999     0 -9999
2024 03 29 18   100   -33 10177   130    41 -9999     0 -9999
2024 03 29 19   100   -39 10170   120    31 -9999     0 -9999
2024 03 29 20   117   -33 10160   100    31 -9999     0 -9999
2024 03 29 21   117   -33 10152    80    46 -9999     0 -9999
2024 03 29 22    94   -33 10148    70    51 -9999     0 -9999
2024 03 29 23    72   -39 10146    80    51 -9999     0 -9999
2024 03 30 00    67   -28 10145    80    41 -9999     0 -9999
2024 03 30 01    61   -28 10141    70    57 -9999    -1 -9999
2024 03 30 02    61   -33 10142    90    46 -9999     0 -9999
2024 03 30 03    56   -11 10131   100    31 -9999     3 -9999
2024 03 30 04    56    11 -9999    60    51 -9999    -1 -9999
2024 03 30 05    61    22 10119 -9999    21 -9999    -1 -9999
2024 03 30 06    61    28 10107    60    26 -9999     5     8
2024 03 30 07    83    56 10083    80    31 -9999    -1 -9999
2024 03 30 08    67    56 10070    70    31 -9999    25 -9999
2024 03 30 09    72    67 -9999   330    26 -9999    25 -9999
2024 03 30 10    67    61 10072   340    26 -9999    36 -9999
2024 03 30 11    72    67 10059     0     0 -9999    15 -9999
2024 03 30 12    72    67 10058     0     0 -9999    -1   102
2024 03 30 13    83    78 10051   140    15 -9999     0 -9999
2024 03 30 14   117    89 10056    20    21 -9999     0 -9999
2024 03 30 15   122    94 10060   290    15 -9999     0 -9999
2024 03 30 16   150   106 10064   320    46 -9999     0 -9999
2024 03 30 17   161   100 10070   320    57 -9999     0 -9999
2024 03 30 18   144    94 10080   330    62 -9999     0 -9999
2024 03 30 19   122    83 10091   300    62 -9999     0 -9999
2024 03 30 20   133    83 10094   320    51 -9999     0 -9999
2024 03 30 21   111    61 10107   320    72 -9999     0 -9999
2024 03 30 22    89    50 10122   330    62 -9999     0 -9999
2024 03 30 23    78    39 10131   330    67 -9999     0 -9999
2024 03 31 00    72    33 10134    10    57 -9999     0 -9999
2024 03 31 01    67    22 10134   360    57 -9999     0 -9999
2024 03 31 02    44    28 10142    50    51 -9999     0 -9999
2024 03 31 03    50    28 10147    50    36 -9999     0 -9999
2024 03 31 04    44    22 10150    40    31 -9999     0 -9999
2024 03 31 05    44    22 10148    50    46 -9999     0 -9999
2024 03 31 06    44    17 10148    40    51 -9999     0 -9999
2024 03 31 07    39    11 10147    30    51 -9999     0 -9999
2024 03 31 08    39     6 10142    30    67 -9999     0 -9999
2024 03 31 09    39     6 10147    60    51 -9999     0 -9999
2024 03 31 10    39     6 10147    80    36 -9999     0 -9999
2024 03 31 11    33     6 10149    90    31 -9999     0 -9999
2024 03 31 12    39     6 10154    70    41 -9999     0 -9999
2024 03 31 13    44    11 10156    80    26 -9999     0 -9999
2024 03 31 14    56    11 10159    80    15 -9999     0 -9999
2024 03 31 15    72    17 10161    20    26 -9999     0 -9999
2024 03 31 16    72    17 10159    20    31 -9999     0 -9999
2024 03 31 17   100    28 10155 -9999    26 -9999     0 -9999
2024 03 31 18   111    28 10143   110    31 -9999     0 -9999
2024 03 31 19   106    28 10134    50    62 -9999     0 -9999
2024 03 31 20    83    11 10130    30    51 -9999     0 -9999
2024 03 31 21    83    17 10127    60    51 -9999     0 -9999
2024 03 31 22    67    11 10125    40    57 -9999     0 -9999
2024 03 31 23    56     6 10129    40    62 -9999    -1 -9999
2024 04 01 00    50    17 10121    50    57 -9999    -1    -1
2024 04 01 01    50    17 10116    30    88 -9999    -1 -9999
2024 04 01 02    50    33 10129    20    41 -9999    13 -9999
2024 04 01 03    44    33 10120    40    67 -9999    15 -9999
2024 04 01 04    50    39 10114    40    57 -9999     8 -9999
2024 04 01 05    56    44 10109    50    57 -9999    -1 -9999
2024 04 01 06    56    44 10113    70    41 -9999    30    66
2024 04 01 07    61    50 10109    70    41 -9999     0 -9999
2024 04 01 08    61    50 10112    60    41 -9999     5 -9999
2024 04 01 09    67    56 10117    40    31 -9999    -1 -9999
2024 04 01 10    56    50 10117    20    57 -9999     0 -9999
2024 04 01 11    56    44 10127    30    77 -9999     0 -9999
2024 04 01 12    56    44 -9999    50    51 -9999     0     5
2024 04 01 13    61    44 10131    40    67 -9999     0 -9999
2024 04 01 14    67    44 10131    60    57 -9999     0 -9999
2024 04 01 15    78    44 10127    70    62 -9999     0 -9999
2024 04 01 16    83    39 10118    60    67 -9999     0 -9999
2024 04 01 17    67    39 10128    60    77 -9999     0 -9999
2024 04 01 18    72    39 10125    60    57     8     0 -9999
2024 04 01 19    89    44 10096    70    77 -9999     0 -9999
2024 04 01 20    83    39 10090    70    72 -9999    -1 -9999
2024 04 01 21    72    44 10084    70    57     8    13 -9999
2024 04 01 22    56    44 -9999    40    82 -9999     2 -9999
2024 04 01 23    61    44 10080    60    77 -9999    15 -9999
2024 04 02 00    67    50 10090    50    62     8    -1    60
2024 04 02 01    67    56 10086    60    67 -9999    30 -9999
2024 04 02 02    67    61 10083    60    67 -9999     5 -9999
2024 04 02 03    72    61 10079    60    72     8     3 -9999
2024 04 02 04    67    61 10085    70    62 -9999     3 -9999
2024 04 02 05    67    56 10072    70    51 -9999     3 -9999
2024 04 02 06    61    56 10057    70    72 -9999    -1    43
2024 04 02 07    61    56 10047    60    67 -9999    -1 -9999
2024 04 02 08    61    56 10037    80    62 -9999    -1 -9999
2024 04 02 09    61    56 10035    70    51 -9999    -1 -9999
2024 04 02 10    61    50 10028    60    62 -9999    -1 -9999
2024 04 02 11    56    50 10032    50    46 -9999     0 -9999
2024 04 02 12    56    50 10026    50    46 -9999     0    -1
2024 04 02 13    56    50 10016    50    62 -9999     0 -9999
2024 04 02 14    56    50 10004    60    57 -9999     3 -9999
2024 04 02 15    56    50 -9999    80    57 -9999    -1 -9999
2024 04 02 16    56    50  9970    70    67 -9999    -1 -9999
2024 04 02 17    61    50  9956    80    67 -9999    20 -9999
2024 04 02 18    61    50  9930    60    72 -9999    25    48
2024 04 02 19    67    61  9906    60    57 -9999    10 -9999
2024 04 02 20    67    61  9885    20    62 -9999    43 -9999
2024 04 02 21    67    56  9884   290    51     8    -1 -9999
2024 04 02 22    67    50  9894   260    93 -9999     0 -9999
2024 04 02 23    39    11  9909   280   103 -9999     0 -9999
2024 04 03 00    28     6  9918   280    67     8     0    50
2024 04 03 01    28     6  9930   280    57 -9999     0 -9999
2024 04 03 02    28     6  9936   280    62 -9999    -1 -9999
2024 04 03 03    22     6  9934   270    62     8    -1 -9999
2024 04 03 04    22     0  9930   270    57 -9999    -1 -9999
2024 04 03 05    22     0  9925   270    67 -9999     0 -9999
2024 04 03 06    22     6  9919   260    57     8    -1    -1
2024 04 03 07    22     6  9912   260    67 -9999    -1 -9999
2024 04 03 08    22     6  9903   250    51 -9999    -1 -9999
2024 04 03 09    22     0  9897   250    62     8    -1 -9999
2024 04 03 10    17     6  9893   240    57 -9999    -1 -9999
2024 04 03 11    11     0  9891   230    51 -9999     5 -9999
2024 04 03 12    11     0  9890   240    57     8     2     5
2024 04 03 13    11     0 -9999   250    46 -9999    -1 -9999
2024 04 03 14    17     6 -9999   250    62 -9999    -1 -9999
2024 04 03 15    22    11  9882   260    62     8     3 -9999
2024 04 03 16    28    11  9882   270    62 -9999     3 -9999
2024 04 03 17    22     6  9884   260    72 -9999     8 -9999
2024 04 03 18    28    17  9879   280    67     8     2    30
2024 04 03 19    28    11  9879   280    62 -9999     8 -9999
2024 04 03 20    33    11  9886   300    77 -9999     5 -9999
2024 04 03 21    33    17  9897   310    67     8     8 -9999
2024 04 03 22    33    11  9909   310    82 -9999    -1 -9999
2024 04 03 23    33    11  9923   320    62 -9999    -1 -9999
2024 04 04 00    28    11  9938   330    77     8     5    30
2024 04 04 01    22    11  9949   330    62 -9999    10 -9999
2024 04 04 02    33    11  9959   340    57 -9999     3 -9999
2024 04 04 03    28    11  9966   330    67     8     3 -9999
2024 04 04 04    28    11  9970   330    57 -9999     3 -9999
2024 04 04 05    28    11  9974   330    62 -9999    -1 -9999
2024 04 04 06    28     6  9978   330    67     8    -1    20
2024 04 04 07    28    11  9985   330    72 -9999    -1 -9999
2024 04 04 08    28    11  9991   330    82 -9999     0 -9999
2024 04 04 09    28     6  9993   320    51     8     0 -9999
2024 04 04 10    28     6  9998   330    46 -9999     0 -9999
2024 04 04 11    28     0 10002   320    57 -9999     0 -9999
2024 04 04 12    22     0 10008   310    51     8     0     0
2024 04 04 13    28     0 10014   320    88 -9999     0 -9999
2024 04 04 14    28    -6 10019   310    46 -9999     0 -9999
2024 04 04 15    28     6 10030   310    62     8    -1 -9999
2024 04 04 16    22     6 10034   310    62 -9999     8 -9999
2024 04 04 17    33    11 10040   320    57 -9999     3 -9999
2024 04 04 18    44    22 10050   330    62     8     3    10
2024 04 04 19    50    22 10058   340    72 -9999    -1 -9999
2024 04 04 20    67    33 10065   360    77 -9999    -1 -9999
2024 04 04 21    56    22 10077   350    88     6     3 -9999
2024 04 04 22    56    11 10085   350    93 -9999    -1 -9999
2024 04 04 23    50    17 10100   340    57 -9999     3 -9999
2024 04 05 00    50    17 10111   350    46     6     0     5
2024 04 05 01    50    17 10120   350    46 -9999     0 -9999
2024 04 05 02    50    11 10130   330    51 -9999     0 -9999
2024 04 05 03    44    11 10136   350    57     6     0 -9999
2024 04 05 04    44    11 10143   340    51 -9999     0 -9999
2024 04 05 05    44    11 10148   350    46 -9999     0 -9999
2024 04 05 06    44    11 10150   340    41     8     0 -9999
2024 04 05 07    44     6 10150   340    36 -9999     0 -9999
2024 04 05 08    39     6 10151   350    36 -9999     0 -9999
2024 04 05 09    39     6 10155   320    51     6     0 -9999
2024 04 05 10    33     0 10159   340    41     4     0 -9999
2024 04 05 11    28    -6 10165   340    36 -9999     0 -9999
2024 04 05 12    33     0 10174   330    36     6     0 -9999
2024 04 05 13    39     0 10185   340    41 -9999     0 -9999
2024 04 05 14    44     6 10190   350    41 -9999     0 -9999
2024 04 05 15    50     6 10198   360    41     8     0 -9999
2024 04 05 16    56     6 10207    20    51 -9999     0 -9999
2024 04 05 17    72    11 10208    30    62 -9999     0 -9999
2024 04 05 18    78    -6 10209    40    82     4     0 -9999
2024 04 05 19    83   -33 10207    40    82     2     0 -9999
2024 04 05 20    89   -44 10207    50    77     4     0 -9999
2024 04 05 21    89   -44 10210    20    72     2     0 -9999
2024 04 05 22    89   -50 10216    40    77     2     0 -9999
2024 04 05 23    83   -50 10220    50    62     2     0 -9999
2024 04 06 00    72   -39 10219    30    57     2     0 -9999
2024 04 06 01    56   -44 10222    30    51     2     0 -9999
2024 04 06 02    50   -44 10226    20    36     0     0 -9999
2024 04 06 03    44   -50 10231    10    21     0     0 -9999
2024 04 06 04    39   -33 10235   280    15     2     0 -9999
2024 04 06 05    28   -28 10236   280    15     2     0 -9999
2024 04 06 06    22   -33 10240   280    15     2     0 -9999
2024 04 06 07    22   -33 10242   300    26     2     0 -9999
2024 04 06 08     6   -44 10241   350    31     0     0 -9999
2024 04 06 09    11   -44 10241   340    21     0     0 -9999
2024 04 06 10    17   -44 10245   320    21     0     0 -9999
2024 04 06 11    11   -50 10247   360    15     0     0 -9999
2024 04 06 12     6   -44 10251   340    15     0     0 -9999
2024 04 06 13    33   -17 10253    20    26     0     0 -9999
2024 04 06 14    61     6 10256    20    26     2     0 -9999
2024 04 06 15    83   -11 10252    60    46     2     0 -9999
2024 04 06 16    89   -28 10250    50    41     4     0 -9999
2024 04 06 17    94   -11 10247    50    46     4     0 -9999
2024 04 06 18   100   -17 10242    80    36     2     0 -9999
2024 04 06 19   111   -11 10235    80    51     2     0 -9999
2024 04 06 20   106   -22 10227    50    36     0     0 -9999
2024 04 06 21   111   -22 10219    60    41     0     0 -9999
2024 04 06 22   111   -33 10212    80    41     0     0 -9999
2024 04 06 23   106   -33 10207    50    41     0     0 -9999
2024 04 07 00    89   -33 10206    70    46     0     0 -9999
2024 04 07 01    67   -28 10204    70    36     0     0 -9999
2024 04 07 02    56   -17 10201    80    46     0     0 -9999
2024 04 07 03    50   -11 10200    80    31     0     0 -9999
2024 04 07 04    44     0 10200    90    21     0     0 -9999
2024 04 07 05    44     6 10196    90    26     0     0 -9999
2024 04 07 06    44     6 10193    90    41     0     0 -9999
2024 04 07 07    39    -6 10188   100    31     0     0 -9999
2024 04 07 08    39   -11 10186     0     0     0     0 -9999
2024 04 07 09    44   -11 10183   100    26     4     0 -9999
2024 04 07 10    44     0 10179   120    31     4     0 -9999
2024 04 07 11    50     0 10177   110    36     4     0 -9999
2024 04 07 12    61    11 10182   130    31     6     0 -9999
2024 04 07 13    78    11 10183   130    36 -9999     0 -9999
2024 04 07 14    89     6 10173   130    51 -9999     0 -9999
2024 04 07 15    83    22 10169   130    62     8    -1 -9999
2024 04 07 16    78    28 10166   120    62 -9999     8 -9999
2024 04 07 17    83    39 10148   110    82 -9999     5 -9999
2024 04 07 18   100    33 10135   110   103     8     0    10
2024 04 07 19    94    33 10129   100   103 -9999    -1 -9999
2024 04 07 20    83    50 10120   110    51 -9999    23 -9999
2024 04 07 21    78    56 10116   110    46     8    41 -9999
2024 04 07 22    89    67 10118   130    46 -9999    18 -9999
2024 04 07 23    94    72 10113   120    57 -9999     0 -9999
2024 04 08 00   100    67 10107   120    51     6     0    80
2024 04 08 01    94    61 10108   110    57 -9999     0 -9999
2024 04 08 02    94    61 10109   110    41 -9999     0 -9999
2024 04 08 03    78    56 10107   110    31     4     0 -9999
2024 04 08 04    78    56 10108   100    31     2     0 -9999
2024 04 08 05    72    56 10104   120    21     0     0 -9999
2024 04 08 06    78    50 10100   140    36     0     0 -9999
2024 04 08 07    89    50 10097   160    36     0     0 -9999
2024 04 08 08    83    50 10092   170    31     0     0 -9999
2024 04 08 09    89    56 10090   170    51     0     0 -9999
2024 04 08 10    89    61 10088   170    41     0     0 -9999
2024 04 08 11    89    67 10094   180    41     0     0 -9999
2024 04 08 12    89    61 10099   180    31     0     0 -9999
2024 04 08 13   106    67 10102   190    31     0     0 -9999
2024 04 08 14   139    61 10106   210    51     0     0 -9999
2024 04 08 15   156    56 10114   220    51     0     0 -9999
2024 04 08 16   172    50 10117   240    57     0     0 -9999
2024 04 08 17   183    44 10118   210    98     2     0 -9999
2024 04 08 18   200    56 10120   220    72     2     0 -9999
2024 04 08 19   189    56 10122   210    72     0     0 -9999
2024 04 08 20   183    61 10121   210    57     2     0 -9999
2024 04 08 21   206    72 10117   220    62     2     0 -9999
2024 04 08 22   217    61 10116   220    72     2     0 -9999
2024 04 08 23   211    56 10114   210    77     2     0 -9999
2024 04 09 00   211    56 10111   210    46     2     0 -9999
2024 04 09 01   194    50 10112   190    36     2     0 -9999
2024 04 09 02   172    44 10116   170    31     2     0 -9999
2024 04 09 03   178    44 10117   180    46     2     0 -9999
2024 04 09 04   167    44 10114   180    36 -9999     0 -9999
2024 04 09 05   161    44 10112   190    31 -9999     0 -9999
2024 04 09 06   161    44 10106   170    41     6     0 -9999
2024 04 09 07   156    44 10098   170    31 -9999     0 -9999
2024 04 09 08   144    50 10094   200    31     4     0 -9999
2024 04 09 09   133    56 10089   220    31     4     0 -9999
2024 04 09 10   122    56 10095   220    46 -9999     0 -9999
2024 04 09 11   111    56 10097   230    31 -9999     0 -9999
2024 04 09 12   106    56 10107   220    31     6     0 -9999
2024 04 09 13   117    50 10111   260    46 -9999     0 -9999
2024 04 09 14   128    50 10113   280    57 -9999     0 -9999
2024 04 09 15   144    44 10116   260    72     6     0 -9999
2024 04 09 16   150    44 10118   260    62 -9999     0 -9999
2024 04 09 17   150    28 10123   260    62 -9999     0 -9999
2024 04 09 18   156    39 10121   250    57     6     0 -9999
2024 04 09 19   161    44 10122   240    41     2     0 -9999
2024 04 09 20   167    44 10122   230    51 -9999     0 -9999
2024 04 09 21   167    44 10118   230    51     4     0 -9999
2024 04 09 22   167    44 10116   250    36     4     0 -9999
2024 04 09 23   167    44 10119   260    41     4     0 -9999
2024 04 10 00   156    39 10122   260    36     4     0 -9999
2024 04 10 01   144    39 10127   260    26     2     0 -9999
2024 04 10 02   139    39 10131   260    21     4     0 -9999
2024 04 10 03   128    39 10132   280    21     4     0 -9999
2024 04 10 04   111    39 10137   220    15 -9999     0 -9999
2024 04 10 05   100    39 10137   220    15 -9999     0 -9999
2024 04 10 06    94    39 10138     0     0     6     0 -9999
2024 04 10 07    89    39 10135   220    15     4     0 -9999
2024 04 10 08    83    39 10134   210    15     2     0 -9999
2024 04 10 09    89    39 10131     0     0     2     0 -9999
2024 04 10 10    83    39 10136   230    26     2     0 -9999
2024 04 10 11    83    39 10136   250    21 -9999     0 -9999
2024 04 10 12    78    39 10142     0     0     4     0 -9999
2024 04 10 13   100    50 10141   240    15 -9999     0 -9999
2024 04 10 14   133    50 10141   250    21 -9999     0 -9999
2024 04 10 15   150    50 10139     0     0     6     0 -9999
2024 04 10 16   161    44 10137     0     0 -9999     0 -9999
2024 04 10 17   178    39 10138     0     0 -9999     0 -9999
2024 04 10 18   189    39 10133 -9999    15     6     0 -9999
2024 04 10 19   194    33 10125     0     0 -9999     0 -9999
2024 04 10 20   200    44 10114 -9999    21 -9999     0 -9999
2024 04 10 21   189    33 10109    90    41     6     0 -9999
2024 04 10 22   178    11 10113   110    62 -9999     0 -9999
2024 04 10 23   172    22 10109    90    62 -9999     0 -9999
2024 04 11 00   167    17 10100    90    41     8     0 -9999
2024 04 11 01   156    22 10097    90    36 -9999     0 -9999
2024 04 11 02   156    17 10094    70    26 -9999     0 -9999
2024 04 11 03   150     6 10088    80    36     8     0 -9999
2024 04 11 04   144    17 10082    50    41 -9999     0 -9999
2024 04 11 05   144    17 10079    60    26 -9999     0 -9999
2024 04 11 06   133    22 10072    10    41     8     0 -9999
2024 04 11 07   128    28 10062    10    26 -9999     0 -9999
2024 04 11 08   122    28 10052    20    36 -9999     0 -9999
2024 04 11 09   117    33 10042    40    31     8     0 -9999
2024 04 11 10   111    39 10028    30    26 -9999     0 -9999
2024 04 11 11   111    56 10023    50    36 -9999    -1 -9999
2024 04 11 12   106    67 10032    20    41     8    -1    -1
2024 04 11 13   100    67 10034    10    41 -9999    -1 -9999
2024 04 11 14   100    67 10025    50    41 -9999     3 -9999
2024 04 11 15   111    67 10018    20    46     8    -1 -9999
2024 04 11 16   117    61 10017    20    51 -9999     0 -9999
2024 04 11 17   133    56 10011    10    57 -9999    -1 -9999
2024 04 11 18   144    50 10007    30    57     8     0     3
2024 04 11 19   150    39 10008    30    77 -9999     0 -9999
2024 04 11 20   139    44 10005    20    57 -9999     0 -9999
2024 04 11 21   133    44 10005    10    62     8     0 -9999
2024 04 11 22   139    50 10004   360    51 -9999     0 -9999
2024 04 11 23   133    56 10002   350    36 -9999     0 -9999
2024 04 12 00   128    61 10006   350    46     8    -1    -1
2024 04 12 01   128    61 10006    10    41 -9999    -1 -9999
2024 04 12 02   122    61 10011   350    36 -9999     0 -9999
2024 04 12 03   117    78 10014   300    26     8    -1 -9999
2024 04 12 04   117    78 10014   300    46 -9999    -1 -9999
2024 04 12 05   106    83 10012   300    46 -9999    -1 -9999
2024 04 12 06   106    83 10012   290    41     8     0    -1
2024 04 12 07   100    72 10012   290    57 -9999    -1 -9999
2024 04 12 08    94    78 10015   290    41 -9999    -1 -9999
2024 04 12 09    94    72 10018   290    46     8     0 -9999
2024 04 12 10    94    72 10022   290    57 -9999     0 -9999
2024 04 12 11    94    72 10029   290    51 -9999     0 -9999
2024 04 12 12    94    67 10036   300    62     6     0     0
2024 04 12 13    94    56 10047   300    72 -9999     0 -9999
2024 04 12 14   117    50 10052   300    88     4     0 -9999
2024 04 12 15   133    44 10057   310    82     2     0 -9999
2024 04 12 16   150    50 10065   310    98 -9999     0 -9999
2024 04 12 17   161    44 10072   320    88     4     0 -9999
2024 04 12 18   167    39 10076   310    88     6     0 -9999
2024 04 12 19   167    28 10083   320    88 -9999    -1 -9999
2024 04 12 20   144    50 -9999   300    57 -9999     2 -9999
2024 04 12 21   156    50 10093   280    93     6    -1 -9999
2024 04 12 22   144    28 10105   330    67 -9999    -1 -9999
2024 04 12 23   128    50 10115   350    62 -9999    -1 -9999
2024 04 13 00   128    56 10124   310    26     4    -1    20
2024 04 13 01   122    39 10130   290    21     2     0 -9999
2024 04 13 02   122    22 10139   300    41     0     0 -9999
2024 04 13 03   122    17 10147   270    21     0     0 -9999
2024 04 13 04   111    17 10154   270    31     2     0 -9999
2024 04 13 05   100    17 10158   270    21     0     0 -9999
2024 04 13 06   100    11 10162   280    26     2     0 -9999
2024 04 13 07    89    17 10164   280    31     0     0 -9999
2024 04 13 08    83    11 10170   290    31     0     0 -9999
2024 04 13 09    78    11 10173   270    31     0     0 -9999
2024 04 13 10    72    11 10177   270    31     0     0 -9999
2024 04 13 11    67    11 10180   270    26     0     0 -9999
2024 04 13 12    72    11 10187   270    31     0     0 -9999
2024 04 13 13    94    17 10191   270    31     0     0 -9999
2024 04 13 14   117    17 10191   290    31     0     0 -9999
2024 04 13 15   133    17 10193 -9999    15     0     0 -9999
2024 04 13 16   150     6 10190   270    36     0     0 -9999
2024 04 13 17   161     6 10186   290    36     0     0 -9999
2024 04 13 18   178    11 10175   250    36     0     0 -9999
2024 04 13 19   189    11 10167   270    46     0     0 -9999
2024 04 13 20   206    17 10155   250    57     0     0 -9999
2024 04 13 21   206    22 10144   210    46     0     0 -9999
2024 04 13 22   211    22 10131   200    51     2     0 -9999
2024 04 13 23   211    22 10125   210    46 -9999     0 -9999
2024 04 14 00   206    22 10117   200    41     6     0 -9999
2024 04 14 01   200    28 10107   190    36 -9999     0 -9999
2024 04 14 02   194    33 10102   190    57     2     0 -9999
2024 04 14 03   189    50 10100   200    67     6     0 -9999
2024 04 14 04   189    61 10089   200    82 -9999     0 -9999
2024 04 14 05   183    61 10080   200    88 -9999     0 -9999
2024 04 14 06   178    67 10073   210    62     4     0 -9999
2024 04 14 07   178    72 10060   210    77     2     0 -9999
2024 04 14 08   172    78 10050   220    72     4     0 -9999
2024 04 14 09   167    83 10044   220    72     6     0 -9999
2024 04 14 10   172    83 10037   220    77 -9999     0 -9999
2024 04 14 11   172    78 10038   230    77 -9999     0 -9999
2024 04 14 12   178    78 10043   240    77     4     0 -9999
2024 04 14 13   194    78 10050   250    72     2     0 -9999
2024 04 14 14   206    83 10052   260    77     2     0 -9999
2024 04 14 15   228    94 10053   290    46     4     0 -9999
2024 04 14 16   239    94 10059   290    62     4     0 -9999
2024 04 14 17   239    94 10061   290    41     4     0 -9999
2024 04 14 18   256    83 10062    40    36     4     0 -9999
2024 04 14 19   267    83 10061    20    31     2     0 -9999
2024 04 14 20   256    78 10061    70    41     2     0 -9999
2024 04 14 21   250    61 10061    70    51     2     0 -9999
2024 04 14 22   244    44 10064    90    51     0     0 -9999
2024 04 14 23   233    39 10068   100    46     0     0 -9999
2024 04 15 00   217    39 10067   110    46     0     0 -9999
2024 04 15 01   200    28 10069   140    41     0     0 -9999
2024 04 15 02   194    39 10075   160    15     0     0 -9999
2024 04 15 03   189    33 10074   200    21     0     0 -9999
2024 04 15 04   183    28 10073   210    15     0     0 -9999
2024 04 15 05   156    44 10084    10    36     0     0 -9999
2024 04 15 06   122    61 10088   360    26     0     0 -9999
2024 04 15 07   117    61 10095    20    57     0     0 -9999
2024 04 15 08   106    44 10101    10    41     0     0 -9999
2024 04 15 09   106    44 10110    10    41     0     0 -9999
2024 04 15 10   100    44 10117    10    41     0     0 -9999
2024 04 15 11    94    44 10128    20    36     0     0 -9999
2024 04 15 12   100    44 10138    40    26     2     0 -9999
2024 04 15 13   133    39 10144    80    36     4     0 -9999
2024 04 15 14   156    22 10146    90    57 -9999     0 -9999
2024 04 15 15   178    33 10152    80    36     6     0 -9999
2024 04 15 16   194    39 10154    90    36 -9999     0 -9999
2024 04 15 17   200    33 10157    70    26 -9999     0 -9999
2024 04 15 18   217    33 10156 -9999    15     4     0 -9999
2024 04 15 19   228    22 10156    40    15     2     0 -9999
2024 04 15 20   233    22 10152 -9999    15     2     0 -9999
2024 04 15 21   230    20 10148 -9999    21     2     0 -9999
2024 04 15 22   233    17 10150   100    31     2     0 -9999
2024 04 15 23   217     0 10155   100    57     2     0 -9999
2024 04 16 00   206   -11 10155   100    57     2     0 -9999
2024 04 16 01   183   -17 10156   100    36     2     0 -9999
2024 04 16 02   172    -6 10166    80    41     0     0 -9999
2024 04 16 03   161     6 10166    80    41     0     0 -9999
2024 04 16 04   139    28 10171    90    31     4     0 -9999
2024 04 16 05   133    22 10169    70    41     4     0 -9999
2024 04 16 06   128    28 10169    80    41     2     0 -9999
2024 04 16 07   122    28 10169    70    26     2     0 -9999
2024 04 16 08   117    17 10170    80    36     2     0 -9999
2024 04 16 09   117    17 10159    80    57     2     0 -9999
2024 04 16 10   111    22 10164    90    36     2     0 -9999
2024 04 16 11   111    22 10163    90    31     2     0 -9999
2024 04 16 12   122    22 10159    90    51     2     0 -9999
2024 04 16 13   139    22 10163    90    51 -9999     0 -9999
2024 04 16 14   150    22 10158    80    57 -9999     0 -9999
2024 04 16 15   167    33 10146    90    67     6     0 -9999
2024 04 16 16   178    44 10143    90    77 -9999     0 -9999
2024 04 16 17   189    50 10131    80    67 -9999     0 -9999
2024 04 16 18   222    78 10116   100    57     6     0 -9999
2024 04 16 19   239   111 10101   110    67 -9999     0 -9999
2024 04 16 20   256   139 10078   130    88 -9999     0 -9999
2024 04 16 21   256   150 10062   140    77     8     0 -9999
2024 04 16 22   256   150 10070   160    93 -9999    -1 -9999
2024 04 16 23   233   133 10058   140   103 -9999     3 -9999
2024 04 17 00   233   139 10037   140    77     6    -1     3
2024 04 17 01   230   140 10044   160    82 -9999    -1 -9999
2024 04 17 02   230   140 10051   160    77 -9999    13 -9999
2024 04 17 03   200   144 10050   150    51     6    10 -9999
2024 04 17 04   194   150 10049   150    36 -9999    -1 -9999
2024 04 17 05   200   150 10040   150    57 -9999     0 -9999
2024 04 17 06   200   156 10032   170    67     8     0    20
2024 04 17 07   194   161 10023   170    51 -9999     0 -9999
2024 04 17 08   194   167 10017   180    51 -9999     0 -9999
2024 04 17 09   194   167 10009   180    62     8     0 -9999
2024 04 17 10   194   167 10002   180    82 -9999     0 -9999
2024 04 17 11   200   161 10002   200    77 -9999     0 -9999
2024 04 17 12   200   156  9998   200    72     6     0 -9999
2024 04 17 13   194   156  9991   210    93 -9999     3 -9999
2024 04 17 14   178   106 10004   250    98 -9999    46 -9999
2024 04 17 15   172   100 10010   240    88     6     0 -9999
2024 04 17 16   167   106 10020   230   113 -9999     0 -9999
2024 04 17 17   150   106 10029   240    77 -9999    -1 -9999
2024 04 17 18   156   111 10038   250    72     8     0    50
2024 04 17 19   161   106 10045   260   113 -9999     0 -9999
2024 04 17 20   161   100 10053   250   103 -9999     0 -9999
2024 04 17 21   156    94 10060   270    88     6     0 -9999
2024 04 17 22   150    89 10074   260   103 -9999     0 -9999
2024 04 17 23   144    83 10085   270    82 -9999     0 -9999
2024 04 18 00   139    78 10093   260    82     6     0 -9999
2024 04 18 01   139    67 10109   270    77 -9999     0 -9999
2024 04 18 02   133    72 10125   270    62 -9999     0 -9999
2024 04 18 03   133    67 10134   290    57     8     0 -9999
2024 04 18 04   133    61 10138   290    62 -9999     0 -9999
2024 04 18 05   128    61 10144   300    62 -9999     0 -9999
2024 04 18 06   117    56 10149   280    31     2     0 -9999
2024 04 18 07   106    56 10150   240    21     2     0 -9999
2024 04 18 08    94    56 10151   230    21     4     0 -9999
2024 04 18 09    89    56 10158   260    26     2     0 -9999
2024 04 18 10    89    56 10162   260    21     0     0 -9999
2024 04 18 11    89    56 10173   270    31 -9999     0 -9999
2024 04 18 12    94    61 10176     0     0     6     0 -9999
2024 04 18 13   111    67 10182   330    21 -9999     0 -9999
2024 04 18 14   122    61 10179    40    26 -9999     0 -9999
2024 04 18 15   122    50 10192   360    31     8     0 -9999
2024 04 18 16   133    50 10193    10    26 -9999     0 -9999
2024 04 18 17   139    50 10182   120    31 -9999    -1 -9999
2024 04 18 18   128    67 10172   110    41     8    -1    -1
2024 04 18 19   122    56 10164   100    41 -9999    -1 -9999
2024 04 18 20   133    56 10154    80    36 -9999     0 -9999
2024 04 18 21   133    50 10152    40    21     8     0 -9999
2024 04 18 22   128    50 10155    20    36 -9999     0 -9999
2024 04 18 23   128    56 10154    20    41 -9999     0 -9999
2024 04 19 00   106    72 10155    10    46     8    23    20
2024 04 19 01   100    78 10153   360    57 -9999     3 -9999
2024 04 19 02   100    78 10156    10    41 -9999    -1 -9999
2024 04 19 03    94    78 10154   350    46     8    -1 -9999
2024 04 19 04    94    78 10157   350    51 -9999     0 -9999
2024 04 19 05    94    78 10157   340    41 -9999     0 -9999
2024 04 19 06   100    78 10155   330    36     8     0     3
2024 04 19 07    94    67 10155   310    57 -9999     0 -9999
2024 04 19 08    89    50 10161   320    77 -9999     0 -9999
2024 04 19 09    78    33 10171   320    62     2     0 -9999
2024 04 19 10    61    17 10177   310    57     2     0 -9999
2024 04 19 11    56   -11 10189   310    57     2     0 -9999
2024 04 19 12    50    -6 10200   300    31     2     0 -9999
2024 04 19 13    61   -22 10201   300    36     2     0 -9999
2024 04 19 14    78   -44 10203   290    67     2     0 -9999
2024 04 19 15    89   -50 10202   290    98     2     0 -9999
2024 04 19 16   100   -39 10201   270    98     2     0 -9999
2024 04 19 17   106   -39 10196   280    77     2     0 -9999
2024 04 19 18   117   -33 10192   270    93     2     0 -9999
2024 04 19 19   122   -33 10189   270    93     2     0 -9999
2024 04 19 20   128   -33 10185   260    98     2     0 -9999
2024 04 19 21   133   -33 10177   270    93     2     0 -9999
2024 04 19 22   128   -33 10176   280    93     4     0 -9999
2024 04 19 23   128   -28 10179   260   113     4     0 -9999
2024 04 20 00   117   -39 10177   280    72     4     0 -9999
2024 04 20 01   111   -33 10178   270    67     4     0 -9999
2024 04 20 02   106   -28 10183   280    62     4     0 -9999
2024 04 20 03    89   -33 10194   290    62     4     0 -9999
2024 04 20 04    72   -39 10201   310    62     2     0 -9999
2024 04 20 05    61   -56 10208   300    88     2     0 -9999
2024 04 20 06    56   -61 10209   280    51     2     0 -9999
2024 04 20 07    44   -61 10209   280    51     2     0 -9999
2024 04 20 08    39   -56 10208   280    36     0     0 -9999
2024 04 20 09    28   -56 10212   290    57     0     0 -9999
2024 04 20 10    22   -67 10216   300    67     0     0 -9999
2024 04 20 11    17   -67 10221   290    51     2     0 -9999
2024 04 20 12    22   -61 10227   280    41     2     0 -9999
2024 04 20 13    28   -56 10232   290    62     2     0 -9999
2024 04 20 14    39   -50 10234   280    62     2     0 -9999
2024 04 20 15    56   -44 10236   320    41     6     0 -9999
2024 04 20 16    56   -61 10239   300    57 -9999     0 -9999
2024 04 20 17    61   -61 10236   290    46 -9999     0 -9999
2024 04 20 18    61   -56 10231   310    67     6     0 -9999
2024 04 20 19    72   -50 10232   320    62 -9999     0 -9999
2024 04 20 20    67   -50 10231   290    62 -9999     0 -9999
2024 04 20 21    61   -50 10229   280    62     8     0 -9999
2024 04 20 22    67   -50 10224   280    41 -9999     0 -9999
2024 04 20 23    56   -50 10229   290    57 -9999     0 -9999
2024 04 21 00    50   -50 10224   290    57     8     0 -9999
2024 04 21 01    50   -50 10223   280    51 -9999     0 -9999
2024 04 21 02    44   -44 10225   290    57 -9999     0 -9999
2024 04 21 03    39   -50 10231   310    62     8     0 -9999
2024 04 21 04    39   -50 10227   300    41 -9999     0 -9999
2024 04 21 05    39   -56 10225   300    46 -9999     0 -9999
2024 04 21 06    33   -56 10222   330    46     6     0 -9999
2024 04 21 07    39   -56 10221   300    41 -9999     0 -9999
2024 04 21 08    33   -50 10221   270    21 -9999     0 -9999
2024 04 21 09    22   -50 10220   270    21     2     0 -9999
2024 04 21 10    11   -50 10220   240    26     2     0 -9999
2024 04 21 11     6   -44 10221   260    31     2     0 -9999
2024 04 21 12    11   -44 10223   250    31     2     0 -9999
2024 04 21 13    33   -44 10223   270    41     0     0 -9999
2024 04 21 14    61   -28 10223   280    41     0     0 -9999
2024 04 21 15    78   -28 10223   270    41     0     0 -9999
2024 04 21 16    89   -28 10223 -9999    21     0     0 -9999
2024 04 21 17   100   -44 10218   270    41     2     0 -9999
2024 04 21 18   117   -44 10213   280    67     2     0 -9999
2024 04 21 19   128   -39 10207   300    51     2     0 -9999
2024 04 21 20   128   -44 10202   310    31     2     0 -9999
2024 04 21 21   133   -39 10198   310    41     2     0 -9999
2024 04 21 22   139   -39 10196   320    51     2     0 -9999
2024 04 21 23   139   -39 10196   300    62     2     0 -9999
2024 04 22 00   133   -39 10194   280    51     2     0 -9999
2024 04 22 01   122   -39 10194   290    36     2     0 -9999
2024 04 22 02   111   -33 10196   230    21     0     0 -9999
2024 04 22 03   100   -28 10197   230    26     0     0 -9999
2024 04 22 04    94   -28 10196   240    31     0     0 -9999
2024 04 22 05    83   -22 10195   230    36     0     0 -9999
2024 04 22 06    78   -22 10194   230    31     0     0 -9999
2024 04 22 07    78   -28 10193   240    41     0     0 -9999
2024 04 22 08    67   -22 10190   240    36     0     0 -9999
2024 04 22 09    61   -22 10190   230    31     0     0 -9999
2024 04 22 10    56   -22 10189   230    31     0     0 -9999
2024 04 22 11    50   -22 10190   230    31     0     0 -9999
2024 04 22 12    61   -17 10191   230    36     2     0 -9999
2024 04 22 13    83   -17 10191   220    36     2     0 -9999
2024 04 22 14   111   -11 10188   220    41     2     0 -9999
2024 04 22 15   139   -17 10185   210    46     2     0 -9999
2024 04 22 16   156   -22 10184   220    57     2     0 -9999
2024 04 22 17   172   -33 10178   220    62     4     0 -9999
2024 04 22 18   178   -39 10169   230    77     6     0 -9999
2024 04 22 19   178   -44 10161   220    88 -9999     0 -9999
2024 04 22 20   183   -39 10152   220    77 -9999     0 -9999
2024 04 22 21   189   -44 10136   220   103     6     0 -9999
2024 04 22 22   183   -33 10127   200    88 -9999     0 -9999
2024 04 22 23   183   -33 10124   200    88 -9999     0 -9999
2024 04 23 00   178   -33 10119   220    98     8     0 -9999
2024 04 23 01   172   -33 10116   210    62 -9999     0 -9999
2024 04 23 02   161   -22 10119   200    51 -9999     0 -9999
2024 04 23 03   161   -17 10116   200    67     8     0 -9999
2024 04 23 04   156    -6 10107   210    82 -9999     0 -9999
2024 04 23 05   156     0 10103   210    67 -9999     0 -9999
2024 04 23 06   150    11 10100   220    62     8    -1 -9999
2024 04 23 07   133    28 10094   210    72 -9999    -1 -9999
2024 04 23 08   133    22 10083   200    57 -9999    -1 -9999
2024 04 23 09   144    17 10077   210    62     8     0 -9999
2024 04 23 10   133    17 10072   210    67 -9999     0 -9999
2024 04 23 11   133    11 10074   220    67 -9999     0 -9999
2024 04 23 12   133    17 10071   220    62     6     0    -1
2024 04 23 13   139    22 10077   230    72 -9999     0 -9999
2024 04 23 14   139    28 10082   230    62 -9999     0 -9999
2024 04 23 15   139    33 10075   230    62     8     0 -9999
2024 04 23 16   139    56 10080   220    82 -9999     0 -9999
2024 04 23 17   144    72 10077   230    67 -9999     0 -9999
2024 04 23 18   150    72 10074   200    67     8     0 -9999
2024 04 23 19   167    78 10069   230    67 -9999     0 -9999
2024 04 23 20   156   100 10062   190    62 -9999    -1 -9999
2024 04 23 21   172    94 10059   190    72     6     0 -9999
2024 04 23 22   172    83 10063   200    57 -9999    -1 -9999
2024 04 23 23   161    94 10071   210    62 -9999     0 -9999
2024 04 24 00   156   100 10077   200    67     6     0    -1
2024 04 24 01   172    11 10090   310    98     4     0 -9999
2024 04 24 02   156    11 10102   310    62     2     0 -9999
2024 04 24 03   144    17 10115   320    46     0     0 -9999
2024 04 24 04   100    39 10133    30   108     2     0 -9999
2024 04 24 05    61    28 10151    30    98     4     0 -9999
2024 04 24 06    56    11 10168    20   108     6     0 -9999
2024 04 24 07    50     6 10176    20   118 -9999     0 -9999
2024 04 24 08    44     6 10182    20    98 -9999     0 -9999
2024 04 24 09    44     0 10191    30    77     8     0 -9999
2024 04 24 10    39    -6 10200    20    72 -9999     0 -9999
2024 04 24 11    39   -11 10207    10    62 -9999     0 -9999
2024 04 24 12    39   -17 10218   360    67     8     0 -9999
2024 04 24 13    44   -11 10226    20    72 -9999     0 -9999
2024 04 24 14    44   -17 10232    10    62 -9999     0 -9999
2024 04 24 15    44   -11 10243    40    67     8     0 -9999
2024 04 24 16    50   -11 10255    40    72 -9999     0 -9999
2024 04 24 17    50   -11 10261    40    67 -9999     0 -9999
2024 04 24 18    61   -11 10262    50    62     6     0 -9999
2024 04 24 19    72    -6 10261    50    51     2     0 -9999
2024 04 24 20    78   -11 10257    30    67     2     0 -9999
2024 04 24 21    72   -17 10255    50    67     2     0 -9999
2024 04 24 22    72   -61 10255    40    67     2     0 -9999
2024 04 24 23    67   -83 10258    30    57     2     0 -9999
2024 04 25 00    56   -83 10260    20    46     2     0 -9999
2024 04 25 01    39   -67 10262    30    36     2     0 -9999
2024 04 25 02    28   -33 10265   100    36     0     0 -9999
2024 04 25 03    28   -22 10266    80    36     0     0 -9999
2024 04 25 04    28   -17 10268    60    26     0     0 -9999
2024 04 25 05    22   -17 10269    30    31     2     0 -9999
2024 04 25 06    17   -22 10270    20    26     2     0 -9999
2024 04 25 07    17   -22 10269    40    21     2     0 -9999
2024 04 25 08    17   -22 10268     0     0     4     0 -9999
2024 04 25 09    11   -22 10268     0     0     6     0 -9999
2024 04 25 10    11   -22 10272     0     0 -9999     0 -9999
2024 04 25 11    22   -17 10271   360    15 -9999     0 -9999
2024 04 25 12    28   -11 10275     0     0     6     0 -9999
2024 04 25 13    50    17 10279   110    15 -9999     0 -9999
2024 04 25 14    72    22 10277   130    31     4     0 -9999
2024 04 25 15    89    17 10274   160    26     2     0 -9999
2024 04 25 16   100    11 10270   150    26     2     0 -9999
2024 04 25 17   128    -6 10268    90    36     2     0 -9999
2024 04 25 18   128   -22 10267    90    41     2     0 -9999
2024 04 25 19   139   -22 10263   110    31     2     0 -9999
2024 04 25 20   139   -11 10254    70    36     2     0 -9999
2024 04 25 21   133    11 10247    80    46     2     0 -9999
2024 04 25 22   128    11 10245    90    46     2     0 -9999
2024 04 25 23   128    11 10244    80    46     2     0 -9999
2024 04 26 00   106    11 10238    80    51     4     0 -9999
2024 04 26 01    89    11 10236    70    41     4     0 -9999
2024 04 26 02    78    11 10239    80    31     2     0 -9999
2024 04 26 03    72    17 10240   100    26     0     0 -9999
2024 04 26 04    72    17 10234    90    31     2     0 -9999
2024 04 26 05    72    17 10231    90    31     2     0 -9999
2024 04 26 06    67    22 10232    90    26     6     0 -9999
2024 04 26 07    67    28 10224    80    26 -9999     0 -9999
2024 04 26 08    67    17 10219   110    31 -9999     0 -9999
2024 04 26 09    72    11 10218   110    41     8     0 -9999
2024 04 26 10    72    17 10204   110    57 -9999     0 -9999
2024 04 26 11    72     6 10201   110    57 -9999     0 -9999
2024 04 26 12    72     0 10215   140    36     6     0 -9999
2024 04 26 13    94     6 10208   120    51 -9999     0 -9999
2024 04 26 14   106    11 10199   120    62 -9999     0 -9999
2024 04 26 15   111    17 10192   100    72     8     0 -9999
2024 04 26 16   128    28 10182   100    67 -9999     0 -9999
2024 04 26 17   133    33 10179   100    62 -9999     0 -9999
2024 04 26 18   144    33 10172   110    57     8     0 -9999
2024 04 26 19   144    44 10161   130    51 -9999     3 -9999
2024 04 26 20   117    78 10167   140    41 -9999    33 -9999
2024 04 26 21   117    89 10147   130    67     8    18 -9999
2024 04 26 22   111    94 10121   120   124 -9999    38 -9999
2024 04 26 23   117    94 10128   110    67 -9999    -1 -9999
2024 04 27 00   117   100 10110   110    57     6     0    90
2024 04 27 01   128   100 10112   130    57 -9999     0 -9999
2024 04 27 02   133   100 10112   140    57 -9999     0 -9999
2024 04 27 03   144   106 10102   150    67     8     0 -9999
2024 04 27 04   156   111 10094   150    77 -9999     0 -9999
2024 04 27 05   167   128 10098   170    72 -9999     0 -9999
2024 04 27 06   156   139 10077   160    72     6     5     5
2024 04 27 07   156   139 10090   170    51 -9999    -1 -9999
2024 04 27 08   150   139 10079   150    51 -9999    -1 -9999
2024 04 27 09   156   139 10085   270    46     8     8 -9999
2024 04 27 10   161   144 10083   170    57 -9999     0 -9999
2024 04 27 11   167   144 10083   180    62 -9999     0 -9999
2024 04 27 12   178   150 10088   190    57     6     0     8
2024 04 27 13   189   150 10091   200    82     2     0 -9999
2024 04 27 14   200   156 10099   200    93 -9999     0 -9999
2024 04 27 15   211   161 10103   210    72     6     0 -9999
2024 04 27 16   206   161 10110   210    93 -9999     0 -9999
2024 04 27 17   233   167 10109   210    77 -9999     0 -9999
2024 04 27 18   233   167 10110   230    93     6     0 -9999
2024 04 27 19   244   167 10113   230    93 -9999     0 -9999
2024 04 27 20   261   178 10109   220    67 -9999     0 -9999
2024 04 27 21   256   178 10106   220    72     6     0 -9999
2024 04 27 22   250   178 10110   200    82 -9999     0 -9999
2024 04 27 23   244   178 10115   200    82 -9999     0 -9999
2024 04 28 00   239   178 10116   200    82     6     0 -9999
2024 04 28 01   233   172 10122   200    67 -9999     0 -9999
2024 04 28 02   222   167 10133   190    51 -9999     0 -9999
2024 04 28 03   211   172 10136   190    57     8     0 -9999
2024 04 28 04   211   172 10143   200    51 -9999     0 -9999
2024 04 28 05   206   172 10136   180    46 -9999     0 -9999
2024 04 28 06   200   172 10133   180    57     8    -1    -1
2024 04 28 07   194   172 -9999   190    46 -9999    -1 -9999
2024 04 28 08   183   167 10115   180    67 -9999     5 -9999
2024 04 28 09   172   161 10123   220    36     8    33 -9999
2024 04 28 10   167   156 10121     0     0 -9999    28 -9999
2024 04 28 11   167   161 10131     0     0 -9999    13 -9999
2024 04 28 12   172   167 10123   140    26     8    13    90
2024 04 28 13   178   172 10128   150    21 -9999    -1 -9999
2024 04 28 14   189   167 10130    50    15 -9999     0 -9999
2024 04 28 15   172   156 10132    40    46     8     0 -9999
2024 04 28 16   150   139 10135    20    41 -9999     0 -9999
2024 04 28 17   167   144 10131    60    31 -9999     0 -9999
2024 04 28 18   156   128 10123    30    57     6     0     0
2024 04 28 19   189   133 10112    60    57 -9999     0 -9999
2024 04 28 20   233   150 10094   180    72 -9999     0 -9999
2024 04 28 21   233   156 10095   190    67     8     0 -9999
2024 04 28 22   233   161 10103   200    62 -9999     0 -9999
2024 04 28 23   228   161 10108   200    57 -9999    -1 -9999
2024 04 29 00   228   161 10109   210    82     8     0     0
2024 04 29 01   217   161 10110   190    67 -9999     0 -9999
2024 04 29 02   211   161 10109   200    46 -9999     0 -9999
2024 04 29 03   206   167 10108   170    36     6     0 -9999
2024 04 29 04   206   167 10107   180    41 -9999     0 -9999
2024 04 29 05   206   167 10103   190    51 -9999     0 -9999
2024 04 29 06   206   167 10100   200    31     8     0 -9999
2024 04 29 07   189   178 10102   190    67 -9999     5 -9999
2024 04 29 08   183   172 10099   200    41 -9999    33 -9999
2024 04 29 09   178   167 10089   210    26     8    -1 -9999
2024 04 29 10   172   161 -9999   250    57 -9999     7 -9999
2024 04 29 11   161   150 10091   230    21 -9999    28 -9999
2024 04 29 12   156   144 10090   170    31     8    23   150
2024 04 29 13   156   150 10092   220    26 -9999    15 -9999
2024 04 29 14   172   156 10086   190    26 -9999    -1 -9999
2024 04 29 15   183   144 10092   210    67     8     0 -9999
2024 04 29 16   183   139 10097   210    67 -9999     0 -9999
2024 04 29 17   183   139 10097   220    67 -9999     0 -9999
2024 04 29 18   183   139 10094   210    67     8     0    20
2024 04 29 19   183   139 10095   210    62 -9999     0 -9999
2024 04 29 20   183   139 10092   210    46 -9999    -1 -9999
2024 04 29 21   200   144 10087   210    67     8     3 -9999
2024 04 29 22   206   133 10086   210    67 -9999     0 -9999
2024 04 29 23   206   133 10083   210    57 -9999     0 -9999
2024 04 30 00   200   133 10085   220    46     6     0     3
2024 04 30 01   194   106 10091   250    46 -9999     0 -9999
2024 04 30 02   167   106 10101   280    46     4     0 -9999
2024 04 30 03   156    72 10112   280    51     4     0 -9999
2024 04 30 04   144    67 10113   290    51     4     0 -9999
2024 04 30 05   133    67 10111   290    26     4     0 -9999
2024 04 30 06   122    67 10115   280    26     2     0 -9999
2024 04 30 07   117    67 10115   260    21     2     0 -9999
2024 04 30 08   106    67 10115   240    15     2     0 -9999
2024 04 30 09   100    67 10116   230    15     0     0 -9999
2024 04 30 10   100    61 10124   240    21     0     0 -9999
2024 04 30 11   100    61 10134   210    15     2     0 -9999
2024 04 30 12   106    67 10138   220    21     2     0 -9999
2024 04 30 13   122    67 10141   250    26     0     0 -9999
2024 04 30 14   139    61 10144   280    41     0     0 -9999
2024 04 30 15   150    67 10142   270    41     0     0 -9999
2024 04 30 16   167    72 10141   250    41     0     0 -9999
2024 04 30 17   183    83 10139   240    51     2     0 -9999
2024 04 30 18   194    94 10137   260    36     2     0 -9999
2024 04 30 19   206    94 10132   280    36     2     0 -9999
2024 04 30 20   217    94 10128   260    57     4     0 -9999
2024 04 30 21   222   100 10123 -9999    31     4     0 -9999
2024 04 30 22   233   111 10117   270    31     4     0 -9999
2024 04 30 23   228   111 10111   190    51     4     0 -9999
2024 05 01 00   228   117 10102   190    36     4     0 -9999
2024 05 01 01   211   117 10095   170    31 -9999     0 -9999
2024 05 01 02   206   122 10097   150    36 -9999     0 -9999
2024 05 01 03   206   122 10096   160    36 -9999     0 -9999
2024 05 01 04   200   133 10099   180    31 -9999    -1 -9999
2024 05 01 05   211   122 10098   190    41 -9999     0 -9999
2024 05 01 06   206   128 10097   200    77 -9999    -1    -1
2024 05 01 07   189   139 10084   170    57 -9999     3 -9999
2024 05 01 08   200   139 10077   190    67 -9999     0 -9999
2024 05 01 09   189   139 10081   220    67 -9999     0 -9999
2024 05 01 10   183   139 10084   200    46 -9999     0 -9999
2024 05 01 11   183   133 10086   210    41 -9999     0 -9999
2024 05 01 12   189   139 10097   230    57 -9999     0     3
2024 05 01 13   189   144 10102   260    62     4     0 -9999
2024 05 01 14   194   117 10106   270    46     4     0 -9999
2024 05 01 15   206    61 10104   270    62     4     0 -9999
2024 05 01 16   217    72 10108   260    72     4     0 -9999
2024 05 01 17   217    44 10113   270    82     4     0 -9999
2024 05 01 18   217    28 10115   260    82 -9999     0 -9999
2024 05 01 19   228    17 10117   290    67     4     0 -9999
2024 05 01 20   233     0 10119   270    67     4     0 -9999
2024 05 01 21   233     6 10122   280    62     4     0 -9999
2024 05 01 22   239    11 10120   320    41 -9999     0 -9999
2024 05 01 23   233    17 10126   310    46 -9999     0 -9999
2024 05 02 00   222    22 10125   280    31     6     0 -9999
2024 05 02 01   211    33 10131   280    21 -9999     0 -9999
2024 05 02 02   194    44 10134 -9999    15 -9999     0 -9999
2024 05 02 03   183    56 10141   270    15     4     0 -9999
2024 05 02 04   172    50 10145     0     0     4     0 -9999
2024 05 02 05   167    56 10146   350    15     4     0 -9999
2024 05 02 06   144    61 10143    30    31     2     0 -9999
2024 05 02 07   133    61 10140    50    15     2     0 -9999
2024 05 02 08   122    56 10144    30    36     4     0 -9999
2024 05 02 09   133    56 10144    50    26     6     0 -9999
2024 05 02 10   139    61 10145    80    36     4     0 -9999
2024 05 02 11   133    61 10145    60    46 -9999     0 -9999
2024 05 02 12   139    67 10150    90    36     6     0 -9999
2024 05 02 13   172    67 10146   110    62 -9999     0 -9999
2024 05 02 14   178    56 10140   110    67 -9999     0 -9999
2024 05 02 15   183    61 10130   110    57     6     0 -9999
2024 05 02 16   217   106 10127   150    57 -9999     0 -9999
2024 05 02 17   228    94 10119   130    57 -9999     0 -9999
2024 05 02 18   244   128 10113   150    77     6     0 -9999
2024 05 02 19   250   144 10109   200    51 -9999    -1 -9999
2024 05 02 20   211   150 10107   190    36 -9999    -1 -9999
2024 05 02 21   217   161 10093   160    21     8    -1 -9999
2024 05 02 22   222   167 10093   200    31 -9999    -1 -9999
2024 05 02 23   222   178 10090   140    26 -9999     3 -9999
2024 05 03 00   222   161 10092   170    21     8     0     3
2024 05 03 01   206   172 10096   120    31 -9999     0 -9999
2024 05 03 02   183   156 -9999   240    31 -9999    15 -9999
2024 05 03 03   183   161 10105   170    36     8    15 -9999
2024 05 03 04   178   161 10114   140    51 -9999    43 -9999
2024 05 03 05   183   161 10105   280    36 -9999    46 -9999
2024 05 03 06   172   161 10106     0     0     8    10   160
2024 05 03 07   172   161 10106     0     0 -9999     3 -9999
2024 05 03 08   172   167 -9999   200    41 -9999     2 -9999
2024 05 03 09   172   161 10116   280    31     8    20 -9999
2024 05 03 10   167   156 10122     0     0 -9999     0 -9999
2024 05 03 11   167   156 10126   300    15 -9999     0 -9999
2024 05 03 12   172   156 10136   310    26     8     0    40
2024 05 03 13   156   139 10148   330    41 -9999     0 -9999
2024 05 03 14   150   128 10154   340    41 -9999    -1 -9999
2024 05 03 15   150   122 10161   360    46     8    -1 -9999
2024 05 03 16   172   117 10167    20    41 -9999     0 -9999
2024 05 03 17   194    94 10161    40    57 -9999     0 -9999
2024 05 03 18   194    67 10166    40    57     6     0    -1
2024 05 03 19   200    61 10169    50    57 -9999     0 -9999
2024 05 03 20   200    44 10170    50    57     4     0 -9999
2024 05 03 21   200    39 10170    60    62     4     0 -9999
2024 05 03 22   194    22 10169    50    51     4     0 -9999
2024 05 03 23   194     0 10170    60    41     2     0 -9999
2024 05 04 00   183    11 10171    70    36     2     0 -9999
2024 05 04 01   161    17 10173    80    26     2     0 -9999
2024 05 04 02   150    17 10173    50    15     0     0 -9999
2024 05 04 03   133    17 10172    70    31     0     0 -9999
2024 05 04 04   122    33 10172   100    21     0     0 -9999
2024 05 04 05   117    44 10168    90    26     0     0 -9999
2024 05 04 06   122    33 10164    70    36     0     0 -9999
2024 05 04 07   111    44 10164     0     0     0     0 -9999
2024 05 04 08    83    44 10163   360    36     0     0 -9999
2024 05 04 09   100    50 10163    40    21     2     0 -9999
2024 05 04 10    89    50 10156    10    26     2     0 -9999
2024 05 04 11    94    56 10157   340    15     2     0 -9999
2024 05 04 12   128    72 10160     0     0     6     0 -9999
2024 05 04 13   144    89 10162     0     0     4     0 -9999
2024 05 04 14   178   128 10151   140    41     4     0 -9999
2024 05 04 15   211   144 10141   160    41     6     0 -9999
2024 05 04 16   228   156 10141 -9999    26 -9999     0 -9999
2024 05 04 17   239   150 10132   200    51 -9999     0 -9999
2024 05 04 18   244   150 10124   200    51     6     0 -9999
2024 05 04 19   250   156 10118   190    36 -9999     0 -9999
2024 05 04 20   261   156 10107   190    51 -9999     0 -9999
2024 05 04 21   272   156 10097   180    46     6     0 -9999
2024 05 04 22   267   150 10090   180    67 -9999     0 -9999
2024 05 04 23   261   150 10083   180    57 -9999     0 -9999
2024 05 05 00   180   160 10097   300    88     8    45    10
2024 05 05 01   183   161 10102   290    26 -9999    -1 -9999
2024 05 05 02   178   156 10110   270    31 -9999     0 -9999
2024 05 05 03   178   161 10117   260    36     8     0 -9999
2024 05 05 04   172   144 10124   310    51 -9999     0 -9999
2024 05 05 05   150   128 10130   310    51 -9999     0 -9999
2024 05 05 06   139   106 10136   350    62     8     0    50
2024 05 05 07   139    94 10138   340    46 -9999     0 -9999
2024 05 05 08   133    94 10142   350    36 -9999     0 -9999
2024 05 05 09   122    83 10143   340    41     6     0 -9999
2024 05 05 10   117    83 10148   330    31     4     0 -9999
2024 05 05 11   106    83 10160   310    31     2     0 -9999
2024 05 05 12   111    83 10171   350    41     4     0 -9999
2024 05 05 13   117    83 10178   360    41 -9999     0 -9999
2024 05 05 14   122    78 10181    40    41 -9999     0 -9999
2024 05 05 15   128    72 10190    60    36     8     0 -9999
2024 05 05 16   144    83 10192    70    46 -9999     0 -9999
2024 05 05 17   144    83 10193    50    41     4     0 -9999
2024 05 05 18   156    89 10193    20    31     4     0 -9999
2024 05 05 19   167    72 10191    40    41 -9999     0 -9999
2024 05 05 20   172    61 10190    40    57 -9999     0 -9999
2024 05 05 21   178    50 10183    20    51     6     0 -9999
2024 05 05 22   172    39 10178    20    46 -9999     0 -9999
2024 05 05 23   167    28 10177    30    51 -9999     0 -9999
2024 05 06 00   150    17 10177    60    41     6     0 -9999
2024 05 06 01   128    33 10175    50    31 -9999     0 -9999
2024 05 06 02   122    33 10177    80    26 -9999     0 -9999
2024 05 06 03   106    39 10185   110    26     6     0 -9999
2024 05 06 04   111    39 10179   130    15 -9999     0 -9999
2024 05 06 05   111    39 10181    80    15 -9999     0 -9999
2024 05 06 06   106    50 10178     0     0     6     0 -9999
2024 05 06 07    94    44 10170   360    21 -9999     0 -9999
2024 05 06 08   100    50 10162    40    21 -9999     0 -9999
2024 05 06 09   100    56 10158    30    31     6     0 -9999
2024 05 06 10   106    44 10161    60    21 -9999     0 -9999
2024 05 06 11   100    50 10160    80    26 -9999     0 -9999
2024 05 06 12   106    56 10163    80    31     6     0 -9999
2024 05 06 13   122    61 10166    50    26 -9999     0 -9999
2024 05 06 14   144    83 10166    50    21 -9999     0 -9999
2024 05 06 15   167   100 10159   100    36     6     0 -9999
2024 05 06 16   189   117 10153    90    36 -9999     0 -9999
2024 05 06 17   189   111 10150    70    57 -9999     0 -9999
2024 05 06 18   200   111 10141    80    51     4     0 -9999
2024 05 06 19   200   128 10135    80    51     4     0 -9999
2024 05 06 20   206   128 10129    80    57     4     0 -9999
2024 05 06 21   206   117 10121    60    62     4     0 -9999
2024 05 06 22   211   111 10118    90    51     4     0 -9999
2024 05 06 23   206    94 10112    70    46     2     0 -9999
2024 05 07 00   194    83 10105    70    46     2     0 -9999
2024 05 07 01   183    78 10103    80    51 -9999     0 -9999
2024 05 07 02   172    83 10100    70    36     4     0 -9999
2024 05 07 03   167    94 10102    90    26     4     0 -9999
2024 05 07 04   167   106 10097   110    31     4     0 -9999
2024 05 07 05   178    94 10088   110    62     4     0 -9999
2024 05 07 06   167    89 10079   130    46     2     0 -9999
2024 05 07 07   156    83 10071   110    51     2     0 -9999
2024 05 07 08   156    89 10064   140    36     4     0 -9999
2024 05 07 09   156    83 10062   160    36     4     0 -9999
2024 05 07 10   150    89 10050   130    46 -9999     0 -9999
2024 05 07 11   150    89 10043   120    41 -9999     0 -9999
2024 05 07 12   156    94 10036   140    57     8     0 -9999
2024 05 07 13   167   117 10023   130    51 -9999     0 -9999
2024 05 07 14   161   144 -9999   240    62 -9999    25 -9999
2024 05 07 15   161   156 10022   200    15     8     2 -9999
2024 05 07 16   183   172 10014   150    51 -9999    13 -9999
2024 05 07 17   211   178  9999   150    31 -9999     0 -9999
2024 05 07 18   233   183  9991   180    51 -9999     0   170
2024 05 07 19   233   161  9979   210    41 -9999     0 -9999
2024 05 07 20   239   183  9965   170    46 -9999    -1 -9999
2024 05 07 21   228   178  9967   210    51     6     8 -9999
2024 05 07 22   233   172  9975   260    88 -9999    10 -9999
2024 05 07 23   228   156  9982   280    67     4     0 -9999
2024 05 08 00   228   144  9984   260    36     2     0    18
2024 05 08 01   211   144  9993   240    31 -9999     0 -9999
2024 05 08 02   200   150 10009   250    72 -9999    10 -9999
2024 05 08 03   172   106 10012   220    36     2    -1 -9999
2024 05 08 04   161   111 10017   220    31     2     0 -9999
2024 05 08 05   156   100 10021   310    21     2     0 -9999
2024 05 08 06   161   100 10030   270    36     2     0    10
2024 05 08 07   150    94 10024   310    31     2     0 -9999
2024 05 08 08   144    89 10024   220    26     2     0 -9999
2024 05 08 09   128    83 10029   310    15     0     0 -9999
2024 05 08 10   122    83 10039   230    26 -9999     0 -9999
2024 05 08 11   117    78 10044   120    15     2     0 -9999
2024 05 08 12   139   100 10050     0     0     2     0 -9999
2024 05 08 13   172    89 10054     0     0 -9999     0 -9999
2024 05 08 14   200    89 10055     0     0 -9999     0 -9999
2024 05 08 15   217    61 10053     0     0     2     0 -9999
2024 05 08 16   239    78 10059   350    26     4     0 -9999
2024 05 08 17   244    61 10063   260    15     2     0 -9999
2024 05 08 18   261    67 10060 -9999    21 -9999     0 -9999
2024 05 08 19   250    72 10062    90    41     2     0 -9999
2024 05 08 20   256    67 10065   100    57 -9999     0 -9999
2024 05 08 21   250    61 10058    70    62     4     0 -9999
2024 05 08 22   244    39 10049    80    72     4     0 -9999
2024 05 08 23   228    17 10051    60    67 -9999     0 -9999
2024 05 09 00   217    28 10049    80    51     6     0 -9999
2024 05 09 01   189    44 10052    90    41     4     0 -9999
2024 05 09 02   178    56 10058    80    26 -9999     0 -9999
2024 05 09 03   172    61 10066    70    36     6     0 -9999
2024 05 09 04   167    78 10060    60    41 -9999     0 -9999
2024 05 09 05   167    78 10056    50    46 -9999     0 -9999
2024 05 09 06   156    83 10050    70    46     8     0 -9999
2024 05 09 07   161    83 10043    70    46 -9999     0 -9999
2024 05 09 08   172    83 10043    80    41 -9999     0 -9999
2024 05 09 09   161    89 10040    50    57     8     0 -9999
2024 05 09 10   150   100 10051    70    26 -9999     3 -9999
2024 05 09 11   139   117 10059    10    46 -9999    13 -9999
2024 05 09 12   128   117 10069   350    46     8    41    40
2024 05 09 13   128   117 10067    30    51 -9999    48 -9999
2024 05 09 14   133   117 10061    50    57 -9999     8 -9999
2024 05 09 15   139   117 10061    60    57     6     0 -9999
2024 05 09 16   133   111 10065    30    82 -9999     0 -9999
2024 05 09 17   139   111 10071    30    72 -9999     0 -9999
2024 05 09 18   128   100 10080    30    72     8     0    70
2024 05 09 19   122   100 10086    30    77 -9999    -1 -9999
2024 05 09 20   128   100 10090    30    62 -9999     0 -9999
2024 05 09 21   122   106 10096    20    51     8     3 -9999
2024 05 09 22   117   100 10108    10    62 -9999     8 -9999
2024 05 09 23   117   100 10111    20    67 -9999     8 -9999
2024 05 10 00   122    94 10113    20    57     8    -1    20
2024 05 10 01   117    94 10124   360    57 -9999     0 -9999
2024 05 10 02   106    89 10128   350    36 -9999     0 -9999
2024 05 10 03   100    83 10132   360    41     6     0 -9999
2024 05 10 04   106    89 10134   350    31 -9999     0 -9999
2024 05 10 05    94    83 10136   350    26 -9999     0 -9999
2024 05 10 06    94    78 10133   340    21     8     0 -9999
2024 05 10 07    89    67 10129   340    21 -9999     0 -9999
2024 05 10 08    89    72 10126   310    21     2     0 -9999
2024 05 10 09    83    72 10128     0     0     2     0 -9999
2024 05 10 10    83    67 10131   340    26     2     0 -9999
2024 05 10 11    83    67 10134   350    21     4     0 -9999
2024 05 10 12    94    72 10139   350    41     6     0 -9999
2024 05 10 13   106    67 10142    20    15 -9999     0 -9999
2024 05 10 14   122    72 10142   290    15 -9999     0 -9999
2024 05 10 15   133    83 10142   250    21     6     0 -9999
2024 05 10 16   156    83 10139   310    21     4     0 -9999
2024 05 10 17   172    83 10136   320    46 -9999     0 -9999
2024 05 10 18   178    83 10130   270    41     6     0 -9999
2024 05 10 19   178    89 10122   240    51 -9999     0 -9999
2024 05 10 20   178    89 10115   250    62 -9999     0 -9999
2024 05 10 21   194    89 10104   260    62     6     0 -9999
2024 05 10 22   189    83 10102   250    51 -9999     0 -9999
2024 05 10 23   194    89 10093   230    77 -9999     0 -9999
2024 05 11 00   194    78 10084   230    72     6     0 -9999
2024 05 11 01   183    78 10085   240    31 -9999     0 -9999
2024 05 11 02   167    78 10078   210    31     4     0 -9999
2024 05 11 03   167    78 10074   210    36     6     0 -9999
2024 05 11 04   167    72 10062   210    41 -9999     0 -9999
2024 05 11 05   144   100 10058   210    51 -9999    23 -9999
2024 05 11 06   122    89 10078   340    51     8     5    20
2024 05 11 07   117   100 10073   280    36 -9999    -1 -9999
2024 05 11 08   106    89 10068   260    31     2     0 -9999
2024 05 11 09   106    89 10070   260    36     0     0 -9999
2024 05 11 10   106    83 10071   270    46     0     0 -9999
2024 05 11 11   106    61 10074   280    36     2     0 -9999
2024 05 11 12   111    67 10080   290    46     2     0     5
2024 05 11 13   128    61 10084   310    72     0     0 -9999
2024 05 11 14   139    61 10090   310    57     2     0 -9999
2024 05 11 15   156    67 10092   300    72     2     0 -9999
2024 05 11 16   167    67 10093   290    57     4     0 -9999
2024 05 11 17   178    67 10094   300    67 -9999     0 -9999
2024 05 11 18   194    61 10096   320    72     6     0 -9999
2024 05 11 19   194    61 10096   330    82 -9999     0 -9999
2024 05 11 20   194    56 10097   320    51 -9999     0 -9999
2024 05 11 21   200    78 10094    50    46     6     0 -9999
2024 05 11 22   183    78 10095    80    51 -9999     0 -9999
2024 05 11 23   167    72 10096   100    36 -9999     0 -9999
2024 05 12 00   161    78 10097   130    31     4     0 -9999
2024 05 12 01   150    78 10099   140    31     2     0 -9999
2024 05 12 02   139    72 10104   160    26     2     0 -9999
2024 05 12 03   139    72 10108   150    15     2     0 -9999
2024 05 12 04   133    72 10114   150    15     2     0 -9999
2024 05 12 05   117    72 10116   140    15     2     0 -9999
2024 05 12 06   117    67 10115     0     0     0     0 -9999
2024 05 12 07   106    72 10115     0     0     0     0 -9999
2024 05 12 08   100    72 10116   200    15     2     0 -9999
2024 05 12 09   100    72 10116     0     0     0     0 -9999
2024 05 12 10   100    72 10116     0     0     0     0 -9999
2024 05 12 11    94    72 10117   210    21     4     0 -9999
2024 05 12 12   122    83 10115   210    26     4     0 -9999
2024 05 12 13   161    83 10117   210    36 -9999     0 -9999
2024 05 12 14   189    72 10117   210    36 -9999     0 -9999
2024 05 12 15   206    61 10113   210    46     4     0 -9999
2024 05 12 16   222    67 10110   180    51 -9999     0 -9999
2024 05 12 17   239    72 10103   220    51     4     0 -9999
2024 05 12 18   250    83 10095   200    57     2     0 -9999
2024 05 12 19   267    83 10087   200    72     2     0 -9999
2024 05 12 20   272    94 10076   210    51     4     0 -9999
2024 05 12 21   283   106 10066   240    41     6     0 -9999
2024 05 12 22   283   100 10060   210    57 -9999     0 -9999
2024 05 12 23   278   100 10058   210    57 -9999     0 -9999
2024 05 13 00   272    94 10059   210    51     6     0 -9999
2024 05 13 01   261    94 10060   220    62 -9999     0 -9999
2024 05 13 02   244   106 10065   200    46 -9999     0 -9999
2024 05 13 03   239   106 10071   220    62     6     0 -9999
2024 05 13 04   233   100 10074   220    41 -9999     0 -9999
2024 05 13 05   222   100 10076   220    57 -9999     0 -9999
2024 05 13 06   217    94 10075   220    67     6     0 -9999
2024 05 13 07   200    94 10074   220    57     4     0 -9999
2024 05 13 08   200    94 10073   230    57     4     0 -9999
2024 05 13 09   194    94 10072   220    57     6     0 -9999
2024 05 13 10   183    94 10071   210    51     4     0 -9999
2024 05 13 11   172    94 10074   210    41 -9999     0 -9999
2024 05 13 12   183   100 10080   220    57     6     0 -9999
2024 05 13 13   200   106 10081   220    51     4     0 -9999
2024 05 13 14   217   111 10079   220    51     4     0 -9999
2024 05 13 15   233   128 10076   200    41     6     0 -9999
2024 05 13 16   244   128 10075   230    31 -9999     0 -9999
2024 05 13 17   256   128 10073   200    41 -9999     0 -9999
2024 05 13 18   267   133 10066   270    41     6     0 -9999
2024 05 13 19   267   122 10060   250    36 -9999     0 -9999
2024 05 13 20   256   128 10060   200    36 -9999     0 -9999
2024 05 13 21   222   150 10062   200    57     6     5 -9999
2024 05 13 22   217   139 10067   190    41 -9999     0 -9999
2024 05 13 23   194   150 10078   260    46 -9999    -1 -9999
2024 05 14 00   183   161 10080   330    21     8     8    10
2024 05 14 01   189   150 10087   270    15 -9999     0 -9999
2024 05 14 02   178   156 10081   180    15 -9999    -1 -9999
2024 05 14 03   178   156 10081   180    21     8     0 -9999
2024 05 14 04   172   156 10079   130    15 -9999     0 -9999
2024 05 14 05   167   156 10084     0     0 -9999     8 -9999
2024 05 14 06   167   156 10081   140    21     8    10    20
2024 05 14 07   156   144 10075    20    36 -9999     3 -9999
2024 05 14 08   139   133 10073    30    41 -9999    -1 -9999
2024 05 14 09   128   117 10081    30    51     8     0 -9999
2024 05 14 10   117   100 10087    40    46 -9999     0 -9999
2024 05 14 11   111    94 10086    30    41 -9999     0 -9999
2024 05 14 12   111    89 10094    40    57     8     0     3
2024 05 14 13   111    83 10102    30    51 -9999    -1 -9999
2024 05 14 14   106    89 10097    20    72 -9999     5 -9999
2024 05 14 15   117    94 10101    20    51     8    -1 -9999
2024 05 14 16   139   106 10098    30    57 -9999     0 -9999
2024 05 14 17   144   106 10097    40    62 -9999     0 -9999
2024 05 14 18   150   106 10092    30    72     8     0     5
2024 05 14 19   139   100 10088    30    72 -9999     0 -9999
2024 05 14 20   139    94 10091    30    82 -9999     0 -9999
2024 05 14 21   144    94 10082    20    82     6     0 -9999
2024 05 14 22   139    89 10089    30    82 -9999     0 -9999
2024 05 14 23   144    89 10088    30    67 -9999     0 -9999
2024 05 15 00   139    78 10088    20    82     6     0 -9999
2024 05 15 01   128    67 10090    20    93 -9999     0 -9999
2024 05 15 02   128    61 10093    10    77 -9999     0 -9999
2024 05 15 03   122    56 10096    20    77     8     0 -9999
2024 05 15 04   122    56 10095    20    72 -9999     0 -9999
2024 05 15 05   117    61 10092    20    62 -9999     0 -9999
2024 05 15 06   117    72 10091    20    62     6     0 -9999
2024 05 15 07   122    78 10086    30    51 -9999     0 -9999
2024 05 15 08   122    78 10086    20    41 -9999     0 -9999
2024 05 15 09   111    72 10088    20    57     4     0 -9999
2024 05 15 10   122    72 10093    30    62 -9999     0 -9999
2024 05 15 11   117    72 10098    30    67 -9999     0 -9999
2024 05 15 12   122    72 10103    30    57     4     0 -9999
2024 05 15 13   128    72 10108    20    67     2     0 -9999
2024 05 15 14   139    78 10114    40    57     2     0 -9999
2024 05 15 15   150    78 10116    10    77     2     0 -9999
2024 05 15 16   161    78 10119    30    57     4     0 -9999
2024 05 15 17   172    78 10116    50    62     2     0 -9999
2024 05 15 18   178    72 10113    30    62     2     0 -9999
2024 05 15 19   183    72 10109    50    51     2     0 -9999
2024 05 15 20   189    67 10110    30    67     0     0 -9999
2024 05 15 21   189    50 10112    20    62     0     0 -9999
2024 05 15 22   194    39 10113    40    41     0     0 -9999
2024 05 15 23   189    33 10113    30    51     2     0 -9999
2024 05 16 00   172    33 10112    40    51     2     0 -9999
2024 05 16 01   150    44 10113    40    62     4     0 -9999
2024 05 16 02   133    50 10116    30    46     4     0 -9999
2024 05 16 03   128    56 10123    20    31     4     0 -9999
2024 05 16 04   128    56 10123    30    26     4     0 -9999
2024 05 16 05   122    56 10117    50    41 -9999     0 -9999
2024 05 16 06   122    61 10112    60    31     4     0 -9999
2024 05 16 07   117    67 10113    30    15 -9999     0 -9999
2024 05 16 08   117    67 10107    10    15 -9999     0 -9999
2024 05 16 09   117    72 10107     0     0     6     0 -9999
2024 05 16 10   122    72 10103     0     0 -9999     0 -9999
2024 05 16 11   117    78 10106     0     0 -9999     0 -9999
2024 05 16 12   139    83 10102   140    26     8     0 -9999
2024 05 16 13   156    89 10104     0     0 -9999     0 -9999
2024 05 16 14   178   100 10106   200    26 -9999     0 -9999
2024 05 16 15   200   111 10098   190    31     6     0 -9999
2024 05 16 16   217   128 10100   200    46 -9999     0 -9999
2024 05 16 17   233   139 10098   200    62 -9999     0 -9999
2024 05 16 18   233   144 10090   220    57     6     0 -9999
2024 05 16 19   206   167 -9999   170    21 -9999   114 -9999
2024 05 16 20   217   178 10079   160    15 -9999     8 -9999
2024 05 16 21   228   167 10075   200    51     8     0 -9999
2024 05 16 22   228   167 10072   190    67 -9999     0 -9999
2024 05 16 23   222   161 10067   200    46 -9999     0 -9999
2024 05 17 00   217   161 10067   210    51     8     0   120
2024 05 17 01   206   161 10066   200    41 -9999     0 -9999
2024 05 17 02   194   156 10066   200    57 -9999     0 -9999
2024 05 17 03   189   161 10068   210    31     6     0 -9999
2024 05 17 04   183   161 10074   200    41     4     0 -9999
2024 05 17 05   183   161 10076   200    36     4     0 -9999
2024 05 17 06   178   161 10074   210    26     4     0 -9999
2024 05 17 07   172   161 10072   230    26 -9999     0 -9999
2024 05 17 08   167   156 10068   240    26     4     0 -9999
2024 05 17 09   161   156 10067   230    21     2     0 -9999
2024 05 17 10   156   150 10070     0     0     2     0 -9999
2024 05 17 11   156   150 10072   250    15     2     0 -9999
2024 05 17 12   150   150 10080   220    21     9     0 -9999
2024 05 17 13   167   156 10087   200    21     2     0 -9999
2024 05 17 14   194   156 10091   230    21     2     0 -9999
2024 05 17 15   217   144 10085   270    21     2     0 -9999
2024 05 17 16   239   128 10082 -9999    15     2     0 -9999
2024 05 17 17   239   117 10081   210    31     2     0 -9999
2024 05 17 18   250   106 10077   290    26     2     0 -9999
2024 05 17 19   261    94 10074   310    26     2     0 -9999
2024 05 17 20   272   106 10074   120    15     2     0 -9999
2024 05 17 21   250   139 10071    80    36     2     0 -9999
2024 05 17 22   244   139 10074    80    51     2     0 -9999
2024 05 17 23   239   128 10075    80    41     2     0 -9999
2024 05 18 00   228   128 10078    80    36     2     0 -9999
2024 05 18 01   206   122 10080    70    36     2     0 -9999
2024 05 18 02   194   117 10082    80    31     0     0 -9999
2024 05 18 03   178   117 10086   100    26     0     0 -9999
2024 05 18 04   172   117 10087   110    15     0     0 -9999
2024 05 18 05   178   117 10087   100    21     0     0 -9999
2024 05 18 06   172   117 10088     0     0     0     0 -9999
2024 05 18 07   172   117 10087     0     0     0     0 -9999
2024 05 18 08   161   122 10088     0     0     0     0 -9999
2024 05 18 09   156   122 10090     0     0     0     0 -9999
2024 05 18 10   156   122 10094     0     0     0     0 -9999
2024 05 18 11   150   122 10100     0     0     0     0 -9999
2024 05 18 12   178   144 10106     0     0     0     0 -9999
2024 05 18 13   206   167 10108   210    26     0     0 -9999
2024 05 18 14   228   178 10110   200    31     0     0 -9999
2024 05 18 15   250   178 10108 -9999    31     0     0 -9999
2024 05 18 16   256   172 10108   220    31     4     0 -9999
2024 05 18 17   272   167 10106   220    36 -9999     0 -9999
2024 05 18 18   278   161 10103   200    51     6     0 -9999
2024 05 18 19   283   144 10099   210    31 -9999     0 -9999
2024 05 18 20   289   150 10098   210    57 -9999     0 -9999
2024 05 18 21   289   144 10096   210    46     6     0 -9999
2024 05 18 22   294   144 10092   210    46 -9999     0 -9999
2024 05 18 23   289   144 10091   170    62     4     0 -9999
2024 05 19 00   289   144 10091   200    57     2     0 -9999
2024 05 19 01   278   144 10093   200    41     2     0 -9999
2024 05 19 02   261   144 10098   190    26     2     0 -9999
2024 05 19 03   250   150 10104   190    15     0     0 -9999
2024 05 19 04   239   150 10105   200    26     0     0 -9999
2024 05 19 05   239   144 10105   200    26     0     0 -9999
2024 05 19 06   228   150 10109   210    21     0     0 -9999
2024 05 19 07   228   150 10109   200    31     4     0 -9999
2024 05 19 08   233   150 10111   220    36 -9999     0 -9999
2024 05 19 09   222   156 10116   230    31     6     0 -9999
2024 05 19 10   211   156 10121   280    31     2     0 -9999
2024 05 19 11   211   150 10132   330    36     4     0 -9999
2024 05 19 12   217   128 10144   360    41     6     0 -9999
2024 05 19 13   228   117 10155    10    62     4     0 -9999
2024 05 19 14   239    94 10157    20    51     2     0 -9999
2024 05 19 15   244    72 10158    40    67     2     0 -9999
2024 05 19 16   233   100 10162    40    57     2     0 -9999
2024 05 19 17   228   100 10161    70    57     2     0 -9999
2024 05 19 18   222    83 10156    50    51     2     0 -9999
2024 05 19 19   228    78 10153    40    57 -9999     0 -9999
2024 05 19 20   233    78 10157    30    46 -9999     0 -9999
2024 05 19 21   233    78 10149    80    41     6     0 -9999
2024 05 19 22   233    72 10148    70    36 -9999     0 -9999
2024 05 19 23   222    61 10143    80    46 -9999     0 -9999
2024 05 20 00   206    44 10146    80    31     6     0 -9999
2024 05 20 01   194    56 10145    80    36 -9999     0 -9999
2024 05 20 02   183    61 10144    70    31     4     0 -9999
2024 05 20 03   172    56 10148   100    36     4     0 -9999
2024 05 20 04   172    50 10147   100    31     4     0 -9999
2024 05 20 05   167    61 10135    70    15     4     0 -9999
2024 05 20 06   172    56 10141    70    21     6     0 -9999
2024 05 20 07   167    67 10133     0     0 -9999     0 -9999
2024 05 20 08   172    61 10125    90    15 -9999     0 -9999
2024 05 20 09   172    61 10122   100    15     8     0 -9999
2024 05 20 10   172    67 10118   130    15 -9999     0 -9999
2024 05 20 11   183    72 10113   150    36 -9999     0 -9999
2024 05 20 12   194   106 10115   170    41     8     0 -9999
2024 05 20 13   217   144 10117   180    26 -9999     0 -9999
2024 05 20 14   244   167 10117    30    36 -9999     0 -9999
2024 05 20 15   228   144 10118    40    41     6     0 -9999
2024 05 20 16   228   122 10113    80    46 -9999     0 -9999
2024 05 20 17   278   167 10097   210    82 -9999     0 -9999
2024 05 20 18   278   178 10091   210    57     8    -1    -1
2024 05 20 19   278   178 10084   190   108 -9999    -1 -9999
2024 05 20 20   300   189 10075   220    82 -9999     0 -9999
2024 05 20 21   283   161 10079   240    98     8     0 -9999
2024 05 20 22   272   144 10082   230    77 -9999     0 -9999
2024 05 20 23   267   144 10084   260    72 -9999     0 -9999
2024 05 21 00   256   150 10089   270    57     6     0    -1
2024 05 21 01   250   150 10095   300    41 -9999     0 -9999
2024 05 21 02   233   150 10098   310    41 -9999     0 -9999
2024 05 21 03   217   156 10105   330    21     4     0 -9999
2024 05 21 04   211   161 10112    20    26     4     0 -9999
2024 05 21 05   211   161 10114    70    41     4     0 -9999
2024 05 21 06   194   161 10113    40    36     6     0 -9999
2024 05 21 07   178   156 10108    80    26     2     0 -9999
2024 05 21 08   172   150 10100   110    21     2     0 -9999
2024 05 21 09   178   150 10101    90    26     4     0 -9999
2024 05 21 10   167   144 10099    90    26     4     0 -9999
2024 05 21 11   167   144 10105   100    31 -9999     0 -9999
2024 05 21 12   172   150 10103    90    41     6     0 -9999
2024 05 21 13   189   156 10099   100    26 -9999     0 -9999
2024 05 21 14   217   167 10096   120    26 -9999     0 -9999
2024 05 21 15   250   183 10084   160    26     4     0 -9999
2024 05 21 16   278   194 10083   190    51 -9999     0 -9999
2024 05 21 17   294   183 10073   180    82 -9999     0 -9999
2024 05 21 18   300   178 10065   200    88     6     0 -9999
2024 05 21 19   306   172 10057   190    77 -9999     0 -9999
2024 05 21 20   311   172 10046   170    98 -9999     0 -9999
2024 05 21 21   317   167 10034   180    98     8     0 -9999
2024 05 21 22   311   167 10023   170    93 -9999     0 -9999
2024 05 21 23   311   167 10008   170    98 -9999     0 -9999
2024 05 22 00   306   167 10010   180   108     6     0 -9999
2024 05 22 01   294   167 10001   180   103 -9999     0 -9999
2024 05 22 02   294   172 10006   190    77 -9999     0 -9999
2024 05 22 03   289   172 10007   180   118     8     0 -9999
2024 05 22 04   278   178  9999   190    88 -9999     0 -9999
2024 05 22 05   272   178 10002   200    98 -9999     0 -9999
2024 05 22 06   267   172 10003   220   113     6     0 -9999
2024 05 22 07   256   156 10007   210   118 -9999     0 -9999
2024 05 22 08   239   178 10010   230   103     4     0 -9999
2024 05 22 09   200   139 10026   240    88     4     0 -9999
2024 05 22 10   183   128 10033   230    67     4     0 -9999
2024 05 22 11   178   128 10038   260    82 -9999     0 -9999
2024 05 22 12   167   111 10047   240    88     6     0 -9999
2024 05 22 13   161   111 10056   260    67 -9999     0 -9999
2024 05 22 14   172   111 10063   270    77     4     0 -9999
2024 05 22 15   183   111 10068   240    67     4     0 -9999
2024 05 22 16   194   117 10074   250    72     2     0 -9999
2024 05 22 17   206   111 10075   250    88     2     0 -9999
2024 05 22 18   217   117 10074   240    72     4     0 -9999
2024 05 22 19   222   100 10078   270    77     4     0 -9999
2024 05 22 20   233   100 10080   250    82     4     0 -9999
2024 05 22 21   239    83 10083   270    72     2     0 -9999
2024 05 22 22   239    67 10084   270    67     2     0 -9999
2024 05 22 23   239    50 10081   260    62     2     0 -9999
2024 05 23 00   228    50 10093   280    72     2     0 -9999
2024 05 23 01   222    56 10101   270    31     2     0 -9999
2024 05 23 02   200    61 10106   250    26     0     0 -9999
2024 05 23 03   194    61 10112   250    31     0     0 -9999
2024 05 23 04   183    67 10114   250    15     0     0 -9999
2024 05 23 05   178    67 10122   260    26     0     0 -9999
2024 05 23 06   167    72 10126   210    26     0     0 -9999
2024 05 23 07   167    72 10128   200    31     0     0 -9999
2024 05 23 08   161    78 10131   220    31     0     0 -9999
2024 05 23 09   150    78 10129   240    31     0     0 -9999
2024 05 23 10   144    78 10132   220    31     0     0 -9999
2024 05 23 11   144    78 10133   240    31     2     0 -9999
2024 05 23 12   161    89 10133   240    21     2     0 -9999
2024 05 23 13   189   100 10134   210    15     4     0 -9999
2024 05 23 14   211   100 10136     0     0     2     0 -9999
2024 05 23 15   228    94 10135   160    26     2     0 -9999
2024 05 23 16   239    89 10133   240    15     2     0 -9999
2024 05 23 17   244    78 10132   310    26     2     0 -9999
2024 05 23 18   250    67 10128     0     0     4     0 -9999
2024 05 23 19   256    72 10123   180    15     4     0 -9999
2024 05 23 20   267    78 10121 -9999    21     4     0 -9999
2024 05 23 21   256    83 10117   110    31     4     0 -9999
2024 05 23 22   250    83 10115    90    57     4     0 -9999
2024 05 23 23   250    83 10110    80    62     2     0 -9999
2024 05 24 00   239    78 10106    90    51     2     0 -9999
2024 05 24 01   222    78 10106   100    46     2     0 -9999
2024 05 24 02   206    78 10110   110    36     2     0 -9999
2024 05 24 03   194    78 10114   130    21     0     0 -9999
2024 05 24 04   189    78 10115   130    26     0     0 -9999
2024 05 24 05   189    78 10114   140    21     0     0 -9999
2024 05 24 06   189    78 10113   130    15     0     0 -9999
2024 05 24 07   183    83 10108   140    26     0     0 -9999
2024 05 24 08   189    78 10104   160    41     2     0 -9999
2024 05 24 09   178    83 10102   140    31     4     0 -9999
2024 05 24 10   178    94 10097   160    26     4     0 -9999
2024 05 24 11   178   117 10097   150    36 -9999     0 -9999
2024 05 24 12   194   144 10098   150    41     6     0 -9999
2024 05 24 13   217   167 10098   160    51 -9999     0 -9999
2024 05 24 14   228   178 10096   130    41 -9999     0 -9999
2024 05 24 15   244   183 10091   160    46     8     0 -9999
2024 05 24 16   244   183 10099   190    31 -9999     0 -9999
2024 05 24 17   244   189 10100   200    21 -9999     0 -9999
2024 05 24 18   183   150 10105   290    31     8     5     5
2024 05 24 19   200   161 10075    80    57 -9999    -1 -9999
2024 05 24 20   211   150 10058    70    46 -9999     0 -9999
2024 05 24 21   228   167 10059   120    51     8     0 -9999
2024 05 24 22   228   167 10042   120    67 -9999     0 -9999
2024 05 24 23   239   172 10046   170    72 -9999     0 -9999
2024 05 25 00   233   156 10038   170    77     8     0     0
2024 05 25 01   228   156 10048   190    51 -9999     0 -9999
2024 05 25 02   206   161 10074   260    67 -9999     8 -9999
2024 05 25 03   194   161 10062   200    31     8     3 -9999
2024 05 25 04   200   161 10063   200    31 -9999    -1 -9999
2024 05 25 05   200   167 10061   220    46 -9999     0 -9999
2024 05 25 06   194   167 10059   230    57     8     0    10
2024 05 25 07   183   167 10060   250    36 -9999     0 -9999
2024 05 25 08   189   161 10066   280    57 -9999     0 -9999
2024 05 25 09   167   133 10075   280    62     4     0 -9999
2024 05 25 10   144   106 10087   290    36     2     0 -9999
2024 05 25 11   139   106 10102   280    36     2     0 -9999
2024 05 25 12   139    94 10112   310    46     2     0 -9999
2024 05 25 13   144    78 10110   300    36     2     0 -9999
2024 05 25 14   161    78 10114   300    36     2     0 -9999
2024 05 25 15   189    78 10114   350    26     2     0 -9999
2024 05 25 16   206    78 10112   350    36     2     0 -9999
2024 05 25 17   217    61 10112   320    31     2     0 -9999
2024 05 25 18   233    61 10114   330    36     2     0 -9999
2024 05 25 19   239    50 10111    10    31     2     0 -9999
2024 05 25 20   239    89 10110    60    62     2     0 -9999
2024 05 25 21   239    72 10112    90    31     4     0 -9999
2024 05 25 22   228    56 10115    80    46     4     0 -9999
2024 05 25 23   222    39 10112   100    51     2     0 -9999
2024 05 26 00   217    28 10116    90    36     2     0 -9999
2024 05 26 01   200    22 10116    90    36     2     0 -9999
2024 05 26 02   189    28 10116    90    31     4     0 -9999
2024 05 26 03   178    39 10120    90    26     6     0 -9999
2024 05 26 04   161    44 10118   110    21 -9999     0 -9999
2024 05 26 05   161    61 10112   110    26 -9999     0 -9999
2024 05 26 06   167    56 10104    90    21     8     0 -9999
2024 05 26 07   156    67 10095   110    26 -9999     0 -9999
2024 05 26 08   161    33 10091    90    15 -9999     0 -9999
2024 05 26 09   150    44 10079    90    31     8     0 -9999
2024 05 26 10   150    61 10074    90    31 -9999     0 -9999
2024 05 26 11   156    61 10084   100    21 -9999     0 -9999
2024 05 26 12   161    83 10085   110    36     8     0 -9999
2024 05 26 13   172    89 10073     0     0 -9999     0 -9999
2024 05 26 14   178    83 10060    90    51 -9999     0 -9999
2024 05 26 15   156   111 10064   260    31     8     8 -9999
2024 05 26 16   144   128 10054   120    21 -9999    46 -9999
2024 05 26 17   156   144 10041   110    67 -9999    66 -9999
2024 05 26 18   161   156 10030   110    36     8    38   150
2024 05 26 19   178   167 10022   120    57 -9999    30 -9999
2024 05 26 20   194   172 10010   140    46 -9999    -1 -9999
2024 05 26 21   206   172 10004   140    46     6     0 -9999
2024 05 26 22   206   167 10001   120    62 -9999     0 -9999
2024 05 26 23   217   178  9988   140    51 -9999     0 -9999
2024 05 27 00   222   178  9984   170    62     6     0    30
2024 05 27 01   222   161  9991   290    41 -9999    -1 -9999
2024 05 27 02   194   144  9987   290    36 -9999     0 -9999
2024 05 27 03   183   139  9990   270    62     6     0 -9999
2024 05 27 04   161   122  9989   270    41 -9999     0 -9999
2024 05 27 05   150   117  9995   260    31 -9999     0 -9999
2024 05 27 06   150   111 10000   260    51     6     0    -1
2024 05 27 07   150   111  9994   260    46 -9999     0 -9999
2024 05 27 08   150   117  9992   270    51 -9999     0 -9999
2024 05 27 09   144   128  9991   260    46     8    -1 -9999
2024 05 27 10   144   128  9993   280    62 -9999    -1 -9999
2024 05 27 11   150   122 10004   280    57 -9999     0 -9999
2024 05 27 12   150   122 10011   280    51     8     0    -1
2024 05 27 13   150   122 10015   280    46 -9999     0 -9999
2024 05 27 14   156   117 10024   280    67 -9999     0 -9999
2024 05 27 15   156   117 10032   280    67     8     0 -9999
2024 05 27 16   167   117 10047   290    82 -9999     0 -9999
2024 05 27 17   183   122 10053   300    67 -9999     0 -9999
2024 05 27 18   194   117 10060   310    77     6     0 -9999
2024 05 27 19   211   122 10061   300    72 -9999     0 -9999
2024 05 27 20   217   122 10064   300    67 -9999     0 -9999
2024 05 27 21   222   117 10068   320    67     6     0 -9999
2024 05 27 22   206   133 10072   300    31 -9999    -1 -9999
2024 05 27 23   222   122 10074   280    41 -9999     0 -9999
2024 05 28 00   217   117 10079   280    46     6     0    -1
2024 05 28 01   194   111 10093    10    62 -9999     0 -9999
2024 05 28 02   178   117 10098   350    15 -9999     0 -9999
2024 05 28 03   178   117 10104   350    15     6     0 -9999
2024 05 28 04   161   117 10107   340    31 -9999     0 -9999
2024 05 28 05   156   122 10109   230    15     4     0 -9999
2024 05 28 06   144   122 10108   290    21     4     0 -9999
2024 05 28 07   144   117 10107   270    21 -9999     0 -9999
2024 05 28 08   139   117 10111   290    36     4     0 -9999
2024 05 28 09   139   117 10115   260    21     6     0 -9999
2024 05 28 10   139   117 10120   290    15 -9999     0 -9999
2024 05 28 11   133   117 10127   260    21     4     0 -9999
2024 05 28 12   144   117 10134   290    26     2     0 -9999
2024 05 28 13   161   117 10137   290    31     2     0 -9999
2024 05 28 14   178   111 10139   320    26     2     0 -9999
2024 05 28 15   189   111 10137   300    31     2     0 -9999
2024 05 28 16   200   122 10136 -9999    15     2     0 -9999
2024 05 28 17   206   111 10135   330    36 -9999     0 -9999
2024 05 28 18   217   111 10137   230    36     6     0 -9999
2024 05 28 19   211   106 10140   260    41 -9999     0 -9999
2024 05 28 20   167   122 10140   280    41 -9999    33 -9999
2024 05 28 21   172   117 10135   200    15     6     3 -9999
2024 05 28 22   194   144 10139   300    57 -9999     3 -9999
2024 05 28 23   144   122 10147   290    41 -9999    13 -9999
2024 05 29 00   161   122 10151   320    67     6    -1    50
2024 05 29 01   150   117 10151   300    26     4     0 -9999
2024 05 29 02   144   111 10155   300    36 -9999     0 -9999
2024 05 29 03   144   111 10158   300    46     6     0 -9999
2024 05 29 04   133   117 10164   350    57 -9999     3 -9999
2024 05 29 05   128   106 -9999   340    41 -9999    -1 -9999
2024 05 29 06   128   106 10170   350    57     6     0     3
2024 05 29 07   128   106 10173   330    41 -9999     0 -9999
2024 05 29 08   128   111 10178   350    46 -9999    -1 -9999
2024 05 29 09   128   111 10180   360    51     8    -1 -9999
2024 05 29 10   128   111 10185   350    36 -9999    -1 -9999
2024 05 29 11   122   111 10193   330    31 -9999     0 -9999
2024 05 29 12   139   117 10199   330    36     2     0    -1
2024 05 29 13   150   117 10209   340    36     4     0 -9999
2024 05 29 14   167   122 10218   350    31 -9999     0 -9999
2024 05 29 15   172   111 10217   350    51     6     0 -9999
2024 05 29 16   194   111 10220   360    62 -9999     0 -9999
2024 05 29 17   194   111 10220   330    62     4     0 -9999
2024 05 29 18   200   100 10218    10    57     6     0 -9999
2024 05 29 19   194   111 10219    40    72 -9999     0 -9999
2024 05 29 20   178    78 10220    20    82 -9999     0 -9999
2024 05 29 21   189    72 10220    30    93     4     0 -9999
2024 05 29 22   183    50 10219    20    77     2     0 -9999
2024 05 29 23   172    28 10220    20    72     2     0 -9999
2024 05 30 00   161    28 10222    40    57     2     0 -9999
2024 05 30 01   144    33 10226    10    57     2     0 -9999
2024 05 30 02   133    17 10226    20    31     2     0 -9999
2024 05 30 03   128    -6 10230    10    26     2     0 -9999
2024 05 30 04   122     0 10229   350    26     2     0 -9999
2024 05 30 05   111    11 10230    10    21     2     0 -9999
2024 05 30 06   106     6 10230   350    15     0     0 -9999
2024 05 30 07   100    17 10231   340    26     0     0 -9999
2024 05 30 08    89    17 10232   340    31     0     0 -9999
2024 05 30 09    72    17 10233   360    31     0     0 -9999
2024 05 30 10    78    22 10235   350    26     0     0 -9999
2024 05 30 11    89    28 10238    10    31     0     0 -9999
2024 05 30 12   106    44 10240    10    31     0     0 -9999
2024 05 30 13   133    56 10245    20    36     0     0 -9999
2024 05 30 14   161    56 10248    50    41     2     0 -9999
2024 05 30 15   172    22 10243    60    57     2     0 -9999
2024 05 30 16   183    28 10244    50    41     2     0 -9999
2024 05 30 17   194    28 10245    50    36     2     0 -9999
2024 05 30 18   200    22 10240    40    46     2     0 -9999
2024 05 30 19   206     6 10232    40    46     2     0 -9999
2024 05 30 20   211    11 10232    30    26     2     0 -9999
2024 05 30 21   211     6 10226    10    31     2     0 -9999
2024 05 30 22   211     0 10224    50    31     2     0 -9999
2024 05 30 23   206   -11 10218    50    36     2     0 -9999
2024 05 31 00   189     6 10217    50    41     4     0 -9999
2024 05 31 01   161     0 10219    60    46 -9999     0 -9999
2024 05 31 02   139    -6 10220    90    21 -9999     0 -9999
2024 05 31 03   130     0 10223    90    21     6     0 -9999
2024 05 31 04   122    17 10226     0     0 -9999     0 -9999
2024 05 31 05   122    44 10226    70    21 -9999     0 -9999
2024 05 31 06   128    56 10223    20    15     2     0 -9999
2024 05 31 07   106    61 10223    20    15     4     0 -9999
2024 05 31 08   106    67 10221    20    21     4     0 -9999
2024 05 31 09   100    67 10225     0     0     6     0 -9999
2024 05 31 10   106    72 10232     0     0 -9999     0 -9999
2024 05 31 11   111    78 10236     0     0 -9999     0 -9999
2024 05 31 12   144   100 10236   140    31     6     0 -9999
2024 05 31 13   178    94 10233   170    36 -9999     0 -9999
2024 05 31 14   206   106 10238   180    26 -9999     0 -9999
2024 05 31 15   222    94 10234   180    46     6     0 -9999
2024 05 31 16   233    83 10235   160    51 -9999     0 -9999
2024 05 31 17   228    78 10239   190    21 -9999     0 -9999
2024 05 31 18   244   100 10225   120    31     6     0 -9999
2024 05 31 19   250    89 10217   180    41 -9999     0 -9999
2024 05 31 20   261    83 10205   210    51 -9999     0 -9999
2024 05 31 21   250    94 10203   120    57     6     0 -9999
2024 05 31 22   256    94 10199   120    51 -9999     0 -9999
2024 05 31 23   256   100 10191   120    41 -9999     0 -9999
2024 06 01 00   250    78 10191   140    57     6     0 -9999
2024 06 01 01   233    83 10190   130    41 -9999     0 -9999
2024 06 01 02   228    83 10189   110    46 -9999     0 -9999
2024 06 01 03   206    89 10193   120    26     6     0 -9999
2024 06 01 04   200    83 10193   140    26 -9999     0 -9999
2024 06 01 05   206    78 10193   150    31 -9999     0 -9999
2024 06 01 06   194    78 10188   150    26     8     0 -9999
2024 06 01 07   189    78 10183   160    26 -9999     0 -9999
2024 06 01 08   189    83 10179   170    21 -9999     0 -9999
2024 06 01 09   183    83 10174   150    26     8     0 -9999
2024 06 01 10   178    83 10172   150    31 -9999     0 -9999
2024 06 01 11   178    83 10171   150    26 -9999     0 -9999
2024 06 01 12   183    83 10169   150    31     8     0 -9999
2024 06 01 13   194    94 10167   140    31 -9999     0 -9999
2024 06 01 14   194    94 10168   140    36 -9999     0 -9999
2024 06 01 15   167   122 10162   180    26     8     5 -9999
2024 06 01 16   167   139 10162   150    51 -9999    13 -9999
2024 06 01 17   161   150 10156    90    15 -9999    81 -9999
2024 06 01 18   167   156 10150    80    26     8    18   110
2024 06 01 19   172   161 -9999   100    51 -9999    -1 -9999
2024 06 01 20   172   167 10132   120    46 -9999    13 -9999
2024 06 01 21   183   172 10123   140    36     8     3 -9999
2024 06 01 22   189   183 -9999   170    41 -9999     2 -9999
2024 06 01 23   167   156 10115   300    36 -9999    20 -9999
2024 06 02 00   161   161 10121   350    21     8    53   110
2024 06 02 01   161   156 10123   350    21 -9999     8 -9999
2024 06 02 02   161   156 10124   350    21 -9999    -1 -9999
2024 06 02 03   161   156 10125    20    15     8     5 -9999
2024 06 02 04   156   156 10128   350    36 -9999    -1 -9999
2024 06 02 05   156   150 10128   320    36 -9999     0 -9999
2024 06 02 06   156   144 10128   340    36     6     0    10
2024 06 02 07   150   144 10132    10    36 -9999     0 -9999
2024 06 02 08   150   144 10138    10    46 -9999     0 -9999
2024 06 02 09   150   139 10137   350    41     8     0 -9999
2024 06 02 10   150   139 10138   350    36 -9999     0 -9999
2024 06 02 11   150   139 10148   350    31 -9999     0 -9999
2024 06 02 12   156   139 10151   360    51     8     0 -9999
2024 06 02 13   161   139 10153    30    46 -9999     0 -9999
2024 06 02 14   172   139 10160    10    36 -9999     0 -9999
2024 06 02 15   189   150 10159     0     0     6     0 -9999
2024 06 02 16   194   144 10160    40    15 -9999     0 -9999
2024 06 02 17   217   150 10159 -9999    15 -9999     0 -9999
2024 06 02 18   233   156 10154 -9999    26     6     0 -9999
2024 06 02 19   239   156 10152 -9999    31 -9999     0 -9999
2024 06 02 20   239   144 10151    60    15 -9999     0 -9999
2024 06 02 21   244   150 10147    60    31     6     0 -9999
2024 06 02 22   244   122 10147    40    21 -9999     0 -9999
2024 06 02 23   233   106 10140    60    46 -9999     0 -9999
2024 06 03 00   233   106 10140   100    46     6     0 -9999
2024 06 03 01   211   100 10140   100    31     4     0 -9999
2024 06 03 02   200   117 10139    90    21     2     0 -9999
2024 06 03 03   178   128 10138   110    26     2     0 -9999
2024 06 03 04   172   133 10137   140    21     2     0 -9999
2024 06 03 05   161   128 10136   120    26     2     0 -9999
2024 06 03 06   167   133 10137   100    15     2     0 -9999
2024 06 03 07   150   128 10135     0     0     2     0 -9999
2024 06 03 08   144   128 10134   160    15     4     0 -9999
2024 06 03 09   156   133 10133   160    21     6     0 -9999
2024 06 03 10   156   133 10131   170    21 -9999     0 -9999
2024 06 03 11   150   133 10126   120    21 -9999     0 -9999
2024 06 03 12   167   144 10124   140    31     6     0 -9999
2024 06 03 13   189   156 10121   150    31     4     0 -9999
2024 06 03 14   217   172 10116   190    62 -9999     0 -9999
2024 06 03 15   233   178 10110   170    46     6     0 -9999
2024 06 03 16   250   172 10107   160    41 -9999     0 -9999
2024 06 03 17   267   183 10100   150    57     4     0 -9999
2024 06 03 18   278   183 10097   180    41     6     0 -9999
2024 06 03 19   283   189 10087   180    57 -9999     0 -9999
2024 06 03 20   289   183 10080   190    72 -9999     0 -9999
2024 06 03 21   294   178 10072   160    62 -9999     0 -9999
2024 06 03 22   300   167 10068   180    57 -9999     0 -9999
2024 06 03 23   294   161 10068   170    62 -9999     0 -9999
2024 06 04 00   300   150 10069   190    36     6     0 -9999
2024 06 04 01   289   167 10074   170    36 -9999     0 -9999
2024 06 04 02   278   167 10072   180    46 -9999     0 -9999
2024 06 04 03   267   167 10072   170    46     4     0 -9999
2024 06 04 04   261   161 10070   170    46 -9999     0 -9999
2024 06 04 05   250   161 10077   170    41 -9999     0 -9999
2024 06 04 06   244   161 10076   180    41     6     0 -9999
2024 06 04 07   233   161 10078   180    46 -9999     0 -9999
2024 06 04 08   233   161 10079   180    31 -9999     0 -9999
2024 06 04 09   233   161 10080   180    31     8     0 -9999
2024 06 04 10   222   161 10075   170    26 -9999     0 -9999
2024 06 04 11   217   161 10076   170    31 -9999     0 -9999
2024 06 04 12   222   161 10079   170    36     8     0 -9999
2024 06 04 13   233   167 10084   180    41 -9999     0 -9999
2024 06 04 14   250   178 10086   180    46 -9999     0 -9999
2024 06 04 15   256   178 10083   190    21     8     0 -9999
2024 06 04 16   267   183 10084   150    51 -9999     0 -9999
2024 06 04 17   283   189 10082   170    36 -9999     0 -9999
2024 06 04 18   283   183 10077   170    62     8     0 -9999
2024 06 04 19   289   178 10068   160    36 -9999     0 -9999
2024 06 04 20   289   178 10060   120    51 -9999     0 -9999
2024 06 04 21   272   189 10053   140    46     8    -1 -9999
2024 06 04 22   278   183 10048   120    41 -9999    -1 -9999
2024 06 04 23   283   189 10043   120    36 -9999     0 -9999
2024 06 05 00   278   189 10038   160    26     8     0    -1
2024 06 05 01   256   178 10037   120    46 -9999    -1 -9999
2024 06 05 02   222   200 10039   120    21 -9999    -1 -9999
2024 06 05 03   228   200 10043   140    21     6     0 -9999
2024 06 05 04   222   200 10038   140    26 -9999     0 -9999
2024 06 05 05   233   200 10032   160    46 -9999     0 -9999
2024 06 05 06   206   194 10029   210    15     8    33    30
2024 06 05 07   206   200 10023   240    21 -9999    33 -9999
2024 06 05 08   211   200 10008   200    46 -9999    43 -9999
2024 06 05 09   206   200 10008   190    51     4     0 -9999
2024 06 05 10   217   206 10007   190    57 -9999     0 -9999
2024 06 05 11   217   206 10012   210    46 -9999    -1 -9999
2024 06 05 12   211   189 10017   240    57     6    -1    80
2024 06 05 13   211   189 10019   220    51 -9999    -1 -9999
2024 06 05 14   206   189 10022   220    41 -9999     0 -9999
2024 06 05 15   206   189 10025   230    41     8    -1 -9999
2024 06 05 16   217   194 10023   240    36 -9999     0 -9999
2024 06 05 17   228   194 10023   250    57 -9999     0 -9999
2024 06 05 18   244   189 10025   270    77     6     0    -1
2024 06 05 19   250   167 10022   280    67 -9999     0 -9999
2024 06 05 20   256   156 10020   270    51     2     0 -9999
2024 06 05 21   261   122 10022   250    57     2     0 -9999
2024 06 05 22   261   128 10023   290    46     2     0 -9999
2024 06 05 23   256   122 10020   300    62     2     0 -9999
2024 06 06 00   256   122 10022   270    31     2     0 -9999
2024 06 06 01   244   122 10023   250    26     2     0 -9999
2024 06 06 02   228   122 10024   220    21     4     0 -9999
2024 06 06 03   228   128 10025   220    26     6     0 -9999
2024 06 06 04   222   128 10027   240    26 -9999     0 -9999
2024 06 06 05   222   128 10019   210    36 -9999     0 -9999
2024 06 06 06   217   133 10022   290    36     8     0 -9999
2024 06 06 07   211   133 10026   300    41     4     0 -9999
2024 06 06 08   194   139 10021   260    26     4     0 -9999
2024 06 06 09   183   144 10024   240    31     2     0 -9999
2024 06 06 10   183   133 10026   270    41     2     0 -9999
2024 06 06 11   178   128 10032   250    31     2     0 -9999
2024 06 06 12   189   133 10036   250    31     0     0 -9999
2024 06 06 13   211   128 10038   260    36     0     0 -9999
2024 06 06 14   222   100 10038   290    67     0     0 -9999
2024 06 06 15   233    89 10033   280    98     0     0 -9999
2024 06 06 16   244    72 10030   260   103     2     0 -9999
2024 06 06 17   244    61 10029   260    77     2     0 -9999
2024 06 06 18   250    67 10028   290    82     2     0 -9999
2024 06 06 19   250    67 10024   290   103     4     0 -9999
2024 06 06 20   256    72 10023   270   103     4     0 -9999
2024 06 06 21   250    78 10026   260    93     6     0 -9999
2024 06 06 22   239    83 10030   300    72 -9999     0 -9999
2024 06 06 23   233    78 10034   290   103 -9999     0 -9999
2024 06 07 00   228    83 10038   300    88     6     0 -9999
2024 06 07 01   222    78 10043   300    72 -9999     0 -9999
2024 06 07 02   217    83 10051   290    46 -9999     0 -9999
2024 06 07 03   206    83 10059   310    41     6     0 -9999
2024 06 07 04   194    89 10063   300    26 -9999     0 -9999
2024 06 07 05   189    78 10068   300    51     2     0 -9999
2024 06 07 06   183    78 10068   300    46     0     0 -9999
2024 06 07 07   172    83 10068   280    21     2     0 -9999
2024 06 07 08   161    89 10065   240    31     2     0 -9999
2024 06 07 09   156    94 10067   240    36     2     0 -9999
2024 06 07 10   156    94 10070   260    46     2     0 -9999
2024 06 07 11   156    94 10078   270    41     2     0 -9999
2024 06 07 12   172    94 10081   270    36     2     0 -9999
2024 06 07 13   189   106 10082   270    51     2     0 -9999
2024 06 07 14   211   106 10083   280    41     2     0 -9999
2024 06 07 15   228   100 10081   280    62     2     0 -9999
2024 06 07 16   228    83 10085   310    98     4     0 -9999
2024 06 07 17   239    83 10086   290    82     2     0 -9999
2024 06 07 18   244    78 10085   310    98     2     0 -9999
2024 06 07 19   250    72 10087   290    93     2     0 -9999
2024 06 07 20   250    78 10087   300    88     2     0 -9999
2024 06 07 21   250    78 10090   290    51     4     0 -9999
2024 06 07 22   244    83 10097   320    72 -9999     0 -9999
2024 06 07 23   244    83 10099   310    72 -9999     0 -9999
2024 06 08 00   233    72 10099   310    62     8     0 -9999
2024 06 08 01   228    78 10096   320    36 -9999     0 -9999
2024 06 08 02   217    83 10099   300    21 -9999     0 -9999
2024 06 08 03   200    89 10101   350    21     8     0 -9999
2024 06 08 04   194   100 10110   230    15 -9999     0 -9999
2024 06 08 05   178   100 10110     0     0 -9999     0 -9999
2024 06 08 06   178   100 10105     0     0     6     0 -9999
2024 06 08 07   172   100 10105     0     0 -9999     0 -9999
2024 06 08 08   167   106 10098     0     0 -9999     0 -9999
2024 06 08 09   156   106 10100     0     0     6     0 -9999
2024 06 08 10   150   111 10101     0     0 -9999     0 -9999
2024 06 08 11   161   111 10106     0     0 -9999     0 -9999
2024 06 08 12   178   117 10107     0     0     6     0 -9999
2024 06 08 13   200   106 10105   190    26 -9999     0 -9999
2024 06 08 14   222   100 10101   200    31 -9999     0 -9999
2024 06 08 15   228    94 10100   210    26     8     0 -9999
2024 06 08 16   222    94 10093   200    26 -9999     0 -9999
2024 06 08 17   244   106 10085   210    41 -9999     0 -9999
2024 06 08 18   239   128 10078   230    46     8     0 -9999
2024 06 08 19   244   150 10071   230    46 -9999     0 -9999
2024 06 08 20   239   156 10071   250    36 -9999     0 -9999
2024 06 08 21   156   133 10086    20   103     8     3 -9999
2024 06 08 22   144   133 10091    30    77 -9999     8 -9999
2024 06 08 23   139   133 10095    20    72 -9999     5 -9999
2024 06 09 00   139   128 10096    40    57     8     3    20
2024 06 09 01   144   128 10102   360    57 -9999     0 -9999
2024 06 09 02   139   128 10105   350    26 -9999     0 -9999
2024 06 09 03   133   122 10109     0     0     6     0 -9999
2024 06 09 04   133   122 10114   240    15 -9999     0 -9999
2024 06 09 05   128   122 10117   220    15     2     0 -9999
2024 06 09 06   128   122 10115   230    21     0     0    -1
2024 06 09 07   128   122 10117   240    36     0     0 -9999
2024 06 09 08   133   122 10110   260    31     2     0 -9999
2024 06 09 09   133   122 10106   260    31     0     0 -9999
2024 06 09 10   139   122 10109   260    41     2     0 -9999
2024 06 09 11   139   122 10118   270    46     4     0 -9999
2024 06 09 12   150   128 10116   270    41     6     0 -9999
2024 06 09 13   178   128 10123   270    36 -9999     0 -9999
2024 06 09 14   200   117 10118   280    46 -9999     0 -9999
2024 06 09 15   211   106 10118   290    57     6     0 -9999
2024 06 09 16   228   106 10114   260    62 -9999     0 -9999
2024 06 09 17   244    83 10108   280    72     2     0 -9999
2024 06 09 18   256    61 10100   290    67     4     0 -9999
2024 06 09 19   256    56 10093   280    62     2     0 -9999
2024 06 09 20   261    56 10088   290    88     4     0 -9999
2024 06 09 21   267    50 10085   300    82     4     0 -9999
2024 06 09 22   261    61 10087   310    77 -9999     0 -9999
2024 06 09 23   244    72 10092   320    62 -9999     0 -9999
2024 06 10 00   244    89 10097   330    67     6     0 -9999
2024 06 10 01   178    94 10110    30    88     2     0 -9999
2024 06 10 02   167   100 10115    30    57     2     0 -9999
2024 06 10 03   156   106 10121    20    67     2     0 -9999
2024 06 10 04   144   111 10125    30    57     4     0 -9999
2024 06 10 05   144   106 10129    20    62 -9999     0 -9999
2024 06 10 06   139   106 10132    20    57     8     0 -9999
2024 06 10 07   133   100 10133    30    72 -9999     0 -9999
2024 06 10 08   122   111 10138    10    41 -9999    -1 -9999
2024 06 10 09   117   106 10135   360    46     8     3 -9999
2024 06 10 10   122   106 10136   340    31 -9999     0 -9999
2024 06 10 11   122   100 10140   350    57 -9999     0 -9999
2024 06 10 12   117    78 10147   350    46     4     0     3
2024 06 10 13   133    78 10153    30    57 -9999     0 -9999
2024 06 10 14   144    78 10158    10    82     4     0 -9999
2024 06 10 15   161    72 10155    40    62     2     0 -9999
2024 06 10 16   172    78 10157   350    51     2     0 -9999
2024 06 10 17   183    67 10155   360    62     2     0 -9999
2024 06 10 18   200    67 10151    20    57     2     0 -9999
2024 06 10 19   194    78 10151    50    57     2     0 -9999
2024 06 10 20   194    72 10154    50    57     2     0 -9999
2024 06 10 21   200    44 10153    40    67     2     0 -9999
2024 06 10 22   194    72 10152    20    57     2     0 -9999
2024 06 10 23   183    44 10150    30    62     0     0 -9999
2024 06 11 00   178    39 10150    70    36     0     0 -9999
2024 06 11 01   172    22 10149    10    31     2     0 -9999
2024 06 11 02   156    22 10150    80    21     2     0 -9999
2024 06 11 03   139    44 10153    60    31     0     0 -9999
2024 06 11 04   133    61 10156    30    15     0     0 -9999
2024 06 11 05   128    72 10159    10    15     0     0 -9999
2024 06 11 06   122    72 10161   320    21     0     0 -9999
2024 06 11 07   111    72 10163   280    21     2     0 -9999
2024 06 11 08   106    72 10160   270    21     2     0 -9999
2024 06 11 09   106    67 10159     0     0     2     0 -9999
2024 06 11 10   100    67 10162   270    15     4     0 -9999
2024 06 11 11   106    72 10166     0     0 -9999     0 -9999
2024 06 11 12   128    72 10168     0     0     4     0 -9999
2024 06 11 13   156    61 10171   230    21     2     0 -9999
2024 06 11 14   178    39 10166   180    21     2     0 -9999
2024 06 11 15   194    50 10161   250    31     4     0 -9999
2024 06 11 16   211    67 10158   290    21     2     0 -9999
2024 06 11 17   222    72 10152   220    26     4     0 -9999
2024 06 11 18   233    61 10150   250    21     4     0 -9999
2024 06 11 19   244    67 10148   250    51 -9999     0 -9999
2024 06 11 20   250    67 10143   230    36 -9999     0 -9999
2024 06 11 21   244    44 10136   270    41     8     0 -9999
2024 06 11 22   250    50 10133   240    41 -9999     0 -9999
2024 06 11 23   244    50 10124   230    26 -9999     0 -9999
2024 06 12 00   244    50 10120   190    41     8     0 -9999
2024 06 12 01   239    50 10127   240    21 -9999     0 -9999
2024 06 12 02   233    56 10123   210    26 -9999     0 -9999
2024 06 12 03   228    61 10125   190    21     4     0 -9999
2024 06 12 04   211    67 10123   170    26     4     0 -9999
2024 06 12 05   200    72 10123   170    31     2     0 -9999
2024 06 12 06   194    72 10122   170    31     0     0 -9999
2024 06 12 07   189    83 10120   190    21     2     0 -9999
2024 06 12 08   206    94 10118   210    46     2     0 -9999
2024 06 12 09   206   106 10118   210    51     4     0 -9999
2024 06 12 10   206   111 10119   210    46     2     0 -9999
2024 06 12 11   200   117 10124   220    51     4     0 -9999
2024 06 12 12   206   122 10125   230    57     4     0 -9999
2024 06 12 13   217   133 10127   220    51     2     0 -9999
2024 06 12 14   233   150 10125   230    41     2     0 -9999
2024 06 12 15   256   161 10124   230    46     2     0 -9999
2024 06 12 16   272   156 10125     0     0     2     0 -9999
2024 06 12 17   294   161 10121     0     0     2     0 -9999
2024 06 12 18   300   122 10120   250    36     2     0 -9999
2024 06 12 19   317   117 10115   300    51 -9999     0 -9999
2024 06 12 20   322   117 10112   250    46 -9999     0 -9999
2024 06 12 21   317   122 10107   240    57     8     0 -9999
2024 06 12 22   322   122 10103   240    46 -9999     0 -9999
2024 06 12 23   317   117 10098   250    46 -9999     0 -9999
2024 06 13 00   311   128 10097   230    26     8     0 -9999
2024 06 13 01   306   133 10094   210    31 -9999     0 -9999
2024 06 13 02   294   139 10087   200    26 -9999     0 -9999
2024 06 13 03   283   144 10091   240    31     6     0 -9999
2024 06 13 04   261   161 10097     0     0 -9999     0 -9999
2024 06 13 05   256   161 10097   220    26 -9999     0 -9999
2024 06 13 06   256   161 10093   230    41     4     0 -9999
2024 06 13 07   256   167 10090   220    36     2     0 -9999
2024 06 13 08   244   167 10094   210    36     0     0 -9999
2024 06 13 09   239   167 10095   210    36     0     0 -9999
2024 06 13 10   233   167 10093   210    31 -9999     0 -9999
2024 06 13 11   233   172 10100   210    51 -9999     0 -9999
2024 06 13 12   239   172 10101   210    41     6     0 -9999
2024 06 13 13   239   178 10109   210    51 -9999    -1 -9999
2024 06 13 14   228   200 10096   210    41     4     3 -9999
2024 06 13 15   272   194 10090   210    77     2     0 -9999
2024 06 13 16   289   194 10095   240    62     4     0 -9999
2024 06 13 17   294   194 10093   230    77     2     0 -9999
2024 06 13 18   311   206 10093   240    72     4     0     3
2024 06 13 19   317   206 10094   240    67 -9999     0 -9999
2024 06 13 20   317   206 10097   250    51 -9999     0 -9999
2024 06 13 21   317   183 10091   310    62     6     0 -9999
2024 06 13 22   311   161 10090   340    36 -9999     0 -9999
2024 06 13 23   311   156 10087   310    41 -9999     0 -9999
2024 06 14 00   311   139 10084   290    15     4     0 -9999
2024 06 14 01   300   150 10086   320    15     4     0 -9999
2024 06 14 02   272   178 10096   120    15 -9999     0 -9999
2024 06 14 03   272   161 10107   350    21     8     0 -9999
2024 06 14 04   256   150 10104   350    41 -9999     0 -9999
2024 06 14 05   244   156 10110   350    21 -9999     0 -9999
2024 06 14 06   233   150 10108   350    26     4     0 -9999
2024 06 14 07   222   156 10111     0     0     2     0 -9999
2024 06 14 08   217   156 10120   300    26     0     0 -9999
2024 06 14 09   211   156 10122   310    26     0     0 -9999
2024 06 14 10   200   150 10126   330    21     2     0 -9999
2024 06 14 11   194   139 10130   340    15     2     0 -9999
2024 06 14 12   217   150 10131     0     0     0     0 -9999
2024 06 14 13   239   144 10136   350    21     0     0 -9999
2024 06 14 14   261   128 10141    10    26     0     0 -9999
2024 06 14 15   289   106 10140   320    26     0     0 -9999
2024 06 14 16   289   106 10141   300    41     0     0 -9999
2024 06 14 17   289   128 10142   350    26     2     0 -9999
2024 06 14 18   289   139 10143    80    62     2     0 -9999
2024 06 14 19   256   167 10148    40    67     2     0 -9999
2024 06 14 20   250   150 10152    30    67     2     0 -9999
2024 06 14 21   256   139 10155    60    46     2     0 -9999
2024 06 14 22   250   128 10161    40    62     2     0 -9999
2024 06 14 23   239   117 10164    40    67     2     0 -9999
2024 06 15 00   228   100 10166    30    88     2     0 -9999
2024 06 15 01   206    89 10172    30    62     2     0 -9999
2024 06 15 02   194    67 10174    10    51     2     0 -9999
2024 06 15 03   183    67 10179    30    46     2     0 -9999
2024 06 15 04   178    78 10181    20    31     2     0 -9999
2024 06 15 05   172    83 10181    20    31     4     0 -9999
2024 06 15 06   161    83 10180    20    26     6     0 -9999
2024 06 15 07   156    89 10179   350    26 -9999     0 -9999
2024 06 15 08   150   100 10174    10    26     4     0 -9999
2024 06 15 09   150   100 10177   350    31     4     0 -9999
2024 06 15 10   150   106 10183   340    21 -9999     0 -9999
2024 06 15 11   167   117 10184    20    21 -9999     0 -9999
2024 06 15 12   178   133 10192    20    21     6     0 -9999
2024 06 15 13   200   144 10194   100    26 -9999     0 -9999
2024 06 15 14   228   139 10194   150    57 -9999     0 -9999
2024 06 15 15   233   133 10189   150    46     6     0 -9999
2024 06 15 16   256   139 10184   150    51 -9999     0 -9999
2024 06 15 17   267   144 10187   180    31 -9999     0 -9999
2024 06 15 18   278   144 10182   170    41     6     0 -9999
2024 06 15 19   278   150 10175   170    31 -9999     0 -9999
2024 06 15 20   294   150 10170   150    57 -9999     0 -9999
2024 06 15 21   300   144 10165   160    36     6     0 -9999
2024 06 15 22   289   150 10162   170    51 -9999     0 -9999
2024 06 15 23   289   150 10154   140    67 -9999     0 -9999
2024 06 16 00   283   139 10140   130    82     6     0 -9999
2024 06 16 01   272   128 10136   150    88 -9999     0 -9999
2024 06 16 02   261   128 10142   150    41 -9999     0 -9999
2024 06 16 03   256   122 10147   140    51     6     0 -9999
2024 06 16 04   250   122 10147   150    62 -9999     0 -9999
2024 06 16 05   244   117 10148   150    51 -9999     0 -9999
2024 06 16 06   239   111 10143   150    57     6     0 -9999
2024 06 16 07   239   106 10141   160    62 -9999     0 -9999
2024 06 16 08   233   100 10138   160    46 -9999     0 -9999
2024 06 16 09   222   100 10135   160    36     6     0 -9999
2024 06 16 10   217   106 10137   170    46 -9999     0 -9999
2024 06 16 11   217   106 10137   170    57 -9999     0 -9999
2024 06 16 12   228   106 10133   170    72     6     0 -9999
2024 06 16 13   239   111 10130   180    67 -9999     0 -9999
2024 06 16 14   256   128 10126   180    82 -9999     0 -9999
2024 06 16 15   267   144 10122   190    72     6     0 -9999
2024 06 16 16   289   161 10117   200    62 -9999     0 -9999
2024 06 16 17   306   178 10112   190    67 -9999     0 -9999
2024 06 16 18   322   200 10105   190    82     6     0 -9999
2024 06 16 19   333   200 10097   220    82     4     0 -9999
2024 06 16 20   344   194 10092   180    72 -9999     0 -9999
2024 06 16 21   344   189 10085   220    72     6     0 -9999
2024 06 16 22   333   189 10089   220    88 -9999     0 -9999
2024 06 16 23   278   167 10101   250    77 -9999     3 -9999
2024 06 17 00   261   178 10099   250    46     6    -1     3
2024 06 17 01   261   178 10097   290    41 -9999    -1 -9999
2024 06 17 02   244   183 10099   260    21 -9999    -1 -9999
2024 06 17 03   250   183 10107   120    15     6     0 -9999
2024 06 17 04   250   183 10113   170    21 -9999     0 -9999
2024 06 17 05   256   183 10114   180    26 -9999     0 -9999
2024 06 17 06   256   178 10114   180    36     4     0    -1
2024 06 17 07   250   189 10115   200    26     2     0 -9999
2024 06 17 08   256   194 10113   210    26     2     0 -9999
2024 06 17 09   261   200 10109   220    41     2     0 -9999
2024 06 17 10   256   200 10110   200    36     2     0 -9999
2024 06 17 11   256   206 10120   200    31     2     0 -9999
2024 06 17 12   267   217 10128   200    41     0     0 -9999
2024 06 17 13   283   217 10136   220    46     2     0 -9999
2024 06 17 14   300   217 10136   220    57     2     0 -9999
2024 06 17 15   311   217 10134   200    77     4     0 -9999
2024 06 17 16   328   200 10133   240    67 -9999     0 -9999
2024 06 17 17   333   189 10132   210    67 -9999     0 -9999
2024 06 17 18   333   189 10129   240    67     6     0 -9999
2024 06 17 19   339   183 10123   240    62 -9999     0 -9999
2024 06 17 20   356   172 10116   210    72     4     0 -9999
2024 06 17 21   356   178 10110   210    51     6     0 -9999
2024 06 17 22   356   172 10106   210    62 -9999     0 -9999
2024 06 17 23   350   172 10102   220    77 -9999     0 -9999
2024 06 18 00   344   194 10103   180    62     4     0 -9999
2024 06 18 01   339   183 10108   200    36     4     0 -9999
2024 06 18 02   322   194 10107   170    57     4     0 -9999
2024 06 18 03   317   200 10118   180    67     6     0 -9999
2024 06 18 04   300   211 10127   200    62 -9999     0 -9999
2024 06 18 05   294   206 10136   200    62 -9999     0 -9999
2024 06 18 06   283   206 10138   210    67     4     0 -9999
2024 06 18 07   272   211 10132   190    41     4     0 -9999
2024 06 18 08   272   206 10125   200    67     4     0 -9999
2024 06 18 09   267   200 10128   190    51     6     0 -9999
2024 06 18 10   261   200 10133   190    57 -9999     0 -9999
2024 06 18 11   256   194 10136   190    67 -9999    -1 -9999
2024 06 18 12   256   200 10141   190    57     8     0    -1
2024 06 18 13   261   200 10145   190    51 -9999     0 -9999
2024 06 18 14   261   206 10150   200    77 -9999     0 -9999
2024 06 18 15   267   206 10151   210    72     8     0 -9999
2024 06 18 16   278   211 10148   180    62 -9999     0 -9999
2024 06 18 17   294   211 10148   200    67 -9999     0 -9999
2024 06 18 18   306   211 10146   180    93     6     0 -9999
2024 06 18 19   322   211 10142   190    82     4     0 -9999
2024 06 18 20   333   206 10139   180    88 -9999     0 -9999
2024 06 18 21   339   200 10138   190    88     6     0 -9999
2024 06 18 22   333   194 10140   200    93 -9999     0 -9999
2024 06 18 23   328   200 10138   200    67 -9999     0 -9999
2024 06 19 00   320   200 10139   210    82     6     0 -9999
2024 06 19 01   311   194 10138   190    82 -9999     0 -9999
2024 06 19 02   300   189 10144   190    46 -9999     0 -9999
2024 06 19 03   289   194 10155   190    67     6     0 -9999
2024 06 19 04   283   200 10164   200    93     4     0 -9999
2024 06 19 05   278   183 10173   210    57     4     0 -9999
2024 06 19 06   267   189 10181   210    57     4     0 -9999
2024 06 19 07   261   200 10183   200    46     4     0 -9999
2024 06 19 08   261   200 10186   200    46 -9999     0 -9999
2024 06 19 09   256   200 10188   200    41     4     0 -9999
2024 06 19 10   256   206 10191   220    41 -9999     0 -9999
2024 06 19 11   250   206 10202   200    41 -9999     0 -9999
2024 06 19 12   261   206 10208   210    36     4     0 -9999
2024 06 19 13   272   211 10213   220    46     2     0 -9999
2024 06 19 14   283   200 10216   220    46 -9999     0 -9999
2024 06 19 15   294   194 10214   250    57     2     0 -9999
2024 06 19 16   311   194 10214   240    57     2     0 -9999
2024 06 19 17   317   183 10215   200    72     2     0 -9999
2024 06 19 18   322   194 10215   230    72     6     0 -9999
2024 06 19 19   322   189 10212   190    57 -9999     0 -9999
2024 06 19 20   328   189 10210   240    51 -9999     0 -9999
2024 06 19 21   339   189 10207   220    67     6     0 -9999
2024 06 19 22   333   189 10206   210    62 -9999     0 -9999
2024 06 19 23   328   189 10206   250    41 -9999     0 -9999
2024 06 20 00   289   189 10212   130    62     6    -1    -1
2024 06 20 01   294   211 10212 -9999    15 -9999    23 -9999
2024 06 20 02   283   233 10218 -9999    15 -9999     0 -9999
2024 06 20 03   278   222 10224 -9999    15     6     0 -9999
2024 06 20 04   261   206 10225   340    41     4     0 -9999
2024 06 20 05   244   200 10228   350    31     4     0 -9999
2024 06 20 06   228   189 10228   350    31     4     0    20
2024 06 20 07   239   189 10229    10    31     2     0 -9999
2024 06 20 08   228   189 10229    10    36     0     0 -9999
2024 06 20 09   222   189 10231    20    36     2     0 -9999
2024 06 20 10   217   189 10234    30    36     2     0 -9999
2024 06 20 11   211   183 10242    20    36     4     0 -9999
2024 06 20 12   217   183 10248    30    46     4     0 -9999
2024 06 20 13   222   189 10253    30    36 -9999     0 -9999
2024 06 20 14   222   183 10253    20    41     4     0 -9999
2024 06 20 15   239   183 10256    30    41     2     0 -9999
2024 06 20 16   256   189 10252 -9999    26     2     0 -9999
2024 06 20 17   272   194 10249    70    21     2     0 -9999
2024 06 20 18   294   200 10244    70    36     2     0 -9999
2024 06 20 19   283   194 10241    40    41     2     0 -9999
2024 06 20 20   283   194 10237    30    46 -9999     0 -9999
2024 06 20 21   283   194 10234    50    36     6     0 -9999
2024 06 20 22   222   178 10240    30    62 -9999     0 -9999
2024 06 20 23   211   183 10246    50    26 -9999    -1 -9999
2024 06 21 00   206   183 10238    30    62     8    -1    -1
2024 06 21 01   200   183 10239    20    51 -9999     3 -9999
2024 06 21 02   189   172 10241    20    57 -9999     0 -9999
2024 06 21 03   183   172 10249    30    36     8     0 -9999
2024 06 21 04   189   172 10245    40    26 -9999     0 -9999
2024 06 21 05   189   172 10239    30    26 -9999     0 -9999
2024 06 21 06   189   172 10236    30    26     6     0     3
2024 06 21 07   189   172 10234     0     0 -9999     0 -9999
2024 06 21 08   189   172 10227     0     0 -9999     0 -9999
2024 06 21 09   194   178 10227     0     0     4     0 -9999
2024 06 21 10   200   178 10227   130    15 -9999     0 -9999
2024 06 21 11   200   178 10229     0     0     4     0 -9999
2024 06 21 12   211   178 10235    50    21     2     0 -9999
2024 06 21 13   222   183 10234     0     0     4     0 -9999
2024 06 21 14   244   194 10234 -9999    21     2     0 -9999
2024 06 21 15   278   206 10226   190    21     2     0 -9999
2024 06 21 16   294   206 10221 -9999    21     2     0 -9999
2024 06 21 17   322   183 10213   220    57     2     0 -9999
2024 06 21 18   322   172 10208   230    57     4     0 -9999
2024 06 21 19   333   178 10198   230    41     4     0 -9999
2024 06 21 20   333   178 10188   220    36     4     0 -9999
2024 06 21 21   344   178 10178   230    62     4     0 -9999
2024 06 21 22   344   178 10172   210    46     4     0 -9999
2024 06 21 23   328   167 10172   220    46 -9999     0 -9999
2024 06 22 00   328   167 10172   230    36     6     0 -9999
2024 06 22 01   317   172 10170   220    36     4     0 -9999
2024 06 22 02   300   178 10167   220    15     4     0 -9999
2024 06 22 03   294   178 10168    40    26     6     0 -9999
2024 06 22 04   239   194 10171    20    41 -9999     0 -9999
2024 06 22 05   211   183 10173    20    36     4     0 -9999
2024 06 22 06   211   183 10169    50    26     6     0 -9999
2024 06 22 07   206   183 10168    30    31 -9999     0 -9999
2024 06 22 08   211   183 10161    90    26 -9999     0 -9999
2024 06 22 09   217   183 10155   150    36     8     0 -9999
2024 06 22 10   217   183 10149   150    21 -9999     0 -9999
2024 06 22 11   233   189 10145   170    31 -9999     0 -9999
2024 06 22 12   261   194 10141   200    41     6     0 -9999
2024 06 22 13   278   194 10139   210    51 -9999     0 -9999
2024 06 22 14   289   194 10132   220    88 -9999     0 -9999
2024 06 22 15   300   206 10124   210    57     6     0 -9999
2024 06 22 16   306   206 10116   210    82 -9999     0 -9999
2024 06 22 17   328   194 10111   230    98 -9999     0 -9999
2024 06 22 18   322   189 10106   240   103     6     0 -9999
2024 06 22 19   328   189 10098   230    98 -9999     0 -9999
2024 06 22 20   333   183 10092   220    62 -9999     0 -9999
2024 06 22 21   328   189 10085   210    88     6     0 -9999
2024 06 22 22   328   167 10081   210    88 -9999     0 -9999
2024 06 22 23   328   161 10068   220    77 -9999     0 -9999
2024 06 23 00   317   167 10055   200    72     6     0 -9999
2024 06 23 01   306   172 10055   210    72 -9999     0 -9999
2024 06 23 02   300   189 10049   210    88 -9999     0 -9999
2024 06 23 03   300   194 10040   200    62     8     0 -9999
2024 06 23 04   233   211 10045   360    72 -9999    -1 -9999
2024 06 23 05   222   217 10054   230    51 -9999   185 -9999
2024 06 23 06   222   217 10041   200    26     8    46   230
2024 06 23 07   228   222 10038   210    41 -9999    -1 -9999
2024 06 23 08   228   222 10041   270    26 -9999     0 -9999
2024 06 23 09   228   211 10039   290    41     6     0 -9999
2024 06 23 10   217   200 10046   320    46 -9999    -1 -9999
2024 06 23 11   211   194 10051   290    31     2     0 -9999
2024 06 23 12   217   194 10057   280    41     4     0     3
2024 06 23 13   222   200 10063   260    46 -9999     0 -9999
2024 06 23 14   233   200 10066   310    62 -9999     0 -9999
2024 06 23 15   239   194 10070   300    51     8     0 -9999
2024 06 23 16   244   189 10076   290    51 -9999     0 -9999
2024 06 23 17   250   189 10082   310    51 -9999     0 -9999
2024 06 23 18   261   194 10084   310    51     6     0 -9999
2024 06 23 19   256   178 10086   310    51 -9999     0 -9999
2024 06 23 20   250   167 10092   310    67 -9999     0 -9999
2024 06 23 21   244   172 10096   320    57     6     0 -9999
2024 06 23 22   250   167 10099   300    62 -9999     0 -9999
2024 06 23 23   244   161 10098   320    46 -9999     0 -9999
2024 06 24 00   244   167 10102   320    46     4     0 -9999
2024 06 24 01   239   161 10103   300    46     2     0 -9999
2024 06 24 02   228   161 10106   310    36     2     0 -9999
2024 06 24 03   222   161 10109   300    26     2     0 -9999
2024 06 24 04   217   167 10113   290    31     0     0 -9999
2024 06 24 05   211   167 10116   260    26     0     0 -9999
2024 06 24 06   206   167 10116   250    26     2     0 -9999
2024 06 24 07   206   167 10118   260    21     0     0 -9999
2024 06 24 08   200   167 10119   290    15     0     0 -9999
2024 06 24 09   194   167 10124     0     0     2     0 -9999
2024 06 24 10   189   161 10129   230    15     2     0 -9999
2024 06 24 11   189   167 10134     0     0     2     0 -9999
2024 06 24 12   211   167 10139     0     0     2     0 -9999
2024 06 24 13   228   172 10143     0     0     2     0 -9999
2024 06 24 14   239   167 10143     0     0     2     0 -9999
2024 06 24 15   267   167 10143    30    15     2     0 -9999
2024 06 24 16   272   167 10143   120    15     2     0 -9999
2024 06 24 17   283   167 10142     0     0     4     0 -9999
2024 06 24 18   278   178 10144    60    36     4     0 -9999
2024 06 24 19   294   178 10135    90    46     2     0 -9999
2024 06 24 20   294   178 10131   100    57 -9999     0 -9999
2024 06 24 21   300   178 10124    70    41     6     0 -9999
2024 06 24 22   289   172 10118   100    41 -9999     0 -9999
2024 06 24 23   306   178 10111   220    41 -9999     0 -9999
2024 06 25 00   294   178 10105   150    26     6     0 -9999
2024 06 25 01   294   183 10100   170    41 -9999     0 -9999
2024 06 25 02   289   183 10100   170    31 -9999    -1 -9999
2024 06 25 03   283   189 10117   210    21     8    -1 -9999
2024 06 25 04   244   200 10129     0     0 -9999     0 -9999
2024 06 25 05   272   189 10092   170    67 -9999     0 -9999
2024 06 25 06   267   183 10083   190    72     8     0    -1
2024 06 25 07   233   189 10075   210    72 -9999     0 -9999
2024 06 25 08   244   183 10062   210   103 -9999     0 -9999
2024 06 25 09   261   183 10061   200    88     6     0 -9999
2024 06 25 10   256   189 10051   200    67 -9999     0 -9999
2024 06 25 11   267   194 10043   210    93 -9999     0 -9999
2024 06 25 12   267   200 10061   260    62     8    -1 -9999
2024 06 25 13   230   210 10069   220    57 -9999    84 -9999
2024 06 25 14   222   206 10090   170    41 -9999    23 -9999
2024 06 25 15   222   211 10070   170    31     8     8 -9999
2024 06 25 16   239   211 10070   220    72 -9999     0 -9999
2024 06 25 17   250   217 10069   230    67 -9999     0 -9999
2024 06 25 18   278   222 10070   220    77     6     0   110
2024 06 25 19   278   222 10071   240    77 -9999     0 -9999
2024 06 25 20   283   222 10074   230    77 -9999     0 -9999
2024 06 25 21   283   211 10076   240    72     8     0 -9999
2024 06 25 22   289   211 10076   250    67 -9999     0 -9999
2024 06 25 23   289   211 10074   240    62 -9999    -1 -9999
2024 06 26 00   278   211 10080   260    36     8    -1     0
2024 06 26 01   267   217 10059   240    41 -9999    -1 -9999
2024 06 26 02   261   222 10063   270    51 -9999     0 -9999
2024 06 26 03   261   222 10079   230    36     8     0 -9999
2024 06 26 04   261   228 10089   250    31 -9999     0 -9999
2024 06 26 05   261   222 10090   320    36 -9999     0 -9999
2024 06 26 06   256   222 10096   300    21     8     0     0
2024 06 26 07   250   217 10092   320    21 -9999     0 -9999
2024 06 26 08   239   206 10081   260    31 -9999     0 -9999
2024 06 26 09   233   211 10078   280    26     8     0 -9999
2024 06 26 10   233   206 10084   280    31 -9999     0 -9999
2024 06 26 11   228   206 10086   320    31 -9999     0 -9999
2024 06 26 12   233   206 10092   300    15     8     0 -9999
2024 06 26 13   239   211 10088   280    15 -9999     0 -9999
2024 06 26 14   250   206 10088   280    15 -9999     0 -9999
2024 06 26 15   261   183 10093   300    21     8     0 -9999
2024 06 26 16   267   161 10094   330    36 -9999     0 -9999
2024 06 26 17   272   167 10091   260    15 -9999     0 -9999
2024 06 26 18   267   144 10092   300    46     6    -1     0
2024 06 26 19   283   172 10085   270    36     4     0 -9999
2024 06 26 20   294   144 10087   280    51     4     0 -9999
2024 06 26 21   289   133 10086   330    51     4     0 -9999
2024 06 26 22   300   133 10087   330    67     4     0 -9999
2024 06 26 23   300   139 -9999   350    62     4     0 -9999
2024 06 27 00   289   133 10089   350    57     4     0 -9999
2024 06 27 01   272   117 10096    30    51     4     0 -9999
2024 06 27 02   222   161 10110    30    93     2     0 -9999
2024 06 27 03   200   144 10124    30    67     0     0 -9999
2024 06 27 04   189   139 10129    30    67     0     0 -9999
2024 06 27 05   183   139 10130    30    72     0     0 -9999
2024 06 27 06   178   139 10136    30    67     0     0 -9999
2024 06 27 07   178   133 10141    20    67     0     0 -9999
2024 06 27 08   172   128 10142    30    46     0     0 -9999
2024 06 27 09   172   122 10150    10    46     2     0 -9999
2024 06 27 10   167   128 10152    20    36     2     0 -9999
2024 06 27 11   167   128 10155    20    36     2     0 -9999
2024 06 27 12   172   128 10159    40    62     2     0 -9999
2024 06 27 13   183   128 10163    20    72     2     0 -9999
2024 06 27 14   194   122 10168    30    57     2     0 -9999
2024 06 27 15   206   111 10167    30    57     2     0 -9999
2024 06 27 16   206    89 10167    40    46     2     0 -9999
2024 06 27 17   211    94 10170    70    36     2     0 -9999
2024 06 27 18   217    89 10167    50    36     2     0 -9999
2024 06 27 19   228    83 10162    30    46     2     0 -9999
2024 06 27 20   228    89 10162    60    46     2     0 -9999
2024 06 27 21   222    94 10158    60    41     6     0 -9999
2024 06 27 22   222    94 10160    60    41 -9999     0 -9999
2024 06 27 23   206    94 10155    40    46 -9999     0 -9999
2024 06 28 00   194    78 10151    50    36     8     0 -9999
2024 06 28 01   189    56 10153    60    31 -9999     0 -9999
2024 06 28 02   189    72 10150    70    31 -9999     0 -9999
2024 06 28 03   178   117 10153    90    31     8     0 -9999
2024 06 28 04   178   111 10149   110    36 -9999     0 -9999
2024 06 28 05   183   117 10145   110    31 -9999     0 -9999
2024 06 28 06   183   128 10139   110    51     6     0 -9999
2024 06 28 07   183   139 10134   100    36 -9999     0 -9999
2024 06 28 08   189   150 10133   110    36 -9999     0 -9999
2024 06 28 09   189   156 10131   130    26     8     0 -9999
2024 06 28 10   194   150 10129   130    31 -9999     0 -9999
2024 06 28 11   194   139 10131   130    21 -9999    -1 -9999
2024 06 28 12   200   139 10128   150    36     6    -1    -1
2024 06 28 13   200   144 10129   160    31 -9999    -1 -9999
2024 06 28 14   194   161 10126   150    26 -9999     5 -9999
2024 06 28 15   200   161 10116   170    36     8    -1 -9999
2024 06 28 16   206   172 10115   180    36 -9999     3 -9999
2024 06 28 17   200   183 10118   190    31 -9999    15 -9999
2024 06 28 18   217   189 10105   180    36     8     3    30
2024 06 28 19   222   189 10087   180    62 -9999     3 -9999
2024 06 28 20   222   189 10080   190    46 -9999    -1 -9999
2024 06 28 21   228   189 10078   180    51     8    -1 -9999
2024 06 28 22   233   194 10068   170    57 -9999    -1 -9999
2024 06 28 23   233   200 10072   160    46 -9999     3 -9999
2024 06 29 00   233   200 10075     0     0     8     3     8
2024 06 29 01   233   200 10075   160    26 -9999    -1 -9999
2024 06 29 02   222   200 10071   140    26 -9999     0 -9999
2024 06 29 03   222   200 10074   160    21     6     0 -9999
2024 06 29 04   228   206 10069   170    26 -9999     0 -9999
2024 06 29 05   233   206 10071   160    21 -9999    -1 -9999
2024 06 29 06   228   211 10059   130    15     8     5     5
2024 06 29 07   228   217 10062   200    15 -9999    -1 -9999
2024 06 29 08   233   222 10061   240    36 -9999     3 -9999
2024 06 29 09   239   228 10058   230    41     8     0 -9999
2024 06 29 10   239   228 10064   250    41 -9999     0 -9999
2024 06 29 11   233   222 10069   230    31 -9999     0 -9999
2024 06 29 12   239   228 10079   230    31     8     0     3
2024 06 29 13   250   228 10082   260    41 -9999     0 -9999
2024 06 29 14   256   222 10090   270    46 -9999     0 -9999
2024 06 29 15   256   222 10096   310    36     8     0 -9999
2024 06 29 16   272   228 10104   260    46 -9999     0 -9999
2024 06 29 17   289   228 10107 -9999    31 -9999     0 -9999
2024 06 29 18   289   222 10109 -9999    31     6     0 -9999
2024 06 29 19   294   217 10109   250    62 -9999     0 -9999
2024 06 29 20   306   211 10112   290    57     4     0 -9999
2024 06 29 21   311   206 10110   280    57     4     0 -9999
2024 06 29 22   311   189 10117   260    46     2     0 -9999
2024 06 29 23   300   189 10123   270    57     4     0 -9999
2024 06 30 00   289   183 10127   260    67     4     0 -9999
2024 06 30 01   283   178 10130   280    67     4     0 -9999
2024 06 30 02   267   167 10138   300    62     2     0 -9999
2024 06 30 03   250   156 10152   300    46     2     0 -9999
2024 06 30 04   239   156 10162   300    57     2     0 -9999
2024 06 30 05   228   150 10173   330    46     2     0 -9999
2024 06 30 06   211   133 10181   340    77     2     0 -9999
2024 06 30 07   194   133 10188   350    46     2     0 -9999
2024 06 30 08   183   128 10198   340    46     2     0 -9999
2024 06 30 09   172   106 10207   350    62     2     0 -9999
2024 06 30 10   156   111 10213   340    62     2     0 -9999
2024 06 30 11   156   111 10219   360    57     2     0 -9999
2024 06 30 12   161   111 10228   360    67     2     0 -9999
2024 06 30 13   172   106 10231    30    88     4     0 -9999
2024 06 30 14   167   100 10238    20    82 -9999     0 -9999
2024 06 30 15   183   106 10245    30    67     6     0 -9999
2024 06 30 16   194   100 10250    20    57 -9999     0 -9999
2024 06 30 17   194   106 10254    30    67 -9999     0 -9999
2024 06 30 18   200   106 10258    20    36     4     0 -9999
2024 06 30 19   206   100 10261    20    51     2     0 -9999
2024 06 30 20   200   106 10259    60    41     2     0 -9999
2024 06 30 21   211   106 10255    50    41     2     0 -9999
2024 06 30 22   211    83 10251    30    72     2     0 -9999
2024 06 30 23   206    61 10251    30    67     2     0 -9999
2024 07 01 00   194    78 10249    50    67     2     0 -9999
2024 07 01 01   189    56 10246    30    57     2     0 -9999
2024 07 01 02   178    61 10248    30    36     2     0 -9999
2024 07 01 03   167   106 10255    50    36     0     0 -9999
2024 07 01 04   167   111 10254    30    31     0     0 -9999
2024 07 01 05   161   117 10255    30    26     0     0 -9999
2024 07 01 06   156   117 10256    40    31     0     0 -9999
2024 07 01 07   150   111 10253    30    41     0     0 -9999
2024 07 01 08   144    94 10253    40    31     0     0 -9999
2024 07 01 09   139    89 10257    20    15     0     0 -9999
2024 07 01 10   133    94 10265     0     0     0     0 -9999
2024 07 01 11   128    89 10264    20    15     2     0 -9999
2024 07 01 12   161   100 10266    30    15     0     0 -9999
2024 07 01 13   178    94 10262    80    41     2     0 -9999
2024 07 01 14   189    89 10265    90    41     2     0 -9999
2024 07 01 15   206    83 10262    70    15     2     0 -9999
2024 07 01 16   211    67 10258 -9999    26     2     0 -9999
2024 07 01 17   222    78 10256   120    41     4     0 -9999
2024 07 01 18   228    61 10252   100    46     6     0 -9999
2024 07 01 19   228    67 10242    80    31 -9999     0 -9999
2024 07 01 20   228    44 10234    70    31 -9999     0 -9999
2024 07 01 21   228    83 10222    90    46     6     0 -9999
2024 07 01 22   228   100 10215   120    46 -9999     0 -9999
2024 07 01 23   222   106 10213   100    41 -9999     0 -9999
2024 07 02 00   228   111 10208   100    46     6     0 -9999
2024 07 02 01   206   122 10204   100    46 -9999     0 -9999
2024 07 02 02   194   122 10200   100    51 -9999     0 -9999
2024 07 02 03   194   133 10199   100    36     8     0 -9999
2024 07 02 04   194   133 10198   140    26 -9999     0 -9999
2024 07 02 05   200   128 10199   150    36 -9999     0 -9999
2024 07 02 06   206   111 10193   170    57     8     0 -9999
2024 07 02 07   206   106 10186   160    46 -9999     0 -9999
2024 07 02 08   206   106 10183   160    46 -9999     0 -9999
2024 07 02 09   200   106 10179   130    26     8    -1 -9999
2024 07 02 10   194   111 10173   150    41 -9999    -1 -9999
2024 07 02 11   194   111 10168   150    51 -9999     0 -9999
2024 07 02 12   200   111 10168   150    51     6     0     0
2024 07 02 13   200   111 10180     0     0 -9999     0 -9999
2024 07 02 14   211   111 10181 -9999    31 -9999     0 -9999
2024 07 02 15   211   111 10177   170    46     8     0 -9999
2024 07 02 16   206   128 10178   120    26 -9999    -1 -9999
2024 07 02 17   194   144 10167   120    41 -9999     3 -9999
2024 07 02 18   228   156 10152   140    51     8     0     3
2024 07 02 19   261   139 10138   160    57 -9999     0 -9999
2024 07 02 20   278   128 10130   140    67 -9999     0 -9999
2024 07 02 21   289   122 10122   170    72     6     0 -9999
2024 07 02 22   294   128 10108   170    77     4     0 -9999
2024 07 02 23   294   122 10098   180    72     4     0 -9999
2024 07 03 00   289   122 10095   170    98     4     0 -9999
2024 07 03 01   278   133 10104   170    57 -9999     0 -9999
2024 07 03 02   272   133 10094   160    62 -9999     0 -9999
2024 07 03 03   267   128 10101   180    46     8     0 -9999
2024 07 03 04   272   128 10103   190    57 -9999     0 -9999
2024 07 03 05   267   133 10096   190    72 -9999     0 -9999
2024 07 03 06   250   144 10088   210    36     8    -1     0
2024 07 03 07   256   144 10083   200    41 -9999     0 -9999
2024 07 03 08   250   150 10085   220    57 -9999    -1 -9999
2024 07 03 09   239   183 10085   240    21     8    -1 -9999
2024 07 03 10   233   206 10095   250    46 -9999     0 -9999
2024 07 03 11   233   211 10099   260    31 -9999    -1 -9999
2024 07 03 12   239   211 10103   250    46     8    -1    -1
2024 07 03 13   233   217 10111   250    41 -9999     3 -9999
2024 07 03 14   233   222 10119   270    36 -9999    15 -9999
2024 07 03 15   239   228 10123   270    31     6     5 -9999
2024 07 03 16   261   222 10126   230    21 -9999     0 -9999
2024 07 03 17   278   211 10127 -9999    26 -9999     0 -9999
2024 07 03 18   294   172 10127   270    31     6     0    20
2024 07 03 19   300   161 10126   280    41     4     0 -9999
2024 07 03 20   300   161 10124   280    41 -9999     0 -9999
2024 07 03 21   306   172 10124   240    31     6     0 -9999
2024 07 03 22   306   161 10122   270    41 -9999     0 -9999
2024 07 03 23   300   150 10121   250    51 -9999     0 -9999
2024 07 04 00   294   167 10119   260    36     4     0 -9999
2024 07 04 01   283   178 10122   250    21 -9999     0 -9999
2024 07 04 02   272   183 10124   250    26 -9999     0 -9999
2024 07 04 03   270   190 10133   260    26     6     0 -9999
2024 07 04 04   250   189 10138   260    21 -9999     0 -9999
2024 07 04 05   244   189 10140   240    21 -9999     0 -9999
2024 07 04 06   244   189 10136   290    26     8     0 -9999
2024 07 04 07   239   189 10132   260    15 -9999     0 -9999
2024 07 04 08   233   189 10134     0     0 -9999     0 -9999
2024 07 04 09   222   189 10127   230    15     6     0 -9999
2024 07 04 10   217   189 10118     0     0     4     0 -9999
2024 07 04 11   206   189 10126   250    15     4     0 -9999
2024 07 04 12   233   200 10121     0     0 -9999     0 -9999
2024 07 04 13   244   194 10134     0     0 -9999     0 -9999
2024 07 04 14   244   194 10136   210    21 -9999     0 -9999
2024 07 04 15   244   200 10136   200    15     8     0 -9999
2024 07 04 16   250   206 10128     0     0 -9999    -1 -9999
2024 07 04 17   256   200 10123   160    26 -9999    -1 -9999
2024 07 04 18   272   194 10120   160    15     8     0    -1
2024 07 04 19   272   189 10118     0     0 -9999     0 -9999
2024 07 04 20   256   206 10120     0     0 -9999    -1 -9999
2024 07 04 21   250   189 10111   170    41     6    -1 -9999
2024 07 04 22   272   167 10103   120    26 -9999     0 -9999
2024 07 04 23   278   183 10103   160    21 -9999     0 -9999
2024 07 05 00   283   178 10097     0     0     6     0    -1
2024 07 05 01   267   167 10097   140    26     2     0 -9999
2024 07 05 02   256   172 10099   180    15     2     0 -9999
2024 07 05 03   240   180 10102   250    26     4     0 -9999
2024 07 05 04   233   189 10106   180    15     4     0 -9999
2024 07 05 05   233   194 10103   190    15     4     0 -9999
2024 07 05 06   222   194 10101   170    26     2     0 -9999
2024 07 05 07   217   189 10093   220    31     2     0 -9999
2024 07 05 08   217   189 10084   160    31     2     0 -9999
2024 07 05 09   217   189 10085   200    36     4     0 -9999
2024 07 05 10   222   189 10079   200    31 -9999     0 -9999
2024 07 05 11   222   194 10078   220    31 -9999     0 -9999
2024 07 05 12   222   189 10080   240    57     6     0 -9999
2024 07 05 13   228   183 10083   260    57     2     0 -9999
2024 07 05 14   239   183 10085   260    46     2     0 -9999
2024 07 05 15   261   167 10080   260    46     2     0 -9999
2024 07 05 16   261   156 10078   260    46     2     0 -9999
2024 07 05 17   267   150 10079   270    62     2     0 -9999
2024 07 05 18   278   139 10078   210    77     4     0 -9999
2024 07 05 19   272   150 10075   260    62     4     0 -9999
2024 07 05 20   272   144 10072   240    77 -9999     0 -9999
2024 07 05 21   261   150 10073   250    88     6     0 -9999
2024 07 05 22   250   156 10076   280    51 -9999     0 -9999
2024 07 05 23   256   150 10078   270    67 -9999     0 -9999
2024 07 06 00   244   150 10080   270    46     6     0 -9999
2024 07 06 01   239   150 10083   270    46 -9999     0 -9999
2024 07 06 02   228   150 10087   280    46     4     0 -9999
2024 07 06 03   222   156 10093   250    36     2     0 -9999
2024 07 06 04   217   161 10100   260    26     4     0 -9999
2024 07 06 05   206   167 10106   290    31     4     0 -9999
2024 07 06 06   200   167 10106   350    41     0     0 -9999
2024 07 06 07   178   167 10104   360    26     2     0 -9999
2024 07 06 08   183   167 10106   340    21     4     0 -9999
2024 07 06 09   183   167 10111   290    15     2     0 -9999
2024 07 06 10   183   167 10116   260    21     2     0 -9999
2024 07 06 11   178   167 10122   300    26     2     0 -9999
2024 07 06 12   194   167 10127   290    26     2     0 -9999
2024 07 06 13   206   167 10134   270    31     2     0 -9999
2024 07 06 14   222   161 10137   340    31 -9999     0 -9999
2024 07 06 15   239   161 10136 -9999    31     6     0 -9999
2024 07 06 16   250   156 10139    60    21 -9999     0 -9999
2024 07 06 17   261   150 10142 -9999    31 -9999     0 -9999
2024 07 06 18   267   150 10141 -9999    15     6     0 -9999
2024 07 06 19   261   144 10142    40    15 -9999     0 -9999
2024 07 06 20   250   144 10142   140    41 -9999     0 -9999
2024 07 06 21   256   150 10141   160    41     6     0 -9999
2024 07 06 22   256   156 10140   150    41 -9999     0 -9999
2024 07 06 23   261   161 10136   170    21 -9999     0 -9999
2024 07 07 00   272   161 10134     0     0     6     0 -9999
2024 07 07 01   250   144 10135   120    36 -9999     0 -9999
2024 07 07 02   233   133 10139   140    31     4     0 -9999
2024 07 07 03   222   133 10148   140    26     2     0 -9999
2024 07 07 04   222   128 10150   140    15     2     0 -9999
2024 07 07 05   222   133 10154   170    15     2     0 -9999
2024 07 07 06   211   133 10156     0     0     0     0 -9999
2024 07 07 07   206   139 10150   150    15     2     0 -9999
2024 07 07 08   200   139 10148     0     0     0     0 -9999
2024 07 07 09   194   144 10151   180    15     0     0 -9999
2024 07 07 10   194   150 10152     0     0     2     0 -9999
2024 07 07 11   189   156 10154     0     0     2     0 -9999
2024 07 07 12   211   167 10156   200    26     2     0 -9999
2024 07 07 13   233   172 10154   190    31     4     0 -9999
2024 07 07 14   250   167 10152   180    41     4     0 -9999
2024 07 07 15   272   172 10156   190    62     6     0 -9999
2024 07 07 16   278   172 10154   200    67 -9999     0 -9999
2024 07 07 17   289   178 10151   240    46     4     0 -9999
2024 07 07 18   300   183 10150   220    57     6     0 -9999
2024 07 07 19   294   172 10146   210    41 -9999     0 -9999
2024 07 07 20   228   194 -9999    60    57 -9999    -1 -9999
2024 07 07 21   217   200 10149    50    62     8    51 -9999
2024 07 07 22   206   200 10165    30    36 -9999   155 -9999
2024 07 07 23   206   194 10152    80    51 -9999    18 -9999
2024 07 08 00   217   200 10147   100    31     6    -1   270
2024 07 08 01   217   194 10143     0     0 -9999    -1 -9999
2024 07 08 02   211   200 10148   230    15 -9999     0 -9999
2024 07 08 03   211   200 10148   150    36     6     0 -9999
2024 07 08 04   211   200 10145   140    36 -9999     0 -9999
2024 07 08 05   211   194 10143   130    26 -9999     0 -9999
2024 07 08 06   211   194 10141   170    26     8     0    -1
2024 07 08 07   211   194 10136   160    26 -9999     0 -9999
2024 07 08 08   211   194 10139   170    31 -9999     0 -9999
2024 07 08 09   211   194 10137   180    26     8     0 -9999
2024 07 08 10   211   194 10140   210    26 -9999     0 -9999
2024 07 08 11   211   194 10142   220    26 -9999     0 -9999
2024 07 08 12   217   194 10143   220    46     6     0 -9999
2024 07 08 13   222   194 10149   210    36 -9999     0 -9999
2024 07 08 14   244   189 10139   180    31 -9999     0 -9999
2024 07 08 15   261   178 10139   210    31     6     0 -9999
2024 07 08 16   267   178 10142   210    51 -9999     0 -9999
2024 07 08 17   278   178 10142   210    41 -9999     0 -9999
2024 07 08 18   283   189 10139   230    57     6     0 -9999
2024 07 08 19   289   194 10133   260    51 -9999     0 -9999
2024 07 08 20   294   200 10129   220    41 -9999     0 -9999
2024 07 08 21   289   194 10121   220    36     6     0 -9999
2024 07 08 22   289   194 10119   240    36 -9999     0 -9999
2024 07 08 23   289   200 10120   190    41 -9999     0 -9999
2024 07 09 00   283   200 10126   260    57     8     0 -9999
2024 07 09 01   278   194 10128   250    41 -9999     0 -9999
2024 07 09 02   267   194 10131   260    36 -9999     0 -9999
2024 07 09 03   256   194 10134   260    21     8     0 -9999
2024 07 09 04   250   200 10132   260    21 -9999     0 -9999
2024 07 09 05   239   194 10135   280    21 -9999     0 -9999
2024 07 09 06   233   194 10136   240    15     6     0 -9999
2024 07 09 07   228   194 10131   260    15 -9999     0 -9999
2024 07 09 08   222   194 10130   270    15 -9999     0 -9999
2024 07 09 09   222   194 10133     0     0     8     0 -9999
2024 07 09 10   217   194 10131   300    15 -9999     0 -9999
2024 07 09 11   222   194 10132     0     0 -9999     0 -9999
2024 07 09 12   228   194 10133     0     0     8     0 -9999
2024 07 09 13   239   194 10137     0     0 -9999     0 -9999
2024 07 09 14   256   189 10134     0     0 -9999     0 -9999
2024 07 09 15   261   178 10130    20    15     8     0 -9999
2024 07 09 16   267   183 10131     0     0 -9999     0 -9999
2024 07 09 17   267   183 10131   140    26 -9999     0 -9999
2024 07 09 18   272   183 10127    90    26     8     0 -9999
2024 07 09 19   267   189 10119    90    36 -9999     0 -9999
2024 07 09 20   261   200 10119   160    21 -9999     0 -9999
2024 07 09 21   261   189 10114   100    26     8     0 -9999
2024 07 09 22   256   189 10114    80    46 -9999     0 -9999
2024 07 09 23   228   217 10111   140    36 -9999     8 -9999
2024 07 10 00   228   211 10103    70    21     8    10    20
2024 07 10 01   222   211 10099   340    31 -9999     3 -9999
2024 07 10 02   217   211 10100   360    31 -9999     8 -9999
2024 07 10 03   217   206 10097    20    41     8    15 -9999
2024 07 10 04   217   206 10088   360    57 -9999     8 -9999
2024 07 10 05   211   206 10086    20    41 -9999    25 -9999
2024 07 10 06   206   194 10088    20    46     8    20    80
2024 07 10 07   200   194 10079   350    51 -9999    15 -9999
2024 07 10 08   194   183 10081   340    46 -9999     5 -9999
2024 07 10 09   194   183 10085   320    46     8     8 -9999
2024 07 10 10   194   183 10089   310    46 -9999    10 -9999
2024 07 10 11   194   172 10092   320    31 -9999    15 -9999
2024 07 10 12   194   178 10097   250    31     8     5    60
2024 07 10 13   206   189 10098     0     0 -9999    -1 -9999
2024 07 10 14   217   194 10107   320    36 -9999     0 -9999
2024 07 10 15   228   189 10109   340    41     8     0 -9999
2024 07 10 16   244   189 10113   320    46 -9999     0 -9999
2024 07 10 17   256   172 10117    10    51 -9999     0 -9999
2024 07 10 18   272   161 10120    10    46     4     0    -1
2024 07 10 19   278   167 10120    20    15     2     0 -9999
2024 07 10 20   283   167 10120    40    51 -9999     0 -9999
2024 07 10 21   278   167 10118    50    31     6     0 -9999
2024 07 10 22   267   172 10123    30    36 -9999    -1 -9999
2024 07 10 23   272   167 10129    60    41 -9999    -1 -9999
2024 07 11 00   244   172 10136    60    51     6     0     0
2024 07 11 01   233   161 10142    60    51 -9999     0 -9999
2024 07 11 02   228   150 10145    70    31 -9999     0 -9999
2024 07 11 03   222   156 10149    80    31     6     0 -9999
2024 07 11 04   217   161 10151    80    15     4     0 -9999
2024 07 11 05   211   167 10154     0     0     4     0 -9999
2024 07 11 06   200   167 10154   260    15     4     0 -9999
2024 07 11 07   194   167 10154     0     0     4     0 -9999
2024 07 11 08   194   172 10156   360    26 -9999     0 -9999
2024 07 11 09   200   178 10157   340    15     6     0 -9999
2024 07 11 10   200   167 10159    10    31 -9999    -1 -9999
2024 07 11 11   194   172 10164   320    15 -9999    -1 -9999
2024 07 11 12   200   178 10169    20    26     8    -1    -1
2024 07 11 13   211   189 10179    10    26 -9999     0 -9999
2024 07 11 14   211   194 10184   340    26 -9999    -1 -9999
2024 07 11 15   217   189 10185   360    31     8    -1 -9999
2024 07 11 16   222   189 10184    10    31 -9999     0 -9999
2024 07 11 17   239   194 10183    60    36 -9999     0 -9999
2024 07 11 18   250   189 10180    70    31     6     0    -1
2024 07 11 19   261   183 10180    30    46     4     0 -9999
2024 07 11 20   267   183 10177    60    41 -9999     0 -9999
2024 07 11 21   272   178 10176    30    36     6     0 -9999
2024 07 11 22   267   172 10173    30    51     4     0 -9999
2024 07 11 23   261   167 10174    50    46     4     0 -9999
2024 07 12 00   250   161 10174    40    46     2     0 -9999
2024 07 12 01   239   161 10177    70    36     2     0 -9999
2024 07 12 02   228   172 10182    50    36     2     0 -9999
2024 07 12 03   211   178 10184    40    26     2     0 -9999
2024 07 12 04   206   183 10186    60    26     0     0 -9999
2024 07 12 05   206   183 10188    20    26     0     0 -9999
2024 07 12 06   194   178 10187   350    26     0     0 -9999
2024 07 12 07   200   183 10182    20    21     0     0 -9999
2024 07 12 08   189   183 10178   340    21     0     0 -9999
2024 07 12 09   189   183 10179   330    15     0     0 -9999
2024 07 12 10   189   183 10183   360    31     0     0 -9999
2024 07 12 11   183   172 10188   360    31     2     0 -9999
2024 07 12 12   200   178 10190   360    15     2     0 -9999
2024 07 12 13   228   172 10196    40    15     0     0 -9999
2024 07 12 14   244   183 10199    10    26     0     0 -9999
2024 07 12 15   261   189 10198   360    31     0     0 -9999
2024 07 12 16   272   189 10199    40    36     2     0 -9999
2024 07 12 17   278   183 10199    70    31     4     0 -9999
2024 07 12 18   278   189 10196    60    36     4     0 -9999
2024 07 12 19   283   183 10192    70    26     4     0 -9999
2024 07 12 20   289   183 10189    70    41     4     0 -9999
2024 07 12 21   294   183 10188    70    41     2     0 -9999
2024 07 12 22   289   183 10185    60    41     2     0 -9999
2024 07 12 23   289   178 10184    80    31     2     0 -9999
2024 07 13 00   283   167 10186    70    31     2     0 -9999
2024 07 13 01   267   172 10189   100    41     2     0 -9999
2024 07 13 02   250   172 10192   100    31     2     0 -9999
2024 07 13 03   244   178 10196   110    26     4     0 -9999
2024 07 13 04   239   178 10199   110    15 -9999     0 -9999
2024 07 13 05   233   172 10198   140    21     2     0 -9999
2024 07 13 06   228   172 10200     0     0     2     0 -9999
2024 07 13 07   217   178 10198   130    15 -9999     0 -9999
2024 07 13 08   222   178 10198     0     0 -9999     0 -9999
2024 07 13 09   211   178 10198     0     0     0     0 -9999
2024 07 13 10   211   183 10204     0     0     0     0 -9999
2024 07 13 11   206   183 10204   120    15 -9999     0 -9999
2024 07 13 12   228   194 10207     0     0     2     0 -9999
2024 07 13 13   244   200 10209   180    26 -9999     0 -9999
2024 07 13 14   267   206 10208   150    41     2     0 -9999
2024 07 13 15   280   210 10205 -9999    31     4     0 -9999
2024 07 13 16   289   206 10201   210    36     4     0 -9999
2024 07 13 17   300   211 10193   190    57 -9999     0 -9999
2024 07 13 18   300   211 10192   190    36     6     0 -9999
2024 07 13 19   311   217 10191   200    31 -9999     0 -9999
2024 07 13 20   317   211 10184   200    31 -9999     0 -9999
2024 07 13 21   328   206 10175   200    31 -9999     0 -9999
2024 07 13 22   317   200 10172   200    77 -9999     0 -9999
2024 07 13 23   250   178 10170   200    46 -9999    -1 -9999
2024 07 14 00   278   178 10164   200    36     6    -1    -1
2024 07 14 01   267   200 10165   170    36     4     0 -9999
2024 07 14 02   261   200 10164   180    31 -9999     0 -9999
2024 07 14 03   261   200 10165   180    51 -9999     0 -9999
2024 07 14 04   239   172 -9999   360    93 -9999    -1 -9999
2024 07 14 05   194   189 -9999     0     0 -9999    27 -9999
2024 07 14 06   194   189 10181   130    31     8    69   406
2024 07 14 07   200   194 -9999   230    46 -9999     2 -9999
2024 07 14 08   200   194 -9999   170    46 -9999     5 -9999
2024 07 14 09   206   194 10132   200    67     8    10 -9999
2024 07 14 10   206   189 10146   180    21 -9999     0 -9999
2024 07 14 11   200   194 10155   210    26 -9999     0 -9999
2024 07 14 12   206   194 10154   180    31     6     0    64
2024 07 14 13   211   206 10155   200    26 -9999     0 -9999
2024 07 14 14   217   206 10170   260    31 -9999    69 -9999
2024 07 14 15   217   200 10133   170    51     6    -1 -9999
2024 07 14 16   233   206 10130   210    57 -9999     0 -9999
2024 07 14 17   250   206 10126   220    57 -9999     0 -9999
2024 07 14 18   283   211 10117   240    51 -9999     0    86
2024 07 14 19   306   217 10120   250    51 -9999     0 -9999
2024 07 14 20   294   206 10124   250    46 -9999     0 -9999
2024 07 14 21   289   211 10119   220    51     6    -1 -9999
2024 07 14 22   289   228 10120   220    21 -9999    -1 -9999
2024 07 14 23   300   233 10116   230    46 -9999     0 -9999
2024 07 15 00   300   228 10115   210    41     6     0    -1
2024 07 15 01   294   228 10099   190    36     4     0 -9999
2024 07 15 02   289   233 10095   170    51 -9999     0 -9999
2024 07 15 03   289   239 10096   180    46     8     0 -9999
2024 07 15 04   211   206 10113 -9999    21 -9999   241 -9999
2024 07 15 05   211   200 10105   330    36 -9999    25 -9999
2024 07 15 06   211   206 10102   120    15     8    -1   270
2024 07 15 07   211   206 10093   200    21 -9999     0 -9999
2024 07 15 08   211   200 10094   220    31 -9999     0 -9999
2024 07 15 09   211   200 10104   290    15     8     0 -9999
2024 07 15 10   211   200 10107   220    15 -9999     0 -9999
2024 07 15 11   206   200 10104   200    21 -9999     0 -9999
2024 07 15 12   211   200 10104   220    26     6     0 -9999
2024 07 15 13   222   206 10107 -9999    21     4     0 -9999
2024 07 15 14   239   211 10107   230    31     2     0 -9999
2024 07 15 15   250   217 10104   240    26     2     0 -9999
2024 07 15 16   272   217 10110   220    31     2     0 -9999
2024 07 15 17   289   222 10107   250    26     2     0 -9999
2024 07 15 18   300   217 10101 -9999    31     2     0 -9999
2024 07 15 19   317   222 10095   230    26     2     0 -9999
2024 07 15 20   311   228 10086   220    36 -9999     0 -9999
2024 07 15 21   317   233 10075   200    36     6     0 -9999
2024 07 15 22   322   233 10067   210    41 -9999     0 -9999
2024 07 15 23   322   228 10051   230    51 -9999     0 -9999
2024 07 16 00   311   239 10049   180    51     8     0 -9999
2024 07 16 01   306   250 10039   190    57 -9999    -1 -9999
2024 07 16 02   300   261 10026   170    46 -9999     0 -9999
2024 07 16 03   217   206 -9999   340    82 -9999    12 -9999
2024 07 16 04   217   211 10074 -9999    15 -9999    43 -9999
2024 07 16 05   217   206 10078   260    67 -9999    20 -9999
2024 07 16 06   217   206 10063   230    15     6    -1    90
2024 07 16 07   211   200 10075   240    51 -9999     0 -9999
2024 07 16 08   206   200 10071   220    21 -9999     0 -9999
2024 07 16 09   206   194 10070   210    15     4     0 -9999
2024 07 16 10   206   200 10073   210    36     2     0 -9999
2024 07 16 11   206   200 10072   230    31     4     0 -9999
2024 07 16 12   211   200 10077   230    31     6     0 -9999
2024 07 16 13   217   200 10081   220    36 -9999     0 -9999
2024 07 16 14   233   206 10084 -9999    26     4     0 -9999
2024 07 16 15   250   206 10084   230    41     6     0 -9999
2024 07 16 16   261   211 10084   230    51     4     0 -9999
2024 07 16 17   267   217 10086   240    41     4     0 -9999
2024 07 16 18   267   211 10088   250    46     6     0 -9999
2024 07 16 19   283   222 10086   240    57 -9999     0 -9999
2024 07 16 20   283   222 10090   260    62 -9999     0 -9999
2024 07 16 21   289   211 10091   270    46     6     0 -9999
2024 07 16 22   294   206 10082   280    46 -9999     0 -9999
2024 07 16 23   289   211 10084   290    41 -9999     0 -9999
2024 07 17 00   256   217 10094    40    57     6     0 -9999
2024 07 17 01   256   211 10092    30    36 -9999     0 -9999
2024 07 17 02   250   206 10096    50    36 -9999     0 -9999
2024 07 17 03   244   206 10101    50    26     6     0 -9999
2024 07 17 04   244   200 10106    80    26 -9999     0 -9999
2024 07 17 05   239   206 10116     0     0 -9999     0 -9999
2024 07 17 06   244   200 10111    70    15     6     0 -9999
2024 07 17 07   228   211 10108   350    21 -9999     0 -9999
2024 07 17 08   222   211 10107   350    26     4     0 -9999
2024 07 17 09   228   211 10108   330    26     4     0 -9999
2024 07 17 10   222   194 10116   320    36     4     0 -9999
2024 07 17 11   211   172 10123   320    31     2     0 -9999
2024 07 17 12   217   167 10129   330    36     2     0 -9999
2024 07 17 13   228   167 10130   330    41     2     0 -9999
2024 07 17 14   250   156 10133   330    41     4     0 -9999
2024 07 17 15   261   133 10133   330    57     2     0 -9999
2024 07 17 16   267   144 10138   320    62     2     0 -9999
2024 07 17 17   272   144 10141   310    57     2     0 -9999
2024 07 17 18   272   139 10142   330    51     4     0 -9999
2024 07 17 19   272   133 10143   310    62     4     0 -9999
2024 07 17 20   272   133 10147   290    57     4     0 -9999
2024 07 17 21   267   122 10146   320    67     4     0 -9999
2024 07 17 22   267   128 10150   340    57     4     0 -9999
2024 07 17 23   256   117 10155   340    62     4     0 -9999
2024 07 18 00   239   111 10158   340    67     2     0 -9999
2024 07 18 01   228   117 10163   360    62     4     0 -9999
2024 07 18 02   217   150 10172    40    67     4     0 -9999
2024 07 18 03   211   150 10179    20    51     4     0 -9999
2024 07 18 04   189   117 10184   350    46     2     0 -9999
2024 07 18 05   183   117 10189   340    36     2     0 -9999
2024 07 18 06   183   133 10192   360    67     4     0 -9999
2024 07 18 07   200   139 10194    30    82 -9999     0 -9999
2024 07 18 08   194   128 10195    30    57 -9999     0 -9999
2024 07 18 09   183   128 10197    20    46     4     0 -9999
2024 07 18 10   167   122 10203   340    31     4     0 -9999
2024 07 18 11   167   128 10207   350    41     2     0 -9999
2024 07 18 12   172   128 10211   350    41     2     0 -9999
2024 07 18 13   189   128 10216   360    57     2     0 -9999
2024 07 18 14   200   122 10220   360    72     2     0 -9999
2024 07 18 15   206   117 10221    20    57     4     0 -9999
2024 07 18 16   217   117 10223    20    41     4     0 -9999
2024 07 18 17   222   111 10224    30    67 -9999     0 -9999
2024 07 18 18   228    94 10226    40    36     4     0 -9999
2024 07 18 19   228   106 10225   350    36     4     0 -9999
2024 07 18 20   228    94 10224    40    41     4     0 -9999
2024 07 18 21   233   106 10220    70    41     2     0 -9999
2024 07 18 22   233   106 10218    50    46     4     0 -9999
2024 07 18 23   228   106 10216    70    36     4     0 -9999
2024 07 19 00   222   117 10214   110    31     2     0 -9999
2024 07 19 01   211   111 10212   100    41     2     0 -9999
2024 07 19 02   200   111 10213   110    36     2     0 -9999
2024 07 19 03   189   117 10216   120    26     0     0 -9999
2024 07 19 04   189   117 10216   160    15     0     0 -9999
2024 07 19 05   189   122 10217   220    15     0     0 -9999
2024 07 19 06   178   122 10217     0     0     0     0 -9999
2024 07 19 07   172   122 10217     0     0     0     0 -9999
2024 07 19 08   167   122 10216   260    21     0     0 -9999
2024 07 19 09   161   122 10216   260    26     0     0 -9999
2024 07 19 10   156   117 10221   260    31     0     0 -9999
2024 07 19 11   161   117 10226   270    41     2     0 -9999
2024 07 19 12   172   122 10229   260    26     0     0 -9999
2024 07 19 13   194   133 10229   260    15     0     0 -9999
2024 07 19 14   211   122 10227   270    31     0     0 -9999
2024 07 19 15   222   128 10224   260    15     0     0 -9999
2024 07 19 16   233   128 10221 -9999    26     2     0 -9999
2024 07 19 17   250   122 10218   150    21     4     0 -9999
2024 07 19 18   250   111 10214   210    15     4     0 -9999
2024 07 19 19   250   117 10209     0     0     4     0 -9999
2024 07 19 20   261   133 10203   150    36     4     0 -9999
2024 07 19 21   256   122 10200   180    26     6     0 -9999
2024 07 19 22   261   133 10195   150    46 -9999     0 -9999
2024 07 19 23   250   122 10189    80    62     2     0 -9999
2024 07 20 00   239   122 10192   100    41     4     0 -9999
2024 07 20 01   233   122 10193   110    51 -9999     0 -9999
2024 07 20 02   228   128 10193   110    36 -9999     0 -9999
2024 07 20 03   222   133 10197   130    31     6     0 -9999
2024 07 20 04   217   133 10196   150    31     4     0 -9999
2024 07 20 05   211   133 10194   210    26     4     0 -9999
2024 07 20 06   206   133 10197   230    15     2     0 -9999
2024 07 20 07   194   133 10197   240    26     4     0 -9999
2024 07 20 08   189   139 10191   240    15     4     0 -9999
2024 07 20 09   183   133 10190     0     0     4     0 -9999
2024 07 20 10   178   133 10190     0     0 -9999     0 -9999
2024 07 20 11   178   139 10193     0     0 -9999     0 -9999
2024 07 20 12   183   144 10198     0     0     6     0 -9999
2024 07 20 13   211   144 10204   270    26 -9999     0 -9999
2024 07 20 14   222   150 10206   280    21 -9999     0 -9999
2024 07 20 15   239   144 10202     0     0     6     0 -9999
2024 07 20 16   244   139 10202   300    21 -9999     0 -9999
2024 07 20 17   256   139 10199     0     0 -9999     0 -9999
2024 07 20 18   256   128 10195   310    15     6     0 -9999
2024 07 20 19   267   128 10192 -9999    15 -9999     0 -9999
2024 07 20 20   261   133 10190    80    36 -9999     0 -9999
2024 07 20 21   261   144 10190   100    26     8     0 -9999
2024 07 20 22   256   139 10188    90    36 -9999     0 -9999
2024 07 20 23   256   139 10183   100    36 -9999     0 -9999
2024 07 21 00   244   139 10182   140    36     6     0 -9999
2024 07 21 01   244   139 10182   190    15 -9999     0 -9999
2024 07 21 02   233   144 10186   250    21 -9999     0 -9999
2024 07 21 03   228   150 10193   280    21     6     0 -9999
2024 07 21 04   222   156 10191   290    21 -9999     0 -9999
2024 07 21 05   217   156 10190   300    15 -9999     0 -9999
2024 07 21 06   217   156 10191     0     0     6     0 -9999
2024 07 21 07   206   161 10189     0     0 -9999     0 -9999
2024 07 21 08   200   161 10187     0     0 -9999     0 -9999
2024 07 21 09   194   161 10186   240    15     4     0 -9999
2024 07 21 10   189   161 10189   210    15 -9999     0 -9999
2024 07 21 11   189   161 10192     0     0 -9999     0 -9999
2024 07 21 12   194   167 10194     0     0     6     0 -9999
2024 07 21 13   222   167 10191   300    15 -9999     0 -9999
2024 07 21 14   244   167 10191     0     0     4     0 -9999
2024 07 21 15   256   150 10191   330    15     6     0 -9999
2024 07 21 16   261   156 10193   250    15 -9999     0 -9999
2024 07 21 17   267   156 10193     0     0 -9999     0 -9999
2024 07 21 18   261   161 10191   210    41     6     0 -9999
2024 07 21 19   272   167 10187 -9999    15 -9999     0 -9999
2024 07 21 20   283   161 10184 -9999    26 -9999     0 -9999
2024 07 21 21   272   167 10177    80    26     6     0 -9999
2024 07 21 22   278   161 10173    60    36 -9999     0 -9999
2024 07 21 23   267   150 10171    80    41 -9999     0 -9999
2024 07 22 00   256   167 10174    90    36     6     0 -9999
2024 07 22 01   239   183 10178    40    46     4     0 -9999
2024 07 22 02   228   189 10181    40    36 -9999     0 -9999
2024 07 22 03   222   194 10183    40    36     6     0 -9999
2024 07 22 04   217   194 10182    30    36 -9999     0 -9999
2024 07 22 05   217   194 10186    20    31 -9999     0 -9999
2024 07 22 06   211   194 10180    30    26     6     0 -9999
2024 07 22 07   194   183 10173   360    21     4     0 -9999
2024 07 22 08   200   189 10170    20    21     4     0 -9999
2024 07 22 09   194   183 10169    20    26     4     0 -9999
2024 07 22 10   189   183 10169   340    21     4     0 -9999
2024 07 22 11   183   172 10167   340    26     4     0 -9999
2024 07 22 12   206   189 10168     0     0     6     0 -9999
2024 07 22 13   217   194 10171    20    15 -9999     0 -9999
2024 07 22 14   239   183 10174     0     0 -9999     0 -9999
2024 07 22 15   250   167 10171     0     0     4     0 -9999
2024 07 22 16   267   167 10170     0     0     4     0 -9999
2024 07 22 17   272   161 10166     0     0     4     0 -9999
2024 07 22 18   283   161 10159     0     0     6     0 -9999
2024 07 22 19   283   161 10156    10    31 -9999     0 -9999
2024 07 22 20   278   183 10153    70    26 -9999     0 -9999
2024 07 22 21   278   183 10147    50    36     6     0 -9999
2024 07 22 22   256   172 10148    60    41 -9999     0 -9999
2024 07 22 23   250   172 10146   100    41 -9999     0 -9999
2024 07 23 00   250   156 10143   100    21     6     0 -9999
2024 07 23 01   244   161 10146   110    21 -9999     0 -9999
2024 07 23 02   239   161 10151   100    26     4     0 -9999
2024 07 23 03   233   172 10155    90    31     2     0 -9999
2024 07 23 04   222   172 10155   130    21     2     0 -9999
2024 07 23 05   222   172 10155     0     0     2     0 -9999
2024 07 23 06   217   172 10154   210    15     2     0 -9999
2024 07 23 07   211   172 10153   200    15     2     0 -9999
2024 07 23 08   206   172 10153     0     0     2     0 -9999
2024 07 23 09   206   178 10149     0     0     2     0 -9999
2024 07 23 10   200   178 10150   200    21     2     0 -9999
2024 07 23 11   200   178 10153     0     0     2     0 -9999
2024 07 23 12   206   183 10155     0     0     4     0 -9999
2024 07 23 13   222   178 10159   230    15     4     0 -9999
2024 07 23 14   244   183 10160   240    26     2     0 -9999
2024 07 23 15   256   189 10159   260    41     4     0 -9999
2024 07 23 16   267   189 10160   220    36 -9999     0 -9999
2024 07 23 17   278   183 10156   240    46 -9999     0 -9999
2024 07 23 18   289   178 10155   250    51     6     0 -9999
2024 07 23 19   294   183 10148   230    62 -9999     0 -9999
2024 07 23 20   294   178 10142   240    57 -9999     0 -9999
2024 07 23 21   290   190 10139   240    62     8     0 -9999
2024 07 23 22   289   189 10137   230    57 -9999     0 -9999
2024 07 23 23   278   189 10143   230    62 -9999     0 -9999
2024 07 24 00   239   200 10151   330    51     8     2     5
2024 07 24 01   222   189 10163   290    15 -9999    30 -9999
2024 07 24 02   222   194 10164   190    15 -9999     0 -9999
2024 07 24 03   217   200 10161   220    21     8     0 -9999
2024 07 24 04   217   194 10164   240    21 -9999     0 -9999
2024 07 24 05   211   183 10168   270    21 -9999     0 -9999
2024 07 24 06   211   183 10169     0     0     8     0    50
2024 07 24 07   206   183 10170   320    15 -9999    -1 -9999
2024 07 24 08   200   189 10168   250    15 -9999     0 -9999
2024 07 24 09   200   183 10172   280    15     6     0 -9999
2024 07 24 10   206   183 10177    40    31 -9999     0 -9999
2024 07 24 11   206   189 10184    40    21 -9999     0 -9999
2024 07 24 12   206   189 10189    20    31     6     0     0
2024 07 24 13   211   189 10194    20    31 -9999     0 -9999
2024 07 24 14   222   189 10196   360    31 -9999     0 -9999
2024 07 24 15   228   183 10200    20    31     8     0 -9999
2024 07 24 16   233   178 -9999    60    41 -9999     0 -9999
2024 07 24 17   228   178 10202    50    36 -9999     0 -9999
2024 07 24 18   233   178 10206    40    21     8     0 -9999
2024 07 24 19   233   178 10201    30    31 -9999     0 -9999
2024 07 24 20   239   178 10200    50    31 -9999     0 -9999
2024 07 24 21   239   172 10204    30    31     6     0 -9999
2024 07 24 22   228   167 10201    80    31 -9999     0 -9999
2024 07 24 23   228   167 10202    60    41 -9999     0 -9999
2024 07 25 00   222   167 10206    50    36     8     0 -9999
2024 07 25 01   217   161 10210    80    41 -9999     0 -9999
2024 07 25 02   217   161 10214    90    36 -9999     0 -9999
2024 07 25 03   210   170 10217    70    36     8     0 -9999
2024 07 25 04   206   161 10219    60    31 -9999     0 -9999
2024 07 25 05   200   161 10220    80    21     4     0 -9999
2024 07 25 06   200   156 10221    50    21     2     0 -9999
2024 07 25 07   189   156 10218    20    21     2     0 -9999
2024 07 25 08   178   156 10219   350    15     2     0 -9999
2024 07 25 09   172   156 10221   350    21     0     0 -9999
2024 07 25 10   172   156 10226   360    26     0     0 -9999
2024 07 25 11   172   156 10231   340    21     2     0 -9999
2024 07 25 12   183   161 10233   360    26     2     0 -9999
2024 07 25 13   206   161 10237 -9999    31     2     0 -9999
2024 07 25 14   222   156 10240    90    46 -9999     0 -9999
2024 07 25 15   228   150 10241    90    46     4     0 -9999
2024 07 25 16   239   144 10242    80    41     4     0 -9999
2024 07 25 17   244   144 10242    60    31     4     0 -9999
2024 07 25 18   250   150 10239    80    36     4     0 -9999
2024 07 25 19   256   156 10237   100    41     4     0 -9999
2024 07 25 20   250   139 10234    80    26     4     0 -9999
2024 07 25 21   250   144 10230   100    36     4     0 -9999
2024 07 25 22   244   144 10229    90    62     4     0 -9999
2024 07 25 23   239   133 10228    90    46     4     0 -9999
2024 07 26 00   230   140 10229    80    46     4     0 -9999
2024 07 26 01   217   139 10228    70    41     4     0 -9999
2024 07 26 02   206   144 10228   100    36     2     0 -9999
2024 07 26 03   206   144 10230    80    41     0     0 -9999
2024 07 26 04   200   144 10230    70    31     0     0 -9999
2024 07 26 05   200   139 10230    60    15     0     0 -9999
2024 07 26 06   183   133 10227    50    15     0     0 -9999
2024 07 26 07   189   133 10227     0     0     0     0 -9999
2024 07 26 08   172   139 10228     0     0     0     0 -9999
2024 07 26 09   172   133 10228   340    15     0     0 -9999
2024 07 26 10   161   133 10227   320    15     0     0 -9999
2024 07 26 11   161   139 10228     0     0     2     0 -9999
2024 07 26 12   172   144 10228     0     0     4     0 -9999
2024 07 26 13   194   156 10231     0     0     2     0 -9999
2024 07 26 14   217   156 10230    30    21     2     0 -9999
2024 07 26 15   228   144 10228   140    15     2     0 -9999
2024 07 26 16   244   122 10225 -9999    26     2     0 -9999
2024 07 26 17   256   106 10219   120    46     2     0 -9999
2024 07 26 18   261   122 10213   130    41     2     0 -9999
2024 07 26 19   267   117 10210   110    31     0     0 -9999
2024 07 26 20   272   117 10206    80    46     0     0 -9999
2024 07 26 21   267   133 10202    70    46     0     0 -9999
2024 07 26 22   267   144 10198    80    51     0     0 -9999
2024 07 26 23   261   144 10193    70    51     0     0 -9999
2024 07 27 00   256   144 10191    80    46     0     0 -9999
2024 07 27 01   239   150 10189   100    51     2     0 -9999
2024 07 27 02   228   156 10194   100    31     2     0 -9999
2024 07 27 03   217   156 10198   130    26     0     0 -9999
2024 07 27 04   211   161 10195   140    26     0     0 -9999
2024 07 27 05   211   167 10196   140    21     0     0 -9999
2024 07 27 06   206   172 10192   140    21     0     0 -9999
2024 07 27 07   206   178 10190     0     0     0     0 -9999
2024 07 27 08   200   172 10189     0     0     0     0 -9999
2024 07 27 09   194   172 10190     0     0     0     0 -9999
2024 07 27 10   194   167 10194     0     0     0     0 -9999
2024 07 27 11   189   156 10198   140    15     0     0 -9999
2024 07 27 12   190   160 10199   170    21     2     0 -9999
2024 07 27 13   211   156 10201   180    31     0     0 -9999
2024 07 27 14   233   156 10202   170    21     0     0 -9999
2024 07 27 15   256   150 10200   170    41     0     0 -9999
2024 07 27 16   267   156 10198 -9999    31     2     0 -9999
2024 07 27 17   272   156 10194   150    41     2     0 -9999
2024 07 27 18   278   150 10188   180    41     2     0 -9999
2024 07 27 19   283   144 10182   140    26     2     0 -9999
2024 07 27 20   294   150 10175   160    46     2     0 -9999
2024 07 27 21   294   144 10170   180    46     2     0 -9999
2024 07 27 22   289   144 10166   180    36     4     0 -9999
2024 07 27 23   289   139 10162   150    36 -9999     0 -9999
2024 07 28 00   272   139 10162   180    41     6     0 -9999
2024 07 28 01   267   144 10167   190    41 -9999     0 -9999
2024 07 28 02   256   156 10172   180    36 -9999     0 -9999
2024 07 28 03   244   161 10169   170    36     6     0 -9999
2024 07 28 04   239   161 10171   180    21 -9999     0 -9999
2024 07 28 05   233   161 10171   180    15     4     0 -9999
2024 07 28 06   228   161 10169   180    26     6     0 -9999
2024 07 28 07   228   167 10167   160    15 -9999     0 -9999
2024 07 28 08   228   167 10164   120    21 -9999     0 -9999
2024 07 28 09   222   161 10163   120    21     6     0 -9999
2024 07 28 10   222   161 10164   140    21 -9999     0 -9999
2024 07 28 11   228   167 10165   140    31 -9999     0 -9999
2024 07 28 12   233   167 10164   180    36     8     0 -9999
2024 07 28 13   211   183 10167   190    31 -9999     5 -9999
2024 07 28 14   211   200 10163   150    26 -9999     3 -9999
2024 07 28 15   233   217 10158   170    36     8    -1 -9999
2024 07 28 16   250   217 10155   180    36 -9999     0 -9999
2024 07 28 17   272   222 10148   170    36 -9999     0 -9999
2024 07 28 18   283   222 10144   180    46     6     0     8
2024 07 28 19   289   222 10137   170    31 -9999    -1 -9999
2024 07 28 20   272   217 10133   180    41 -9999    -1 -9999
2024 07 28 21   267   217 10127   170    62     6     0 -9999
2024 07 28 22   267   222 10124   160    67 -9999     0 -9999
2024 07 28 23   278   217 10120   160    46 -9999     0 -9999
2024 07 29 00   272   217 10119   170    57     6     0    -1
2024 07 29 01   267   217 10119   180    31 -9999     0 -9999
2024 07 29 02   261   217 10121   180    31 -9999     0 -9999
2024 07 29 03   256   228 10126   190    36     4     0 -9999
2024 07 29 04   250   222 10122   180    31     2     0 -9999
2024 07 29 05   244   217 10122   200    26     0     0 -9999
2024 07 29 06   244   211 10120   200    31     0     0 -9999
2024 07 29 07   239   211 10114   190    21     0     0 -9999
2024 07 29 08   228   211 10113   170    26     2     0 -9999
2024 07 29 09   228   217 10110   180    26     4     0 -9999
2024 07 29 10   228   217 10109   170    31 -9999     0 -9999
2024 07 29 11   228   217 10113   190    36 -9999     0 -9999
2024 07 29 12   233   211 10111   200    31     8     0 -9999
2024 07 29 13   228   211 10110   180    31 -9999    -1 -9999
2024 07 29 14   222   211 10106   160    41 -9999    10 -9999
2024 07 29 15   228   217 10099   150    36     8    15 -9999
2024 07 29 16   233   217 10098   170    31 -9999    -1 -9999
2024 07 29 17   250   217 10090   230    51 -9999     0 -9999
2024 07 29 18   261   222 10087   230    36     6     0    30
2024 07 29 19   283   211 10081   230    62 -9999     0 -9999
2024 07 29 20   272   206 10080   260    51 -9999     0 -9999
2024 07 29 21   256   211 10082   250    41     8     3 -9999
2024 07 29 22   256   217 10085   330    15 -9999    -1 -9999
2024 07 29 23   250   211 10085   320    26 -9999    -1 -9999
2024 07 30 00   250   211 10089   310    26     6    -1     3
2024 07 30 01   256   211 10089   290    36     4     0 -9999
2024 07 30 02   244   206 10082   250    15     2     0 -9999
2024 07 30 03   233   211 10092   290    21     2     0 -9999
2024 07 30 04   228   211 10089   260    15     2     0 -9999
2024 07 30 05   228   211 10091     0     0     0     0 -9999
2024 07 30 06   222   211 10090   260    15     0     0 -9999
2024 07 30 07   222   206 10089     0     0     0     0 -9999
2024 07 30 08   217   206 10089   260    15     0     0 -9999
2024 07 30 09   217   206 10090   270    21     0     0 -9999
2024 07 30 10   217   206 10095   260    15     0     0 -9999
2024 07 30 11   211   206 10100   250    15     2     0 -9999
2024 07 30 12   217   206 10105   270    26     2     0 -9999
2024 07 30 13   233   211 10106   300    21     2     0 -9999
2024 07 30 14   256   217 10107 -9999    21     2     0 -9999
2024 07 30 15   267   211 10102     0     0     2     0 -9999
2024 07 30 16   278   194 10102     0     0     2     0 -9999
2024 07 30 17   306   200 10099 -9999    15     2     0 -9999
2024 07 30 18   311   200 10106     0     0     2     0 -9999
2024 07 30 19   317   200 10102 -9999    15     2     0 -9999
2024 07 30 20   322   206 10101   270    26 -9999     0 -9999
2024 07 30 21   311   211 10096   280    46     6     0 -9999
2024 07 30 22   317   217 10082   250    21 -9999     0 -9999
2024 07 30 23   311   206 10083   270    31 -9999     0 -9999
2024 07 31 00   311   206 10088   240    21     8     0 -9999
2024 07 31 01   300   217 10086   230    21 -9999     0 -9999
2024 07 31 02   289   222 10090   230    31 -9999     0 -9999
2024 07 31 03   278   228 10101   240    26     4     0 -9999
2024 07 31 04   267   217 10106   260    26     2     0 -9999
2024 07 31 05   256   211 10104   240    15     2     0 -9999
2024 07 31 06   244   211 10106   240    26     2     0 -9999
2024 07 31 07   239   211 10106   250    21     0     0 -9999
2024 07 31 08   233   206 10106   250    21     0     0 -9999
2024 07 31 09   228   200 10102   130    15     0     0 -9999
2024 07 31 10   228   206 10105   230    36     4     0 -9999
2024 07 31 11   222   206 10109   270    31 -9999     0 -9999
2024 07 31 12   228   206 10114   240    15     8     0 -9999
2024 07 31 13   239   206 10124   250    21 -9999     0 -9999
2024 07 31 14   250   206 10124   250    26 -9999     0 -9999
2024 07 31 15   250   194 10128   260    31     8     0 -9999
2024 07 31 16   272   194 10127   210    31 -9999     0 -9999
2024 07 31 17   289   200 10128   220    21 -9999     0 -9999
2024 07 31 18   300   217 10130   250    46     4     0 -9999
2024 07 31 19   306   211 10124   200    21     4     0 -9999
2024 07 31 20   322   189 10117 -9999    21     2     0 -9999
2024 07 31 21   333   189 10116   280    31     2     0 -9999
2024 07 31 22   328   194 10115 -9999    21     2     0 -9999
2024 07 31 23   328   183 10115   230    21     2     0 -9999
2024 08 01 00   328   189 10115   230    21     2     0 -9999
2024 08 01 01   306   211 10117   270    21     2     0 -9999
2024 08 01 02   289   222 10128   240    46     2     0 -9999
2024 08 01 03   278   222 10137   230    26     2     0 -9999
2024 08 01 04   272   222 10134   220    26     2     0 -9999
2024 08 01 05   261   222 10130   180    15 -9999     0 -9999
2024 08 01 06   256   222 10127   220    21     6     0 -9999
2024 08 01 07   256   217 10133   210    15 -9999     0 -9999
2024 08 01 08   250   217 10135     0     0 -9999     0 -9999
2024 08 01 09   244   217 10123     0     0     8     0 -9999
2024 08 01 10   239   217 10126   200    15 -9999     0 -9999
2024 08 01 11   239   217 10132   170    15 -9999     0 -9999
2024 08 01 12   250   222 10133   210    26     8     0 -9999
2024 08 01 13   244   222 10140 -9999    15 -9999    18 -9999
2024 08 01 14   244   222 10134     0     0 -9999     5 -9999
2024 08 01 15   250   222 10130   140    15     8    -1 -9999
2024 08 01 16   272   222 10133   160    26 -9999    -1 -9999
2024 08 01 17   267   222 10132   200    31 -9999     0 -9999
2024 08 01 18   272   217 10133   240    31     6     0    20
2024 08 01 19   283   211 10129   230    36 -9999    -1 -9999
2024 08 01 20   294   211 10126   230    26 -9999     0 -9999
2024 08 01 21   294   206 10123   250    26     6     0 -9999
2024 08 01 22   306   211 10115   230    21 -9999     0 -9999
2024 08 01 23   294   211 10111   240    21 -9999     0 -9999
2024 08 02 00   289   211 10107   260    26     6     0     0
2024 08 02 01   283   222 10108   230    41 -9999     0 -9999
2024 08 02 02   278   222 10114   260    26 -9999     0 -9999
2024 08 02 03   261   228 10110   220    21     6     0 -9999
2024 08 02 04   211   200 10121    20    41 -9999   107 -9999
2024 08 02 05   217   206 10116   200    21 -9999    -1 -9999
2024 08 02 06   206   200 10117   290    31     6     0   110
2024 08 02 07   211   194 10112   320    31 -9999     0 -9999
2024 08 02 08   206   200 10114   300    21 -9999     0 -9999
2024 08 02 09   211   206 10117   340    36     6     0 -9999
2024 08 02 10   211   200 10114   350    46 -9999     0 -9999
2024 08 02 11   206   200 10116   350    31 -9999     0 -9999
2024 08 02 12   206   194 10124   340    31     6     0 -9999
2024 08 02 13   217   194 10128   320    31 -9999     0 -9999
2024 08 02 14   217   200 10133   340    36 -9999     0 -9999
2024 08 02 15   222   206 10135   330    46     8     0 -9999
2024 08 02 16   233   217 10138   350    31 -9999    -1 -9999
2024 08 02 17   267   217 10137    10    26 -9999     0 -9999
2024 08 02 18   272   217 10134   340    41     6     0     0
2024 08 02 19   278   217 10131   340    57 -9999     0 -9999
2024 08 02 20   294   206 10127    20    72 -9999     0 -9999
2024 08 02 21   294   200 10127    40    72     4     0 -9999
2024 08 02 22   294   194 10125    40    57     2     0 -9999
2024 08 02 23   294   194 10124    30    41     2     0 -9999
2024 08 03 00   283   206 10128    30    46     2     0 -9999
2024 08 03 01   267   206 10129   350    31     2     0 -9999
2024 08 03 02   261   206 10130   350    21     0     0 -9999
2024 08 03 03   256   194 10132   340    21     0     0 -9999
2024 08 03 04   250   200 10135   320    21     0     0 -9999
2024 08 03 05   239   200 10132     0     0     0     0 -9999
2024 08 03 06   239   200 10130   270    15     0     0 -9999
2024 08 03 07   233   200 10127   290    21     0     0 -9999
2024 08 03 08   233   200 10126   290    21     4     0 -9999
2024 08 03 09   228   194 10125   290    21     4     0 -9999
2024 08 03 10   228   194 10127   300    26     2     0 -9999
2024 08 03 11   228   194 10133   310    26     2     0 -9999
2024 08 03 12   239   200 10137   320    15     2     0 -9999
2024 08 03 13   256   206 10136   350    26     0     0 -9999
2024 08 03 14   272   211 10137   340    21     2     0 -9999
2024 08 03 15   280   210 10139     0     0     2     0 -9999
2024 08 03 16   300   211 10138    50    21     4     0 -9999
2024 08 03 17   317   211 10135    80    21     4     0 -9999
2024 08 03 18   311   189 10131   340    21     6     0 -9999
2024 08 03 19   328   194 10130    70    26 -9999     0 -9999
2024 08 03 20   311   200 10128    60    36     4     0 -9999
2024 08 03 21   311   200 10127    90    41 -9999     0 -9999
2024 08 03 22   294   200 10128    60    46     4     0 -9999
2024 08 03 23   294   200 10125    60    36     4     0 -9999
2024 08 04 00   278   194 10128    30    51     2     0 -9999
2024 08 04 01   261   178 10133    50    41 -9999     0 -9999
2024 08 04 02   256   172 10134    70    46     2     0 -9999
2024 08 04 03   250   178 10135    90    26     2     0 -9999
2024 08 04 04   250   178 10137    90    21     4     0 -9999
2024 08 04 05   256   172 10142   100    26 -9999     0 -9999
2024 08 04 06   250   178 10143    90    26     2     0 -9999
2024 08 04 07   244   183 10146    60    15     2     0 -9999
2024 08 04 08   228   189 10147     0     0     4     0 -9999
2024 08 04 09   222   189 10143     0     0     4     0 -9999
2024 08 04 10   222   189 10141   350    15 -9999     0 -9999
2024 08 04 11   222   200 10139     0     0 -9999     0 -9999
2024 08 04 12   228   200 10138     0     0     6     0 -9999
2024 08 04 13   250   200 10151    20    21 -9999     0 -9999
2024 08 04 14   267   167 10150   130    21 -9999     0 -9999
2024 08 04 15   278   178 10147   180    26     4     0 -9999
2024 08 04 16   289   167 10150   300    21     4     0 -9999
2024 08 04 17   306   167 10148   210    36 -9999     0 -9999
2024 08 04 18   311   167 10145   220    26     6     0 -9999
2024 08 04 19   317   161 10144 -9999    15     4     0 -9999
2024 08 04 20   317   167 10143   240    41     2     0 -9999
2024 08 04 21   317   172 10143   210    41     2     0 -9999
2024 08 04 22   322   178 10137   220    36     4     0 -9999
2024 08 04 23   311   189 10136   220    46 -9999     0 -9999
2024 08 05 00   306   194 10137   220    41     6     0 -9999
2024 08 05 01   289   194 10143   240    26 -9999     0 -9999
2024 08 05 02   283   194 10146   230    26 -9999     0 -9999
2024 08 05 03   278   200 10148   210    21     6     0 -9999
2024 08 05 04   272   200 10147     0     0     4     0 -9999
2024 08 05 05   261   200 10147   210    15     4     0 -9999
2024 08 05 06   256   206 10141   200    21     4     0 -9999
2024 08 05 07   256   206 10141     0     0 -9999     0 -9999
2024 08 05 08   250   206 10140   190    21 -9999     0 -9999
2024 08 05 09   256   211 10135   210    36     8     0 -9999
2024 08 05 10   256   211 10134   200    36 -9999     0 -9999
2024 08 05 11   256   211 10133   220    41 -9999     0 -9999
2024 08 05 12   256   211 10133   250    46     8    -1    -1
2024 08 05 13   256   217 10147   240    26 -9999    -1 -9999
2024 08 05 14   261   217 10156   260    31 -9999     0 -9999
2024 08 05 15   272   222 10152     0     0     8     0 -9999
2024 08 05 16   278   228 10154   180    26 -9999     0 -9999
2024 08 05 17   289   233 10152   240    31 -9999     0 -9999
2024 08 05 18   306   233 10149   290    26     6     0     0
2024 08 05 19   317   239 10145   340    36 -9999     0 -9999
2024 08 05 20   306   239 10142    30    72 -9999     0 -9999
2024 08 05 21   289   222 10148    50    62     6     0 -9999
2024 08 05 22   272   211 10150    40    72 -9999     0 -9999
2024 08 05 23   250   200 10154    60    51 -9999     0 -9999
2024 08 06 00   244   194 10152    40    62     6     0 -9999
2024 08 06 01   239   194 10153    60    41 -9999    -1 -9999
2024 08 06 02   239   200 10158    90    26 -9999    -1 -9999
2024 08 06 03   239   200 10149    80    26     6     0 -9999
2024 08 06 04   233   200 10144    50    46 -9999     0 -9999
2024 08 06 05   233   206 -9999    70    21 -9999     0 -9999
2024 08 06 06   233   206 10137    50    31     8     0     0
2024 08 06 07   233   211 10127    60    31 -9999     0 -9999
2024 08 06 08   239   211 10116    90    26 -9999     0 -9999
2024 08 06 09   233   211 10108   110    36     8     0 -9999
2024 08 06 10   222   211 10112   310    21 -9999    86 -9999
2024 08 06 11   233   217 10106     0     0 -9999     0 -9999
2024 08 06 12   233   222 10106   260    15     6     0    90
2024 08 06 13   211   206 10116    10    72 -9999     0 -9999
2024 08 06 14   200   183 10126    10    72 -9999     0 -9999
2024 08 06 15   194   178 10130    10    88     8     0 -9999
2024 08 06 16   194   183 10132    20    77 -9999    -1 -9999
2024 08 06 17   206   178 10134    20    82 -9999    -1 -9999
2024 08 06 18   206   172 10135    20    82     8     0    -1
2024 08 06 19   206   178 10140    20    93 -9999    -1 -9999
2024 08 06 20   211   172 10141    20    93 -9999     0 -9999
2024 08 06 21   211   172 10142    20    82     8     0 -9999
2024 08 06 22   211   178 10143    30    93 -9999     0 -9999
2024 08 06 23   217   172 10142    30    82 -9999     0 -9999
2024 08 07 00   206   178 10148    30    82     8    -1    -1
2024 08 07 01   222   167 10148    50    77 -9999    -1 -9999
2024 08 07 02   222   172 10151    50    72 -9999     0 -9999
2024 08 07 03   217   172 10153    30    67     6     0 -9999
2024 08 07 04   211   167 10153    40    62     2     0 -9999
2024 08 07 05   217   150 10158    70    51     4     0 -9999
2024 08 07 06   211   156 10155    60    51     4     0    -1
2024 08 07 07   206   150 10153    60    46     4     0 -9999
2024 08 07 08   206   156 10152    70    36     2     0 -9999
2024 08 07 09   194   150 10153    50    41     2     0 -9999
2024 08 07 10   194   156 10161    40    41     4     0 -9999
2024 08 07 11   200   150 10159    60    51     4     0 -9999
2024 08 07 12   206   144 10160    60    62     2     0 -9999
2024 08 07 13   211   144 10161    70    67     2     0 -9999
2024 08 07 14   222   150 10159    80    57     4     0 -9999
2024 08 07 15   228   144 10163    90    77     4     0 -9999
2024 08 07 16   239   122 10163    70    72     4     0 -9999
2024 08 07 17   244   117 10160    80    67     4     0 -9999
2024 08 07 18   250   106 10153    60    57     4     0 -9999
2024 08 07 19   250   117 10151    50    51     4     0 -9999
2024 08 07 20   250   128 10147    70    41 -9999     0 -9999
2024 08 07 21   250   133 10144    60    41     6     0 -9999
2024 08 07 22   244   139 10141    30    46     4     0 -9999
2024 08 07 23   239   133 10139    40    41     4     0 -9999
2024 08 08 00   233   144 10133    60    46     2     0 -9999
2024 08 08 01   222   144 10133    80    46     2     0 -9999
2024 08 08 02   217   150 10136    60    36     2     0 -9999
2024 08 08 03   217   156 10137    60    36     0     0 -9999
2024 08 08 04   194   156 10141   350    26     2     0 -9999
2024 08 08 05   189   156 10138   350    26     4     0 -9999
2024 08 08 06   183   156 10136   350    36     4     0 -9999
2024 08 08 07   183   161 10131   360    21     2     0 -9999
2024 08 08 08   183   161 10127     0     0     2     0 -9999
2024 08 08 09   183   161 10126     0     0     2     0 -9999
2024 08 08 10   178   161 10129   290    15     2     0 -9999
2024 08 08 11   178   161 10127     0     0     4     0 -9999
2024 08 08 12   183   167 10130     0     0     6     0 -9999
2024 08 08 13   200   172 10135   290    21 -9999     0 -9999
2024 08 08 14   222   183 10134 -9999    21 -9999     0 -9999
2024 08 08 15   239   161 10131 -9999    26     4     0 -9999
2024 08 08 16   250   128 10131 -9999    26     4     0 -9999
2024 08 08 17   256   117 10130 -9999    21     4     0 -9999
2024 08 08 18   272   128 10126   280    31     6     0 -9999
2024 08 08 19   267   128 10123   280    26 -9999     0 -9999
2024 08 08 20   272   150 10121   290    31 -9999     0 -9999
2024 08 08 21   272   161 10116   290    26     6     0 -9999
2024 08 08 22   272   167 10116   310    41 -9999     0 -9999
2024 08 08 23   261   172 10121   290    41 -9999     0 -9999
2024 08 09 00   261   178 10122   290    31     6     0 -9999
2024 08 09 01   256   183 10119   250    31 -9999     0 -9999
2024 08 09 02   244   183 10123   310    36 -9999     0 -9999
2024 08 09 03   239   178 10127   310    41     6     0 -9999
2024 08 09 04   239   183 10128   300    46 -9999     0 -9999
2024 08 09 05   217   156 10129   330    46     4     0 -9999
2024 08 09 06   206   117 10134   340    72     2     0 -9999
2024 08 09 07   200   111 10139   350    51 -9999     0 -9999
2024 08 09 08   189   111 10138   340    41     4     0 -9999
2024 08 09 09   178   111 10140   310    31     4     0 -9999
2024 08 09 10   167   111 10142   310    31     2     0 -9999
2024 08 09 11   156   106 10145   320    36     2     0 -9999
2024 08 09 12   161   106 10148   320    51     2     0 -9999
2024 08 09 13   172   106 10150   330    41     2     0 -9999
2024 08 09 14   189   111 10152   310    41     2     0 -9999
2024 08 09 15   194   111 10151   300    26     2     0 -9999
2024 08 09 16   211    94 10151   290    51     2     0 -9999
2024 08 09 17   217   100 10152   270    57     2     0 -9999
2024 08 09 18   217   106 10152   280    62     6     0 -9999
2024 08 09 19   217   111 10155   260    62 -9999     0 -9999
2024 08 09 20   217   117 10155   280    57 -9999     0 -9999
2024 08 09 21   217   117 10155   270    62     6     0 -9999
2024 08 09 22   211   117 10160   280    57 -9999     0 -9999
2024 08 09 23   200   111 10165   300    62 -9999     0 -9999
2024 08 10 00   194   117 10168   270    41     6     0 -9999
2024 08 10 01   194   111 10168   290    57     4     0 -9999
2024 08 10 02   183   111 10174   260    26     2     0 -9999
2024 08 10 03   172   117 10175   250    26     2     0 -9999
2024 08 10 04   167   117 10175   240    31     2     0 -9999
2024 08 10 05   161   117 10173   230    31     2     0 -9999
2024 08 10 06   161   117 10172   250    36     2     0 -9999
2024 08 10 07   156   117 10173   270    36     2     0 -9999
2024 08 10 08   150   111 10175   260    36     2     0 -9999
2024 08 10 09   144   106 10176   260    36     0     0 -9999
2024 08 10 10   139   106 10181   270    31     0     0 -9999
2024 08 10 11   133   100 10190   270    36     2     0 -9999
2024 08 10 12   139   100 10193   270    31     2     0 -9999
2024 08 10 13   156   106 10197   270    36     2     0 -9999
2024 08 10 14   172   106 10197   270    41     2     0 -9999
2024 08 10 15   194   106 10196   280    67     2     0 -9999
2024 08 10 16   211    89 10194   280    77     2     0 -9999
2024 08 10 17   217    89 10192   270    72     4     0 -9999
2024 08 10 18   217    94 10193   310    67     6     0 -9999
2024 08 10 19   228    94 10187   250    62 -9999     0 -9999
2024 08 10 20   233    94 10184   280    77 -9999     0 -9999
2024 08 10 21   233   100 10182   290    51     6     0 -9999
2024 08 10 22   233   100 10181   270    77     4     0 -9999
2024 08 10 23   233   100 10178   270    51     4     0 -9999
2024 08 11 00   222   100 10178   260    51     4     0 -9999
2024 08 11 01   217   100 10177   260    46     4     0 -9999
2024 08 11 02   206   100 10182   270    26     4     0 -9999
2024 08 11 03   194   100 10186   260    31     2     0 -9999
2024 08 11 04   183   106 10188   260    26     2     0 -9999
2024 08 11 05   172   106 10186   270    26     0     0 -9999
2024 08 11 06   167   106 10186   260    36     2     0 -9999
2024 08 11 07   161   106 10186   260    26     2     0 -9999
2024 08 11 08   156   106 10188   270    31     2     0 -9999
2024 08 11 09   156   100 10185   260    36     2     0 -9999
2024 08 11 10   150   100 10186   260    36     2     0 -9999
2024 08 11 11   150   100 10191   280    31     2     0 -9999
2024 08 11 12   150   106 10191   270    26     2     0 -9999
2024 08 11 13   172   111 10194   280    31     2     0 -9999
2024 08 11 14   200   117 10191   310    31     2     0 -9999
2024 08 11 15   217   117 10190   290    36     2     0 -9999
2024 08 11 16   233   100 10192   320    41     4     0 -9999
2024 08 11 17   239    94 10195   310    72     4     0 -9999
2024 08 11 18   239   100 10194   270    62     4     0 -9999
2024 08 11 19   250   106 10190   260    36     4     0 -9999
2024 08 11 20   256   111 10187   300    26 -9999     0 -9999
2024 08 11 21   261   111 10182   300    57 -9999     0 -9999
2024 08 11 22   256   106 10178   300    26 -9999     0 -9999
2024 08 11 23   256   106 10176   290    41 -9999     0 -9999
2024 08 12 00   250   100 10177   320    41     4     0 -9999
2024 08 12 01   228   106 10178   320    31     2     0 -9999
2024 08 12 02   222   111 10183   300    15     2     0 -9999
2024 08 12 03   211   117 10184     0     0     2     0 -9999
2024 08 12 04   200   117 10186   270    21     2     0 -9999
2024 08 12 05   189   122 10187   260    21     2     0 -9999
2024 08 12 06   183   122 10187   280    21     2     0 -9999
2024 08 12 07   178   122 10187   260    21     2     0 -9999
2024 08 12 08   172   122 10187   260    21     2     0 -9999
2024 08 12 09   167   122 10189   260    21     2     0 -9999
2024 08 12 10   167   117 10190   250    15     2     0 -9999
2024 08 12 11   161   117 10192   260    21     2     0 -9999
2024 08 12 12   167   122 10193   240    15     2     0 -9999
2024 08 12 13   189   128 10200   250    15 -9999     0 -9999
2024 08 12 14   228   128 10197   270    26 -9999     0 -9999
2024 08 12 15   228   122 10202   260    26 -9999     0 -9999
2024 08 12 16   233   122 10201   250    26 -9999     0 -9999
2024 08 12 17   239   111 10201   240    36 -9999     0 -9999
2024 08 12 18   256   128 10196   270    21 -9999     0 -9999
2024 08 12 19   261   128 10190   290    26 -9999     0 -9999
2024 08 12 20   261   117 10186 -9999    21 -9999     0 -9999
2024 08 12 21   272   106 10182 -9999    21 -9999     0 -9999
2024 08 12 22   267   106 10182   110    36 -9999     0 -9999
2024 08 12 23   267   122 10183   110    31     4     0 -9999
2024 08 13 00   256   122 10183   180    31     4     0 -9999
2024 08 13 01   239   122 10183   140    26     2     0 -9999
2024 08 13 02   239   128 10186 -9999    21     2     0 -9999
2024 08 13 03   228   128 10186   190    15     0     0 -9999
2024 08 13 04   211   133 10187     0     0     0     0 -9999
2024 08 13 05   200   139 10187   240    21     0     0 -9999
2024 08 13 06   189   139 10189   260    31     0     0 -9999
2024 08 13 07   189   144 10188   270    26     0     0 -9999
2024 08 13 08   183   144 10191   280    26     0     0 -9999
2024 08 13 09   189   150 10197   280    31     0     0 -9999
2024 08 13 10   183   144 10194   300    26     0     0 -9999
2024 08 13 11   178   144 10195     0     0     2     0 -9999
2024 08 13 12   183   150 10198   290    21     2     0 -9999
2024 08 13 13   211   156 10195   350    15     2     0 -9999
2024 08 13 14   239   144 10200 -9999    21     0     0 -9999
2024 08 13 15   261   150 10206     0     0     0     0 -9999
2024 08 13 16   267   150 10205   330    15     2     0 -9999
2024 08 13 17   283   150 10196 -9999    26     4     0 -9999
2024 08 13 18   278   133 10194    30    26     6     0 -9999
2024 08 13 19   283   139 10192   350    31 -9999     0 -9999
2024 08 13 20   278   144 10189   100    15 -9999     0 -9999
2024 08 13 21   294   150 10185   120    31     6     0 -9999
2024 08 13 22   278   144 10185    90    41 -9999     0 -9999
2024 08 13 23   278   144 10186    80    46     4     0 -9999
2024 08 14 00   267   144 10187    90    41     4     0 -9999
2024 08 14 01   256   139 10188   100    36     2     0 -9999
2024 08 14 02   250   139 10192   110    21 -9999     0 -9999
2024 08 14 03   244   139 10191   140    15     4     0 -9999
2024 08 14 04   233   144 10192     0     0     2     0 -9999
2024 08 14 05   228   150 10195     0     0     2     0 -9999
2024 08 14 06   217   150 10197     0     0     0     0 -9999
2024 08 14 07   206   150 10197     0     0     2     0 -9999
2024 08 14 08   200   150 10200     0     0     2     0 -9999
2024 08 14 09   194   150 10199     0     0     0     0 -9999
2024 08 14 10   189   150 10201     0     0     0     0 -9999
2024 08 14 11   189   150 10202     0     0     2     0 -9999
2024 08 14 12   200   160 10204     0     0     2     0 -9999
2024 08 14 13   228   172 10207   130    21     4     0 -9999
2024 08 14 14   244   167 10211   140    31 -9999     0 -9999
2024 08 14 15   261   161 10210   140    26     6     0 -9999
2024 08 14 16   267   156 10211   130    21 -9999     0 -9999
2024 08 14 17   289   144 10207 -9999    21 -9999     0 -9999
2024 08 14 18   294   139 10200   150    36     6     0 -9999
2024 08 14 19   289   139 10193   120    26 -9999     0 -9999
2024 08 14 20   283   156 10186    50    46 -9999     0 -9999
2024 08 14 21   300   156 10179   120    41     6     0 -9999
2024 08 14 22   289   172 10177   100    62 -9999     0 -9999
2024 08 14 23   283   161 10176   130    57 -9999     0 -9999
2024 08 15 00   272   156 10173   110    62     6     0 -9999
2024 08 15 01   256   167 10179   110    41 -9999     0 -9999
2024 08 15 02   250   167 10179   130    41 -9999     0 -9999
2024 08 15 03   244   172 10176   120    31     8     0 -9999
2024 08 15 04   244   178 10168   120    46 -9999     0 -9999
2024 08 15 05   244   178 10170   110    26 -9999     0 -9999
2024 08 15 06   244   183 10167   130    36     8     0 -9999
2024 08 15 07   239   189 10165   130    26 -9999    -1 -9999
2024 08 15 08   239   178 10162   130    31 -9999    -1 -9999
2024 08 15 09   239   167 10162   150    26     8     0 -9999
2024 08 15 10   228   167 10160   180    62 -9999    -1 -9999
2024 08 15 11   217   178 10154   160    51 -9999    -1 -9999
2024 08 15 12   206   178 10164   170    46     8    13    10
2024 08 15 13   200   183 10164   170    41 -9999    18 -9999
2024 08 15 14   200   189 10151   150    51 -9999     8 -9999
2024 08 15 15   211   189 10144   150    57     8    -1 -9999
2024 08 15 16   211   183 10139   150    46 -9999     3 -9999
2024 08 15 17   211   183 10138   170    72 -9999    -1 -9999
2024 08 15 18   222   189 10135   170    62     8    -1    30
2024 08 15 19   217   194 10126   170    51 -9999     3 -9999
2024 08 15 20   217   206 10120   170    26 -9999    20 -9999
2024 08 15 21   233   211 10114   160    51     8    -1 -9999
2024 08 15 22   233   206 10113   180    57 -9999     0 -9999
2024 08 15 23   233   206 10115   170    46 -9999     0 -9999
2024 08 16 00   233   206 10112   170    51     8     0    20
2024 08 16 01   233   206 10112   170    36 -9999     0 -9999
2024 08 16 02   228   211 10114   170    46 -9999     0 -9999
2024 08 16 03   228   211 10111   180    36     6     0 -9999
2024 08 16 04   228   217 10105   170    51 -9999     0 -9999
2024 08 16 05   228   217 10106   170    41 -9999     0 -9999
2024 08 16 06   228   217 10099   170    26     8     0 -9999
2024 08 16 07   228   217 10094   190    46 -9999    10 -9999
2024 08 16 08   206   178 10084   150    51 -9999     3 -9999
2024 08 16 09   200   183 10085   300    15     6    -1 -9999
2024 08 16 10   200   189 10089   190    21 -9999     0 -9999
2024 08 16 11   200   189 10092   220    21 -9999     0 -9999
2024 08 16 12   200   194 10093   240    21     8     0    10
2024 08 16 13   211   206 10095   240    31     4     0 -9999
2024 08 16 14   233   200 10094   240    46     2     0 -9999
2024 08 16 15   250   200 10097   220    41     2     0 -9999
2024 08 16 16   267   194 10092   210    36     2     0 -9999
2024 08 16 17   278   211 10087   210    41     4     0 -9999
2024 08 16 18   283   211 10088   260    62     6     0 -9999
2024 08 16 19   300   206 10086   240    46 -9999     0 -9999
2024 08 16 20   300   194 10077   250    46 -9999     0 -9999
2024 08 16 21   244   194 10076   340    31     6    30 -9999
2024 08 16 22   289   194 10069   240    67     4    -1 -9999
2024 08 16 23   294   194 10064   250    77 -9999     0 -9999
2024 08 17 00   283   183 10064   230    41     6     0    30
2024 08 17 01   239   200 10068   280    93 -9999     8 -9999
2024 08 17 02   217   200 10074   230    36 -9999     5 -9999
2024 08 17 03   211   200 10073   240    31     4     0 -9999
2024 08 17 04   211   200 10071   250    31     4     0 -9999
2024 08 17 05   217   200 10068   250    26     2     0 -9999
2024 08 17 06   217   194 10068   250    36     2     0    10
2024 08 17 07   211   194 10066   240    31     4     0 -9999
2024 08 17 08   211   194 10062   250    26     4     0 -9999
2024 08 17 09   206   194 10063   240    31     4     0 -9999
2024 08 17 10   211   194 10066   250    31 -9999     0 -9999
2024 08 17 11   206   194 10068   250    31 -9999     0 -9999
2024 08 17 12   211   194 10074   260    26     8     0 -9999
2024 08 17 13   217   200 10078   260    31 -9999     0 -9999
2024 08 17 14   217   194 10081   260    41 -9999     0 -9999
2024 08 17 15   228   200 10084   260    31     8     0 -9999
2024 08 17 16   250   200 10084   260    41 -9999     0 -9999
2024 08 17 17   250   200 10083   320    36 -9999    23 -9999
2024 08 17 18   256   194 10081   310    57     6     0    20
2024 08 17 19   278   183 10079 -9999    21 -9999     0 -9999
2024 08 17 20   272   183 10078   330    46 -9999     0 -9999
2024 08 17 21   278   178 10077   320    57     6     0 -9999
2024 08 17 22   278   178 10079   320    67 -9999     0 -9999
2024 08 17 23   250   200 10083   320    46 -9999    20 -9999
2024 08 18 00   256   183 10086   310    57     4     0    20
2024 08 18 01   233   200 -9999    40    57 -9999     0 -9999
2024 08 18 02   217   194 10097    10    26 -9999     0 -9999
2024 08 18 03   220   200 10097   150    15     2     0 -9999
2024 08 18 04   217   189 10099   320    15     2     0 -9999
2024 08 18 05   217   183 10099   280    26     4     0 -9999
2024 08 18 06   211   183 10100   310    31     2     0 -9999
2024 08 18 07   206   183 10100   310    31     4     0 -9999
2024 08 18 08   206   183 10103   320    31     4     0 -9999
2024 08 18 09   200   183 10104   330    31     6     0 -9999
2024 08 18 10   206   189 10107   320    36 -9999     0 -9999
2024 08 18 11   206   183 10109   330    41 -9999     0 -9999
2024 08 18 12   206   183 10113   330    31     2     0 -9999
2024 08 18 13   211   178 10118   330    57     2     0 -9999
2024 08 18 14   217   172 10122   330    72 -9999     0 -9999
2024 08 18 15   211   178 10132   340    57     8     0 -9999
2024 08 18 16   217   178 10138   330    57 -9999     0 -9999
2024 08 18 17   222   183 10136   340    67 -9999    -1 -9999
2024 08 18 18   217   183 10140   330    51     8     3 -9999
2024 08 18 19   233   183 10142   330    57 -9999    -1 -9999
2024 08 18 20   233   183 10144   340    72 -9999     0 -9999
2024 08 18 21   256   178 10138   350    72     6     0 -9999
2024 08 18 22   250   172 10141    20    88     2     0 -9999
2024 08 18 23   250   172 10144    30    72     4     0 -9999
2024 08 19 00   233   178 10149    20    67     6     0     3
2024 08 19 01   228   172 10155    20    67     4     0 -9999
2024 08 19 02   222   183 10160    30    67     2     0 -9999
2024 08 19 03   217   178 10162    30    62     6     0 -9999
2024 08 19 04   211   172 10163    30    57     4     0 -9999
2024 08 19 05   211   167 10161    30    46 -9999     0 -9999
2024 08 19 06   206   167 10160    30    57     6     0 -9999
2024 08 19 07   206   156 10159    20    51     4     0 -9999
2024 08 19 08   194   150 10161    30    57     4     0 -9999
2024 08 19 09   189   144 10163    10    46     2     0 -9999
2024 08 19 10   183   144 10170   310    26 -9999     0 -9999
2024 08 19 11   178   150 10176   320    31     4     0 -9999
2024 08 19 12   178   156 10184   340    36     4     0 -9999
2024 08 19 13   189   156 10188   360    51     4     0 -9999
2024 08 19 14   206   161 10193   360    46     4     0 -9999
2024 08 19 15   222   133 10199    30    82     4     0 -9999
2024 08 19 16   228   122 10201    30    88     4     0 -9999
2024 08 19 17   233   117 10201    20    93     2     0 -9999
2024 08 19 18   239   117 10203    10    77     2     0 -9999
2024 08 19 19   244   128 10201    20    67     2     0 -9999
2024 08 19 20   244   133 10200    30    62     4     0 -9999
2024 08 19 21   244   122 10200    30    88     2     0 -9999
2024 08 19 22   239   111 10199    40    88     2     0 -9999
2024 08 19 23   228   128 10200    30    57     2     0 -9999
2024 08 20 00   222   133 10202    30    72 -9999     0 -9999
2024 08 20 01   206   133 10204    30    51 -9999     0 -9999
2024 08 20 02   200   133 10208    20    57 -9999     0 -9999
2024 08 20 03   200   133 10212    30    57 -9999     0 -9999
2024 08 20 04   194   133 10213    30    62 -9999     0 -9999
2024 08 20 05   194   139 10215    30    51 -9999     0 -9999
2024 08 20 06   194   139 10215    30    57     6     0 -9999
2024 08 20 07   189   122 10213    40    51     0     0 -9999
2024 08 20 08   178   117 10219    30    46     2     0 -9999
2024 08 20 09   172   117 10222    20    36     2     0 -9999
2024 08 20 10   156   111 10225    20    26     2     0 -9999
2024 08 20 11   161   111 10230   350    26     4     0 -9999
2024 08 20 12   161   122 10234   350    31     6     0 -9999
2024 08 20 13   189   117 10239    80    31     4     0 -9999
2024 08 20 14   194   106 10241    90    36 -9999     0 -9999
2024 08 20 15   200   106 10243    80    15     6     0 -9999
2024 08 20 16   200   106 10248    30    31 -9999     0 -9999
2024 08 20 17   222   106 10248    60    41 -9999     0 -9999
2024 08 20 18   217   106 10248    40    41     6     0 -9999
2024 08 20 19   222   106 10244    20    26 -9999     0 -9999
2024 08 20 20   217   111 10241    20    57 -9999     0 -9999
2024 08 20 21   211    94 10239    60    41     6     0 -9999
2024 08 20 22   206    94 10234    60    51 -9999     0 -9999
2024 08 20 23   200   100 10232    60    57 -9999     0 -9999
2024 08 21 00   189    94 10233    60    46     6     0 -9999
2024 08 21 01   183   106 10233    50    51 -9999     0 -9999
2024 08 21 02   178   106 10238    30    31 -9999     0 -9999
2024 08 21 03   161   106 10239   360    26     6     0 -9999
2024 08 21 04   161   117 10241   330    21 -9999     0 -9999
2024 08 21 05   150   117 10241   360    31 -9999     0 -9999
2024 08 21 06   150   117 10242   320    21     4     0 -9999
2024 08 21 07   150   117 10245     0     0     4     0 -9999
2024 08 21 08   144   117 10248     0     0     4     0 -9999
2024 08 21 09   133   106 10247   350    31     4     0 -9999
2024 08 21 10   139   111 10249   340    21     4     0 -9999
2024 08 21 11   139   111 10254     0     0     4     0 -9999
2024 08 21 12   139   111 10259     0     0     4     0 -9999
2024 08 21 13   172   122 10260   320    15     4     0 -9999
2024 08 21 14   194   128 10260     0     0     4     0 -9999
2024 08 21 15   200   122 10263 -9999    21     6     0 -9999
2024 08 21 16   217   122 10263   340    15 -9999     0 -9999
2024 08 21 17   228   128 10258    30    26 -9999     0 -9999
2024 08 21 18   233   111 10252    40    31     6     0 -9999
2024 08 21 19   233   111 10251    50    41     4     0 -9999
2024 08 21 20   239   111 10246    40    57     4     0 -9999
2024 08 21 21   233   106 10244    60    41     2     0 -9999
2024 08 21 22   233    89 10239    40    51     4     0 -9999
2024 08 21 23   228    83 10237    70    41     4     0 -9999
2024 08 22 00   210    90 10237    50    41     6     0 -9999
2024 08 22 01   200    89 10236    80    31 -9999     0 -9999
2024 08 22 02   189   100 10238    80    21     2     0 -9999
2024 08 22 03   183   100 10239   100    21     0     0 -9999
2024 08 22 04   172   106 10241     0     0     0     0 -9999
2024 08 22 05   156   106 10242     0     0     0     0 -9999
2024 08 22 06   156   106 10239     0     0     0     0 -9999
2024 08 22 07   144   106 10240     0     0     0     0 -9999
2024 08 22 08   133   106 10242   270    15     0     0 -9999
2024 08 22 09   133   106 10250     0     0     0     0 -9999
2024 08 22 10   133   106 10255   250    15     2     0 -9999
2024 08 22 11   128   100 10253     0     0     2     0 -9999
2024 08 22 12   133   106 10254     0     0     6     0 -9999
2024 08 22 13   161   122 10259     0     0 -9999     0 -9999
2024 08 22 14   189   106 10258   180    15     4     0 -9999
2024 08 22 15   200   106 10261   220    21     2     0 -9999
2024 08 22 16   217    78 10256   180    26     2     0 -9999
2024 08 22 17   233    67 10252   200    21     2     0 -9999
2024 08 22 18   239    78 10244   210    31     4     0 -9999
2024 08 22 19   256    83 10236   210    21     4     0 -9999
2024 08 22 20   256    89 10229   130    26     4     0 -9999
2024 08 22 21   256    94 10227   230    15     6     0 -9999
2024 08 22 22   256   100 10228   250    26 -9999     0 -9999
2024 08 22 23   244   106 10224   260    26 -9999     0 -9999
2024 08 23 00   244   111 10222   230    26     6     0 -9999
2024 08 23 01   228   117 10223   190    26 -9999     0 -9999
2024 08 23 02   217   122 10225   230    21     4     0 -9999
2024 08 23 03   206   128 10228   270    21     4     0 -9999
2024 08 23 04   194   128 10228     0     0     4     0 -9999
2024 08 23 05   183   128 10233   260    15     4     0 -9999
2024 08 23 06   172   128 10234     0     0     2     0 -9999
2024 08 23 07   167   128 10230     0     0     2     0 -9999
2024 08 23 08   161   122 10232     0     0     2     0 -9999
2024 08 23 09   156   122 10237     0     0     2     0 -9999
2024 08 23 10   150   117 10239     0     0     2     0 -9999
2024 08 23 11   150   117 10240     0     0     2     0 -9999
2024 08 23 12   161   117 10239     0     0     2     0 -9999
2024 08 23 13   178   128 10241   180    15     4     0 -9999
2024 08 23 14   211   128 10244   210    26     4     0 -9999
2024 08 23 15   228   122 10240   210    36     6     0 -9999
2024 08 23 16   244   117 10238   200    41 -9999     0 -9999
2024 08 23 17   256   122 10239   180    41 -9999     0 -9999
2024 08 23 18   256   111 10231   210    41     4     0 -9999
2024 08 23 19   267   117 10226   180    31     2     0 -9999
2024 08 23 20   278   122 10219   160    36     2     0 -9999
2024 08 23 21   278   111 10216   210    41     4     0 -9999
2024 08 23 22   278   117 10209   180    36     4     0 -9999
2024 08 23 23   267   117 10209   180    46     4     0 -9999
2024 08 24 00   256   122 10209   180    41     6     0 -9999
2024 08 24 01   244   128 10213   180    21 -9999     0 -9999
2024 08 24 02   233   128 10214   180    26     4     0 -9999
2024 08 24 03   228   133 10213   190    26     6     0 -9999
2024 08 24 04   217   139 10213   180    31     4     0 -9999
2024 08 24 05   211   139 10214     0     0     4     0 -9999
2024 08 24 06   200   139 10214     0     0     2     0 -9999
2024 08 24 07   189   144 10213     0     0     2     0 -9999
2024 08 24 08   189   139 10213     0     0     2     0 -9999
2024 08 24 09   189   144 10213     0     0     2     0 -9999
2024 08 24 10   183   144 10213     0     0     2     0 -9999
2024 08 24 11   183   144 10214     0     0     2     0 -9999
2024 08 24 12   183   144 10218     0     0     2     0 -9999
2024 08 24 13   217   156 10220   150    26     4     0 -9999
2024 08 24 14   239   161 10219   170    15     4     0 -9999
2024 08 24 15   267   172 10217   150    15     4     0 -9999
2024 08 24 16   283   183 10210   150    36     4     0 -9999
2024 08 24 17   289   194 10208 -9999    31     2     0 -9999
2024 08 24 18   306   200 10201     0     0     2     0 -9999
2024 08 24 19   317   200 10198   220    31     4     0 -9999
2024 08 24 20   311   194 10193   200    21 -9999     0 -9999
2024 08 24 21   322   194 10183   200    46     6     0 -9999
2024 08 24 22   322   194 10178   180    41 -9999     0 -9999
2024 08 24 23   317   189 10181   230    46 -9999     0 -9999
2024 08 25 00   283   206 10184    70    46     6     0 -9999
2024 08 25 01   267   206 10186    60    31 -9999     0 -9999
2024 08 25 02   261   206 10191    30    21     4     0 -9999
2024 08 25 03   250   206 10194     0     0     6     0 -9999
2024 08 25 04   250   206 10194     0     0     4     0 -9999
2024 08 25 05   244   211 10194     0     0     4     0 -9999
2024 08 25 06   250   211 10193   190    26     4     0 -9999
2024 08 25 07   250   206 10191   190    21     4     0 -9999
2024 08 25 08   250   200 10194   190    26     2     0 -9999
2024 08 25 09   244   200 10195   190    21     0     0 -9999
2024 08 25 10   233   194 10198   180    21     0     0 -9999
2024 08 25 11   233   194 10201   200    26     0     0 -9999
2024 08 25 12   239   194 10209   200    31     2     0 -9999
2024 08 25 13   250   194 10210   210    36     2     0 -9999
2024 08 25 14   272   200 10210   220    36     2     0 -9999
2024 08 25 15   289   194 10212   220    57     2     0 -9999
2024 08 25 16   306   194 10211   230    46     2     0 -9999
2024 08 25 17   317   183 10207   220    77     2     0 -9999
2024 08 25 18   322   178 10202   210    62     2     0 -9999
2024 08 25 19   322   178 10197   220    62     2     0 -9999
2024 08 25 20   333   183 10191   190    46     2     0 -9999
2024 08 25 21   333   183 10189   210    51     0     0 -9999
2024 08 25 22   328   189 10186   170    67     2     0 -9999
2024 08 25 23   322   189 10185   180    57     2     0 -9999
2024 08 26 00   311   189 10188   190    41     2     0 -9999
2024 08 26 01   300   183 10189   180    41     2     0 -9999
2024 08 26 02   289   183 10190   180    41     2     0 -9999
2024 08 26 03   283   189 10194   180    41     2     0 -9999
2024 08 26 04   283   183 10196   190    41     4     0 -9999
2024 08 26 05   283   183 10198   210    36 -9999     0 -9999
2024 08 26 06   278   183 10198   200    36     6     0 -9999
2024 08 26 07   278   178 10192   210    41 -9999     0 -9999
2024 08 26 08   278   178 10188   210    57 -9999     0 -9999
2024 08 26 09   272   172 10183   210    46     4     0 -9999
2024 08 26 10   267   172 10185   210    41 -9999     0 -9999
2024 08 26 11   267   172 10185   220    41     4     0 -9999
2024 08 26 12   261   178 10186   190    36     2     0 -9999
2024 08 26 13   267   183 10190   190    26 -9999     0 -9999
2024 08 26 14   272   189 10188   200    41 -9999     0 -9999
2024 08 26 15   283   189 10186   200    51     6     0 -9999
2024 08 26 16   306   200 10181   210    51     2     0 -9999
2024 08 26 17   317   206 10175   210    46     2     0 -9999
2024 08 26 18   333   217 10172   240    57     2     0 -9999
2024 08 26 19   339   217 10162   220    62     0     0 -9999
2024 08 26 20   350   222 10160   210    62     0     0 -9999
2024 08 26 21   356   228 10158   220    57     0     0 -9999
2024 08 26 22   350   228 10156   230    57     0     0 -9999
2024 08 26 23   350   222 10153   200    51     0     0 -9999
2024 08 27 00   339   228 10155   220    67     0     0 -9999
2024 08 27 01   322   233 10156   220    46     0     0 -9999
2024 08 27 02   311   233 10159   210    36     0     0 -9999
2024 08 27 03   306   239 10158   200    41     0     0 -9999
2024 08 27 04   294   233 10159   200    36     0     0 -9999
2024 08 27 05   289   228 10157   210    36     0     0 -9999
2024 08 27 06   283   222 10157   220    41     0     0 -9999
2024 08 27 07   278   222 10154   210    51     0     0 -9999
2024 08 27 08   278   217 10144   220    51     2     0 -9999
2024 08 27 09   272   211 10151   280    26     2     0 -9999
2024 08 27 10   267   211 10147   200    26     0     0 -9999
2024 08 27 11   261   211 10150   170    26     2     0 -9999
2024 08 27 12   261   211 10151   210    26     2     0 -9999
2024 08 27 13   267   217 10148   220    46     2     0 -9999
2024 08 27 14   283   228 10150   240    36     4     0 -9999
2024 08 27 15   306   239 10150   260    46     4     0 -9999
2024 08 27 16   317   244 10147   210    36     4     0 -9999
2024 08 27 17   328   250 10145   220    26 -9999     0 -9999
2024 08 27 18   339   256 10142   260    36     6     0 -9999
2024 08 27 19   356   250 10149   350    41 -9999     0 -9999
2024 08 27 20   372   250 10141   340    15 -9999     0 -9999
2024 08 27 21   367   244 10132 -9999    15     6     0 -9999
2024 08 27 22   367   233 10130 -9999    15     4     0 -9999
2024 08 27 23   361   228 10129   260    31 -9999     0 -9999
2024 08 28 00   278   178 10154    20    98     8     0 -9999
2024 08 28 01   239   206 -9999    90    93 -9999    78 -9999
2024 08 28 02   233   206 10147   170    57 -9999     5 -9999
2024 08 28 03   244   217 10135     0     0     8    -1 -9999
2024 08 28 04   244   228 10163   240    41 -9999     3 -9999
2024 08 28 05   239   228 10167   170    36 -9999    10 -9999
2024 08 28 06   239   228 10178   250    57     6    13   160
2024 08 28 07   233   217 10189   240    82 -9999    20 -9999
2024 08 28 08   222   217 10182   280    31 -9999    25 -9999
2024 08 28 09   222   206 10159     0     0     6    -1 -9999
2024 08 28 10   222   211 10166   240    21 -9999     0 -9999
2024 08 28 11   222   211 10172   240    31 -9999    -1 -9999
2024 08 28 12   222   211 10174   220    26     6     0    50
2024 08 28 13   228   211 10171   230    26 -9999     0 -9999
2024 08 28 14   239   206 10177   240    62 -9999     0 -9999
2024 08 28 15   244   200 10183   260    46     6     0 -9999
2024 08 28 16   261   206 10185   250    51 -9999     0 -9999
2024 08 28 17   272   206 10187   250    46 -9999     0 -9999
2024 08 28 18   283   206 10182   260    41     6     0 -9999
2024 08 28 19   283   211 10181   320    31 -9999     0 -9999
2024 08 28 20   283   206 10180   270    21 -9999     0 -9999
2024 08 28 21   289   206 10178   200    21     6     0 -9999
2024 08 28 22   267   217 10179   110    36 -9999     0 -9999
2024 08 28 23   267   211 10179    80    41 -9999     0 -9999
2024 08 29 00   250   211 10183    70    46     6     0 -9999
2024 08 29 01   239   206 10187    80    51 -9999     0 -9999
2024 08 29 02   233   206 10195    80    46 -9999     0 -9999
2024 08 29 03   233   206 10200    70    36     8     0 -9999
2024 08 29 04   233   206 10200    60    41 -9999     0 -9999
2024 08 29 05   228   200 10198    60    41 -9999     0 -9999
2024 08 29 06   228   200 10199    50    41     8     0 -9999
2024 08 29 07   228   200 10201    50    41 -9999     0 -9999
2024 08 29 08   222   200 10204    60    46 -9999     0 -9999
2024 08 29 09   222   194 10205    40    36     8     0 -9999
2024 08 29 10   222   194 10205    60    31 -9999     0 -9999
2024 08 29 11   217   194 10210    90    26 -9999     0 -9999
2024 08 29 12   217   194 10214    60    36     8     0 -9999
2024 08 29 13   222   194 10215   100    46 -9999     0 -9999
2024 08 29 14   222   194 10216    70    31 -9999     0 -9999
2024 08 29 15   228   200 10217   100    36     8     0 -9999
2024 08 29 16   244   206 10216    70    26 -9999     0 -9999
2024 08 29 17   267   206 -9999 -9999    21 -9999     0 -9999
2024 08 29 18   278   206 10205   100    26     6     0 -9999
2024 08 29 19   294   211 10198   110    41 -9999     0 -9999
2024 08 29 20   300   206 10192   110    26 -9999     0 -9999
2024 08 29 21   300   211 10186   110    36     4     0 -9999
2024 08 29 22   289   217 10180    80    46 -9999     0 -9999
2024 08 29 23   272   211 10178    80    57     4     0 -9999
2024 08 30 00   261   211 10174    90    46     2     0 -9999
2024 08 30 01   250   211 10170   110    41     2     0 -9999
2024 08 30 02   250   211 10176    90    21     0     0 -9999
2024 08 30 03   244   217 10177   100    21     2     0 -9999
2024 08 30 04   244   217 10177   110    21     2     0 -9999
2024 08 30 05   244   217 10174     0     0     2     0 -9999
2024 08 30 06   244   222 10165   150    31     4     0 -9999
2024 08 30 07   256   222 10160   180    31 -9999     0 -9999
2024 08 30 08   250   217 10152   170    46 -9999     0 -9999
2024 08 30 09   250   217 10148   190    36     6     0 -9999
2024 08 30 10   239   194 10161   320    98 -9999     0 -9999
2024 08 30 11   217   206 10163     0     0 -9999    46 -9999
2024 08 30 12   217   200 10173   310    31     8    -1    50
2024 08 30 13   222   211 10167     0     0 -9999    25 -9999
2024 08 30 14   228   217 10164   190    15 -9999     0 -9999
2024 08 30 15   256   211 10157   190    21     8     0 -9999
2024 08 30 16   278   217 10150   150    41 -9999     0 -9999
2024 08 30 17   283   222 10158   240    36 -9999     0 -9999
2024 08 30 18   278   222 10159   270    51     6     0    30
2024 08 30 19   272   217 10160   310    57 -9999     0 -9999
2024 08 30 20   261   211 10162   300    36 -9999     0 -9999
2024 08 30 21   261   211 10157   290    41     8     0 -9999
2024 08 30 22   261   206 10153   280    41 -9999     0 -9999
2024 08 30 23   261   206 10155   270    31 -9999     0 -9999
2024 08 31 00   256   206 10154   290    26     6     0 -9999
2024 08 31 01   250   206 10160   290    26 -9999     0 -9999
2024 08 31 02   250   200 10168   300    36 -9999     0 -9999
2024 08 31 03   239   178 10172   310    26     8     0 -9999
2024 08 31 04   228   161 10173   300    31 -9999     0 -9999
2024 08 31 05   217   167 10173   300    21     4     0 -9999
2024 08 31 06   211   161 10177   310    21     4     0 -9999
2024 08 31 07   200   156 10174   320    31     2     0 -9999
2024 08 31 08   189   150 10173   320    21     2     0 -9999
2024 08 31 09   183   144 10174     0     0     2     0 -9999
2024 08 31 10   172   144 10174   260    15 -9999     0 -9999
2024 08 31 11   172   144 10177     0     0     2     0 -9999
2024 08 31 12   167   144 10183   260    15     2     0 -9999
2024 08 31 13   194   144 10187   290    21     2     0 -9999
2024 08 31 14   217   144 10182   300    21     2     0 -9999
2024 08 31 15   244   150 10181   270    21     2     0 -9999
2024 08 31 16   261   139 10181 -9999    21     2     0 -9999
2024 08 31 17   267   144 10176   280    31     2     0 -9999
2024 08 31 18   267   139 10173 -9999    21     2     0 -9999
2024 08 31 19   272   139 10167   210    21     2     0 -9999
2024 08 31 20   283   144 10161   270    26     2     0 -9999
2024 08 31 21   283   144 10152   230    41     2     0 -9999
2024 08 31 22   283   139 10145   260    51     2     0 -9999
2024 08 31 23   272   144 10142   270    46     2     0 -9999
2024 09 01 00   261   150 10140   260    46     2     0 -9999
2024 09 01 01   250   156 10144   260    26     0     0 -9999
2024 09 01 02   239   161 10146   220    26     0     0 -9999
2024 09 01 03   228   161 10147   230    36     0     0 -9999
2024 09 01 04   222   156 10147   230    31     0     0 -9999
2024 09 01 05   217   156 10143   250    36     0     0 -9999
2024 09 01 06   211   156 10140   230    31     0     0 -9999
2024 09 01 07   206   156 10137   240    31     0     0 -9999
2024 09 01 08   200   156 10132   250    31     0     0 -9999
2024 09 01 09   194   156 10130   250    36     0     0 -9999
2024 09 01 10   189   156 10132   250    31     0     0 -9999
2024 09 01 11   189   156 10135   280    31     0     0 -9999
2024 09 01 12   189   156 10142   300    21     0     0 -9999
2024 09 01 13   211   161 10150   350    46     2     0 -9999
2024 09 01 14   222   156 10157    10    77     2     0 -9999
2024 09 01 15   239   150 10165    10    72     2     0 -9999
2024 09 01 16   239   150 10174    40    72     2     0 -9999
2024 09 01 17   239   144 10179    40    72     2     0 -9999
2024 09 01 18   244   128 10184    40    72     2     0 -9999
2024 09 01 19   244   122 10187    30    51     2     0 -9999
2024 09 01 20   233   133 10190    40    67     2     0 -9999
2024 09 01 21   233   128 10192    20    77     2     0 -9999
2024 09 01 22   228   128 10195    40    57     2     0 -9999
2024 09 01 23   217   128 10200    40    72     2     0 -9999
2024 09 02 00   206   122 10204    40    77     2     0 -9999
2024 09 02 01   200   117 10209    30    62     2     0 -9999
2024 09 02 02   194   122 10215    20    36     2     0 -9999
2024 09 02 03   178   122 10219   350    31     2     0 -9999
2024 09 02 04   167   122 10222   360    36     2     0 -9999
2024 09 02 05   167   128 10223   360    36     2     0 -9999
2024 09 02 06   167   122 10226   340    21     2     0 -9999
2024 09 02 07   150   122 10229   360    26     2     0 -9999
2024 09 02 08   150   122 10232   350    26     4     0 -9999
2024 09 02 09   150   122 10237   350    26     4     0 -9999
2024 09 02 10   156   122 10238   330    21     2     0 -9999
2024 09 02 11   150   122 10244   350    21     2     0 -9999
2024 09 02 12   156   122 10254   340    15     6     0 -9999
2024 09 02 13   183   122 10261   150    15     4     0 -9999
2024 09 02 14   189   128 10265   240    15     2     0 -9999
2024 09 02 15   206   111 10268   220    15     2     0 -9999
2024 09 02 16   211   106 10271   110    26 -9999     0 -9999
2024 09 02 17   228   100 10269    60    41 -9999     0 -9999
2024 09 02 18   217    89 10265    80    46     4     0 -9999
2024 09 02 19   239    94 10262    80    36     2     0 -9999
2024 09 02 20   239    89 10256    90    26     2     0 -9999
2024 09 02 21   233    89 10253    80    26     2     0 -9999
2024 09 02 22   233    94 10251    80    31     2     0 -9999
2024 09 02 23   222   100 10252    90    46     2     0 -9999
2024 09 03 00   211   100 10251    90    46     4     0 -9999
2024 09 03 01   194   100 10252   100    36     2     0 -9999
2024 09 03 02   189   100 10256   100    26     0     0 -9999
2024 09 03 03   189   106 10259     0     0     0     0 -9999
2024 09 03 04   172   106 10264     0     0     0     0 -9999
2024 09 03 05   172   111 10260     0     0     2     0 -9999
2024 09 03 06   167   111 10259     0     0     2     0 -9999
2024 09 03 07   156   111 10258     0     0     4     0 -9999
2024 09 03 08   156   111 10256     0     0 -9999     0 -9999
2024 09 03 09   156   111 10257   180    15     6     0 -9999
2024 09 03 10   150   111 10259     0     0 -9999     0 -9999
2024 09 03 11   150   106 10266   160    15     4     0 -9999
2024 09 03 12   150    94 10272   170    31     6     0 -9999
2024 09 03 13   161    94 10276   180    31     4     0 -9999
2024 09 03 14   183    89 10278   170    46     4     0 -9999
2024 09 03 15   200    89 10279   150    36     4     0 -9999
2024 09 03 16   211    94 10277   140    36     2     0 -9999
2024 09 03 17   228    89 10272   170    46     2     0 -9999
2024 09 03 18   239    89 10264   120    15     2     0 -9999
2024 09 03 19   250    78 10260   350    21     2     0 -9999
2024 09 03 20   250    78 10253   140    21     2     0 -9999
2024 09 03 21   250    94 10246    90    46     2     0 -9999
2024 09 03 22   244   100 10243    70    46     2     0 -9999
2024 09 03 23   239   100 10241   100    46     2     0 -9999
2024 09 04 00   228    94 10240    90    41     2     0 -9999
2024 09 04 01   211   100 10240   100    31     2     0 -9999
2024 09 04 02   200   100 10246   120    21     2     0 -9999
2024 09 04 03   194   106 10250   140    31     2     0 -9999
2024 09 04 04   183   117 10249   140    26     0     0 -9999
2024 09 04 05   183   117 10246     0     0     0     0 -9999
2024 09 04 06   178   122 10247     0     0     0     0 -9999
2024 09 04 07   167   122 10245     0     0     0     0 -9999
2024 09 04 08   156   117 10246     0     0     0     0 -9999
2024 09 04 09   150   122 10250     0     0     0     0 -9999
2024 09 04 10   156   111 10253   150    21     0     0 -9999
2024 09 04 11   156   100 10253   140    21     0     0 -9999
2024 09 04 12   156   100 10255   150    26     2     0 -9999
2024 09 04 13   167   111 10258   160    31     0     0 -9999
2024 09 04 14   194   106 10256   140    21     0     0 -9999
2024 09 04 15   222    94 10255   190    26     0     0 -9999
2024 09 04 16   239    83 10253   180    15     0     0 -9999
2024 09 04 17   261    67 10251   150    41     0     0 -9999
2024 09 04 18   272    72 10243   110    41     2     0 -9999
2024 09 04 19   278    72 10237   160    51     2     0 -9999
2024 09 04 20   283    72 10229   170    36     2     0 -9999
2024 09 04 21   283    78 10223   180    41     2     0 -9999
2024 09 04 22   283    89 10223   170    41     2     0 -9999
2024 09 04 23   272    89 10219   190    46     2     0 -9999
2024 09 05 00   267    94 10219   190    36     2     0 -9999
2024 09 05 01   239   128 10220   150    15     2     0 -9999
2024 09 05 02   217   139 10224   130    26     0     0 -9999
2024 09 05 03   222   144 10227   140    15     0     0 -9999
2024 09 05 04   211   150 10226     0     0     0     0 -9999
2024 09 05 05   206   161 10223   150    15     2     0 -9999
2024 09 05 06   211   161 10222   170    15     4     0 -9999
2024 09 05 07   206   156 10216     0     0     2     0 -9999
2024 09 05 08   200   161 10213   160    15     4     0 -9999
2024 09 05 09   194   150 10209     0     0     2     0 -9999
2024 09 05 10   189   144 10208     0     0     2     0 -9999
2024 09 05 11   183   144 10208     0     0     2     0 -9999
2024 09 05 12   183   139 10207     0     0     2     0 -9999
2024 09 05 13   206   150 10207   210    26     2     0 -9999
2024 09 05 14   228   161 10201   220    31     2     0 -9999
2024 09 05 15   256   172 10197   230    31     2     0 -9999
2024 09 05 16   272   183 10195   250    41     2     0 -9999
2024 09 05 17   289   167 10194   270    67     4     0 -9999
2024 09 05 18   289   167 10187   220    62     4     0 -9999
2024 09 05 19   294   150 10181   240    51     4     0 -9999
2024 09 05 20   300   133 10176   210    31 -9999     0 -9999
2024 09 05 21   300   122 10171   240    36     6     0 -9999
2024 09 05 22   300   150 10170   260    46 -9999     0 -9999
2024 09 05 23   283   150 10169   250    46 -9999     0 -9999
2024 09 06 00   278   156 10168   240    31     6     0 -9999
2024 09 06 01   233   194 10173   220    21 -9999    10 -9999
2024 09 06 02   239   189 10175   320    26 -9999     0 -9999
2024 09 06 03   233   178 10176   330    41     8     0 -9999
2024 09 06 04   222   178 10176   320    46     4     0 -9999
2024 09 06 05   217   178 10175   320    21     4     0 -9999
2024 09 06 06   211   178 10176   280    15     4     0    10
2024 09 06 07   206   172 10173   330    41     4     0 -9999
2024 09 06 08   189   167 10177   350    51     2     0 -9999
2024 09 06 09   183   161 10178   350    41     2     0 -9999
2024 09 06 10   172   161 10178   350    36     2     0 -9999
2024 09 06 11   167   156 10182   350    41     4     0 -9999
2024 09 06 12   167   150 10189   350    41     4     0 -9999
2024 09 06 13   172   150 10191   350    41     4     0 -9999
2024 09 06 14   183   139 10192    10    72     4     0 -9999
2024 09 06 15   183   122 10198    10    67     6     0 -9999
2024 09 06 16   200   117 10199   330    46 -9999     0 -9999
2024 09 06 17   211   111 10201    10    46 -9999     0 -9999
2024 09 06 18   194   106 10202    30    57     6     0 -9999
2024 09 06 19   194   100 10203    40    67 -9999     0 -9999
2024 09 06 20   194   100 10201    30    57 -9999     0 -9999
2024 09 06 21   194   100 10199    30    51     6     0 -9999
2024 09 06 22   200   100 10199    30    62 -9999     0 -9999
2024 09 06 23   194    89 10198    30    67 -9999     0 -9999
2024 09 07 00   183    94 10200    20    67     6     0 -9999
2024 09 07 01   167    89 10203   350    46     4     0 -9999
2024 09 07 02   156    83 10209   350    57     2     0 -9999
2024 09 07 03   144    83 10211   350    46     2     0 -9999
2024 09 07 04   139    83 10212   350    51     0     0 -9999
2024 09 07 05   133    78 10211   350    41     2     0 -9999
2024 09 07 06   128    72 10215   350    51     2     0 -9999
2024 09 07 07   122    72 10215   330    46     2     0 -9999
2024 09 07 08   117    61 10216   330    62     2     0 -9999
2024 09 07 09   111    50 10219   340    51     2     0 -9999
2024 09 07 10   100    44 10221   320    46     2     0 -9999
2024 09 07 11    94    44 10223   310    51     2     0 -9999
2024 09 07 12    94    50 10229   320    57     2     0 -9999
2024 09 07 13   106    56 10230   350    72     2     0 -9999
2024 09 07 14   122    50 10233   350    77     2     0 -9999
2024 09 07 15   144    44 10234   330    67     2     0 -9999
2024 09 07 16   156    44 10236   330    72     2     0 -9999
2024 09 07 17   161    44 10237   340    57     2     0 -9999
2024 09 07 18   172    39 10237   340    51     2     0 -9999
2024 09 07 19   178    39 10233   330    31     2     0 -9999
2024 09 07 20   183    39 10227   340    26     2     0 -9999
2024 09 07 21   183    39 10223    10    41     2     0 -9999
2024 09 07 22   183    61 10219    30    51     2     0 -9999
2024 09 07 23   172    67 10217    20    41     2     0 -9999
2024 09 08 00   161    67 10216    20    26     2     0 -9999
2024 09 08 01   150    67 10218    30    21     2     0 -9999
2024 09 08 02   139    67 10220    10    21     0     0 -9999
2024 09 08 03   139    72 10219     0     0     2     0 -9999
2024 09 08 04   122    72 10220     0     0     2     0 -9999
2024 09 08 05   111    72 10220     0     0     2     0 -9999
2024 09 08 06   111    72 10216     0     0     2     0 -9999
2024 09 08 07   111    61 10217   250    21     2     0 -9999
2024 09 08 08   106    56 10216   250    21 -9999     0 -9999
2024 09 08 09   100    56 10214   260    21     4     0 -9999
2024 09 08 10   100    56 10215   250    26     2     0 -9999
2024 09 08 11    94    50 10220   250    31     2     0 -9999
2024 09 08 12    94    50 10224   250    31     2     0 -9999
2024 09 08 13   111    50 10227   260    31     4     0 -9999
2024 09 08 14   139    56 10227   260    31 -9999     0 -9999
2024 09 08 15   161    56 10229   260    41     6     0 -9999
2024 09 08 16   178    61 10226   260    51 -9999     0 -9999
2024 09 08 17   189    67 10223   260    46 -9999     0 -9999
2024 09 08 18   200    78 10218   270    41     6     0 -9999
2024 09 08 19   211    78 10210   270    57 -9999     0 -9999
2024 09 08 20   217    83 10202   220    57 -9999     0 -9999
2024 09 08 21   217    83 10196   250    46     6     0 -9999
2024 09 08 22   222    89 10193   240    46     4     0 -9999
2024 09 08 23   217    89 10191   240    46     4     0 -9999
2024 09 09 00   206    89 10190   250    31     4     0 -9999
2024 09 09 01   194    94 10190   240    31     4     0 -9999
2024 09 09 02   189    94 10192   220    31 -9999     0 -9999
2024 09 09 03   178    94 10194   210    31     4     0 -9999
2024 09 09 04   167    94 10195   210    31 -9999     0 -9999
2024 09 09 05   167    94 10198   220    31     4     0 -9999
2024 09 09 06   161    94 10199   220    31     4     0 -9999
2024 09 09 07   156    89 10200   230    31     4     0 -9999
2024 09 09 08   150    83 10199   230    41     4     0 -9999
2024 09 09 09   144    83 10199   240    46     4     0 -9999
2024 09 09 10   144    78 10200   240    41     4     0 -9999
2024 09 09 11   139    72 10202   240    46     4     0 -9999
2024 09 09 12   139    72 10203   240    46     2     0 -9999
2024 09 09 13   156    67 10205   250    51     2     0 -9999
2024 09 09 14   183    78 10205   260    51     2     0 -9999
2024 09 09 15   200    89 10204   260    62     0     0 -9999
2024 09 09 16   228   100 10204   260    51     0     0 -9999
2024 09 09 17   244   111 10200   270    57     0     0 -9999
2024 09 09 18   250   117 10196   250    57     0     0 -9999
2024 09 09 19   261   122 10193   270    51     2     0 -9999
2024 09 09 20   267   122 10189   260    36     2     0 -9999
2024 09 09 21   267   122 10185   250    36     4     0 -9999
2024 09 09 22   267   122 10184   300    46     2     0 -9999
2024 09 09 23   256   122 10186   270    46     4     0 -9999
2024 09 10 00   240   120 10188   260    26     6     0 -9999
2024 09 10 01   228   117 10187   260    21 -9999     0 -9999
2024 09 10 02   217   122 10192   240    15 -9999     0 -9999
2024 09 10 03   206   122 10194   230    15     6     0 -9999
2024 09 10 04   194   122 10196   230    21 -9999     0 -9999
2024 09 10 05   183   117 10197   250    15     4     0 -9999
2024 09 10 06   172   117 10195   230    21     4     0 -9999
2024 09 10 07   167   111 10194   220    15     4     0 -9999
2024 09 10 08   161   111 10195   220    15     4     0 -9999
2024 09 10 09   156   111 10195   220    15     2     0 -9999
2024 09 10 10   150   106 10195     0     0     2     0 -9999
2024 09 10 11   144   106 10200   230    15     2     0 -9999
2024 09 10 12   144   106 10202   220    21     4     0 -9999
2024 09 10 13   161   106 10205   230    15     2     0 -9999
2024 09 10 14   194   100 10203   210    31     4     0 -9999
2024 09 10 15   217   106 10205   250    26     4     0 -9999
2024 09 10 16   239    94 10203   230    21     4     0 -9999
2024 09 10 17   256    83 10197   220    36     4     0 -9999
2024 09 10 18   261    83 10191   220    57     4     0 -9999
2024 09 10 19   267    72 10188   230    41     4     0 -9999
2024 09 10 20   272    67 10183   230    51     4     0 -9999
2024 09 10 21   270    70 10177   240    41     6     0 -9999
2024 09 10 22   278    67 10177 -9999    31 -9999     0 -9999
2024 09 10 23   272    50 10175   210    36     4     0 -9999
2024 09 11 00   260    60 10174   220    26     4     0 -9999
2024 09 11 01   233    67 10172   180    21     2     0 -9999
2024 09 11 02   228    78 10174   200    31     4     0 -9999
2024 09 11 03   217    89 10177   190    26     6     0 -9999
2024 09 11 04   211    94 10177   200    31     4     0 -9999
2024 09 11 05   200    94 10176   190    15     4     0 -9999
2024 09 11 06   183   100 10176   180    15     2     0 -9999
2024 09 11 07   178   106 10173   180    21     4     0 -9999
2024 09 11 08   172   106 10171   170    15 -9999     0 -9999
2024 09 11 09   161   106 10175     0     0     6     0 -9999
2024 09 11 10   156   106 10178     0     0 -9999     0 -9999
2024 09 11 11   156   106 10182   200    15     4     0 -9999
2024 09 11 12   150   106 10187     0     0     6     0 -9999
2024 09 11 13   178   117 10191     0     0 -9999     0 -9999
2024 09 11 14   194   122 10191   190    21     4     0 -9999
2024 09 11 15   233   117 10192     0     0     2     0 -9999
2024 09 11 16   267   106 10189   190    31     2     0 -9999
2024 09 11 17   278   100 10186   240    26     2     0 -9999
2024 09 11 18   283   100 10181 -9999    26     2     0 -9999
2024 09 11 19   294    94 10174     0     0     2     0 -9999
2024 09 11 20   300    94 10167 -9999    26     0     0 -9999
2024 09 11 21   300    94 10162   160    31     0     0 -9999
2024 09 11 22   300    89 10160   190    26     0     0 -9999
2024 09 11 23   289   100 10161   180    31     0     0 -9999
2024 09 12 00   278   100 10160   180    31     0     0 -9999
2024 09 12 01   256   106 10166   180    21     0     0 -9999
2024 09 12 02   244   117 10169   160    21     0     0 -9999
2024 09 12 03   228   122 10169   150    26     0     0 -9999
2024 09 12 04   217   139 10170   150    15     0     0 -9999
2024 09 12 05   206   139 10171     0     0     2     0 -9999
2024 09 12 06   194   133 10171     0     0     2     0 -9999
2024 09 12 07   189   133 10172     0     0     2     0 -9999
2024 09 12 08   183   133 10170     0     0     0     0 -9999
2024 09 12 09   178   133 10171     0     0     0     0 -9999
2024 09 12 10   178   133 10173     0     0     0     0 -9999
2024 09 12 11   178   133 10178     0     0     0     0 -9999
2024 09 12 12   183   133 10181     0     0     2     0 -9999
2024 09 12 13   206   156 10185     0     0     0     0 -9999
2024 09 12 14   239   161 10186    20    21     0     0 -9999
2024 09 12 15   256   161 10186    80    31     2     0 -9999
2024 09 12 16   278   161 10186    80    26     2     0 -9999
2024 09 12 17   294   144 10186    90    41     2     0 -9999
2024 09 12 18   306   128 10178   110    57     2     0 -9999
2024 09 12 19   306   111 10176    80    62     4     0 -9999
2024 09 12 20   306   117 10169    90    67     4     0 -9999
2024 09 12 21   300   106 10164    80    57     6     0 -9999
2024 09 12 22   289   122 10165    60    46 -9999     0 -9999
2024 09 12 23   267   150 10165    60    57 -9999     0 -9999
2024 09 13 00   256   156 10165    50    46     6     0 -9999
2024 09 13 01   244   167 10167    50    46 -9999     0 -9999
2024 09 13 02   233   167 10169    50    36 -9999     0 -9999
2024 09 13 03   228   172 10170    50    36     8     0 -9999
2024 09 13 04   228   172 10171    50    36 -9999     0 -9999
2024 09 13 05   233   161 10173    90    31 -9999     0 -9999
2024 09 13 06   233   150 10172    90    46     6     0 -9999
2024 09 13 07   217   150 10172   110    31 -9999     0 -9999
2024 09 13 08   217   144 10172   110    31 -9999     0 -9999
2024 09 13 09   211   150 10173    90    21     6     0 -9999
2024 09 13 10   206   150 10173   100    15 -9999     0 -9999
2024 09 13 11   194   150 10176   110    15 -9999     0 -9999
2024 09 13 12   200   156 10181    70    21 -9999     0 -9999
2024 09 13 13   211   167 -9999   110    26 -9999     0 -9999
2024 09 13 14   233   161 10186    90    36 -9999     0 -9999
2024 09 13 15   250   150 10186    80    46 -9999     0 -9999
2024 09 13 16   267   156 10186   100    41 -9999     0 -9999
2024 09 13 17   289   133 10182   110    51 -9999     0 -9999
2024 09 13 18   289   128 10181   100    72 -9999     0 -9999
2024 09 13 19   289   139 10174    90    72 -9999     0 -9999
2024 09 13 20   289   144 10171   100    57     4     0 -9999
2024 09 13 21   289   150 10167    70    51     6     0 -9999
2024 09 13 22   278   150 10169    60    57 -9999     0 -9999
2024 09 13 23   278   150 10172    70    51 -9999     0 -9999
2024 09 14 00   261   161 10173    60    46     6     0 -9999
2024 09 14 01   244   172 10177    70    31 -9999     0 -9999
2024 09 14 02   233   178 10180    90    21 -9999     0 -9999
2024 09 14 03   239   172 10182    80    21     6     0 -9999
2024 09 14 04   228   167 10182   110    15 -9999     0 -9999
2024 09 14 05   228   144 10180   100    36 -9999     0 -9999
2024 09 14 06   228   150 10179   110    36     6     0 -9999
2024 09 14 07   217   156 10181   120    26 -9999     0 -9999
2024 09 14 08   211   150 10181   110    21     4     0 -9999
2024 09 14 09   206   150 10182     0     0     4     0 -9999
2024 09 14 10   206   150 10186    80    15     2     0 -9999
2024 09 14 11   200   150 10189     0     0     4     0 -9999
2024 09 14 12   206   156 10196   100    15     6     0 -9999
2024 09 14 13   222   161 10199     0     0 -9999     0 -9999
2024 09 14 14   233   161 10200   120    21 -9999     0 -9999
2024 09 14 15   261   172 10200    90    15     6     0 -9999
2024 09 14 16   283   172 10195    60    15 -9999     0 -9999
2024 09 14 17   300   167 10191    50    31 -9999     0 -9999
2024 09 14 18   300   172 10187 -9999    15     6     0 -9999
2024 09 14 19   306   172 10184    60    46 -9999     0 -9999
2024 09 14 20   300   178 10182    80    46 -9999     0 -9999
2024 09 14 21   300   178 10181    80    41     6     0 -9999
2024 09 14 22   300   178 10181    80    46 -9999     0 -9999
2024 09 14 23   294   178 10184    70    46 -9999     0 -9999
2024 09 15 00   272   178 10183    90    41     6     0 -9999
2024 09 15 01   256   183 10187    40    31 -9999     0 -9999
2024 09 15 02   244   183 10189    60    26 -9999     0 -9999
2024 09 15 03   239   189 10189    70    36     4     0 -9999
2024 09 15 04   228   183 10190     0     0     2     0 -9999
2024 09 15 05   222   183 10190    40    15     2     0 -9999
2024 09 15 06   228   178 10192   110    15     2     0 -9999
2024 09 15 07   217   167 10192     0     0     4     0 -9999
2024 09 15 08   206   167 10191   100    21     4     0 -9999
2024 09 15 09   200   167 10194   100    21     4     0 -9999
2024 09 15 10   206   167 10197   110    21     4     0 -9999
2024 09 15 11   200   161 10201   110    21 -9999     0 -9999
2024 09 15 12   194   156 10207   130    21     6     0 -9999
2024 09 15 13   211   167 10208   140    26 -9999     0 -9999
2024 09 15 14   244   156 10211   150    41 -9999     0 -9999
2024 09 15 15   261   161 10211     0     0     6     0 -9999
2024 09 15 16   278   156 10211   160    15 -9999     0 -9999
2024 09 15 17   294   156 10207 -9999    15 -9999     0 -9999
2024 09 15 18 -9999   144 10202    30    57     1     0 -9999
2024 09 15 19   322   133 10196 -9999    26 -9999     0 -9999
2024 09 15 20   317   122 10193   100    46 -9999     0 -9999
2024 09 15 21   306   150 10188   110    46     6     0 -9999
2024 09 15 22   300   156 10188    80    51 -9999     0 -9999
2024 09 15 23   289   156 10191   100    51 -9999     0 -9999
2024 09 16 00   272   161 10192    90    36     6     0 -9999
2024 09 16 01   250   172 10194    80    36 -9999     0 -9999
2024 09 16 02   244   178 10199   100    21 -9999     0 -9999
2024 09 16 03   239   178 10201    50    21     6     0 -9999
2024 09 16 04   228   183 10201    90    15 -9999     0 -9999
2024 09 16 05   217   178 10201     0     0 -9999     0 -9999
2024 09 16 06   206   178 10198    10    15     6     0 -9999
2024 09 16 07   211   178 10199     0     0 -9999     0 -9999
2024 09 16 08   206   150 10198   140    15 -9999     0 -9999
2024 09 16 09   200   133 10199   130    15     6     0 -9999
2024 09 16 10   194   117 10203   130    21 -9999     0 -9999
2024 09 16 11   183   111 10208   140    21 -9999     0 -9999
2024 09 16 12   189   111 10213   130    21     6     0 -9999
2024 09 16 13   200   117 10213   150    26 -9999     0 -9999
2024 09 16 14   228   117 10214   160    36     4     0 -9999
2024 09 16 15   256   133 10213   150    21     4     0 -9999
2024 09 16 16   283   144 10213 -9999    21     4     0 -9999
2024 09 16 17   300   144 10209   150    31     4     0 -9999
2024 09 16 18   322   106 10205   120    41     6     0 -9999
2024 09 16 19   317   106 10200   160    31 -9999     0 -9999
2024 09 16 20   317    83 10195   110    67 -9999     0 -9999
2024 09 16 21   306    78 10191    90    72     6     0 -9999
2024 09 16 22   300    72 10188    90    51 -9999     0 -9999
2024 09 16 23   283    83 10190   100    41 -9999     0 -9999
2024 09 17 00   272    78 10190    80    46     6     0 -9999
2024 09 17 01   250   106 10190    90    26 -9999     0 -9999
2024 09 17 02   233   122 10191   100    31 -9999     0 -9999
2024 09 17 03   228   128 10193 -9999    15     4     0 -9999
2024 09 17 04   211   128 10192 -9999    15     2     0 -9999
2024 09 17 05   206   128 10189     0     0     2     0 -9999
2024 09 17 06   189   128 10188     0     0     0     0 -9999
2024 09 17 07   189   128 10188     0     0     0     0 -9999
2024 09 17 08   189   133 10189   150    21     0     0 -9999
2024 09 17 09   189   133 10190     0     0     0     0 -9999
2024 09 17 10   172   128 10193     0     0     2     0 -9999
2024 09 17 11   172   128 10194     0     0     2     0 -9999
2024 09 17 12   172   122 10199     0     0     2     0 -9999
2024 09 17 13   200   139 10196     0     0     2     0 -9999
2024 09 17 14   222   139 10196   320    15     2     0 -9999
2024 09 17 15   261   133 10196     0     0     2     0 -9999
2024 09 17 16   278   111 10195   100    21     2     0 -9999
2024 09 17 17   289   100 10188    80    46     2     0 -9999
2024 09 17 18   289   106 10182    70    62     0     0 -9999
2024 09 17 19   289    94 10176    80    41     0     0 -9999
2024 09 17 20   294   100 10173    70    46     0     0 -9999
2024 09 17 21   283    94 10166    70    36     0     0 -9999
2024 09 17 22   278    83 10165    50    51     0     0 -9999
2024 09 17 23   267    89 10165    50    41     0     0 -9999
2024 09 18 00   239   122 10165    40    36     2     0 -9999
2024 09 18 01   222   150 10165    30    36     0     0 -9999
2024 09 18 02   211   167 10165    30    36     0     0 -9999
2024 09 18 03   206   178 10163    50    21     0     0 -9999
2024 09 18 04   194   167 10161    40    15     0     0 -9999
2024 09 18 05   189   167 10158     0     0     0     0 -9999
2024 09 18 06   183   161 10156     0     0     0     0 -9999
2024 09 18 07   178   156 10153     0     0     0     0 -9999
2024 09 18 08   167   150 10151     0     0     0     0 -9999
2024 09 18 09   167   150 10153     0     0     0     0 -9999
2024 09 18 10   161   144 10155     0     0     0     0 -9999
2024 09 18 11   161   144 10156     0     0     0     0 -9999
2024 09 18 12   167   144 10159     0     0     2     0 -9999
2024 09 18 13   183   156 10162     0     0     2     0 -9999
2024 09 18 14   217   144 10163     0     0     2     0 -9999
2024 09 18 15   244   128 10162 -9999    15     2     0 -9999
2024 09 18 16   278    94 10158   200    36     2     0 -9999
2024 09 18 17   289    94 10155   160    26     4     0 -9999
2024 09 18 18   294    94 10153 -9999    26     4     0 -9999
2024 09 18 19   294    94 10150 -9999    21     4     0 -9999
2024 09 18 20   306    89 10140 -9999    21 -9999     0 -9999
2024 09 18 21   294   128 10134    70    62     6     0 -9999
2024 09 18 22   289   117 10131    60    41 -9999     0 -9999
2024 09 18 23   272   111 10132    90    46 -9999     0 -9999
2024 09 19 00   256   117 10132   100    36     6     0 -9999
2024 09 19 01   239   122 10133    90    31     0     0 -9999
2024 09 19 02   233   133 10135   100    31 -9999     0 -9999
2024 09 19 03   222   139 10136   110    15     6     0 -9999
2024 09 19 04   217   139 10137     0     0 -9999     0 -9999
2024 09 19 05   206   139 10138     0     0 -9999     0 -9999
2024 09 19 06   200   144 10136     0     0     6     0 -9999
2024 09 19 07   189   139 10137     0     0 -9999     0 -9999
2024 09 19 08   183   139 10136     0     0     4     0 -9999
2024 09 19 09   172   139 10138   220    15     2     0 -9999
2024 09 19 10   172   133 10138     0     0     2     0 -9999
2024 09 19 11   172   133 10140     0     0     2     0 -9999
2024 09 19 12   178   133 10142     0     0     2     0 -9999
2024 09 19 13   200   128 10143   220    15     2     0 -9999
2024 09 19 14   233   133 10142   190    26     2     0 -9999
2024 09 19 15   261   122 10142   190    31     2     0 -9999
2024 09 19 16   283   128 10138   190    31     2     0 -9999
2024 09 19 17   300   117 10135   190    31 -9999     0 -9999
2024 09 19 18   306   122 10129   210    26     4     0 -9999
2024 09 19 19   311   122 10122   200    31     4     0 -9999
2024 09 19 20   311   122 10115 -9999    26 -9999     0 -9999
2024 09 19 21   317   122 10112   220    31     6     0 -9999
2024 09 19 22   311   122 10106   230    41 -9999     0 -9999
2024 09 19 23   306   122 10103   180    31 -9999     0 -9999
2024 09 20 00   283   128 10099   130    51     6     0 -9999
2024 09 20 01   267   133 10095   130    51     4     0 -9999
2024 09 20 02   250   139 10094   130    31     4     0 -9999
2024 09 20 03   239   144 10096   140    26     4     0 -9999
2024 09 20 04   244   144 10094   160    31 -9999     0 -9999
2024 09 20 05   239   133 10099   180    26 -9999     0 -9999
2024 09 20 06   239   128 10096   180    31     6     0 -9999
2024 09 20 07   233   128 10096   170    36 -9999     0 -9999
2024 09 20 08   228   128 10091   160    41 -9999     0 -9999
2024 09 20 09   228   133 10091   170    31     6     0 -9999
2024 09 20 10   228   139 10103   320    15 -9999     0 -9999
2024 09 20 11   211   167 10088   120    41 -9999     5 -9999
2024 09 20 12   211   167 10081   160    46     4     0     5
2024 09 20 13   228   167 10084   180    57 -9999     0 -9999
2024 09 20 14   228   172 10085   190    51 -9999     0 -9999
2024 09 20 15   250   178 10088   220    46     6     0 -9999
2024 09 20 16   267   189 10089   250    57     2     0 -9999
2024 09 20 17   283   189 10089   210    51     2     0 -9999
2024 09 20 18   294   194 10087   300    46     4     0 -9999
2024 09 20 19   311   178 10083   290    41     4     0 -9999
2024 09 20 20   317   128 10082   300    41     2     0 -9999
2024 09 20 21   322   117 10082   320    46     2     0 -9999
2024 09 20 22   317   111 10086   310    62     2     0 -9999
2024 09 20 23   306   117 10088   320    41     2     0 -9999
2024 09 21 00   289   106 10089   310    21     2     0 -9999
2024 09 21 01   272   111 10093   260    15     0     0 -9999
2024 09 21 02   250   122 10100     0     0     0     0 -9999
2024 09 21 03   233   122 10106 -9999    15     2     0 -9999
2024 09 21 04   222   128 10109   260    15     2     0 -9999
2024 09 21 05   211   128 10112   270    15     0     0 -9999
2024 09 21 06   206   133 10114   270    21     2     0 -9999
2024 09 21 07   200   133 10116   280    26     2     0 -9999
2024 09 21 08   194   133 10115     0     0     2     0 -9999
2024 09 21 09   183   133 10111     0     0     2     0 -9999
2024 09 21 10   178   133 10117   270    15     0     0 -9999
2024 09 21 11   172   128 10125   250    15     2     0 -9999
2024 09 21 12   178   128 10129     0     0     2     0 -9999
2024 09 21 13   194   144 10128     0     0     2     0 -9999
2024 09 21 14   244   133 10123     0     0     2     0 -9999
2024 09 21 15   278   117 10122   100    36     2     0 -9999
2024 09 21 16   294   111 10124   150    36     2     0 -9999
2024 09 21 17   311   111 10127 -9999    26     2     0 -9999
2024 09 21 18   311   111 10122   180    21     2     0 -9999
2024 09 21 19   322   117 10120   210    31     2     0 -9999
2024 09 21 20   333   100 10118   160    41     4     0 -9999
2024 09 21 21   328   100 10116   170    41     4     0 -9999
2024 09 21 22   333   100 10114   180    36     4     0 -9999
2024 09 21 23   322   100 10112   180    31 -9999     0 -9999
2024 09 22 00   289   139 10115    90    46     6     0 -9999
2024 09 22 01   267   133 10116   160    26 -9999     0 -9999
2024 09 22 02   256   133 10111   150    31 -9999     0 -9999
2024 09 22 03   256   139 10111   190    21     6     0 -9999
2024 09 22 04   256   139 10107   210    31 -9999     0 -9999
2024 09 22 05   256   139 10112   200    26 -9999     0 -9999
2024 09 22 06   256   122 10112   200    31     8     0 -9999
2024 09 22 07   239   128 10109   360    21 -9999     0 -9999
2024 09 22 08   244   139 10102    90    15 -9999     0 -9999
2024 09 22 09   233   139 10098   170    21     8     0 -9999
2024 09 22 10   228   133 10101   190    21 -9999     0 -9999
2024 09 22 11   228   139 10100   220    31 -9999     0 -9999
2024 09 22 12   228   156 10100   230    41     8     0 -9999
2024 09 22 13   222   172 10106   220    41 -9999    -1 -9999
2024 09 22 14   211   194 10109   220    31 -9999     3 -9999
2024 09 22 15   211   200 10111   260    41     8    48 -9999
2024 09 22 16   200   194 10113   340    36 -9999    38 -9999
2024 09 22 17   206   194 10109    20    26 -9999     5 -9999
2024 09 22 18   211   194 10103   100    26     8     8   100
2024 09 22 19   200   194 10105     0     0 -9999    81 -9999
2024 09 22 20   211   200 -9999   170    15 -9999    -1 -9999
2024 09 22 21   211   194 10098   270    31     8     0 -9999
2024 09 22 22   217   194 10100   310    21 -9999     0 -9999
2024 09 22 23   217   189 10105   330    46 -9999     0 -9999
2024 09 23 00   200   183 10111   340    67     8     0   100
2024 09 23 01   189   172 10121   350    67 -9999     0 -9999
2024 09 23 02   189   167 10129   360    67 -9999     0 -9999
2024 09 23 03   178   167 10132   350    72     8    -1 -9999
2024 09 23 04   178   161 10138   340    57 -9999    -1 -9999
2024 09 23 05   178   156 10138   350    46 -9999    -1 -9999
2024 09 23 06   183   150 10141    10    62     8     0    -1
2024 09 23 07   178   150 10145    20    51 -9999     0 -9999
2024 09 23 08   183   128 10143    30    72 -9999     0 -9999
2024 09 23 09   178   117 10147    30    67     6     0 -9999
2024 09 23 10   172   117 10146    30    57     4     0 -9999
2024 09 23 11   167   111 10152    40    57     2     0 -9999
2024 09 23 12   161   106 10152    30    36     4     0 -9999
2024 09 23 13   156   122 10155   340    31 -9999     0 -9999
2024 09 23 14   178   122 10156   360    46 -9999     0 -9999
2024 09 23 15   189   111 10159    80    51     6     0 -9999
2024 09 23 16   183   111 10159    50    51 -9999     0 -9999
2024 09 23 17   189   106 10159    30    41 -9999     0 -9999
2024 09 23 18   189   111 10156    20    51     6     0 -9999
2024 09 23 19   189   106 10152    50    31 -9999     0 -9999
2024 09 23 20   189   111 10148    40    31 -9999     0 -9999
2024 09 23 21   183   111 10142    60    36     8     0 -9999
2024 09 23 22   183   111 10136    40    62 -9999     0 -9999
2024 09 23 23   183   122 10133    40    46 -9999     0 -9999
2024 09 24 00   183   128 10125    60    51     6     0 -9999
2024 09 24 01   178   128 10125    70    36 -9999     0 -9999
2024 09 24 02   178   133 10126   100    26 -9999     0 -9999
2024 09 24 03   183   139 10122   100    21     8    -1 -9999
2024 09 24 04   172   144 10121   110    15 -9999    -1 -9999
2024 09 24 05   167   156 10112    30    21 -9999     5 -9999
2024 09 24 06   167   161 10107    10    15     8    -1     5
2024 09 24 07   167   161 10100    10    26 -9999     3 -9999
2024 09 24 08   172   167 10096     0     0 -9999    -1 -9999
2024 09 24 09   178   172 10089     0     0     8    -1 -9999
2024 09 24 10   178   172 10085     0     0 -9999    -1 -9999
2024 09 24 11   178   172 10085     0     0 -9999     3 -9999
2024 09 24 12   178   172 10086   280    15     8    -1     5
2024 09 24 13   178   172 10081   330    21 -9999    -1 -9999
2024 09 24 14   183   172 10077   350    15 -9999     0 -9999
2024 09 24 15   183   172 10072    10    31     8    -1 -9999
2024 09 24 16   183   172 10072   350    31 -9999     8 -9999
2024 09 24 17   183   178 10069   320    36 -9999    13 -9999
2024 09 24 18   189   178 10064   360    36     8    18    40
2024 09 24 19   189   183 10067   290    31 -9999    36 -9999
2024 09 24 20   194   183 10060   320    36 -9999    13 -9999
2024 09 24 21   194   178 10060   340    36     8    -1 -9999
2024 09 24 22   189   172 10069   320    57 -9999    -1 -9999
2024 09 24 23   178   167 10076   320    46 -9999    18 -9999
2024 09 25 00   172   161 10081   330    36     8    -1    70
2024 09 25 01   172   161 10086   330    41 -9999     0 -9999
2024 09 25 02   172   156 10090   310    36 -9999     0 -9999
2024 09 25 03   167   156 10092   310    31     6     0 -9999
2024 09 25 04   167   156 10096   300    31 -9999     0 -9999
2024 09 25 05   167   150 10094   310    36 -9999     0 -9999
2024 09 25 06   167   144 10096   300    26     6     0 -9999
2024 09 25 07   161   139 10097   290    26 -9999     0 -9999
2024 09 25 08   156   133 10100   310    26 -9999     0 -9999
2024 09 25 09   150   133 10106   260    21     4     0 -9999
2024 09 25 10   144   128 10108     0     0     4     0 -9999
2024 09 25 11   139   122 10120   270    31     4     0 -9999
2024 09 25 12   139   117 10125   300    31     2     0 -9999
2024 09 25 13   150   128 10128     0     0     2     0 -9999
2024 09 25 14   178   128 10131   300    31     2     0 -9999
2024 09 25 15   200   122 10134   310    26     2     0 -9999
2024 09 25 16   211   111 10135   350    21     4     0 -9999
2024 09 25 17   228   106 10134   350    31     2     0 -9999
2024 09 25 18   233   106 10132   350    21     4     0 -9999
2024 09 25 19   239   106 10130   320    31     4     0 -9999
2024 09 25 20   239   106 10128 -9999    26     2     0 -9999
2024 09 25 21   244   106 10131 -9999    26     4     0 -9999
2024 09 25 22   244   106 10133    10    41     4     0 -9999
2024 09 25 23   222   111 10138   100    51     2     0 -9999
2024 09 26 00   206   111 10140   100    31     2     0 -9999
2024 09 26 01   194   117 10143   110    31     2     0 -9999
2024 09 26 02   183   122 10149   110    15     0     0 -9999
2024 09 26 03   183   128 10153     0     0     0     0 -9999
2024 09 26 04   172   128 10154     0     0     0     0 -9999
2024 09 26 05   161   128 10153     0     0     0     0 -9999
2024 09 26 06   150   128 10151     0     0     0     0 -9999
2024 09 26 07   150   128 10150     0     0     0     0 -9999
2024 09 26 08   139   122 10151     0     0     0     0 -9999
2024 09 26 09   139   122 10152   300    21     0     0 -9999
2024 09 26 10   144   117 10158     0     0     0     0 -9999
2024 09 26 11   156   111 10164     0     0     2     0 -9999
2024 09 26 12   144   111 10168     0     0     2     0 -9999
2024 09 26 13   172   122 10173     0     0     2     0 -9999
2024 09 26 14   189   128 10176   360    31     2     0 -9999
2024 09 26 15   217   128 10178    80    26     2     0 -9999
2024 09 26 16   233   133 10178    50    36     2     0 -9999
2024 09 26 17   239   144 10176    70    46     2     0 -9999
2024 09 26 18   244   133 10173    50    51     2     0 -9999
2024 09 26 19   244   117 10164    80    51     2     0 -9999
2024 09 26 20   244   111 10163    80    57     2 -9999 -9999
2024 09 26 21   239   106 10158    70    62     2 -9999 -9999
2024 09 26 22   233   106 10158    70    46     2     0 -9999
2024 09 26 23   222   122 10156    50    51     2     0 -9999
2024 09 27 00   211   128 10155    50    46     4     0 -9999
2024 09 27 01   200   139 10153    20    41     2     0 -9999
2024 09 27 02   200   144 10156    70    26     2     0 -9999
2024 09 27 03   206   150 10153    60    46     6     0 -9999
2024 09 27 04   200   156 10153    60    46 -9999     0 -9999
2024 09 27 05   200   139 10149    60    41 -9999     0 -9999
2024 09 27 06   200   139 10140    50    51     8     0 -9999
2024 09 27 07   194   139 10136    50    41 -9999     0 -9999
2024 09 27 08   189   139 10132    50    41 -9999     0 -9999
2024 09 27 09   183   144 10130    30    36     8     0 -9999
2024 09 27 10   183   150 10125    20    46 -9999     0 -9999
2024 09 27 11   194   150 10128    40    62 -9999     0 -9999
2024 09 27 12   194   150 10129    50    62     8     0 -9999
2024 09 27 13   194   139 10127    50    72 -9999     0 -9999
2024 09 27 14   200   144 10123    50    77 -9999     0 -9999
2024 09 27 15   206   139 10114    60    98     8     0 -9999
2024 09 27 16   211   144 10114    50    88 -9999     0 -9999
2024 09 27 17   217   139 10106    40    98 -9999     0 -9999
2024 09 27 18   217   133 10093    40   103     8     0 -9999
2024 09 27 19   217   133 10086    40    93 -9999     0 -9999
2024 09 27 20   222   139 10082    30   139 -9999     0 -9999
2024 09 27 21   217   133 10081    30   129     6     0 -9999
2024 09 27 22   217   128 10082    30   129 -9999     0 -9999
2024 09 27 23   211   133 10082    20   103 -9999     0 -9999
2024 09 28 00   211   139 10083    20   108     8     0 -9999
2024 09 28 01   217   144 10083    20   134 -9999     0 -9999
2024 09 28 02   217   139 10085    30   129 -9999     0 -9999
2024 09 28 03   217   128 10083    40   113     8     0 -9999
2024 09 28 04   217   128 10084    50    98 -9999     0 -9999
2024 09 28 05   211   133 10082    40   103 -9999     0 -9999
2024 09 28 06   206   139 10081    40   108     8     0 -9999
2024 09 28 07   206   139 10077    40    93 -9999     0 -9999
2024 09 28 08   206   144 10074    50    82 -9999     0 -9999
2024 09 28 09   189   161 10075    50    62     8    -1 -9999
2024 09 28 10   194   161 10081    50    77 -9999    -1 -9999
2024 09 28 11   200   161 10079    20    82 -9999    -1 -9999
2024 09 28 12   200   156 10086    40    72     8     0    -1
2024 09 28 13   200   161 10092    40    72 -9999     0 -9999
2024 09 28 14   200   161 10096    40    77 -9999     0 -9999
2024 09 28 15   194   161 10101    30    82     8    -1 -9999
2024 09 28 16   194   167 10105    30    77 -9999    -1 -9999
2024 09 28 17   194   172 10109    20    88 -9999    -1 -9999
2024 09 28 18   194   167 10110    20    82     8    -1    -1
2024 09 28 19   206   167 10108    20    88 -9999     0 -9999
2024 09 28 20   206   167 10108    20    93 -9999     0 -9999
2024 09 28 21   211   167 10110    30   103     8    -1 -9999
2024 09 28 22   217   161 10110    10    98 -9999     0 -9999
2024 09 28 23   217   156 10113    10    88 -9999     0 -9999
2024 09 29 00   217   150 10118    10    88 -9999     0    -1
2024 09 29 01   217   144 10120    10    72 -9999     0 -9999
2024 09 29 02   217   156 10123    20    67 -9999     0 -9999
2024 09 29 03   211   161 10127    20    88     8     0 -9999
2024 09 29 04   211   172 10131    20    62 -9999     0 -9999
2024 09 29 05   211   178 10132    10    57 -9999     0 -9999
2024 09 29 06   211   178 10130    30    41     8     0 -9999
2024 09 29 07   211   178 10131    30    36 -9999     0 -9999
2024 09 29 08   206   183 10128   360    36 -9999     0 -9999
2024 09 29 09   211   172 10131    30    41     8     0 -9999
2024 09 29 10   206   172 10135    20    72 -9999     0 -9999
2024 09 29 11   206   156 10139    30    72 -9999     0 -9999
2024 09 29 12   200   156 10143    30    67     8     0 -9999
2024 09 29 13   200   161 10148    20    67 -9999     0 -9999
2024 09 29 14   206   167 10152    20    72 -9999     0 -9999
2024 09 29 15   200   172 10157    20    77     8     0 -9999
2024 09 29 16   200   178 10162    40    62 -9999    -1 -9999
2024 09 29 17   206   183 10160    20    67 -9999     3 -9999
2024 09 29 18   211   183 10159    40    77     8    -1     3
2024 09 29 19   217   172 10157    50    72 -9999     0 -9999
2024 09 29 20   228   167 10151    20    82 -9999     0 -9999
2024 09 29 21   228   167 10151    30    67     6     0 -9999
2024 09 29 22   222   161 10152    30    72 -9999     0 -9999
2024 09 29 23   222   156 10153    30    67 -9999     0 -9999
2024 09 30 00   211   161 10155    20    46     6     0 -9999
2024 09 30 01   206   172 10158    20    62 -9999     0 -9999
2024 09 30 02   200   178 10156    10    57     4     0 -9999
2024 09 30 03   200   178 10158    20    36     6     0 -9999
2024 09 30 04   200   178 10157    10    36 -9999     0 -9999
2024 09 30 05   206   178 10153    30    36 -9999     0 -9999
2024 09 30 06   211   156 10150    60    36     6     0 -9999
2024 09 30 07   217   144 10149    60    31 -9999     0 -9999
2024 09 30 08   206   144 10148    70    15     4     0 -9999
2024 09 30 09   189   144 10146    20    21     2     0 -9999
2024 09 30 10   183   144 10149   350    21     2     0 -9999
2024 09 30 11   183   156 10150    20    26     2     0 -9999
2024 09 30 12   178   156 10158    20    31     2     0 -9999
2024 09 30 13   194   167 10160    30    31     2     0 -9999
2024 09 30 14   211   167 10161    70    31     2     0 -9999
2024 09 30 15   222   172 10160    80    26     2     0 -9999
2024 09 30 16   239   172 10159    60    31 -9999     0 -9999
2024 09 30 17   239   172 10154 -9999    21 -9999     0 -9999
2024 09 30 18   250   172 10148   100    15     6     0 -9999
2024 09 30 19   256   172 10140    80    46     4     0 -9999
2024 09 30 20   250   172 10137    80    41     4     0 -9999
2024 09 30 21   250   172 10138    70    36     4     0 -9999
2024 09 30 22   244   167 10136    90    31     2     0 -9999
2024 09 30 23   239   172 10135    90    41     2     0 -9999
2024 10 01 00   222   172 10138   100    41     2     0 -9999
2024 10 01 01   211   172 10138   110    31     2     0 -9999
2024 10 01 02   206   172 10144   140    21     2     0 -9999
2024 10 01 03   200   172 10143   140    21     2     0 -9999
2024 10 01 04   194   172 10145     0     0     2     0 -9999
2024 10 01 05   194   178 10145   190    15     2     0 -9999
2024 10 01 06   189   172 10143   180    26     2     0 -9999
2024 10 01 07   189   172 10141   190    21     2     0 -9999
2024 10 01 08   189   167 10136   210    21     2     0 -9999
2024 10 01 09   183   167 10133   200    26     2     0 -9999
2024 10 01 10   189   172 10134   230    36     2     0 -9999
2024 10 01 11   189   167 10139   270    41     4     0 -9999
2024 10 01 12   178   144 10151   340    62     4     0 -9999
2024 10 01 13   178    89 10163   340    88 -9999     0 -9999
2024 10 01 14   172    72 10173   340    77 -9999     0 -9999
2024 10 01 15   161    61 10181   340    77     4     0 -9999
2024 10 01 16   183    61 10187   350    62     2     0 -9999
2024 10 01 17   194    50 10188   330    57     2     0 -9999
2024 10 01 18   200    44 10189   330    77     2     0 -9999
2024 10 01 19   206    39 10188   360    77     2     0 -9999
2024 10 01 20   206    39 10188   350    62     2     0 -9999
2024 10 01 21   206    28 10186   310    62     6     0 -9999
2024 10 01 22   200    22 10185   330    51 -9999     0 -9999
2024 10 01 23   178    11 10189   320    57 -9999     0 -9999
2024 10 02 00   167     6 10195   320    46     6     0 -9999
2024 10 02 01   156     6 10195   330    41 -9999     0 -9999
2024 10 02 02   144    17 10197   320    31 -9999     0 -9999
2024 10 02 03   144    22 10198   310    26     6     0 -9999
2024 10 02 04   139    28 10203   320    31 -9999     0 -9999
2024 10 02 05   133    33 10201   310    26 -9999     0 -9999
2024 10 02 06   128    33 10201   310    21     8     0 -9999
2024 10 02 07   122    33 10197   310    26 -9999     0 -9999
2024 10 02 08   117    33 10193   290    15 -9999     0 -9999
2024 10 02 09   106    39 10191   280    21     6     0 -9999
2024 10 02 10   100    39 10193     0     0 -9999     0 -9999
2024 10 02 11    94    39 10195     0     0     2     0 -9999
2024 10 02 12    94    39 10194     0     0     2     0 -9999
2024 10 02 13   100    44 10194   230    15     2     0 -9999
2024 10 02 14   139    44 10194     0     0     2     0 -9999
2024 10 02 15   167    28 10193   270    26     2     0 -9999
2024 10 02 16   178    11 10189   250    36     2     0 -9999
2024 10 02 17   183    11 10183   250    51     2     0 -9999
2024 10 02 18   194    22 10172   230    36     2     0 -9999
2024 10 02 19   200    22 10159   220    41     2     0 -9999
2024 10 02 20   211    22 10150   210    67     0     0 -9999
2024 10 02 21   211    17 10144   220    46     2     0 -9999
2024 10 02 22   222    17 10138   220    51     2     0 -9999
2024 10 02 23   211    11 10134   210    31     4     0 -9999
2024 10 03 00   194    17 10132   180    21     4     0 -9999
2024 10 03 01   178    28 10136   180    26     2     0 -9999
2024 10 03 02   172    33 10135   220    15     4     0 -9999
2024 10 03 03   161    28 10137   210    26     2     0 -9999
2024 10 03 04   150    28 10140   200    31     2     0 -9999
2024 10 03 05   150    22 10144   220    21     2     0 -9999
2024 10 03 06   139    33 10144   220    36     2     0 -9999
2024 10 03 07   139    33 10150   220    36     0     0 -9999
2024 10 03 08   139    33 10149   220    36     0     0 -9999
2024 10 03 09   133    39 10149   230    31     0     0 -9999
2024 10 03 10   128    39 10152     0     0     2     0 -9999
2024 10 03 11   122    44 10155   220    15     2     0 -9999
2024 10 03 12   122    50 10162   220    26     2     0 -9999
2024 10 03 13   128    56 10167   230    21     2     0 -9999
2024 10 03 14   161    61 10171   220    36     2     0 -9999
2024 10 03 15   189    72 10173   230    31     2     0 -9999
2024 10 03 16   211    78 10170   230    26     2     0 -9999
2024 10 03 17   233    72 10171     0     0     2     0 -9999
2024 10 03 18   239    72 10170 -9999    21     2     0 -9999
2024 10 03 19   256    72 10167   170    26     0     0 -9999
2024 10 03 20   261    67 10165    60    36     0     0 -9999
2024 10 03 21   233   100 10168    50    62     0     0 -9999
2024 10 03 22   217   106 10174    40    51     0     0 -9999
2024 10 03 23   200   117 10180    40    51     0     0 -9999
2024 10 04 00   189   117 10184    60    62     0     0 -9999
2024 10 04 01   178   122 10189    20    41     0     0 -9999
2024 10 04 02   178   128 10190    30    36     0     0 -9999
2024 10 04 03   172   128 10194    20    31     0     0 -9999
2024 10 04 04   156   122 10201    20    26     4     0 -9999
2024 10 04 05   150   122 10204    10    15 -9999     0 -9999
2024 10 04 06   172   128 10207    50    15     8     0 -9999
2024 10 04 07   156   122 10205   360    21 -9999     0 -9999
2024 10 04 08   150   117 10210   360    31 -9999     0 -9999
2024 10 04 09   150   111 10208   360    36     8     0 -9999
2024 10 04 10   161   106 10215    40    26 -9999     0 -9999
2024 10 04 11   156   128 10230   310    31 -9999     3 -9999
2024 10 04 12   156   133 10230     0     0     8    -1     3
2024 10 04 13   161   128 10234     0     0 -9999    -1 -9999
2024 10 04 14   178   128 10234    50    26 -9999     0 -9999
2024 10 04 15   189   122 10238    50    46     6     0 -9999
2024 10 04 16   200   128 10244    40    72 -9999     0 -9999
2024 10 04 17   200   122 10250    50    67 -9999     0 -9999
2024 10 04 18   211   111 10243    60    62     4     0     0
2024 10 04 19   206   111 10240    30    77     2     0 -9999
2024 10 04 20   206   106 10242    40    67     2     0 -9999
2024 10 04 21   200   106 10240    30    77     2     0 -9999
2024 10 04 22   194   111 10244    30    67     0     0 -9999
2024 10 04 23   178   111 10250    30    67     0     0 -9999
2024 10 05 00   167   106 10252    30    62     2     0 -9999
2024 10 05 01   167    89 10254    40    36     0     0 -9999
2024 10 05 02   161    83 10253    50    36     0     0 -9999
2024 10 05 03   161    83 10252    50    36     0     0 -9999
2024 10 05 04   144    89 10250    70    21     0     0 -9999
2024 10 05 05   161   106 10241    70    36     2     0 -9999
2024 10 05 06   150   106 10240     0     0     4     0 -9999
2024 10 05 07   150   111 10238   100    21     4     0 -9999
2024 10 05 08   156   111 10230    90    31     4     0 -9999
2024 10 05 09   156   111 10231   100    21     4     0 -9999
2024 10 05 10   150   111 10229   110    21     4     0 -9999
2024 10 05 11   144   111 10228   100    26     4     0 -9999
2024 10 05 12   144   117 10226   120    31     4     0 -9999
2024 10 05 13   156   111 10226   140    36 -9999     0 -9999
2024 10 05 14   172   100 10223   150    57 -9999     0 -9999
2024 10 05 15   189   106 10216   160    67     6     0 -9999
2024 10 05 16   200   111 10210   160    51     4     0 -9999
2024 10 05 17   233   117 10197   150    67     4     0 -9999
2024 10 05 18   250   122 10185   170    57     2     0 -9999
2024 10 05 19   267   128 10165   170    88     2     0 -9999
2024 10 05 20   278   128 10150   170    82     0     0 -9999
2024 10 05 21   294   133 10138   180    82     2     0 -9999
2024 10 05 22   294   133 10129   180    88     2     0 -9999
2024 10 05 23   283   139 10128   180    57     0     0 -9999
2024 10 06 00   272   139 10125   180    57     0     0 -9999
2024 10 06 01   261   133 10122   180    62     0     0 -9999
2024 10 06 02   256   133 10120   200    72     0     0 -9999
2024 10 06 03   250   144 10115   200    62     0     0 -9999
2024 10 06 04   250   156 10114   210    93     2     0 -9999
2024 10 06 05   250   156 10111   210    72     4     0 -9999
2024 10 06 06   239   156 10105   210    82     4     0 -9999
2024 10 06 07   239   161 10101   220    77     4     0 -9999
2024 10 06 08   233   161 10101   230    72     4     0 -9999
2024 10 06 09   228   161 10103   260    51     2     0 -9999
2024 10 06 10   211   111 10114   310    72     2     0 -9999
2024 10 06 11   189    72 10122   300    31     2     0 -9999
2024 10 06 12   172    56 10130   260    31     2     0 -9999
2024 10 06 13   161    50 10131   240    36     2     0 -9999
2024 10 06 14   183    50 10134   260    51     0     0 -9999
2024 10 06 15   200    44 10133   260    46     2     0 -9999
2024 10 06 16   217    28 10129   260    72     0     0 -9999
2024 10 06 17   228    28 10127   260    77     0     0 -9999
2024 10 06 18   222    39 10130   270    88     0     0 -9999
2024 10 06 19   228    39 10127   270    82     0     0 -9999
2024 10 06 20   222    39 10131   300    93     0     0 -9999
2024 10 06 21   211    44 10139   300    82     0     0 -9999
2024 10 06 22   206    50 10146   300    72     0     0 -9999
2024 10 06 23   194    50 10154   290    46     0     0 -9999
2024 10 07 00   178    39 10164   310    51     0     0 -9999
2024 10 07 01   167    50 10170   300    41     0     0 -9999
2024 10 07 02   156    50 10175   310    36     0     0 -9999
2024 10 07 03   144    50 10179   320    31     0     0 -9999
2024 10 07 04   133    50 10185   320    26     0     0 -9999
2024 10 07 05   128    50 10187   300    26     0     0 -9999
2024 10 07 06   122    44 10186   300    36     0     0 -9999
2024 10 07 07   122    39 10190   320    46     0     0 -9999
2024 10 07 08   117    33 10192   320    41     0     0 -9999
2024 10 07 09   106    33 10199   330    41     0     0 -9999
2024 10 07 10   100    28 10203   330    31     0     0 -9999
2024 10 07 11    94    28 10204   330    26     0     0 -9999
2024 10 07 12    94    22 10207   320    31     2     0 -9999
2024 10 07 13   100    28 10211   320    31     2     0 -9999
2024 10 07 14   122    22 10211   330    26     2     0 -9999
2024 10 07 15   144    22 10211   360    31     2     0 -9999
2024 10 07 16   161     6 10211     0     0     0     0 -9999
2024 10 07 17   167    -6 10210   320    26     0     0 -9999
2024 10 07 18   178   -11 10202   330    31     2     0 -9999
2024 10 07 19   183   -22 10194   300    36     2     0 -9999
2024 10 07 20   194   -22 10186   290    51 -9999     0 -9999
2024 10 07 21   194   -28 10183   280    46     6     0 -9999
2024 10 07 22   194   -17 10181   320    36 -9999     0 -9999
2024 10 07 23   178   -22 10180   290    31     2     0 -9999
2024 10 08 00   161   -17 10179   280    15     2     0 -9999
2024 10 08 01   144   -11 10182   290    21     0     0 -9999
2024 10 08 02   133     0 10181   280    21     0     0 -9999
2024 10 08 03   122     0 10184   270    21     0     0 -9999
2024 10 08 04   117     0 10184   280    26     0 -9999 -9999
2024 10 08 05   106     6 10183   260    15     0     0 -9999
2024 10 08 06   106    11 10180   270    26     0     0 -9999
2024 10 08 07   100    11 10179   270    21     0     0 -9999
2024 10 08 08   100    17 10174   280    15     0     0 -9999
2024 10 08 09   100    22 10173   270    15     0     0 -9999
2024 10 08 10   100    22 10174   260    21     2     0 -9999
2024 10 08 11   106    22 10176   270    21     2     0 -9999
2024 10 08 12   100    17 10181   260    31     2     0 -9999
2024 10 08 13   111    22 10182   260    31     2     0 -9999
2024 10 08 14   139    33 10182   260    36     0     0 -9999
2024 10 08 15   172    44 10180   280    31     0     0 -9999
2024 10 08 16   189    44 10176   260    51     0     0 -9999
2024 10 08 17   206    44 10172   290    46     0     0 -9999
2024 10 08 18   222    44 10165   280    57     0     0 -9999
2024 10 08 19   222    39 10160   300    46     2     0 -9999
2024 10 08 20   228    33 10152   290    67     2     0 -9999
2024 10 08 21   228    33 10147   270    41     2     0 -9999
2024 10 08 22   228    33 10147   290    36     2     0 -9999
2024 10 08 23   217    33 10148   290    46     2     0 -9999
2024 10 09 00   183    39 10152   350    31     2     0 -9999
2024 10 09 01   172    94 10157    60    26     0     0 -9999
2024 10 09 02   167   106 10162    60    21     0     0 -9999
2024 10 09 03   161   106 10163    70    21     0     0 -9999
2024 10 09 04   150   100 10163   100    15     0     0 -9999
2024 10 09 05   139   100 10165     0     0     0     0 -9999
2024 10 09 06   128    94 10167     0     0     0     0 -9999
2024 10 09 07   122    94 10169     0     0     0     0 -9999
2024 10 09 08   117    89 10168     0     0     0     0 -9999
2024 10 09 09   111    89 10172   210    21     0     0 -9999
2024 10 09 10   117    89 10175   190    21     0     0 -9999
2024 10 09 11   117    61 10178   180    15     2     0 -9999
2024 10 09 12   111    61 10182   140    15     2     0 -9999
2024 10 09 13   122    67 10185   130    21     2     0 -9999
2024 10 09 14   144    61 10185   160    31     2     0 -9999
2024 10 09 15   167    56 10187   100    31     2     0 -9999
2024 10 09 16   194    78 10191   120    21     2     0 -9999
2024 10 09 17   200    72 10191   100    31     2     0 -9999
2024 10 09 18   200    94 10190    60    36     2     0 -9999
2024 10 09 19   200    94 10188    30    51     2     0 -9999
2024 10 09 20   200    94 10185    90    36     2     0 -9999
2024 10 09 21   194   106 10184    60    46     2     0 -9999
2024 10 09 22   183   100 10185    80    51     2     0 -9999
2024 10 09 23   167    83 10189    60    62     2     0 -9999
2024 10 10 00   156    78 10193    50    57     2     0 -9999
2024 10 10 01   156    72 10196    70    62     0     0 -9999
2024 10 10 02   150    72 10198    60    41     0     0 -9999
2024 10 10 03   150    72 10199    60    41     0     0 -9999
2024 10 10 04   144    67 10202    60    31     0     0 -9999
2024 10 10 05   139    78 10204    60    31     0     0 -9999
2024 10 10 06   139    78 10204    60    26     0     0 -9999
2024 10 10 07   128    83 10207    30    21     0     0 -9999
2024 10 10 08   128    83 10207    40    26     0     0 -9999
2024 10 10 09   128    89 10209    40    21     0     0 -9999
2024 10 10 10   133    89 10213    90    15     0     0 -9999
2024 10 10 11   122    83 10217    80    15     0     0 -9999
2024 10 10 12   117    78 10224     0     0     0     0 -9999
2024 10 10 13   139    89 10226   110    15     0     0 -9999
2024 10 10 14   167    78 10230   100    26     0     0 -9999
2024 10 10 15   178    56 10231   120    41     0     0 -9999
2024 10 10 16   189    44 10231   130    21     0     0 -9999
2024 10 10 17   206    50 10228 -9999    21     0     0 -9999
2024 10 10 18   217    39 10224 -9999    26     0     0 -9999
2024 10 10 19   222    22 10217    80    31     0     0 -9999
2024 10 10 20   228    17 10213     0     0     0     0 -9999
2024 10 10 21   222    22 10210   100    36     0     0 -9999
2024 10 10 22   211    39 10209   100    41     0     0 -9999
2024 10 10 23   194    50 10212   100    36     0     0 -9999
2024 10 11 00   172    56 10217    90    26     0     0 -9999
2024 10 11 01   161    67 10217   110    26     0     0 -9999
2024 10 11 02   156    72 10215   140    15     0     0 -9999
2024 10 11 03   150    78 10214     0     0     0     0 -9999
2024 10 11 04   144    89 10213   170    15     0     0 -9999
2024 10 11 05   144   106 10210   170    21     0     0 -9999
2024 10 11 06   139   100 10206   190    15     0     0 -9999
2024 10 11 07   133    83 10206   190    15     0     0 -9999
2024 10 11 08   139    56 10206   200    21     2     0 -9999
2024 10 11 09   133    44 10204   190    21     2     0 -9999
2024 10 11 10   128    39 10203   210    26     2     0 -9999
2024 10 11 11   133    44 10205   230    26     2     0 -9999
2024 10 11 12   128    50 10206   220    21     2     0 -9999
2024 10 11 13   133    61 10207   230    41     2     0 -9999
2024 10 11 14   161    72 10206   230    36     2     0 -9999
2024 10 11 15   200    83 10204   230    46     2     0 -9999
2024 10 11 16   228    94 10200   240    41     2     0 -9999
2024 10 11 17   250    94 10191   230    57     2     0 -9999
2024 10 11 18   261    89 10182   230    67     4     0 -9999
2024 10 11 19   272    89 10172   240    51 -9999     0 -9999
2024 10 11 20   283    72 10163   240    62 -9999     0 -9999
2024 10 11 21   278    67 10156   250    57     8     0 -9999
2024 10 11 22   272    78 10157   220    36 -9999     0 -9999
2024 10 11 23   261    83 10155   210    36 -9999     0 -9999
2024 10 12 00   244    89 10158   220    41     6     0 -9999
2024 10 12 01   239    89 10159   220    46 -9999     0 -9999
2024 10 12 02   228    83 10159   230    46 -9999     0 -9999
2024 10 12 03   222    83 10159   230    41     8     0 -9999
2024 10 12 04   211    89 10157   230    31 -9999     0 -9999
2024 10 12 05   206    94 10167    20    77 -9999     0 -9999
2024 10 12 06   189   139 10173    30    67     8     0 -9999
2024 10 12 07   183   128 10176    40    67 -9999     0 -9999
2024 10 12 08   178   117 10174    40    51 -9999     0 -9999
2024 10 12 09   172   111 10174    40    67     6     0 -9999
2024 10 12 10   167   106 10175    50    62 -9999     0 -9999
2024 10 12 11   161   100 10174    50    57 -9999     0 -9999
2024 10 12 12   161    94 10172    50    57     6     0 -9999
2024 10 12 13   161    94 10175    60    51 -9999     0 -9999
2024 10 12 14   167    94 10177    60    62     4     0 -9999
2024 10 12 15   178   100 10173    80    57     4     0 -9999
2024 10 12 16   178   106 10167    60    51     2     0 -9999
2024 10 12 17   194   111 10160    70    51     4     0 -9999
2024 10 12 18   194   111 10151    80    46     6     0 -9999
2024 10 12 19   200   117 10142    80    36 -9999     0 -9999
2024 10 12 20   194   117 10129    70    36 -9999     0 -9999
2024 10 12 21   189   117 10127    20    57     6     0 -9999
2024 10 12 22   178   117 10127    20    88 -9999     0 -9999
2024 10 12 23   161   117 10134    20   103 -9999     0 -9999
2024 10 13 00   156   106 10139    30   103     8     0 -9999
2024 10 13 01   156   100 10130    70    62 -9999     0 -9999
2024 10 13 02   161   106 10114   110    62 -9999     0 -9999
2024 10 13 03   167   111 10108   110    41     8     0 -9999
2024 10 13 04   167   122 -9999    50    21 -9999     0 -9999
2024 10 13 05   167   128 10103    20    36 -9999     0 -9999
2024 10 13 06   167   139 10095    30    41     8     0 -9999
2024 10 13 07   167   139 10091    20    46 -9999     0 -9999
2024 10 13 08   156   139 10088   350    51 -9999     0 -9999
2024 10 13 09   156   133 10084    10    46     8     0 -9999
2024 10 13 10   150   122 10089   350    51 -9999     0 -9999
2024 10 13 11   144   117 10090   340    31 -9999     0 -9999
2024 10 13 12   133   111 10093   300    26     6     0 -9999
2024 10 13 13   133   106 10096   300    36 -9999     0 -9999
2024 10 13 14   144   106 10096   300    31 -9999     0 -9999
2024 10 13 15   150   100 10094   280    36     6     0 -9999
2024 10 13 16   150    94 10094   280    51 -9999     0 -9999
2024 10 13 17   167    94 10090   280    57 -9999     0 -9999
2024 10 13 18   194    83 10078   270    57     6     0 -9999
2024 10 13 19   183    83 10075   280    98 -9999     0 -9999
2024 10 13 20   150    67 10092   290   103 -9999     0 -9999
2024 10 13 21   150    28 10101   300    82     6     0 -9999
2024 10 13 22   144    22 10106   290    77 -9999     0 -9999
2024 10 13 23   139    17 10112   290    72 -9999     0 -9999
2024 10 14 00   133    11 10118   300   113     6     0 -9999
2024 10 14 01   122    17 10122   300    72 -9999     0 -9999
2024 10 14 02   122    17 10121   290    93 -9999     0 -9999
2024 10 14 03   111    28 10127   310    82     6    -1 -9999
2024 10 14 04   106    33 10129   310    82 -9999     0 -9999
2024 10 14 05   100    39 10128   310    93 -9999     0 -9999
2024 10 14 06    94    33 10127   320    72     8     0     0
2024 10 14 07    89    44 10130   310    57 -9999     0 -9999
2024 10 14 08    89    56 10138   330    77 -9999     0 -9999
2024 10 14 09    89    67 10146   340    93     8     3 -9999
2024 10 14 10    83    56 10164   330    82 -9999     3 -9999
2024 10 14 11    78    50 10175   320    82 -9999     0 -9999
2024 10 14 12    78    44 10186   330    67     6     0     5
2024 10 14 13    72    44 10195   320    62 -9999     0 -9999
2024 10 14 14    78    39 10203   320    57     2     0 -9999
2024 10 14 15   106    44 10204   350    46     2     0 -9999
2024 10 14 16   122    39 10205   340    26     2     0 -9999
2024 10 14 17   128    28 10204   360    51 -9999     0 -9999
2024 10 14 18   139    11 10200   350    62     6     0 -9999
2024 10 14 19   139     6 10194   330    46 -9999     0 -9999
2024 10 14 20   133     6 10191   340    46 -9999     0 -9999
2024 10 14 21   128     0 10190   320    46     6     0 -9999
2024 10 14 22   128     6 10187   320    31 -9999     0 -9999
2024 10 14 23   117     6 10187   320    41 -9999     0 -9999
2024 10 15 00   111    11 10189   310    41     6     0 -9999
2024 10 15 01    89    17 10193   350    67 -9999     0 -9999
2024 10 15 02    78    22 10195   350    41 -9999     0 -9999
2024 10 15 03    72    22 10194   340    36     2     0 -9999
2024 10 15 04    67    22 10193   310    36     4     0 -9999
2024 10 15 05    61    22 10192   320    36     4     0 -9999
2024 10 15 06    56    22 10189   320    41     4     0 -9999
2024 10 15 07    50    22 10191   330    46     4     0 -9999
2024 10 15 08    50    22 10193   350    46 -9999     0 -9999
2024 10 15 09    56    33 10194   330    36     8    -1 -9999
2024 10 15 10    56    39 10201   350    46 -9999     8 -9999
2024 10 15 11    56    39 10203   340    36 -9999    15 -9999
2024 10 15 12    56    39 10209 -9999    31     8    10    30
2024 10 15 13    56    33 10214   340    62 -9999     3 -9999
2024 10 15 14    56    39 10224   350    72 -9999     3 -9999
2024 10 15 15    56    39 10234   350    98     8     8 -9999
2024 10 15 16    72    50 10242   350    77 -9999    10 -9999
2024 10 15 17    78    39 10248   360    93 -9999    -1 -9999
2024 10 15 18    94    44 10248   350    93     6    -1    20
2024 10 15 19    89    44 10248   360    62 -9999     3 -9999
2024 10 15 20    89    39 10247    10   108 -9999    10 -9999
2024 10 15 21    89    39 10253    30    77     6    -1 -9999
2024 10 15 22    94    28 10254    10    57 -9999    -1 -9999
2024 10 15 23    94    17 10259    10    62 -9999     0 -9999
2024 10 16 00    89    -6 10265   330    67     6     0    10
2024 10 16 01    78    -6 10268   320    51     2     0 -9999
2024 10 16 02    72    -6 10273   330    46     2     0 -9999
2024 10 16 03    67    -6 10276   320    57     2     0 -9999
2024 10 16 04    61    -6 10276   320    46     2     0 -9999
2024 10 16 05    56    -6 10279   320    51     2     0 -9999
2024 10 16 06    56    -6 10281   310    36     0     0 -9999
2024 10 16 07    44    -6 10285   320    31     2     0 -9999
2024 10 16 08    44    -6 10288   330    36     2     0 -9999
2024 10 16 09    39    -6 10288   330    41     0     0 -9999
2024 10 16 10    33    -6 10288   310    36     0     0 -9999
2024 10 16 11    33    -6 10289   300    31     0     0 -9999
2024 10 16 12    28    -6 10295   310    31     2     0 -9999
2024 10 16 13    33    -6 10301   310    41     2     0 -9999
2024 10 16 14    56     0 10309   310    41     2     0 -9999
2024 10 16 15    78     6 10314   330    36     2     0 -9999
2024 10 16 16    94    11 10311   360    31     2     0 -9999
2024 10 16 17   106    11 10307   320    31 -9999     0 -9999
2024 10 16 18   122    -6 10298     0     0     4     0 -9999
2024 10 16 19   133   -28 10290   350    36     4     0 -9999
2024 10 16 20   139   -28 10281   320    36     2     0 -9999
2024 10 16 21   144   -33 10276   320    31     2     0 -9999
2024 10 16 22   144   -44 10271   310    15     4     0 -9999
2024 10 16 23   133   -44 10270   250    21 -9999     0 -9999
2024 10 17 00   117   -28 10271     0     0     4     0 -9999
2024 10 17 01    83    -6 10272   120    21     2     0 -9999
2024 10 17 02    83     6 10268   160    31     2     0 -9999
2024 10 17 03    83    11 10267   190    15     4     0 -9999
2024 10 17 04    72    17 10265   190    15     2     0 -9999
2024 10 17 05    61    11 10264   210    15     2     0 -9999
2024 10 17 06    50     0 10264     0     0     0     0 -9999
2024 10 17 07    50    -6 10265     0     0     0     0 -9999
2024 10 17 08    39   -17 10264   220    15     0     0 -9999
2024 10 17 09    39   -22 10263   220    21     0     0 -9999
2024 10 17 10    39   -28 10266   210    15     0     0 -9999
2024 10 17 11    39   -33 10269   230    15     0     0 -9999
2024 10 17 12    33   -33 10275   230    26     2     0 -9999
2024 10 17 13    44   -28 10279   210    26     2     0 -9999
2024 10 17 14    83   -17 10281   210    31     0     0 -9999
2024 10 17 15   111    -6 10282   220    41     2     0 -9999
2024 10 17 16   139    -6 10279   220    57     0     0 -9999
2024 10 17 17   150   -11 10276   210    51     0     0 -9999
2024 10 17 18   156   -11 10267   220    46     0     0 -9999
2024 10 17 19   167   -17 10258   210    36     0     0 -9999
2024 10 17 20   172   -11 10252   170    41     0     0 -9999
2024 10 17 21   178   -11 10245   180    57     0     0 -9999
2024 10 17 22   172   -22 10242   200    46     0     0 -9999
2024 10 17 23   161   -11 10239   180    36     0     0 -9999
2024 10 18 00   144   -11 10243   170    26     0     0 -9999
2024 10 18 01   133    -6 10250   170    26     0     0 -9999
2024 10 18 02   128    -6 10253   180    31     0     0 -9999
2024 10 18 03   117    -6 10256   180    36     0     0 -9999
2024 10 18 04   106    -6 10257   180    36     0     0 -9999
2024 10 18 05    94   -11 10259   180    31     0     0 -9999
2024 10 18 06    89   -11 10263   170    26     0     0 -9999
2024 10 18 07    89   -11 10267   190    21     0     0 -9999
2024 10 18 08    83    -6 10268   200    31     0     0 -9999
2024 10 18 09    72    -6 10272   170    26     0     0 -9999
2024 10 18 10    61    -6 10277     0     0     0     0 -9999
2024 10 18 11    61     0 10286     0     0     0     0 -9999
2024 10 18 12    61     0 10293     0     0     0     0 -9999
2024 10 18 13    67     6 10299   170    21     0     0 -9999
2024 10 18 14   100    17 10305   180    36     0     0 -9999
2024 10 18 15   133    22 10308   190    41     0     0 -9999
2024 10 18 16   161    17 10312   190    51     0     0 -9999
2024 10 18 17   172    11 10311   200    67     0     0 -9999
2024 10 18 18   178    11 10307   220    51     0     0 -9999
2024 10 18 19   189     6 10301   210    46     0     0 -9999
2024 10 18 20   194    11 10297   170    57     0     0 -9999
2024 10 18 21   200    11 10295   190    46     0     0 -9999
2024 10 18 22   200    11 10295   180    46     0     0 -9999
2024 10 18 23   189     6 10297   180    31     0     0 -9999
2024 10 19 00   172    17 10301   150    21     0     0 -9999
2024 10 19 01   156    22 10305   160    26     0     0 -9999
2024 10 19 02   139    22 10306   170    26     0     0 -9999
2024 10 19 03   139    17 10309   180    26     0     0 -9999
2024 10 19 04   133    17 10309   200    21     0     0 -9999
2024 10 19 05   128    17 10308   200    15     0     0 -9999
2024 10 19 06   117    17 10311   190    15     0     0 -9999
2024 10 19 07   100    22 10311   190    15     0     0 -9999
2024 10 19 08    83    28 10314     0     0     0     0 -9999
2024 10 19 09    72    22 10313   220    15     0     0 -9999
2024 10 19 10    78    22 10317   220    21     0     0 -9999
2024 10 19 11    78    22 10318   220    15     0     0 -9999
2024 10 19 12    78    22 10322   210    26     0     0 -9999
2024 10 19 13    72    28 10325   180    15     0     0 -9999
2024 10 19 14   111    44 10329   210    21     2     0 -9999
2024 10 19 15   144    44 10325   190    36     0     0 -9999
2024 10 19 16   178    50 10321   200    41     0     0 -9999
2024 10 19 17   194    50 10316   210    41     2     0 -9999
2024 10 19 18   200    50 10307   210    46     2     0 -9999
2024 10 19 19   211    50 10297   220    26     2     0 -9999
2024 10 19 20   217    50 10292   200    41     2     0 -9999
2024 10 19 21   217    44 10288   210    41     2     0 -9999
2024 10 19 22   217    44 10287   220    46     4     0 -9999
2024 10 19 23   200    44 10285   190    26 -9999     0 -9999
2024 10 20 00   178    44 10284   180    26     6     0 -9999
2024 10 20 01   167    44 10285   190    26     4     0 -9999
2024 10 20 02   156    44 10282   190    31 -9999     0 -9999
2024 10 20 03   150    33 10280   220    26     2     0 -9999
2024 10 20 04   139    33 10282   210    21     2     0 -9999
2024 10 20 05   128    33 10278   210    31     0     0 -9999
2024 10 20 06   122    33 10277   210    31     0     0 -9999
2024 10 20 07   117    33 10273   210    36     0     0 -9999
2024 10 20 08   117    28 10272   210    31     0     0 -9999
2024 10 20 09   117    28 10273   220    36     0     0 -9999
2024 10 20 10   111    28 10274   210    26     0     0 -9999
2024 10 20 11   106    33 10272   220    31     0     0 -9999
2024 10 20 12   106    33 10272   230    36     0     0 -9999
2024 10 20 13   106    39 10274   230    31     0     0 -9999
2024 10 20 14   133    44 10274   230    46     0     0 -9999
2024 10 20 15   161    50 10273   220    36     0     0 -9999
2024 10 20 16   194    50 10269   230    41     0     0 -9999
2024 10 20 17   217    50 10264   240    51     0     0 -9999
2024 10 20 18   233    44 10258   220    46     0     0 -9999
2024 10 20 19   250    44 10251   230    51     0     0 -9999
2024 10 20 20   256    50 10242   230    51     0     0 -9999
2024 10 20 21   256    50 10240   220    62     0     0 -9999
2024 10 20 22   256    50 10235   210    57     0     0 -9999
2024 10 20 23   239    44 10233   210    46     0     0 -9999
2024 10 21 00   222    44 10232   210    36     0     0 -9999
2024 10 21 01   217    39 10231   210    46     0     0 -9999
2024 10 21 02   206    33 10232   210    41     0     0 -9999
2024 10 21 03   194    33 10230   210    41     0     0 -9999
2024 10 21 04   189    33 10228   220    46     0     0 -9999
2024 10 21 05   178    33 10226   210    41     0     0 -9999
2024 10 21 06   167    33 10227   220    36     0     0 -9999
2024 10 21 07   156    39 10227   220    36     0     0 -9999
2024 10 21 08   150    39 10226   220    36     0     0 -9999
2024 10 21 09   133    39 10226   220    26     0     0 -9999
2024 10 21 10   128    44 10229   230    21     0     0 -9999
2024 10 21 11   122    44 10231   220    21     0     0 -9999
2024 10 21 12   122    50 10233   220    26     0     0 -9999
2024 10 21 13   128    56 10236   220    31     2     0 -9999
2024 10 21 14   150    61 10239   240    41     2     0 -9999
2024 10 21 15   183    61 10239   240    36     2     0 -9999
2024 10 21 16   211    61 10237   230    36     2     0 -9999
2024 10 21 17   233    61 10229   220    41     2     0 -9999
2024 10 21 18   250    61 10222   200    46     2     0 -9999
2024 10 21 19   261    56 10214   210    57     4     0 -9999
2024 10 21 20   261    50 10207   200    41 -9999     0 -9999
2024 10 21 21   272    44 10205   220    46     6     0 -9999
2024 10 21 22   267    44 10204   210    36 -9999     0 -9999
2024 10 21 23   256    44 10203   190    26 -9999     0 -9999
2024 10 22 00   233    44 10204   170    21     4     0 -9999
2024 10 22 01   217    50 10205   190    26     2     0 -9999
2024 10 22 02   211    44 10206   200    36     0     0 -9999
2024 10 22 03   200    39 10206   210    36     2     0 -9999
2024 10 22 04   194    33 10204   200    41     2     0 -9999
2024 10 22 05   178    33 10201   190    26     2     0 -9999
2024 10 22 06   167    39 10199   190    26     0     0 -9999
2024 10 22 07   161    44 10198   190    21     2     0 -9999
2024 10 22 08   150    44 10192   180    36 -9999     0 -9999
2024 10 22 09   139    44 10188   180    31     6     0 -9999
2024 10 22 10   139    50 10193   200    26     4     0 -9999
2024 10 22 11   139    50 10194   180    36     4     0 -9999
2024 10 22 12   128    50 10186   170    46     6     0 -9999
2024 10 22 13   128    50 10185   180    36 -9999     0 -9999
2024 10 22 14   144    56 10185   170    41 -9999     0 -9999
2024 10 22 15   167    67 10177   180    46     6     0 -9999
2024 10 22 16   200    72 10168   190    51 -9999     0 -9999
2024 10 22 17   211    67 10156   190    67 -9999     0 -9999
2024 10 22 18   217    67 10155   230    62     6     0 -9999
2024 10 22 19   194    89 10133   140    31 -9999     3 -9999
2024 10 22 20   217    78 10124   190    51 -9999    -1 -9999
2024 10 22 21   228    78 10121   180    62     6     0 -9999
2024 10 22 22   228    72 10111   190    67 -9999     0 -9999
2024 10 22 23   222    72 10113   190    82 -9999     0 -9999
2024 10 23 00   217    72 10119   190    46     8     0     3
2024 10 23 01   211    72 10118   190    36 -9999     0 -9999
2024 10 23 02   206    72 10114   190    21 -9999     0 -9999
2024 10 23 03   200    72 10109   190    41     4     0 -9999
2024 10 23 04   194    78 10107   210    57     2     0 -9999
2024 10 23 05   178    83 10111   240    46     0     0 -9999
2024 10 23 06   167    89 10115   240    31     2     0 -9999
2024 10 23 07   161    94 10116   230    36     2     0 -9999
2024 10 23 08   156    94 10115   240    41     2     0 -9999
2024 10 23 09   156   100 10119   240    46     6     0 -9999
2024 10 23 10   156   100 10126   270    46 -9999     0 -9999
2024 10 23 11   144   100 10132   240    21 -9999     0 -9999
2024 10 23 12   144   100 10144   270    31     6     0 -9999
2024 10 23 13   144   100 10161   290    51 -9999     0 -9999
2024 10 23 14   144    83 10174   330    57 -9999     0 -9999
2024 10 23 15   150    44 10176   310    62     6     0 -9999
2024 10 23 16   150    44 10190   320    41 -9999     0 -9999
2024 10 23 17   156    33 10197   310    46     4     0 -9999
2024 10 23 18   167    39 10197   320    57     2     0 -9999
2024 10 23 19   172    33 10194   320    62     2     0 -9999
2024 10 23 20   178    33 10196   320    51     2     0 -9999
2024 10 23 21   172    22 10200   330    46     2     0 -9999
2024 10 23 22   167    11 10205   320    57     2     0 -9999
2024 10 23 23   150    11 10210   330    46     2     0 -9999
2024 10 24 00   139    11 10216   330    31     0     0 -9999
2024 10 24 01   128    11 10220   320    21     0     0 -9999
2024 10 24 02   117    17 10218   320    21     0     0 -9999
2024 10 24 03   100    22 10221   310    15     0     0 -9999
2024 10 24 04    89    17 10221     0     0     0     0 -9999
2024 10 24 05    78    22 10220     0     0     0     0 -9999
2024 10 24 06    78    22 10219   260    21     0     0 -9999
2024 10 24 07    72    17 10219   270    15     0     0 -9999
2024 10 24 08    72    17 10221   260    15     0     0 -9999
2024 10 24 09    61    11 10218     0     0     0     0 -9999
2024 10 24 10    56    11 10221     0     0     0     0 -9999
2024 10 24 11    50    11 10221   230    15     0     0 -9999
2024 10 24 12    50    11 10221   210    15     2     0 -9999
2024 10 24 13    56    17 10224   220    21     2     0 -9999
2024 10 24 14    83    33 10225   220    21     2     0 -9999
2024 10 24 15   117    33 10222   190    36     2     0 -9999
2024 10 24 16   144    28 10218   200    46     2     0 -9999
2024 10 24 17   156    28 10214   220    57     2     0 -9999
2024 10 24 18   161    22 10203   190    36     2     0 -9999
2024 10 24 19   172    17 10193   220    21     2     0 -9999
2024 10 24 20   172    11 10182   220    41     2     0 -9999
2024 10 24 21   178     6 10181   150    41     2     0 -9999
2024 10 24 22   167     6 10183   190    36 -9999     0 -9999
2024 10 24 23   156     6 10179   170    31 -9999     0 -9999
2024 10 25 00   144    11 10178   140    36     8     0 -9999
2024 10 25 01   139    17 10170   130    41 -9999     0 -9999
2024 10 25 02   133    22 10169   140    36 -9999     0 -9999
2024 10 25 03   133    22 10157   150    46     8     0 -9999
2024 10 25 04   139    22 10143   160    57 -9999     0 -9999
2024 10 25 05   128    39 10174   300    46 -9999    -1 -9999
2024 10 25 06   100    78 10168     0     0     8    53    50
2024 10 25 07    94    83 10167   170    41 -9999    74 -9999
2024 10 25 08    94    83 10155   170    46 -9999    64 -9999
2024 10 25 09   100    83 10140   180    51     8    15 -9999
2024 10 25 10   100    89 10153   300    26 -9999     5 -9999
2024 10 25 11   106    94 10155     0     0 -9999    -1 -9999
2024 10 25 12   106    94 10164   290    21     8    -1   170
2024 10 25 13   106   100 10167   280    15 -9999     3 -9999
2024 10 25 14   111   100 10177   260    26 -9999     0 -9999
2024 10 25 15   128   111 10177   300    46     6     0 -9999
2024 10 25 16   156   106 10177   310    57     4     0 -9999
2024 10 25 17   172    89 10179   320    26     2     0 -9999
2024 10 25 18   183    83 10182   330    46     2     0     3
2024 10 25 19   189    83 10183   310    51     2     0 -9999
2024 10 25 20   183    78 10189   340    41     4     0 -9999
2024 10 25 21   183    61 10198   330    51     6     0 -9999
2024 10 25 22   167    50 10212   330    62 -9999     0 -9999
2024 10 25 23   144    50 10223   330    46 -9999     0 -9999
2024 10 26 00   133    50 10233   320    36     6     0 -9999
2024 10 26 01   128    50 10237   310    26     4     0 -9999
2024 10 26 02   122    44 10245   300    31     2     0 -9999
2024 10 26 03   111    39 10255   320    26     2     0 -9999
2024 10 26 04   100    28 10263   320    36     2     0 -9999
2024 10 26 05   100    22 10267   320    36     2     0 -9999
2024 10 26 06    94    22 10270   310    31     2     0 -9999
2024 10 26 07    89    22 10273   320    41     2     0 -9999
2024 10 26 08    83    17 10279   320    36     2     0 -9999
2024 10 26 09    83    11 10282   330    31     2     0 -9999
2024 10 26 10    78     0 10288   330    51     2     0 -9999
2024 10 26 11    72     0 10299   330    36     2     0 -9999
2024 10 26 12    61     0 10307   320    31     2     0 -9999
2024 10 26 13    72    -6 10316   320    36     2     0 -9999
2024 10 26 14    89     0 10324   340    36     2     0 -9999
2024 10 26 15   111     0 10327   340    41     2     0 -9999
2024 10 26 16   122   -17 10327   360    41     2     0 -9999
2024 10 26 17   133   -17 10325   350    46     2     0 -9999
2024 10 26 18   139   -33 10320   350    51     2     0 -9999
2024 10 26 19   144   -39 10312   360    41     2     0 -9999
2024 10 26 20   144   -50 10308   350    41     2     0 -9999
2024 10 26 21   139   -17 10306    40    36     2     0 -9999
2024 10 26 22   128   -11 10304    70    31     2     0 -9999
2024 10 26 23   106    -6 10308    80    31     4     0 -9999
2024 10 27 00   100     0 10311   100    31     4     0 -9999
2024 10 27 01    89     6 10309   100    15 -9999     0 -9999
2024 10 27 02    83    11 10311     0     0 -9999     0 -9999
2024 10 27 03    67    17 10312     0     0     6     0 -9999
2024 10 27 04    67    17 10311   220    15 -9999     0 -9999
2024 10 27 05    67    22 10308     0     0 -9999     0 -9999
2024 10 27 06    72    22 10305     0     0     8     0 -9999
2024 10 27 07    67    22 10302     0     0 -9999     0 -9999
2024 10 27 08    56    17 10301   260    15     2     0 -9999
2024 10 27 09    50    11 10298   270    15     0     0 -9999
2024 10 27 10    44    11 10298   280    15     0     0 -9999
2024 10 27 11    44     6 10300     0     0     0     0 -9999
2024 10 27 12    33     6 10302     0     0     2     0 -9999
2024 10 27 13    44     6 10302     0     0     2     0 -9999
2024 10 27 14    67    17 10302   230    21     2     0 -9999
2024 10 27 15    89    17 10300   210    31     2     0 -9999
2024 10 27 16   111    17 10294 -9999    21     4     0 -9999
2024 10 27 17   122    17 10283   170    31     2     0 -9999
2024 10 27 18   128    11 10271   170    15     2     0 -9999
2024 10 27 19   139     6 10260   240    31     2     0 -9999
2024 10 27 20   144     0 10249   170    31     4     0 -9999
2024 10 27 21   150     0 10242   190    31     2     0 -9999
2024 10 27 22   144   -17 10240   190    41     4     0 -9999
2024 10 27 23   133   -22 10237   200    26     4     0 -9999
2024 10 28 00   122   -28 10241   180    21     2     0 -9999
2024 10 28 01   106   -22 10237   170    31     2     0 -9999
2024 10 28 02    94   -11 10235   180    31     2     0 -9999
2024 10 28 03    83    -6 10237   180    15     2     0 -9999
2024 10 28 04    78     0 10232   160    15     2     0 -9999
2024 10 28 05    67     0 10229   160    26     4     0 -9999
2024 10 28 06    61     0 10226   170    31     4     0 -9999
2024 10 28 07    67    -6 10220   180    46     4     0 -9999
2024 10 28 08    67    -6 10222   170    26     4     0 -9999
2024 10 28 09    72    -6 10220   170    26     4     0 -9999
2024 10 28 10    67    -6 10222   170    21 -9999     0 -9999
2024 10 28 11    67    -6 10222   160    31 -9999     0 -9999
2024 10 28 12    67    -6 10224   170    26     6     0 -9999
2024 10 28 13    67     0 10222   150    31 -9999     0 -9999
2024 10 28 14    89     6 10221   170    31 -9999     0 -9999
2024 10 28 15   122    11 10218   180    46     6     0 -9999
2024 10 28 16   139    17 10209   170    51 -9999     0 -9999
2024 10 28 17   161    22 10202   160    51 -9999     0 -9999
2024 10 28 18   178    33 10192   170    62     6     0 -9999
2024 10 28 19   178    39 10181   180    57 -9999     0 -9999
2024 10 28 20   183    44 10171   150    51 -9999     0 -9999
2024 10 28 21   189    33 10162   160    46     8     0 -9999
2024 10 28 22   194    33 10158   160    57 -9999     0 -9999
2024 10 28 23   183    39 10152   150    51 -9999     0 -9999
2024 10 29 00   178    39 10147   150    51     8     0 -9999
2024 10 29 01   178    44 10144   150    62 -9999     0 -9999
2024 10 29 02   183    61 10140   160    62 -9999     0 -9999
2024 10 29 03   183    89 10135   170    67     8     0 -9999
2024 10 29 04   183   106 10135   180    62 -9999     0 -9999
2024 10 29 05   189   122 10126   180    57 -9999     0 -9999
2024 10 29 06   189   133 10122   180    62     8     0 -9999
2024 10 29 07   206   144 10116   190    57 -9999     0 -9999
2024 10 29 08   211   150 10112   190    72 -9999     0 -9999
2024 10 29 09   211   144 10109   200    82     6     0 -9999
2024 10 29 10   211   144 10109   200    77 -9999     0 -9999
2024 10 29 11   206   139 10113   200    77     4     0 -9999
2024 10 29 12   206   139 10114   200    67     6     0 -9999
2024 10 29 13   206   133 10118   200    67 -9999     0 -9999
2024 10 29 14   211   128 10125   200    82 -9999     0 -9999
2024 10 29 15   211   128 10127   200    72     6     0 -9999
2024 10 29 16   233   133 10126   190    62 -9999     0 -9999
2024 10 29 17   244   139 10124   220    72 -9999     0 -9999
2024 10 29 18   261   144 10114   210    67     6     0 -9999
2024 10 29 19   267   144 10110   210   103 -9999     0 -9999
2024 10 29 20   267   144 10104   200    82 -9999     0 -9999
2024 10 29 21   278   144 10098   200    93     6     0 -9999
2024 10 29 22   272   139 10100   190    72 -9999     0 -9999
2024 10 29 23   261   122 10106   190    77 -9999     0 -9999
2024 10 30 00   250   117 10113   190    88     8     0 -9999
2024 10 30 01   244   122 10120   190    82 -9999     0 -9999
2024 10 30 02   244   117 10124   190    72 -9999     0 -9999
2024 10 30 03   233   117 10131   190    57     8     0 -9999
2024 10 30 04   233   122 10133   190    88 -9999     0 -9999
2024 10 30 05   228   128 10136   200    93 -9999     0 -9999
2024 10 30 06   222   133 10140   200    88     8     0 -9999
2024 10 30 07   217   133 10142   200    88 -9999     0 -9999
2024 10 30 08   211   133 10146   200    82 -9999     0 -9999
2024 10 30 09   206   133 10146   200    77     8     0 -9999
2024 10 30 10   206   139 10150   200    98 -9999     0 -9999
2024 10 30 11   200   139 10157   200    67 -9999     0 -9999
2024 10 30 12   206   139 10157   190    98     8     0 -9999
2024 10 30 13   206   144 10162   200    93 -9999     0 -9999
2024 10 30 14   206   144 10165   190    82 -9999     0 -9999
2024 10 30 15   217   150 10163   200    93     8     0 -9999
2024 10 30 16   222   150 10163   200    98 -9999     0 -9999
2024 10 30 17   239   150 10159   210   103 -9999    -1 -9999
2024 10 30 18   256   150 10149   210    72     8     0 -9999
2024 10 30 19   261   139 10138   210    82 -9999     0 -9999
2024 10 30 20   261   144 10129   200    77 -9999     0 -9999
2024 10 30 21   261   139 10118   190    88     8     0 -9999
2024 10 30 22   256   144 10121   200    82 -9999     0 -9999
2024 10 30 23   250   133 10123   180    57 -9999     0 -9999
2024 10 31 00   244   128 10124   180    62     4     0 -9999
2024 10 31 01   233   128 10124   180    67 -9999     0 -9999
2024 10 31 02   228   133 10118   190    57     2     0 -9999
2024 10 31 03   222   133 10114   180    77     2     0 -9999
2024 10 31 04   222   128 10105   180    67 -9999     0 -9999
2024 10 31 05   217   122 10096   180    57 -9999     0 -9999
2024 10 31 06   217   122 10085   180    88     6     0 -9999
2024 10 31 07   217   133 10081   190    77 -9999     0 -9999
2024 10 31 08   211   144 10071   200   118 -9999    -1 -9999
2024 10 31 09   200   144 10073   230    72     8     0 -9999
2024 10 31 10   189   144 10084   200    41 -9999    -1 -9999
2024 10 31 11   183   139 10086   210    41 -9999    -1 -9999
2024 10 31 12   178   139 10077   190    57     8    -1    -1
2024 10 31 13   172   150 10070   180    57 -9999    -1 -9999
2024 10 31 14   172   144 10052   180    57 -9999    -1 -9999
2024 10 31 15   183   139 10070   210    57     8     0 -9999
2024 10 31 16   183   139 -9999   220   108 -9999    -1 -9999
2024 10 31 17   183   139 10075   210   108 -9999    -1 -9999
2024 10 31 18   167   117 10079   230    88     6     8     8
2024 10 31 19   167   100 10084   240   103 -9999     0 -9999
2024 10 31 20   150    83 10089   240    98 -9999     0 -9999
2024 10 31 21   139    61 10099   240    82     6     0 -9999
2024 10 31 22   117    50 10108   250    82 -9999     0 -9999
2024 10 31 23   100    33 10120   250   103 -9999     0 -9999
2024 11 01 00    89    22 10129   260   103     6     0 -9999
2024 11 01 01    83    11 10140   250    88 -9999     0 -9999
2024 11 01 02    83    11 10149   260   124 -9999     0 -9999
2024 11 01 03    78     6 10155   260   129     6     0 -9999
2024 11 01 04    72     6 10163   280    93 -9999     0 -9999
2024 11 01 05    67     0 10171   280    98 -9999     0 -9999
2024 11 01 06    61     0 10183   280    62     6     0 -9999
2024 11 01 07    61     0 -9999   300    62 -9999     0 -9999
2024 11 01 08    56     0 10200   290    57     4     0 -9999
2024 11 01 09    56    -6 10206   300    67     4     0 -9999
2024 11 01 10    50    -6 10215   300    46     4     0 -9999
2024 11 01 11    44     0 10227   300    41     2     0 -9999
2024 11 01 12    39     0 10236   290    21     2     0 -9999
2024 11 01 13    39     0 10243     0     0     2     0 -9999
2024 11 01 14    50     6 10255   310    36     2     0 -9999
2024 11 01 15    67     6 10261   330    36     2     0 -9999
2024 11 01 16    83     6 10267   350    31     2     0 -9999
2024 11 01 17    83     0 10271   350    21     2     0 -9999
2024 11 01 18   106     0 10268 -9999    21     2     0 -9999
2024 11 01 19   111    -6 10263     0     0     2     0 -9999
2024 11 01 20   117    -6 10257 -9999    21     2     0 -9999
2024 11 01 21   111    -6 10255 -9999    21     2     0 -9999
2024 11 01 22   117     0 10259 -9999    21     2     0 -9999
2024 11 01 23    89    17 10264   100    36     0     0 -9999
2024 11 02 00    83    17 10270   100    31     0     0 -9999
2024 11 02 01    72    22 10268   110    26     0     0 -9999
2024 11 02 02    72    22 10269   110    21     0     0 -9999
2024 11 02 03    61    22 10277     0     0     0     0 -9999
2024 11 02 04    56    22 10280     0     0     0     0 -9999
2024 11 02 05    50    17 10280     0     0     0     0 -9999
2024 11 02 06    44    17 10282     0     0     0     0 -9999
2024 11 02 07    44    17 10283   170    21     0     0 -9999
2024 11 02 08    44    17 10282     0     0     0     0 -9999
2024 11 02 09    39    11 10286     0     0     0     0 -9999
2024 11 02 10    39    11 10289   170    15     0     0 -9999
2024 11 02 11    44    17 10293   180    21     0     0 -9999
2024 11 02 12    39    17 10290   160    21     2     0 -9999
2024 11 02 13    44    17 10296   160    21     4     0 -9999
2024 11 02 14    56    28 10299   150    41     4     0 -9999
2024 11 02 15    83    33 10298   170    41     6     0 -9999
2024 11 02 16   100    39 10298   160    41 -9999     0 -9999
2024 11 02 17   117    33 10294   140    46 -9999     0 -9999
2024 11 02 18   111    33 10288   140    36     6     0 -9999
2024 11 02 19   139    39 10280 -9999    26 -9999     0 -9999
2024 11 02 20   144    33 10272   150    46 -9999     0 -9999
2024 11 02 21   139    22 10269   140    41     6     0 -9999
2024 11 02 22   139    22 10270   150    36 -9999     0 -9999
2024 11 02 23   117    33 10264   100    36 -9999     0 -9999
2024 11 03 00   106    39 10267    90    21     4     0 -9999
2024 11 03 01   106    44 10264    90    31     4     0 -9999
2024 11 03 02    89    44 10262   100    21     2     0 -9999
2024 11 03 03    89    39 10260   110    21     6     0 -9999
2024 11 03 04   100    39 10255   110    21 -9999     0 -9999
2024 11 03 05   100    28 10247   120    36 -9999     0 -9999
2024 11 03 06   100    22 10242   120    31     6     0 -9999
2024 11 03 07   106    17 10237   110    36 -9999     0 -9999
2024 11 03 08   106    17 10238   140    31 -9999     0 -9999
2024 11 03 09   106    17 10235   110    26     8     0 -9999
2024 11 03 10   106    17 10229   110    36 -9999     0 -9999
2024 11 03 11   106    22 10225   120    41 -9999     0 -9999
2024 11 03 12   111    22 10219   120    46     8     0 -9999
2024 11 03 13   111    28 10214   120    57 -9999     0 -9999
2024 11 03 14   111    28 10213   130    62 -9999     0 -9999
2024 11 03 15   117    28 10208   130    67     8     0 -9999
2024 11 03 16   122    28 10202   130    57 -9999     0 -9999
2024 11 03 17   139    33 10185   130    67 -9999     0 -9999
2024 11 03 18   150    28 10177   130    67     8     0 -9999
2024 11 03 19   150    39 10163   130    57 -9999     0 -9999
2024 11 03 20   144    78 10150   130    41 -9999     5 -9999
2024 11 03 21   144    78 10142   130    51     8    -1 -9999
2024 11 03 22   156    83 10133   140    72 -9999    -1 -9999
2024 11 03 23   156    94 10128   150    57 -9999    -1 -9999
2024 11 04 00   161   100 10127   140    51     8    -1     5
2024 11 04 01   178   111 10129   160    57 -9999     0 -9999
2024 11 04 02   167   128 10128   160    57 -9999    -1 -9999
2024 11 04 03   167   128 10127   170    51     8     0 -9999
2024 11 04 04   172   128 10125   170    51 -9999     0 -9999
2024 11 04 05   178   128 10123   170    46 -9999     0 -9999
2024 11 04 06   178   133 10117   170    46     8     0    -1
2024 11 04 07   178   133 10117   170    41 -9999     0 -9999
2024 11 04 08   189   150 10118   190    46 -9999     0 -9999
2024 11 04 09   189   161 10119   210    62     8    -1 -9999
2024 11 04 10   183   167 -9999   190    41 -9999    -1 -9999
2024 11 04 11   178   172 10121   190    36 -9999    20 -9999
2024 11 04 12   178   172 10114   180    67     8    46    70
2024 11 04 13   172   161 10109   180    46 -9999    -1 -9999
2024 11 04 14   178   167 -9999   180    51 -9999    -1 -9999
2024 11 04 15   183   167 10098   180    51     8     0 -9999
2024 11 04 16   183   167 10102   190    82 -9999     0 -9999
2024 11 04 17   189   167 10105   210    72 -9999     0 -9999
2024 11 04 18   200   167 10103   200    88 -9999     0    -1
2024 11 04 19   200   167 10096   210    51 -9999     0 -9999
2024 11 04 20   200   167 10091   200    57 -9999     0 -9999
2024 11 04 21   200   161 10098   210    77     8     0 -9999
2024 11 04 22   194   161 10099   190    51 -9999     0 -9999
2024 11 04 23   183   167 10098   180    36 -9999    -1 -9999
2024 11 05 00   183   172 10101   210    36     8    -1    -1
2024 11 05 01   183   167 10100   190    36 -9999     3 -9999
2024 11 05 02   178   167 10098   200    41 -9999    -1 -9999
2024 11 05 03   178   167 10103   200    51     8    -1 -9999
2024 11 05 04   172   167 10087   170    31 -9999    43 -9999
2024 11 05 05   178   167 10087   190    41 -9999    10 -9999
2024 11 05 06   183   172 10082   180    57     8    20    70
2024 11 05 07   178   172 10078   180    57 -9999    53 -9999
2024 11 05 08   172   172 10067   150    26 -9999    94 -9999
2024 11 05 09   183   172 10061   170    62     8     5 -9999
2024 11 05 10   178   172 10058   180    41 -9999     5 -9999
2024 11 05 11   183   172 10060   180    57 -9999    10 -9999
2024 11 05 12   183   172 10064   200    62     8    13   190
2024 11 05 13   183   172 10069   190    72 -9999     5 -9999
2024 11 05 14   183   167 10070   190    72 -9999    -1 -9999
2024 11 05 15   183   167 10067   190    67     8    -1 -9999
2024 11 05 16   189   167 10065   180    67 -9999    -1 -9999
2024 11 05 17   183   156 10052   160    77 -9999    -1 -9999
2024 11 05 18   183   156 10047   180    72     8     3     8
2024 11 05 19   189   161 10044   180    88 -9999     0 -9999
2024 11 05 20   194   161 10038   190   103 -9999    -1 -9999
2024 11 05 21   189   167 10033   180    77     8    -1 -9999
2024 11 05 22   183   172 10030   180    72 -9999    28 -9999
2024 11 05 23   172   167 -9999   230    93 -9999    12 -9999
2024 11 06 00   178   161 10046   220    62     8    23   140
2024 11 06 01   172   161 -9999   220    57 -9999    -1 -9999
2024 11 06 02   172   156 10060   230    57 -9999    -1 -9999
2024 11 06 03   167   156 10067   220    41     6     0 -9999
2024 11 06 04   161   150 10072   210    41 -9999     0 -9999
2024 11 06 05   161   150 10078   230    46 -9999     0 -9999
2024 11 06 06   156   139 10085   240    26     4     0    -1
2024 11 06 07   150   133 -9999   260    36 -9999     0 -9999
2024 11 06 08   139   122 10098   260    31     2     0 -9999
2024 11 06 09   128   106 10109   280    46     6     0 -9999
2024 11 06 10   117    94 10118   250    31 -9999     0 -9999
2024 11 06 11   111    89 10125   260    26 -9999     0 -9999
2024 11 06 12   106    72 10137   300    46     8     0 -9999
2024 11 06 13   100    72 10151   290    36 -9999     0 -9999
2024 11 06 14   100    56 10163   290    41 -9999     0 -9999
2024 11 06 15   106    56 10169   310    41     8     0 -9999
2024 11 06 16   106    61 10180   290    36 -9999     0 -9999
2024 11 06 17   106    61 10184   320    36 -9999     0 -9999
2024 11 06 18   106    61 10185   340    41     8     0 -9999
2024 11 06 19   106    56 10191   320    46 -9999     0 -9999
2024 11 06 20   111    56 10195   340    36 -9999     0 -9999
2024 11 06 21   111    56 10200   330    31     8     0 -9999
2024 11 06 22   111    61 10204   320    26 -9999     0 -9999
2024 11 06 23   106    61 10212   310    21 -9999     0 -9999
2024 11 07 00   106    67 10217   330    26     8     0 -9999
2024 11 07 01   106    72 10222   340    15 -9999     0 -9999
2024 11 07 02   100    78 10225    30    46 -9999     0 -9999
2024 11 07 03    94    72 10230    10    41     8     0 -9999
2024 11 07 04    94    72 10236   350    41 -9999     0 -9999
2024 11 07 05    94    50 10241   350    36 -9999     0 -9999
2024 11 07 06    94    50 10244   350    36     8     0 -9999
2024 11 07 07    94    44 10249   330    26 -9999     0 -9999
2024 11 07 08    94    39 10253   340    31 -9999     0 -9999
2024 11 07 09    94    39 10256   360    31     8     0 -9999
2024 11 07 10    94    39 10260   360    15 -9999     0 -9999
2024 11 07 11    83    39 10265   350    31 -9999     0 -9999
2024 11 07 12    67    28 10267   340    21     4     0 -9999
2024 11 07 13    72    28 10269   310    15     2     0 -9999
2024 11 07 14    89    39 10278   340    36     2     0 -9999
2024 11 07 15   100    39 10280   320    21     4     0 -9999
2024 11 07 16   106    39 10282   310    15     4     0 -9999
2024 11 07 17   117    39 10279   310    31     4     0 -9999
2024 11 07 18   122    39 10269   250    21     2     0 -9999
2024 11 07 19   133    33 10260 -9999    21     2     0 -9999
2024 11 07 20   150    33 10255   290    31     2     0 -9999
2024 11 07 21   150    11 10250   290    36     2     0 -9999
2024 11 07 22   144    11 10249   270    31     2     0 -9999
2024 11 07 23   133    11 10249   250    26     0     0 -9999
2024 11 08 00   117    22 10253   250    26     0     0 -9999
2024 11 08 01   106    28 10252   220    21     0     0 -9999
2024 11 08 02   100    33 10248   250    26     0     0 -9999
2024 11 08 03    94    33 10246   260    31     0     0 -9999
2024 11 08 04    94    39 10244   260    41     0     0 -9999
2024 11 08 05    89    44 10241   260    41     0     0 -9999
2024 11 08 06    89    44 10238   260    36     0     0 -9999
2024 11 08 07    83    50 10236   260    36     0     0 -9999
2024 11 08 08    83    50 10237   280    31     0     0 -9999
2024 11 08 09    83    50 10238   270    31     0     0 -9999
2024 11 08 10    78    50 10239   290    36     0     0 -9999
2024 11 08 11    72    44 10241   280    26     0     0 -9999
2024 11 08 12    67    39 10243   290    26     2     0 -9999
2024 11 08 13    67    39 10249   260    31     4     0 -9999
2024 11 08 14    78    39 10255   260    41     2     0 -9999
2024 11 08 15   100    44 10250   290    46     2     0 -9999
2024 11 08 16   122    44 10245   290    31     2     0 -9999
2024 11 08 17   144    39 10249   260    36     2     0 -9999
2024 11 08 18   156    33 10238   270    36     2     0 -9999
2024 11 08 19   161    22 10237   280    46     4     0 -9999
2024 11 08 20   161    22 10237   280    57     4     0 -9999
2024 11 08 21   156    22 10238   300    41     6     0 -9999
2024 11 08 22   150    22 10241   300    26 -9999     0 -9999
2024 11 08 23   128    28 10244   340    21     2     0 -9999
2024 11 09 00   128    44 10246    40    57     2     0 -9999
2024 11 09 01   117    56 10253    60    51     0     0 -9999
2024 11 09 02   111    56 10257    50    51     4     0 -9999
2024 11 09 03   106    56 10259    50    51     4     0 -9999
2024 11 09 04   100    33 10262    40    36     4     0 -9999
2024 11 09 05   100    39 10263    60    21     4     0 -9999
2024 11 09 06    89    33 10254    50    41     4     0 -9999
2024 11 09 07   100    44 10255    70    26     4     0 -9999
2024 11 09 08   100    56 10256    70    36     4     0 -9999
2024 11 09 09    89    50 10254   100    31     6     0 -9999
2024 11 09 10    83    50 10254    90    31 -9999     0 -9999
2024 11 09 11    83    39 10248    90    31 -9999     0 -9999
2024 11 09 12    83    39 10251   110    36     6     0 -9999
2024 11 09 13    78    44 10253   130    26 -9999     0 -9999
2024 11 09 14    94    56 10253   120    31 -9999     0 -9999
2024 11 09 15   106    56 10251   140    51     6     0 -9999
2024 11 09 16   111    56 10251   140    57 -9999     0 -9999
2024 11 09 17   117    50 10242   130    36 -9999     0 -9999
2024 11 09 18   122    56 10233   140    36     8     0 -9999
2024 11 09 19   128    56 10220   130    41 -9999     0 -9999
2024 11 09 20   128    56 10214   110    57 -9999     0 -9999
2024 11 09 21   122    67 10208   110    51     8    -1 -9999
2024 11 09 22   111    72 10196   100    41 -9999     3 -9999
2024 11 09 23   111    72 10197   130    51 -9999    -1 -9999
2024 11 10 00   111    78 10190   110    41     8    -1     3
2024 11 10 01   111    72 10186   110    31 -9999     0 -9999
2024 11 10 02   111    67 10179   120    51 -9999    -1 -9999
2024 11 10 03   106    67 10172   130    31     8     3 -9999
2024 11 10 04   106    67 10167   130    36 -9999    -1 -9999
2024 11 10 05    94    78 10156   120    36 -9999    30 -9999
2024 11 10 06    94    83 10147   120    41     8    15    50
2024 11 10 07    94    83 10138   130    26 -9999     5 -9999
2024 11 10 08    94    89 -9999   170    26 -9999    -1 -9999
2024 11 10 09   100    94 10122   180    31     8     3 -9999
2024 11 10 10   100   100 10115   170    26 -9999    -1 -9999
2024 11 10 11   106   100 10112   190    21 -9999    -1 -9999
2024 11 10 12   111   106 10111   200    21     8    -1    20
2024 11 10 13   111   106 10108   200    31 -9999    -1 -9999
2024 11 10 14   117   111 10103   180    26 -9999     0 -9999
2024 11 10 15   128   111 10099   190    31     6     0 -9999
2024 11 10 16   133   111 10091   190    62 -9999     0 -9999
2024 11 10 17   150   106 10075   180    51 -9999     0 -9999
2024 11 10 18   161   111 10065   200    77     6     0    -1
2024 11 10 19   172   106 10055   230    88 -9999     0 -9999
2024 11 10 20   150    78 10058   250    88 -9999     0 -9999
2024 11 10 21   139    72 10068   260   103     6     0 -9999
2024 11 10 22   128    61 10079   260    82     4     0 -9999
2024 11 10 23   122    61 10086   260    57 -9999     0 -9999
2024 11 11 00   122    67 10099   260    62     6     0 -9999
2024 11 11 01   117    67 10105   240    57 -9999     0 -9999
2024 11 11 02   117    67 10108   250    51 -9999     0 -9999
2024 11 11 03   117    72 10111   250    51     8     0 -9999
2024 11 11 04   111    72 10110   240    51 -9999     0 -9999
2024 11 11 05   111    78 10112   240    51 -9999     0 -9999
2024 11 11 06   111    78 10112   250    46     6     0 -9999
2024 11 11 07   111    72 10109   270    62 -9999     0 -9999
2024 11 11 08   106    72 10111   260    46 -9999     0 -9999
2024 11 11 09   106    72 10108   240    41     6     0 -9999
2024 11 11 10   111    72 10105   250    36 -9999     0 -9999
2024 11 11 11   111    72 10109   250    41 -9999     0 -9999
2024 11 11 12   117    72 10106   250    41     8     0 -9999
2024 11 11 13   111    72 10106   250    51 -9999     0 -9999
2024 11 11 14   111    72 10106   260    72     2     0 -9999
2024 11 11 15   122    72 10105   250    62     2     0 -9999
2024 11 11 16   122    61 10113   280    88     4     0 -9999
2024 11 11 17   133    56 10115   280    82     2     0 -9999
2024 11 11 18   133    50 10118   280    77     4     0 -9999
2024 11 11 19   144    44 10123   300    62     2     0 -9999
2024 11 11 20   139    28 10134   330    57     2     0 -9999
2024 11 11 21   128    33 10146   330    67     2     0 -9999
2024 11 11 22   100     6 10163   330    62     2     0 -9999
2024 11 11 23    78    -6 10178   350    72     2     0 -9999
2024 11 12 00    72   -11 10191   350    67     2     0 -9999
2024 11 12 01    61   -11 10198   350    57     0     0 -9999
2024 11 12 02    61   -11 10202   360    41     2     0 -9999
2024 11 12 03    67   -11 10212   350    36     6     0 -9999
2024 11 12 04    67    -6 10217   350    51 -9999     0 -9999
2024 11 12 05    67     0 10221   360    62 -9999     0 -9999
2024 11 12 06    67     6 10227    20    57     8     0 -9999
2024 11 12 07    56    22 10231   360    67 -9999     0 -9999
2024 11 12 08    50    22 10233   350    36 -9999     0 -9999
2024 11 12 09    50    22 10238   340    51     8     0 -9999
2024 11 12 10    50    33 10243   360    46 -9999    -1 -9999
2024 11 12 11    50    33 10254   350    41 -9999     0 -9999
2024 11 12 12    61    33 10257    70    51     8     0     0
2024 11 12 13    78    17 10264    60    46 -9999     0 -9999
2024 11 12 14    72    11 10273    70    51 -9999     0 -9999
2024 11 12 15    78    17 10280    70    57     8     0 -9999
2024 11 12 16    78    22 10282    90    46 -9999     0 -9999
2024 11 12 17    89    22 10280   110    62     4     0 -9999
2024 11 12 18    94    22 10271    80    62     4     0 -9999
2024 11 12 19    94    22 10265    70    41     2     0 -9999
2024 11 12 20    94    17 10259    90    41     2     0 -9999
2024 11 12 21    94    17 10258   140    41     2     0 -9999
2024 11 12 22    89    22 10258    90    41     2     0 -9999
2024 11 12 23    78    22 10254    80    41     2     0 -9999
2024 11 13 00    78    17 10253    90    31     2     0 -9999
2024 11 13 01    72    17 10256   110    21     2     0 -9999
2024 11 13 02    61    17 10258   120    36     0     0 -9999
2024 11 13 03    72    17 10253   120    46     2     0 -9999
2024 11 13 04    67    11 10254   140    51     4     0 -9999
2024 11 13 05    61     6 10257   140    46     4     0 -9999
2024 11 13 06    56     6 10255   120    46     6     0 -9999
2024 11 13 07    56    11 10253   130    46 -9999     0 -9999
2024 11 13 08    50    11 10246   130    36     4     0 -9999
2024 11 13 09    50    11 10241   130    36     6     0 -9999
2024 11 13 10    50     6 10238   120    41 -9999     0 -9999
2024 11 13 11    50     0 10238   130    41 -9999     0 -9999
2024 11 13 12    50     0 10234   130    41     8     0 -9999
2024 11 13 13    50     0 10232   130    26 -9999     0 -9999
2024 11 13 14    61     6 10230   130    46 -9999     0 -9999
2024 11 13 15    67     6 10223   140    46     8     0 -9999
2024 11 13 16    83    11 10213   130    51 -9999     0 -9999
2024 11 13 17    94    11 10194   130    46 -9999     0 -9999
2024 11 13 18   100    17 10178   120    51     8     0 -9999
2024 11 13 19   100    22 10168   110    51 -9999     0 -9999
2024 11 13 20   100    22 10162   130    51 -9999     0 -9999
2024 11 13 21   100    28 10154   120    46     8     0 -9999
2024 11 13 22   106    33 10146   130    41 -9999     0 -9999
2024 11 13 23   106    44 10134   130    36 -9999    -1 -9999
2024 11 14 00   100    56 10131   140    46     8     3     3
2024 11 14 01    94    72 10135   140    51 -9999    38 -9999
2024 11 14 02    89    78 10130   120    31 -9999    48 -9999
2024 11 14 03    83    78 10118   100    31     8    36 -9999
2024 11 14 04    89    83 10088   110    72 -9999    13 -9999
2024 11 14 05   100    89 10089   130    36 -9999    -1 -9999
2024 11 14 06   100    94 10083   140    26     8     8   140
2024 11 14 07   100    94 10069   130    21 -9999     5 -9999
2024 11 14 08   100   100 10065   120    26 -9999    10 -9999
2024 11 14 09   106   100 10060   140    15     8    -1 -9999
2024 11 14 10   106   100 10057    90    15 -9999     5 -9999
2024 11 14 11   106   100 -9999     0     0 -9999    -1 -9999
2024 11 14 12   106   100 10057     0     0     8    -1    30
2024 11 14 13   106   100 10063   290    21 -9999     3 -9999
2024 11 14 14   106   100 10071   290    31 -9999     0 -9999
2024 11 14 15   106    94 10080   310    36     8     0 -9999
2024 11 14 16   111    94 10082   300    41 -9999     0 -9999
2024 11 14 17   117    94 10081   300    41 -9999     0 -9999
2024 11 14 18   117    94 10084   300    51     8     0     3
2024 11 14 19   117    89 10092   280    41 -9999     0 -9999
2024 11 14 20   106    83 10099   290    57 -9999     0 -9999
2024 11 14 21   106    89 10109   300    51     8     0 -9999
2024 11 14 22   106    83 10118   290    46 -9999     0 -9999
2024 11 14 23   106    78 10128   310    46 -9999     0 -9999
2024 11 15 00   100    78 10136   300    46     8     0 -9999
2024 11 15 01    94    72 10142   300    51 -9999    -1 -9999
2024 11 15 02    89    78 10147   280    26 -9999    -1 -9999
2024 11 15 03    89    78 10153   280    21     8    -1 -9999
2024 11 15 04    89    78 10155   290    31 -9999    -1 -9999
2024 11 15 05    94    72 10158   280    26 -9999    -1 -9999
2024 11 15 06    94    67 10162   300    46     8     0    -1
2024 11 15 07    94    67 10165   300    31 -9999     0 -9999
2024 11 15 08    94    67 10169   280    26 -9999     0 -9999
2024 11 15 09    94    67 10171   300    15     8     0 -9999
2024 11 15 10    94    61 10178   280    36 -9999     0 -9999
2024 11 15 11    94    61 10181   300    31 -9999     0 -9999
2024 11 15 12    94    61 10186   280    21     8     0 -9999
2024 11 15 13    89    61 10193   290    21 -9999     0 -9999
2024 11 15 14    89    61 10197   290    21 -9999     0 -9999
2024 11 15 15    94    56 10207   280    31     8     0 -9999
2024 11 15 16    94    56 10210   310    31 -9999     0 -9999
2024 11 15 17   100    56 10209   290    15 -9999     0 -9999
2024 11 15 18   111    56 10203   350    21     8     0 -9999
2024 11 15 19   117    56 10200   330    15 -9999     0 -9999
2024 11 15 20   117    44 10200   310    26 -9999     0 -9999
2024 11 15 21   122    50 10197    30    26     4     0 -9999
2024 11 15 22   111    50 10202     0     0 -9999     0 -9999
2024 11 15 23    94    44 10203     0     0 -9999     0 -9999
2024 11 16 00    83    39 10208   100    21     4     0 -9999
2024 11 16 01    78    39 10206   110    21 -9999     0 -9999
2024 11 16 02    78    39 10207   150    26 -9999     0 -9999
2024 11 16 03    67    39 10207   120    21     2     0 -9999
2024 11 16 04    67    39 10204     0     0 -9999     0 -9999
2024 11 16 05    67    39 10202   180    15 -9999     0 -9999
2024 11 16 06    61    39 10202     0     0     6     0 -9999
2024 11 16 07    72    44 10207   220    15 -9999     0 -9999
2024 11 16 08    67    44 10209   230    21 -9999     0 -9999
2024 11 16 09    72    44 10208     0     0     6     0 -9999
2024 11 16 10    72    44 10210     0     0 -9999     0 -9999
2024 11 16 11    72    44 10215     0     0 -9999     0 -9999
2024 11 16 12    78    44 10218   190    15     8     0 -9999
2024 11 16 13    78    44 10216   160    21 -9999     0 -9999
2024 11 16 14    89    39 10217   150    21 -9999     0 -9999
2024 11 16 15    94    39 10216   150    36     8     0 -9999
2024 11 16 16   100    39 10213   160    51 -9999     0 -9999
2024 11 16 17   106    44 10207   140    51 -9999     0 -9999
2024 11 16 18   111    44 10195   160    57     8     0 -9999
2024 11 16 19   106    39 10187   170    46 -9999     0 -9999
2024 11 16 20   111    44 10180   180    57 -9999     0 -9999
2024 11 16 21   106    44 10172   170    41     6     0 -9999
2024 11 16 22   100    44 10166   150    57 -9999     0 -9999
2024 11 16 23    94    44 10169   160    46 -9999     0 -9999
2024 11 17 00    89    44 10158   130    41     6     0 -9999
2024 11 17 01    94    44 10153   150    46 -9999     0 -9999
2024 11 17 02    89    50 10149   150    51 -9999     0 -9999
2024 11 17 03    89    50 10150   150    46     6     0 -9999
2024 11 17 04    89    50 10135   150    57 -9999     0 -9999
2024 11 17 05    89    50 10144   170    31 -9999     0 -9999
2024 11 17 06    78    44 10143   170    31     6     0 -9999
2024 11 17 07    83    50 10139   170    46 -9999     0 -9999
2024 11 17 08    83    50 10133   190    57 -9999     0 -9999
2024 11 17 09    89    50 10130   180    57     6     0 -9999
2024 11 17 10    89    56 10128   190    46 -9999     0 -9999
2024 11 17 11    89    56 10128   190    41 -9999     0 -9999
2024 11 17 12    89    61 10123   190    41     8     0 -9999
2024 11 17 13    89    67 10126   210    31 -9999    -1 -9999
2024 11 17 14    89    67 10129   210    41 -9999     0 -9999
2024 11 17 15    94    72 10134   220    41     6     0 -9999
2024 11 17 16   106    78 10129   220    46 -9999     0 -9999
2024 11 17 17   117    83 10133   240    36 -9999     0 -9999
2024 11 17 18   128    83 10124   220    46     6     0     0
2024 11 17 19   133    89 10115   230    31 -9999     0 -9999
2024 11 17 20   144    94 10122   220    51 -9999     0 -9999
2024 11 17 21   144    94 10119   210    46     6     0 -9999
2024 11 17 22   144    94 10117   210    36 -9999     0 -9999
2024 11 17 23   139   100 10132   240    15 -9999    -1 -9999
2024 11 18 00   139   100 10132   190    15 -9999    -1    -1
2024 11 18 01   128   111 10135   210    15 -9999     3 -9999
2024 11 18 02   122   111 10138   210    31 -9999     3 -9999
2024 11 18 03   122   111 10136   210    21 -9999     3 -9999
2024 11 18 04   111   100 10142     0     0 -9999     0 -9999
2024 11 18 05   111   106 10140     0     0 -9999     0 -9999
2024 11 18 06   111   106 10143     0     0 -9999     0     8
2024 11 18 07   100    94 10139     0     0 -9999     0 -9999
2024 11 18 08   100    94 10138     0     0 -9999     0 -9999
2024 11 18 09   100    94 10138     0     0 -9999     0 -9999
2024 11 18 10   100    94 10135     0     0 -9999     0 -9999
2024 11 18 11    94    89 10133    20    36 -9999     0 -9999
2024 11 18 12   100    94 10134    60    21 -9999     0 -9999
2024 11 18 13   111   100 10137    70    26 -9999     0 -9999
2024 11 18 14   111   100 10142    90    26 -9999     0 -9999
2024 11 18 15   122   111 -9999    90    36 -9999     0 -9999
2024 11 18 16   128   111 10134   100    41 -9999     0 -9999
2024 11 18 17   133   111 10127   120    51 -9999    -1 -9999
2024 11 18 18   128   117 10118   120    46 -9999    28    25
2024 11 18 19   128   122 10109   110    36 -9999    15 -9999
2024 11 18 20   128   122 10101   110    41 -9999    28 -9999
2024 11 18 21   128   122 10098   120    46 -9999     5 -9999
2024 11 18 22   128   128 10093   120    36 -9999    10 -9999
2024 11 18 23   133   133 10081   110    57 -9999     8 -9999
2024 11 19 00   139   133 10072   120    67 -9999    -1    69
2024 11 19 01   139   133 10062   120    57 -9999     0 -9999
2024 11 19 02   139   133 10052   130    67 -9999     0 -9999
2024 11 19 03   144   133 10046   120    57 -9999     0 -9999
2024 11 19 04   150   133 10034   130    72 -9999     0 -9999
2024 11 19 05   156   128 10014   130    82 -9999     0 -9999
2024 11 19 06   150   133 10006   130    67 -9999    13    13
2024 11 19 07   150   133  9996   140    93 -9999     8 -9999
2024 11 19 08   150   133  9987   150    88 -9999     5 -9999
2024 11 19 09   161   139  9976   150   103 -9999     0 -9999
2024 11 19 10   156   144 -9999   160    77 -9999     3 -9999
2024 11 19 11   161   144  9972   170    67 -9999     0 -9999
2024 11 19 12   167   128  9975   200    98 -9999     0    15
2024 11 19 13   161   117  9980   200    88 -9999     0 -9999
2024 11 19 14   156   106  9982   200    67 -9999     0 -9999
2024 11 19 15   150   100  9990   210    88 -9999     0 -9999
2024 11 19 16   144    94  9997   210    72 -9999     0 -9999
2024 11 19 17   139    94 10004   240    67 -9999     0 -9999
2024 11 19 18   144    94 10009   230    82 -9999     0 -9999
2024 11 19 19   161    94 10012   230    82 -9999     0 -9999
2024 11 19 20   167    94 10016   240    77 -9999     0 -9999
2024 11 19 21   172    94 10022   240    57 -9999     0 -9999
2024 11 19 22   161    94 10032   240    67 -9999     0 -9999
2024 11 19 23   150    89 10041   230    41 -9999     0 -9999
2024 11 20 00   139    83 10051   260    51 -9999     0 -9999
2024 11 20 01   122    72 10060   270    36 -9999     0 -9999
2024 11 20 02   111    61 10072   280    41 -9999     0 -9999
2024 11 20 03   106    56 10082   280    41 -9999     0 -9999
2024 11 20 04    94    50 10084   280    31     2     0 -9999
2024 11 20 05    94    50 10087   290    36 -9999     0 -9999
2024 11 20 06    83    22 10084   300    31     2     0 -9999
2024 11 20 07    78    22 10082   300    21 -9999     0 -9999
2024 11 20 08    83    22 10089   260    36 -9999     0 -9999
2024 11 20 09    78    28 10089   250    26 -9999     0 -9999
2024 11 20 10    72    22 10087   250    26 -9999     0 -9999
2024 11 20 11    72    28 10091   250    46 -9999     0 -9999
2024 11 20 12    56    17 10102   260    62 -9999    -1    -1
2024 11 20 13    56    11 10096   250    21 -9999    -1 -9999
2024 11 20 14    56    17 10096   220    31 -9999     0 -9999
2024 11 20 15    56    17 10097   230    46 -9999     0 -9999
2024 11 20 16    72    11 10095   250    51 -9999     0 -9999
2024 11 20 17    83   -28 10083   260    67     4     0 -9999
2024 11 20 18    89   -33 10074   250    93     2     0    -1
2024 11 20 19    89   -33 10069   240    88     4     0 -9999
2024 11 20 20    78   -39 10069   250   103 -9999     0 -9999
2024 11 20 21    61   -28 10077   250    72 -9999     0 -9999
2024 11 20 22    39   -22 10085   240    88 -9999    -1 -9999
2024 11 20 23    28   -28 10089   260    88 -9999    -1 -9999
2024 11 21 00    17   -33 10094   270    82 -9999    -1    -1
2024 11 21 01    11   -22 -9999   260    67 -9999    -1 -9999
2024 11 21 02    11   -33 -9999   270    72 -9999    -1 -9999
2024 11 21 03     6   -39 10085   270    67 -9999    -1 -9999
2024 11 21 04     6   -39 10081   270    82 -9999    -1 -9999
2024 11 21 05     6   -39 10074   260    31 -9999    -1 -9999
2024 11 21 06     0   -39 10068   270    67 -9999    -1    -1
2024 11 21 07     0   -39 -9999   270    57 -9999    -1 -9999
2024 11 21 08    -6   -39 10058   290    57 -9999    -1 -9999
2024 11 21 09   -11   -50 10055   280    57 -9999    -1 -9999
2024 11 21 10   -11   -44 10057   280    67 -9999    -1 -9999
2024 11 21 11   -11   -56 10059   300    62 -9999    -1 -9999
2024 11 21 12   -11   -50 10058   290    62 -9999    -1    -1
2024 11 21 13    -6   -50 10060   280    51 -9999    -1 -9999
2024 11 21 14    -6   -44 10057   270    72 -9999    -1 -9999
2024 11 21 15   -11   -28 -9999   250    51 -9999     3 -9999
2024 11 21 16   -11   -22 10044   270    51 -9999    20 -9999
2024 11 21 17     0   -17 10037   260    82 -9999    20 -9999
2024 11 21 18     6    -6 10031   270    82 -9999    13    56
2024 11 21 19    11    -6 10023   270    67 -9999     5 -9999
2024 11 21 20    17     0 10027   290    77 -9999     3 -9999
2024 11 21 21    22     6 10036   300    77 -9999     3 -9999
2024 11 21 22    33    11 10048   310    82 -9999     3 -9999
2024 11 21 23    39    17 10062   320    93 -9999    -1 -9999
2024 11 22 00    39    17 10083   350    88     8     3    20
2024 11 22 01    39    11 10096   330    77 -9999    -1 -9999
2024 11 22 02    33     6 10105   340    67 -9999    -1 -9999
2024 11 22 03    33     6 10114   340    41     6     0 -9999
2024 11 22 04    28     6 10117   330    31     4     0 -9999
2024 11 22 05    22     6 10121   320    36     2     0 -9999
2024 11 22 06    22    11 10126   300    41     6     0    -1
2024 11 22 07    33    11 10128   310    57     4     0 -9999
2024 11 22 08    39    22 10137   320    57 -9999     0 -9999
2024 11 22 09    44    28 10139   310    51     8     0 -9999
2024 11 22 10    44    28 10137   310    41 -9999     0 -9999
2024 11 22 11    50    33 10140   320    46 -9999     0 -9999
2024 11 22 12    56    28 10142   340    46     8     0 -9999
2024 11 22 13    56    28 10144   330    57 -9999     0 -9999
2024 11 22 14    56    33 10149   320    46 -9999     0 -9999
2024 11 22 15    67    33 10153   330    67     8     0 -9999
2024 11 22 16    72    33 10155   330    67 -9999     0 -9999
2024 11 22 17    72    28 10154   330    62 -9999     0 -9999
2024 11 22 18    78    33 10147   320    67     6     0 -9999
2024 11 22 19    83    33 10141   310    67 -9999     0 -9999
2024 11 22 20    83    33 10140   320    46 -9999     0 -9999
2024 11 22 21    83    33 10143   320    62     8     0 -9999
2024 11 22 22    78    28 10147   330    72 -9999     0 -9999
2024 11 22 23    72    28 10153   320    88 -9999     0 -9999
2024 11 23 00    72    28 10155   310    72     8     0 -9999
2024 11 23 01    67    22 10158   310    62 -9999     0 -9999
2024 11 23 02    67    22 10161   320    62 -9999     0 -9999
2024 11 23 03    61    22 10160   310    31     8     0 -9999
2024 11 23 04    56    22 10164   330    67 -9999     0 -9999
2024 11 23 05    56    22 10160   310    51 -9999     0 -9999
2024 11 23 06    50    22 10165   300    46     8     0 -9999
2024 11 23 07    50    22 10160   310    36 -9999     0 -9999
2024 11 23 08    44    17 10162   330    36 -9999     0 -9999
2024 11 23 09    44    11 10166   300    57     8     0 -9999
2024 11 23 10    44    11 10167   290    26 -9999     0 -9999
2024 11 23 11    44    11 10174   330    36 -9999     0 -9999
2024 11 23 12    39    11 10176   330    36     8     0 -9999
2024 11 23 13    39     6 10178   310    31 -9999     0 -9999
2024 11 23 14    39     6 10182   310    31 -9999     0 -9999
2024 11 23 15    44     6 10184   310    26     8     0 -9999
2024 11 23 16    44     6 10185   250    31 -9999     0 -9999
2024 11 23 17    50    11 10179   250    41 -9999     0 -9999
2024 11 23 18    56    11 10168   230    41     6     0 -9999
2024 11 23 19    56    17 10171   260    51 -9999     0 -9999
2024 11 23 20    56    17 10165   240    41 -9999     0 -9999
2024 11 23 21    56    17 10156   240    46     6     0 -9999
2024 11 23 22    50    17 10163   260    41 -9999     0 -9999
2024 11 23 23    50    17 10167   240    41 -9999     0 -9999
2024 11 24 00    44    11 10168   240    41     8     0 -9999
2024 11 24 01    39    11 10162   230    41 -9999     0 -9999
2024 11 24 02    39    11 10160   250    31 -9999     0 -9999
2024 11 24 03    39    11 10160   220    31     8     0 -9999
2024 11 24 04    33     6 10160   200    36 -9999     0 -9999
2024 11 24 05    33     6 10155   200    26 -9999     0 -9999
2024 11 24 06    28     6 10158   220    26     8     0 -9999
2024 11 24 07    28     6 10154   200    26 -9999     0 -9999
2024 11 24 08    28     6 10156   230    31 -9999     0 -9999
2024 11 24 09    33    11 10154   220    26     8     0 -9999
2024 11 24 10    33    17 10149   210    26 -9999     0 -9999
2024 11 24 11    33    17 10145   190    15 -9999     0 -9999
2024 11 24 12    33    17 10146   180    21     8     0 -9999
2024 11 24 13    28    17 10145   130    15 -9999     0 -9999
2024 11 24 14    39    17 10144   120    31 -9999     0 -9999
2024 11 24 15    44    22 10147   160    36     6     0 -9999
2024 11 24 16    56    28 10143   120    26 -9999     0 -9999
2024 11 24 17    78    33 10133   130    41 -9999     0 -9999
2024 11 24 18    89    33 10119   130    41     6     0 -9999
2024 11 24 19    94    39 10110   130    41 -9999     0 -9999
2024 11 24 20    94    39 10105   100    57 -9999     0 -9999
2024 11 24 21    94    44 10101   100    57     8     0 -9999
2024 11 24 22    94    50 10098   110    57 -9999     0 -9999
2024 11 24 23   100    56 10100   100    41 -9999     0 -9999
2024 11 25 00   100    56 10102   110    46     6     0 -9999
2024 11 25 01    94    56 10102   110    46 -9999     0 -9999
2024 11 25 02   100    61 10105   100    41 -9999     0 -9999
2024 11 25 03   100    61 10098   120    36     8     0 -9999
2024 11 25 04   100    61 10096   130    21 -9999     0 -9999
2024 11 25 05   106    61 10086   170    21 -9999     0 -9999
2024 11 25 06   111    56 10082   180    21     8     0 -9999
2024 11 25 07   111    56 10078     0     0 -9999     0 -9999
2024 11 25 08   100    56 10080     0     0 -9999     0 -9999
2024 11 25 09    94    61 10079   350    21     8     0 -9999
2024 11 25 10    89    67 10078   360    21 -9999     0 -9999
2024 11 25 11    94    72 10079     0     0 -9999     0 -9999
2024 11 25 12   100    72 10082     0     0     8    -1     0
2024 11 25 13   100    72 10087     0     0 -9999     0 -9999
2024 11 25 14    94    78 10086   350    15 -9999    -1 -9999
2024 11 25 15   100    78 10091   300    21     8    -1 -9999
2024 11 25 16   100    78 10096   290    51 -9999     0 -9999
2024 11 25 17   100    72 10094   300    46 -9999     0 -9999
2024 11 25 18   106    78 10093   310    57     8     0    -1
2024 11 25 19   106    72 10097   300    46 -9999     0 -9999
2024 11 25 20    89    67 10109   310    51 -9999     0 -9999
2024 11 25 21    78    61 10120   280    51     8     0 -9999
2024 11 25 22    72    50 10130   300    62 -9999     0 -9999
2024 11 25 23    67    39 10141   300    72 -9999     0 -9999
2024 11 26 00    61    22 10150   290    82     8     0 -9999
2024 11 26 01    50     6 10161   300    77 -9999     0 -9999
2024 11 26 02    50     6 10166   300    62 -9999     0 -9999
2024 11 26 03    44     0 10170   290    67     8     0 -9999
2024 11 26 04    39    -6 10176   280    67 -9999     0 -9999
2024 11 26 05    33   -17 10180   280    57 -9999     0 -9999
2024 11 26 06    17   -33 10182   290    41     6     0 -9999
2024 11 26 07    11   -39 10185   290    62     4     0 -9999
2024 11 26 08    -6   -44 10191   260    62     2     0 -9999
2024 11 26 09   -17   -56 10200   270    51     2     0 -9999
2024 11 26 10   -22   -67 10203   260    46     0     0 -9999
2024 11 26 11   -28   -72 10206   260    46     0     0 -9999
2024 11 26 12   -33   -78 10209   270    46     0     0 -9999
2024 11 26 13   -33   -83 10216   270    36     2     0 -9999
2024 11 26 14   -33   -83 10220   260    36     0     0 -9999
2024 11 26 15   -22   -83 10221   260    41     2     0 -9999
2024 11 26 16    -6   -89 10221   260    36     2     0 -9999
2024 11 26 17     6   -89 10215   240    62     2     0 -9999
2024 11 26 18    17   -83 10211   250    57     2     0 -9999
2024 11 26 19    28   -78 10203   230    62     2     0 -9999
2024 11 26 20    39   -72 10199   240    62     4     0 -9999
2024 11 26 21    39   -67 10199   240    67 -9999     0 -9999
2024 11 26 22    33   -67 10198   240    51 -9999     0 -9999
2024 11 26 23    28   -61 10199   240    46 -9999     0 -9999
2024 11 27 00    22   -61 10198   230    41     8     0 -9999
2024 11 27 01    22   -56 10199   230    31 -9999     0 -9999
2024 11 27 02    22   -56 10198   230    31 -9999     0 -9999
2024 11 27 03    22   -56 10193   210    21     8     0 -9999
2024 11 27 04    22   -56 10187   220    15 -9999     0 -9999
2024 11 27 05    28   -50 10182   180    15 -9999     0 -9999
2024 11 27 06    28   -50 10180   210    15     6     0 -9999
2024 11 27 07    22   -44 10174   260    26 -9999     0 -9999
2024 11 27 08    22   -44 10172   190    15 -9999     0 -9999
2024 11 27 09    17   -44 10165     0     0     6     0 -9999
2024 11 27 10    17   -44 10159   160    15 -9999     0 -9999
2024 11 27 11    17   -39 10158   150    15 -9999     0 -9999
2024 11 27 12    17   -33 10150   130    21     6     0 -9999
2024 11 27 13    17   -39 10150   120    21 -9999     0 -9999
2024 11 27 14    22   -33 10145   100    21 -9999     0 -9999
2024 11 27 15    33   -33 10145    70    15     8     0 -9999
2024 11 27 16    44   -33 10142     0     0 -9999     0 -9999
2024 11 27 17    50   -33 10132   110    21 -9999     0 -9999
2024 11 27 18    56   -33 10123     0     0     8     0 -9999
2024 11 27 19    61   -39 10111    90    15 -9999     0 -9999
2024 11 27 20    67   -44 10107     0     0 -9999     0 -9999
2024 11 27 21    61   -28 10105    30    31     8     0 -9999
2024 11 27 22    50   -22 10105    30    36 -9999     0 -9999
2024 11 27 23    44   -17 10100    10    36 -9999     0 -9999
2024 11 28 00    44   -17 10098    10    31     8     0 -9999
2024 11 28 01    39   -17 10102   340    36 -9999     0 -9999
2024 11 28 02    33     0 10102   350    46 -9999     0 -9999
2024 11 28 03    33     6 10105   350    62     8     0 -9999
2024 11 28 04    33     0 10104   350    51 -9999     0 -9999
2024 11 28 05    28   -11 10107   340    67 -9999     0 -9999
2024 11 28 06    17   -17 10111   350    88     8     0 -9999
2024 11 28 07     6   -28 -9999   340    51 -9999     0 -9999
2024 11 28 08     0   -39 10122   350    67 -9999     0 -9999
2024 11 28 09   -11   -56 10126   360    93     6     0 -9999
2024 11 28 10   -28   -67 10130   350    67     4     0 -9999
2024 11 28 11   -33   -67 10136   340    67     2     0 -9999
2024 11 28 12   -28   -67 10144   320    36     6     0 -9999
2024 11 28 13   -22   -67 10153   310    41 -9999     0 -9999
2024 11 28 14   -22   -72 -9999   310    36 -9999     0 -9999
2024 11 28 15   -17   -72 10165   320    46     8     0 -9999
2024 11 28 16   -11   -72 10170   300    46 -9999     0 -9999
2024 11 28 17   -11   -72 10172   300    41 -9999     0 -9999
2024 11 28 18    -6   -72 10171   290    51     8     0 -9999
2024 11 28 19    -6   -72 10170   280    31 -9999     0 -9999
2024 11 28 20    -6   -78 10170   270    67 -9999     0 -9999
2024 11 28 21   -11   -78 10173   260    41     8     0 -9999
2024 11 28 22   -17   -78 10181   270    67 -9999     0 -9999
2024 11 28 23   -22   -78 10186   280    51 -9999     0 -9999
2024 11 29 00   -22   -78 10187   270    57     8     0 -9999
2024 11 29 01   -22   -78 10187   280    57 -9999     0 -9999
2024 11 29 02   -22   -72 10186   270    46 -9999    -1 -9999
2024 11 29 03   -22   -83 10187   290    62     8     0 -9999
2024 11 29 04   -22   -78 10187   280    51 -9999    -1 -9999
2024 11 29 05   -22   -78 10187   270    36 -9999    -1 -9999
2024 11 29 06   -22   -83 10186   270    77     8     0    -1
2024 11 29 07   -22   -83 10183   260    41 -9999     0 -9999
2024 11 29 08   -28   -94 10186   280    62 -9999     0 -9999
2024 11 29 09   -28  -106 10185   280    67     8    -1 -9999
2024 11 29 10   -39   -94 10187   280    62 -9999    -1 -9999
2024 11 29 11   -44  -111 -9999   280    62 -9999    -1 -9999
2024 11 29 12   -50  -117 10195   270    62     8     0    -1
2024 11 29 13   -56  -122 10198   270    62 -9999     0 -9999
2024 11 29 14   -56  -122 10202   290    62 -9999     0 -9999
2024 11 29 15   -56  -117 10206   270    67     6    -1 -9999
2024 11 29 16   -50  -128 10209   270    88 -9999    -1 -9999
2024 11 29 17   -50  -122 10207   280    57 -9999    -1 -9999
2024 11 29 18   -50  -117 10206   260    62     8    -1    -1
2024 11 29 19   -50  -122 10204   270    46 -9999    -1 -9999
2024 11 29 20   -50  -128 10204   280    72 -9999    -1 -9999
2024 11 29 21   -50  -128 10206   280    62     8    -1 -9999
2024 11 29 22   -56  -128 10213   280    67 -9999    -1 -9999
2024 11 29 23   -50  -128 10212   260    57 -9999    -1 -9999
2024 11 30 00   -44  -133 10214   270    41     6     0    -1
2024 11 30 01   -56  -133 10220   280    77 -9999     0 -9999
2024 11 30 02   -61  -133 10222   260    51     2     0 -9999
2024 11 30 03   -67  -133 10221   260    51     0     0 -9999
2024 11 30 04   -72  -133 10221   260    46     0     0 -9999
2024 11 30 05   -72  -133 10222   260    46     0     0 -9999
2024 11 30 06   -78  -133 10219   260    36     0     0 -9999
2024 11 30 07   -83  -133 10217   260    41     0     0 -9999
2024 11 30 08   -83  -133 10219   250    46     0     0 -9999
2024 11 30 09   -89  -139 10221   250    41     0     0 -9999
2024 11 30 10   -89  -139 10223   260    51     0     0 -9999
2024 11 30 11   -94  -139 10226   260    46     0     0 -9999
2024 11 30 12   -94  -139 10224   250    46     0     0 -9999
2024 11 30 13  -100  -139 10225   250    31     2     0 -9999
2024 11 30 14  -100  -139 10224   260    41     2     0 -9999
2024 11 30 15   -94  -139 10223   280    67     4     0 -9999
2024 11 30 16   -83  -139 10225   270    67 -9999     0 -9999
2024 11 30 17   -72  -133 10222   260    67 -9999     0 -9999
2024 11 30 18   -61  -128 10211   240    62     6     0 -9999
2024 11 30 19   -50  -128 10207   270    46 -9999     0 -9999
2024 11 30 20   -39  -128 10199   260    57     4     0 -9999
2024 11 30 21   -39  -128 10196   250    51     4     0 -9999
2024 11 30 22   -39  -133 10200   250    62 -9999     0 -9999
2024 11 30 23   -44  -133 10200   250    62     2     0 -9999
2024 12 01 00   -50  -122 10202   240    41     4     0 -9999
2024 12 01 01   -56  -133 10206   260    31     2     0 -9999
2024 12 01 02   -56  -144 10208   270    41     2     0 -9999
2024 12 01 03   -61  -144 10209   270    41     2     0 -9999
2024 12 01 04   -67  -144 10210   260    36     2     0 -9999
2024 12 01 05   -72  -150 10212   280    46     2     0 -9999
2024 12 01 06   -72  -156 10213   280    46 -9999     0 -9999
2024 12 01 13  -100  -156 10231   290    36     2 -9999 -9999
2024 12 01 14  -100  -156 10234   290    36     2 -9999 -9999
2024 12 01 15   -89  -150 10240   280    51     2 -9999 -9999
2024 12 01 16   -72  -144 10242   300    41     2 -9999 -9999
2024 12 01 17   -61  -133 10243   260    41     2 -9999 -9999
2024 12 01 18   -50  -128 10240   290    57     2 -9999 -9999
2024 12 01 19   -39  -122 10240   280    46     2 -9999 -9999
2024 12 01 20   -33  -122 10242   290    46     2 -9999 -9999
2024 12 01 21   -33  -117 10242   280    46     2 -9999 -9999
2024 12 01 22   -39  -117 10247   300    41     2 -9999 -9999
2024 12 01 23   -44  -117 10251   290    31     2 -9999 -9999
2024 12 02 00   -50  -117 10257   290    21     0 -9999 -9999
2024 12 02 01   -56  -122 10260   280    26     0 -9999 -9999
2024 12 02 02   -61  -122 10266   310    26     0 -9999 -9999
2024 12 02 03   -72  -122 10269   340    26     0 -9999 -9999
2024 12 02 04   -83  -128 10274   310    31     2 -9999 -9999
2024 12 02 05   -83  -128 10275   280    26     4 -9999 -9999
2024 12 02 06   -89  -128 10272   300    26     2 -9999 -9999
2024 12 02 07   -89  -128 10270   300    21     4 -9999 -9999
2024 12 02 08   -89  -122 10268   300    21     2 -9999 -9999
2024 12 02 09   -94  -122 10268   300    21     2 -9999 -9999
2024 12 02 10  -100  -128 10270   240    15     2 -9999 -9999
2024 12 02 11  -100  -128 10275     0     0     4 -9999 -9999
2024 12 02 12  -100  -122 10276   250    15     4 -9999 -9999
2024 12 02 13   -94  -122 10279   260    26 -9999 -9999 -9999
2024 12 02 14   -72  -100 10281   260    15 -9999 -9999 -9999
2024 12 02 15   -61  -100 10284   290    26     8 -9999 -9999
2024 12 02 16   -56   -94 10288   270    31 -9999 -9999 -9999
2024 12 02 17   -56   -94 10289   270    21 -9999 -9999 -9999
2024 12 02 18   -44   -94 10284   310    26     6 -9999 -9999
2024 12 02 19   -39   -94 10286   300    46 -9999 -9999 -9999
2024 12 02 20   -44  -100 10288   280    41 -9999 -9999 -9999
2024 12 02 21   -44  -106 10292   320    36     6 -9999 -9999
2024 12 02 22   -50  -106 10301   320    51 -9999 -9999 -9999
2024 12 02 23   -56  -100 10309   290    21     4 -9999 -9999
2024 12 03 00   -56  -100 10314   280    15     2 -9999 -9999
2024 12 03 01   -61  -100 10316   260    21     0 -9999 -9999
2024 12 03 02   -61  -100 10317   270    31     2 -9999 -9999
2024 12 03 03   -67  -100 10318   260    31     2 -9999 -9999
2024 12 03 04   -67  -100 10321   260    31     2 -9999 -9999
2024 12 03 05   -61  -100 10322   280    36     2 -9999 -9999
2024 12 03 06   -61  -100 10323   280    36     2 -9999 -9999
2024 12 03 07   -67  -100 10320   280    31     2 -9999 -9999
2024 12 03 08   -67  -100 10326   270    26     2 -9999 -9999
2024 12 03 09   -72  -100 10325   260    36     2 -9999 -9999
2024 12 03 10   -72  -100 10325   260    31     4 -9999 -9999
2024 12 03 11   -72  -100 10329   260    26     2 -9999 -9999
2024 12 03 12   -72  -100 10330   260    36     2 -9999 -9999
2024 12 03 13   -72  -100 10329   260    31 -9999 -9999 -9999
2024 12 03 14   -67   -94 10329   250    31 -9999 -9999 -9999
2024 12 03 15   -56   -83 10327   250    36     6 -9999 -9999
2024 12 03 17   -17   -78 10321   250    51     2 -9999 -9999
2024 12 03 22   -33   -89 10279   210    57 -9999 -9999 -9999
2024 12 04 00   -44   -83 10260   200    57     6 -9999 -9999
2024 12 04 01   -44   -83 10250   210    77 -9999 -9999 -9999
2024 12 04 02   -44   -83 10236   190    57 -9999 -9999 -9999
2024 12 04 03   -50   -83 10233   200    82     8 -9999 -9999
2024 12 04 04   -50   -83 10223   200    51 -9999 -9999 -9999
2024 12 04 05   -44   -83 10216   200    72 -9999 -9999 -9999
2024 12 04 06   -44   -78 10203   190    77     8 -9999 -9999
2024 12 04 07   -44   -78 10180   190    67 -9999 -9999 -9999
2024 12 04 08   -39   -78 10166   190    77 -9999 -9999 -9999
2024 12 04 09   -33   -72 10145   190    67     6 -9999 -9999
2024 12 04 10   -28   -72 10123   190    62 -9999 -9999 -9999
2024 12 04 11   -22   -67 10108   200    88 -9999 -9999 -9999
2024 12 04 12   -28   -67 10099   210    72     4 -9999 -9999
2024 12 04 13   -28   -67 10085   210    62     4 -9999 -9999
2024 12 04 14   -22   -61 10075   210    67     2 -9999 -9999
2024 12 04 15    -6   -50 10064   230    88     4 -9999 -9999
2024 12 04 16    11   -44 10058   250    72     4 -9999 -9999
2024 12 04 17    22   -39 10053   250    82 -9999 -9999 -9999
2024 12 04 18    22   -33 10050   260    67     8 -9999 -9999
2024 12 04 19    33   -39 10043   260    57 -9999 -9999 -9999
2024 12 04 20    33   -33 10036   240    62 -9999 -9999 -9999
2024 12 04 21    39   -22 10027   240    77     8 -9999 -9999
2024 12 04 22    39   -17 10021   230    88 -9999 -9999 -9999
2024 12 04 23    33   -17 10017   240    77 -9999 -9999 -9999
2024 12 05 00    11   -89 10034   290   118     2 -9999 -9999
2024 12 05 01   -22  -133 10056   300   129     2 -9999 -9999
2024 12 05 02   -33  -139 10071   300   144     4 -9999 -9999
2024 12 05 03   -44  -144 10087   300    88     6 -9999 -9999
2024 12 05 04   -67  -111 10109   310    88 -9999    -1 -9999
2024 12 05 05   -72  -144 10123   320    82 -9999    -1 -9999
2024 12 05 06   -89  -161 10146   300    88     4 -9999    -1
2024 12 05 07  -100  -178 10162   300   103     2 -9999 -9999
2024 12 05 08  -106  -178 10175   310    98     2 -9999 -9999
2024 12 05 09  -106  -178 10188   290    82     0 -9999 -9999
2024 12 05 10  -111  -183 10198   300    82     0 -9999 -9999
2024 12 05 11  -111  -178 10211   290    77     0 -9999 -9999
2024 12 05 12  -111  -178 10221   300    82     2 -9999 -9999
2024 12 05 13  -111  -178 10234   290    77     2 -9999 -9999
2024 12 05 14  -106  -172 10245   300    77     2 -9999 -9999
2024 12 05 15   -89  -161 10254   300    67     2 -9999 -9999
2024 12 05 16   -72  -150 10263   300    46     2 -9999 -9999
2024 12 05 17   -56  -139 10269   300    77     2 -9999 -9999
2024 12 05 18   -44  -133 10268   310    88     2 -9999 -9999
2024 12 05 19   -28  -122 10271   300    62     2 -9999 -9999
2024 12 05 20   -22  -117 10273   300    57     2 -9999 -9999
2024 12 05 21   -22  -117 10280   290    57     4 -9999 -9999
2024 12 05 22   -22  -111 10287   280    26 -9999 -9999 -9999
2024 12 05 23   -22  -117 10291   320    51 -9999 -9999 -9999
2024 12 06 00   -28  -117 10295   290    41     6 -9999 -9999
2024 12 06 01   -33  -117 10300   290    46 -9999 -9999 -9999
2024 12 06 02   -44  -117 10302   280    36     4 -9999 -9999
2024 12 06 03   -50  -117 10302   290    31     0 -9999 -9999
2024 12 06 04   -56  -122 10304   280    31     0 -9999 -9999
2024 12 06 05   -67  -122 10303   270    21     0 -9999 -9999
2024 12 06 06   -72  -128 10300   250    21     0 -9999 -9999
2024 12 06 07   -78  -128 10298   250    31     4 -9999 -9999
2024 12 06 08   -78  -128 10298   250    21     4 -9999 -9999
2024 12 06 09   -83  -128 10297   230    26     2 -9999 -9999
2024 12 06 10   -89  -128 10298   240    31     2 -9999 -9999
2024 12 06 11   -94  -133 10294   240    36     0 -9999 -9999
2024 12 06 12   -94  -133 10289   230    21     2 -9999 -9999
2024 12 06 13   -94  -133 10287   220    31     2 -9999 -9999
2024 12 06 14   -89  -133 10286   220    41     2 -9999 -9999
2024 12 06 15   -72  -128 10282   220    51     2 -9999 -9999
2024 12 06 16   -56  -128 10277   220    62     2 -9999 -9999
2024 12 06 17   -39  -139 10268   230    62 -9999 -9999 -9999
2024 12 06 18   -22  -133 10255   240    51     6 -9999 -9999
2024 12 06 19   -28  -128 10248   240    57 -9999 -9999 -9999
2024 12 06 20   -17  -122 10236   230    46 -9999 -9999 -9999
2024 12 06 21   -11  -128 10230   220    57     6 -9999 -9999
2024 12 06 22    -6  -122 10227   230    46 -9999 -9999 -9999
2024 12 06 23     0  -117 10228   220    46 -9999 -9999 -9999
2024 12 07 00    -6  -122 10225   220    57     2 -9999 -9999
2024 12 07 01   -11  -122 10226   220    62     0 -9999 -9999
2024 12 07 02   -11  -122 10230   230    51     2 -9999 -9999
2024 12 07 03   -17  -117 10227   240    46     2 -9999 -9999
2024 12 07 04   -22  -117 10228   240    31     2 -9999 -9999
2024 12 07 05   -28  -111 10225   220    31     4 -9999 -9999
2024 12 07 06   -28  -117 10223   210    26     4 -9999 -9999
2024 12 07 07   -33  -111 10219   230    41     4 -9999 -9999
2024 12 07 08   -39  -111 10214   230    36     2 -9999 -9999
2024 12 07 09   -39  -111 10213   230    36     4 -9999 -9999
2024 12 07 10   -28  -106 10210   220    36 -9999 -9999 -9999
2024 12 07 11   -28  -106 10205   220    36 -9999 -9999 -9999
2024 12 07 12   -39  -106 10197   210    36     2 -9999 -9999
2024 12 07 13   -39  -100 10192   200    31 -9999 -9999 -9999
2024 12 07 14   -39  -100 10193   210    26 -9999 -9999 -9999
2024 12 07 15   -22   -94 10184   210    57     6 -9999 -9999
2024 12 07 16     6   -83 10177   220    67 -9999 -9999 -9999
2024 12 07 17    33   -78 10162   210    72 -9999 -9999 -9999
2024 12 07 18    50   -67 10135   210    77     6 -9999 -9999
2024 12 07 19    67   -56 10125   220    77 -9999 -9999 -9999
2024 12 07 20    83   -50 10110   220    62 -9999 -9999 -9999
2024 12 07 21    94   -39 10097   210    67     6 -9999 -9999
2024 12 07 22    94   -28 10088   210    77 -9999 -9999 -9999
2024 12 07 23    94   -28 10082   210    93 -9999 -9999 -9999
2024 12 08 00    89   -28 10078   210    82     6 -9999 -9999
2024 12 08 01    83   -28 10071   210    77     4 -9999 -9999
2024 12 08 02    78   -22 10070   220    82 -9999 -9999 -9999
2024 12 08 03    72   -17 10069   220    72     6 -9999 -9999
2024 12 08 04    72   -11 10071   230    62 -9999 -9999 -9999
2024 12 08 05    78    -6 10069   240    57 -9999 -9999 -9999
2024 12 08 06    78    -6 10074   240    72     6 -9999 -9999
2024 12 08 07    67    -6 10076   240    62 -9999 -9999 -9999
2024 12 08 08    61    -6 10073   250    62     2 -9999 -9999
2024 12 08 09    61    -6 10074   250    57     2 -9999 -9999
2024 12 08 10    56    -6 10078   230    51     2 -9999 -9999
2024 12 08 11    50    -6 10082   250    46     2 -9999 -9999
2024 12 08 12    44    -6 10084   240    41     4 -9999 -9999
2024 12 08 13    39   -11 10089   250    26 -9999 -9999 -9999
2024 12 08 14    39    -6 10091   230    41 -9999 -9999 -9999
2024 12 08 15    61     0 10099   250    41     6 -9999 -9999
2024 12 08 16    78     6 10104   240    31 -9999 -9999 -9999
2024 12 08 17    94    11 10101   270    26     4 -9999 -9999
2024 12 08 18   106    17 10092   170    15     4 -9999 -9999
2024 12 08 19   117    22 10085   200    31     2 -9999 -9999
2024 12 08 20   122    28 10076   190    51     2 -9999 -9999
2024 12 08 21   128    28 10070   190    41     2 -9999 -9999
2024 12 08 22   122    28 10068   180    41     2 -9999 -9999
2024 12 08 23   106    28 10063   180    31     2 -9999 -9999
2024 12 09 00   106    33 10060   180    36     0 -9999 -9999
2024 12 09 01   100    39 10051   180    41     0 -9999 -9999
2024 12 09 02   106    56 10046   190    51     2 -9999 -9999
2024 12 09 03    94    56 10041   200    57     6 -9999 -9999
2024 12 09 04   100    56 10039   200    41 -9999 -9999 -9999
2024 12 09 05   100    56 10032   210    51 -9999 -9999 -9999
2024 12 09 06    94    61 10031   200    51     8    -1    -1
2024 12 09 07    89    78 10021   210    46 -9999    -1 -9999
2024 12 09 08    89    78 10015   210    51 -9999    -1 -9999
2024 12 09 09    89    83 10017   210    46     8    -1 -9999
2024 12 09 10    94    83 10013   230    41 -9999 -9999 -9999
2024 12 09 11    89    78 10015   220    51 -9999 -9999 -9999
2024 12 09 12    94    72 10020   230    57     8 -9999    -1
2024 12 09 13    83    56 10032   240    62 -9999 -9999 -9999
2024 12 09 14    67    28 10043   260    51     2 -9999 -9999
2024 12 09 15    61    11 10059   270    67     2 -9999 -9999
2024 12 09 16    72    11 10066   280    51     2 -9999 -9999
2024 12 09 17    89    11 10069   260    41 -9999 -9999 -9999
2024 12 09 18   106    11 10067   260    57     6 -9999 -9999
2024 12 09 19   111     6 10073   260    72 -9999 -9999 -9999
2024 12 09 20   111    -6 10076   260    46 -9999 -9999 -9999
2024 12 09 21   106    -6 10084   230    46     6 -9999 -9999
2024 12 09 22   100   -11 10089   230    41 -9999 -9999 -9999
2024 12 09 23    94   -17 10094   220    46 -9999 -9999 -9999
2024 12 10 00    94   -22 10096   220    36     8 -9999 -9999
2024 12 10 01    94   -17 10102   240    36 -9999 -9999 -9999
2024 12 10 02    89   -22 10105   230    41 -9999 -9999 -9999
2024 12 10 03    89   -22 10107   230    41     8 -9999 -9999
2024 12 10 04    83   -22 10109   250    46 -9999 -9999 -9999
2024 12 10 05    72   -22 10115   260    41 -9999 -9999 -9999
2024 12 10 06    56   -28 10118   280    41 -9999 -9999 -9999
2024 12 10 07    39   -33 10122   280    41 -9999 -9999 -9999
2024 12 10 08    28   -33 10122   290    41 -9999 -9999 -9999
2024 12 10 09    28   -33 10122   290    36     6 -9999 -9999
2024 12 10 10    17   -33 10119   300    21     4 -9999 -9999
2024 12 10 11    11   -33 10123   280    36     4 -9999 -9999
2024 12 10 12     6   -33 10128   280    31     4 -9999 -9999
2024 12 10 13     0   -39 10131   280    41 -9999 -9999 -9999
2024 12 10 14     0   -39 10132   290    57 -9999 -9999 -9999
2024 12 10 15     0   -44 10134   290    46     8 -9999 -9999
2024 12 10 16     6   -44 10142   290    41 -9999 -9999 -9999
2024 12 10 17     6   -44 10139   280    46 -9999 -9999 -9999
2024 12 10 18     0   -44 10129   280    41     8    -1    -1
2024 12 10 19     6   -50 10126   290    31 -9999    -1 -9999
2024 12 10 20     6   -50 10129   280    36 -9999 -9999 -9999
2024 12 10 21     0   -50 10132   250    46     8 -9999 -9999
2024 12 10 22     0   -50 10134   280    46 -9999 -9999 -9999
2024 12 10 23     0   -56 10136   300    57 -9999 -9999 -9999
2024 12 11 00    -6   -56 10139   260    36     8 -9999    -1
2024 12 11 01    -6   -61 10141   270    62 -9999 -9999 -9999
2024 12 11 02   -11   -67 10145   290    62 -9999 -9999 -9999
2024 12 11 03   -11   -78 10144   300    41     8 -9999 -9999
2024 12 11 04   -11   -78 10142   300    57 -9999 -9999 -9999
2024 12 11 05   -11   -78 10141   290    41 -9999 -9999 -9999
2024 12 11 06   -11   -78 10138   270    31     8 -9999 -9999
2024 12 11 07   -17   -72 10132   260    41 -9999 -9999 -9999
2024 12 11 08   -22   -83 10132   290    36 -9999 -9999 -9999
2024 12 11 09   -22   -83 10129   300    51     6 -9999 -9999
2024 12 11 10   -22   -78 10127   290    36 -9999 -9999 -9999
2024 12 11 11   -22   -78 10124   250    31 -9999 -9999 -9999
2024 12 11 12   -22   -78 10126   240    31     8 -9999 -9999
2024 12 11 13   -22   -72 10127   230    31 -9999 -9999 -9999
2024 12 11 14   -22   -67 10126   220    26 -9999 -9999 -9999
2024 12 11 15   -17   -61 10124   230    41     6 -9999 -9999
2024 12 11 16   -11   -61 10125   250    67 -9999 -9999 -9999
2024 12 11 17    -6   -67 10120   250    41 -9999 -9999 -9999
2024 12 11 18    -6   -72 10115   280    67     8 -9999 -9999
2024 12 11 19     0   -78 10114   260    62 -9999 -9999 -9999
2024 12 11 20    -6   -67 10114   270    77 -9999    -1 -9999
2024 12 11 21   -22   -72 10121   270    98     6    -1 -9999
2024 12 11 22   -39  -150 10137   270    98     2    -1 -9999
2024 12 11 23   -50  -161 10149   270    98     2 -9999 -9999
2024 12 12 00   -61  -156 10159   290    88     4 -9999    -1
2024 12 12 01   -61  -144 10164   260    67 -9999 -9999 -9999
2024 12 12 02   -72  -139 10169   270    88 -9999    -1 -9999
2024 12 12 03   -83  -161 10175   270    77     4    -1 -9999
2024 12 12 04   -94  -183 10184   280    88     0 -9999 -9999
2024 12 12 05  -106  -194 10196   270    77     0 -9999 -9999
2024 12 12 06  -117  -200 10205   280    82     0 -9999    -1
2024 12 12 07  -128  -211 10214   270    72     0 -9999 -9999
2024 12 12 08  -133  -211 10226   270    77     0 -9999 -9999
2024 12 12 09  -144  -211 10241   290    77     0 -9999 -9999
2024 12 12 10  -144  -211 10249   290    67     0 -9999 -9999
2024 12 12 11  -150  -217 10263   260    51     0 -9999 -9999
2024 12 12 12  -150  -217 10275   260    57     0 -9999 -9999
2024 12 12 13  -156  -217 10282   260    51     2 -9999 -9999
2024 12 12 14  -150  -217 10285   260    46 -9999 -9999 -9999
2024 12 12 15  -144  -217 10299   280    62     6 -9999 -9999
2024 12 12 16  -139  -211 10305   250    57 -9999 -9999 -9999
2024 12 12 17  -128  -206 10307   240    62 -9999 -9999 -9999
2024 12 12 18  -111  -206 10301   250    41     6 -9999 -9999
2024 12 12 19  -106  -206 10301   240    41 -9999 -9999 -9999
2024 12 12 20  -106  -206 10303   250    31 -9999 -9999 -9999
2024 12 12 21  -100  -200 10303   280    31     8 -9999 -9999
2024 12 12 22  -100  -200 10309   260    41 -9999 -9999 -9999
2024 12 12 23  -100  -200 10313   260    46 -9999 -9999 -9999
2024 12 13 00  -100  -200 10319   260    31     8 -9999 -9999
2024 12 13 01  -100  -194 10324   240    31 -9999 -9999 -9999
2024 12 13 02   -94  -194 10335   250    31 -9999 -9999 -9999
2024 12 13 03   -94  -194 10338   300    31     8 -9999 -9999
2024 12 13 04   -94  -194 10341   300    36 -9999 -9999 -9999
2024 12 13 05  -106  -200 10347   320    21     2 -9999 -9999
2024 12 13 06  -117  -194 10350   330    21     0 -9999 -9999
2024 12 13 07  -122  -189 10351   350    41     0 -9999 -9999
2024 12 13 08  -128  -183 10359   350    41     0 -9999 -9999
2024 12 13 09  -139  -194 10365   350    36     0 -9999 -9999
2024 12 13 10  -144  -200 10367   350    36     0 -9999 -9999
2024 12 13 11  -150  -200 10375   340    21     0 -9999 -9999
2024 12 13 12  -150  -206 10380   340    31     0 -9999 -9999
2024 12 13 13  -150  -206 10385   340    26     2 -9999 -9999
2024 12 13 14  -139  -200 10390   330    15 -9999 -9999 -9999
2024 12 13 15  -117  -178 10394   340    21     6 -9999 -9999
2024 12 13 16   -89  -144 10401   330    21 -9999 -9999 -9999
2024 12 13 17   -72  -133 10397    10    36 -9999 -9999 -9999
2024 12 13 18   -44  -111 10391 -9999    26     6 -9999 -9999
2024 12 13 19   -33  -106 10386    80    36 -9999 -9999 -9999
2024 12 13 20   -33  -100 10380    60    36 -9999 -9999 -9999
2024 12 13 21   -33  -100 10381    80    41     6 -9999 -9999
2024 12 13 22   -39   -89 10386    70    51 -9999 -9999 -9999
2024 12 13 23   -39   -89 10390   100    31 -9999 -9999 -9999
2024 12 14 00   -33   -83 10387   100    41     8 -9999 -9999
2024 12 14 01   -28   -83 10390   100    46 -9999 -9999 -9999
2024 12 14 02   -39   -94 10389   110    36 -9999 -9999 -9999
2024 12 14 03   -39   -94 10385   110    41     4 -9999 -9999
2024 12 14 04   -39   -89 10384   110    36 -9999 -9999 -9999
2024 12 14 05   -39   -89 10387   110    46 -9999 -9999 -9999
2024 12 14 06   -39   -94 10379   100    46     6 -9999 -9999
2024 12 14 07   -33   -89 10378   110    36 -9999 -9999 -9999
2024 12 14 08   -33   -89 10376   110    62 -9999 -9999 -9999
2024 12 14 09   -33   -89 10370   110    57     8 -9999 -9999
2024 12 14 10   -28   -83 10363   110    51 -9999 -9999 -9999
2024 12 14 11   -28   -78 10360   110    46 -9999 -9999 -9999
2024 12 14 12   -28   -72 10355   110    62     8 -9999 -9999
2024 12 14 13   -22   -72 10358   100    41 -9999 -9999 -9999
2024 12 14 14   -17   -67 10357   100    36 -9999 -9999 -9999
2024 12 14 15     0   -61 10354   100    62     6 -9999 -9999
2024 12 14 16    11   -61 10349   100    67 -9999 -9999 -9999
2024 12 14 17    22   -56 10338   110    62 -9999 -9999 -9999
2024 12 14 18    22   -56 10328   130    46     8 -9999 -9999
2024 12 14 19    28   -50 10309   100    46 -9999 -9999 -9999
2024 12 14 20    28   -50 10298   100    62 -9999 -9999 -9999
2024 12 14 21    33   -44 10288   100    57     8 -9999 -9999
2024 12 14 22    33   -33 10279   110    57 -9999    -1 -9999
2024 12 14 23    33   -22 10279   110    41 -9999     2 -9999
2024 12 15 00    28   -11 10277   100    36     8     7    10
2024 12 15 01    28    -6 10273   130    46 -9999    10 -9999
2024 12 15 02    22     6 10269   110    41 -9999    10 -9999
2024 12 15 03    22    11 10252   100    72     8    17 -9999
2024 12 15 04    28    17 -9999   120    62 -9999    -1 -9999
2024 12 15 05    28    17 10239   110    62 -9999    12 -9999
2024 12 15 06    33    22 10230   110    41     8    12    70
2024 12 15 07    33    28 10218   110    46 -9999     7 -9999
2024 12 15 08    39    33 10214   120    31 -9999     2 -9999
2024 12 15 09    39    39 10212   130    26     8     2 -9999
2024 12 15 10    44    39 10205   150    26 -9999     2 -9999
2024 12 15 11    44    39 10204   160    31 -9999    -1 -9999
2024 12 15 12    50    44 10207   150    21     8 -9999    20
2024 12 15 13    50    44 10210   170    15 -9999 -9999 -9999
2024 12 15 14    50    44 10210   130    21 -9999 -9999 -9999
2024 12 15 15    56    56 10217     0     0     9 -9999 -9999
2024 12 15 16    56    50 10218   220    15     9 -9999 -9999
2024 12 15 17    61    56 10213   230    15 -9999 -9999 -9999
2024 12 15 18    67    56 10205     0     0     8 -9999 -9999
2024 12 15 19    67    56 10204   200    26 -9999 -9999 -9999
2024 12 15 20    72    61 10200   150    26 -9999 -9999 -9999
2024 12 15 21    67    61 10202   200    26     8 -9999 -9999
2024 12 15 22    67    61 10206   170    26 -9999 -9999 -9999
2024 12 15 23    61    56 10208   180    26 -9999 -9999 -9999
2024 12 16 00    61    56 10207   170    26     8 -9999 -9999
2024 12 16 01    67    56 10204   170    31 -9999 -9999 -9999
2024 12 16 02    61    56 10203   180    46 -9999    -1 -9999
2024 12 16 03    61    50 10200   180    36     8    -1 -9999
2024 12 16 04    56    44 10193   170    36 -9999    -1 -9999
2024 12 16 05    61    50 10192   200    36 -9999 -9999 -9999
2024 12 16 06    61    50 10183   170    36     8 -9999    -1
2024 12 16 07    56    56 10174   160    36 -9999 -9999 -9999
2024 12 16 08    61    56 10160   150    41 -9999 -9999 -9999
2024 12 16 09    67    61 10149   150    21     9    -1 -9999
2024 12 16 10    67    61 10137   170    26 -9999     5 -9999
2024 12 16 11    72    67 10130   190    31 -9999     2 -9999
2024 12 16 12    78    72 10130   200    46     8    -1     8
2024 12 16 13    83    78 10126   210    31 -9999    -1 -9999
2024 12 16 14    83    78 10122   180    36 -9999    -1 -9999
2024 12 16 15    83    83 10127   240    21     8    -1 -9999
2024 12 16 16    89    83 10120   230    36 -9999 -9999 -9999
2024 12 16 17   100    83 10108   200    26 -9999 -9999 -9999
2024 12 16 18   106    89 10098   210    46     8 -9999    -1
2024 12 16 19   100    83 10094   230    62 -9999 -9999 -9999
2024 12 16 20   100    78 10093   260    77 -9999 -9999 -9999
2024 12 16 21    94    61 10099   260    67     8 -9999 -9999
2024 12 16 22    67    44 10115   250    62 -9999 -9999 -9999
2024 12 16 23    50    28 10134   260    67 -9999 -9999 -9999
2024 12 17 00    44    17 10147   260    62     8 -9999 -9999
2024 12 17 01    50    17 10157   240    72 -9999 -9999 -9999
2024 12 17 02    44    17 10157   240    67     4 -9999 -9999
2024 12 17 03    33    17 10158   240    62     4 -9999 -9999
2024 12 17 04    33    11 10165   240    67     2 -9999 -9999
2024 12 17 05    33     6 10170   240    62     0 -9999 -9999
2024 12 17 06    28     0 10168   250    51     0 -9999 -9999
2024 12 17 07    28    -6 10166   240    36     2 -9999 -9999
2024 12 17 08    22   -11 10174   230    51     2 -9999 -9999
2024 12 17 09    17   -17 10188   240    46     2 -9999 -9999
2024 12 17 10    22   -17 10194   280    57 -9999 -9999 -9999
2024 12 17 11    17   -17 10201   260    57 -9999 -9999 -9999
2024 12 17 12    17   -22 10208   280    51     8 -9999 -9999
2024 12 17 13    17   -22 10220   270    41 -9999 -9999 -9999
2024 12 17 14    11   -22 10224   260    57 -9999 -9999 -9999
2024 12 17 15    17   -22 10232   260    51     8 -9999 -9999
2024 12 17 16    17   -22 10243   270    62 -9999 -9999 -9999
2024 12 17 17    22   -17 10242   260    51 -9999 -9999 -9999
2024 12 17 18    33   -17 10240   280    46     6 -9999 -9999
2024 12 17 19    33   -17 10235   290    41 -9999 -9999 -9999
2024 12 17 20    33   -17 10233   260    36 -9999 -9999 -9999
2024 12 17 21    39   -11 10240   260    36     8 -9999 -9999
2024 12 17 22    33   -11 10238   230    31 -9999 -9999 -9999
2024 12 17 23    22   -11 10246   230    26 -9999 -9999 -9999
2024 12 18 00    17   -11 10248   250    21     8 -9999 -9999
2024 12 18 01    17   -11 10247     0     0 -9999 -9999 -9999
2024 12 18 02    11   -11 10249     0     0 -9999 -9999 -9999
2024 12 18 03    11   -11 10249   260    15     8 -9999 -9999
2024 12 18 04     6   -11 10238     0     0 -9999 -9999 -9999
2024 12 18 05    11   -11 10250   240    21 -9999 -9999 -9999
2024 12 18 06    11   -11 10257   290    36     8 -9999 -9999
2024 12 18 07    17   -11 10250   310    21 -9999 -9999 -9999
2024 12 18 08    17   -11 10247   310    26 -9999 -9999 -9999
2024 12 18 15     0   -39 10251   330    41     2 -9999 -9999
2024 12 18 16    11   -39 10259   330    62     4 -9999 -9999
2024 12 18 17     6   -39 10256   310    57 -9999 -9999 -9999
2024 12 18 18    -6   -44 10253   310    57     8 -9999 -9999
2024 12 18 19     0   -50 10249   310    41 -9999 -9999 -9999
2024 12 18 20     0   -56 10251   310    46 -9999 -9999 -9999
2024 12 18 21    -6   -72 10255   310    57     8 -9999 -9999
2024 12 18 22   -11   -72 10267   300    67 -9999 -9999 -9999
2024 12 18 23   -11   -78 10274   310    57 -9999 -9999 -9999
2024 12 19 00   -17   -83 10278   310    46     8 -9999 -9999
2024 12 19 01   -22   -89 10281   340    51 -9999 -9999 -9999
2024 12 19 02   -28   -89 10290   310    31 -9999 -9999 -9999
2024 12 19 03   -33   -89 10289   330    41     8 -9999 -9999
2024 12 19 04   -33   -94 10289    30    21 -9999 -9999 -9999
2024 12 19 05   -33   -89 10285   350    21 -9999 -9999 -9999
2024 12 19 06   -33   -89 10285    10    15     8 -9999     0
2024 12 19 07   -33   -89 10286   240    15 -9999 -9999 -9999
2024 12 19 08   -39   -89 10287   260    15 -9999 -9999 -9999
2024 12 19 09   -39   -89 10287     0     0     8 -9999 -9999
2024 12 19 10   -33   -89 10283   240    21 -9999 -9999 -9999
2024 12 19 11   -33   -89 10282   210    15 -9999 -9999 -9999
2024 12 19 12   -33   -89 10275   220    21     6 -9999 -9999
2024 12 19 13   -33   -89 10269   160    21 -9999 -9999 -9999
2024 12 19 14   -28   -83 10272   200    21 -9999 -9999 -9999
2024 12 19 15   -28   -83 10273   180    26     8 -9999 -9999
2024 12 19 16   -22   -78 10261   150    57 -9999 -9999 -9999
2024 12 19 17   -11   -78 10256   150    46 -9999 -9999 -9999
2024 12 19 18    -6   -72 10233   150    62     8 -9999 -9999
2024 12 19 19     0   -67 10215   150    67 -9999 -9999 -9999
2024 12 19 20    -6   -67 10202   170    57 -9999 -9999 -9999
2024 12 19 21     0   -67 10195   150    67     8 -9999 -9999
2024 12 19 22     0   -56 -9999   150    72 -9999    -1 -9999
2024 12 19 23     0   -50 10183   150    51 -9999    -1 -9999
2024 12 20 00     0   -44 10185   150    51     8    -1     3
2024 12 20 01    -6   -17 10183   140    26 -9999     7 -9999
2024 12 20 02     0   -17 10172   130    41 -9999     5 -9999
2024 12 20 03     0   -11 10163   140    36     8     5 -9999
2024 12 20 04     0   -11 10155   140    31 -9999    -1 -9999
2024 12 20 05     6    -6 10146   140    31 -9999     2 -9999
2024 12 20 06     6    -6 10141     0     0     8    -1    20
2024 12 20 07     6   -11 10131     0     0 -9999    -1 -9999
2024 12 20 08     6    -6 10134   360    15 -9999    -1 -9999
2024 12 20 09     6    -6 10138   340    36     8    -1 -9999
2024 12 20 10     6    -6 10140   340    31 -9999     5 -9999
2024 12 20 11     0    -6 10149   340    62 -9999     5 -9999
2024 12 20 12     6    -6 10159    10    57     8    -1    20
2024 12 20 13    11   -11 10173    10    93 -9999    -1 -9999
2024 12 20 14     6   -17 10187    10   108 -9999    -1 -9999
2024 12 20 15    11   -22 10201   360    98     8    -1 -9999
2024 12 20 16    11   -22 10220   350    88 -9999    -1 -9999
2024 12 20 17     6   -28 10227   360   103 -9999    -1 -9999
2024 12 20 18     0   -33 10233   350    88     8    -1    -1
2024 12 20 19     0   -39 10244   340    77 -9999 -9999 -9999
2024 12 20 20     0   -50 10249   340    77     4 -9999 -9999
2024 12 20 21     0   -56 10257   340    82     6 -9999 -9999
2024 12 20 22    -6   -61 10274   330    62 -9999 -9999 -9999
2024 12 20 23   -17   -67 10277   320    51 -9999 -9999 -9999
2024 12 21 00   -28   -72 10287   310    51     6 -9999 -9999
2024 12 21 01   -33   -78 10293   330    62     4 -9999 -9999
2024 12 21 02   -39   -89 10298   330    77     4 -9999 -9999
2024 12 21 03   -44   -89 10301   340    62     2 -9999 -9999
2024 12 21 04   -56   -94 10304   350    51     2 -9999 -9999
2024 12 21 05   -56   -94 10303   340    46     2 -9999 -9999
2024 12 21 06   -56  -100 10301   330    41     2 -9999 -9999
2024 12 21 07   -61  -106 10302   330    51     2 -9999 -9999
2024 12 21 08   -67  -111 10309   330    41     2 -9999 -9999
2024 12 21 09   -72  -117 10314   330    36     2 -9999 -9999
2024 12 21 10   -78  -122 10316   340    36     2 -9999 -9999
2024 12 21 11   -83  -128 10320   320    36     0 -9999 -9999
2024 12 21 12   -89  -133 10327   330    26     0 -9999 -9999
2024 12 21 13   -94  -133 10331   330    26     2 -9999 -9999
2024 12 21 14   -94  -133 10334   340    26     4 -9999 -9999
2024 12 21 15   -72  -128 10338   330    31     6 -9999 -9999
2024 12 21 16   -72  -128 10344   340    31 -9999 -9999 -9999
2024 12 21 17   -56  -128 10336   360    31 -9999 -9999 -9999
2024 12 21 18   -50  -133 10325   340    21     6 -9999 -9999
2024 12 21 19   -39  -133 10322    20    21 -9999 -9999 -9999
2024 12 21 20   -39  -133 10318 -9999    21 -9999 -9999 -9999
2024 12 21 21   -39  -117 10319   350    26     6 -9999 -9999
2024 12 21 22   -39  -117 10319   350    15 -9999 -9999 -9999
2024 12 21 23   -50  -117 10316   350    15 -9999 -9999 -9999
2024 12 22 00   -61  -111 10314   350    31     6 -9999 -9999
2024 12 22 01   -67  -111 10316   350    31 -9999 -9999 -9999
2024 12 22 02   -78  -122 10318   360    31     2 -9999 -9999
2024 12 22 03   -78  -122 10314   330    21     4 -9999 -9999
2024 12 22 04   -78  -128 10309     0     0 -9999 -9999 -9999
2024 12 22 05   -83  -122 10307   300    15     2 -9999 -9999
2024 12 22 06   -83  -122 10307     0     0     2 -9999 -9999
2024 12 22 07   -89  -128 10303     0     0     2 -9999 -9999
2024 12 22 08   -94  -128 10305     0     0     2 -9999 -9999
2024 12 22 09   -94  -122 10307     0     0     2 -9999 -9999
2024 12 22 10  -100  -128 10309     0     0     2 -9999 -9999
2024 12 22 11  -100  -128 10307   170    15     2 -9999 -9999
2024 12 22 12   -78  -111 10310   180    21     6 -9999 -9999
2024 12 22 13   -61  -106 10308   190    31 -9999 -9999 -9999
2024 12 22 14   -56   -94 10306   170    26 -9999 -9999 -9999
2024 12 22 15   -44   -89 10304   180    31     6 -9999 -9999
2024 12 22 16   -33   -78 10304   180    41 -9999 -9999 -9999
2024 12 22 17   -22   -78 10292   180    36 -9999 -9999 -9999
2024 12 22 18   -11   -67 10277   190    46     8 -9999 -9999
2024 12 22 19    -6   -56 10268   170    41 -9999 -9999 -9999
2024 12 22 20     0   -56 10262   170    41 -9999 -9999 -9999
2024 12 22 21     0   -44 10259   170    57     8 -9999 -9999
2024 12 22 22     6   -44 10263   160    46 -9999 -9999 -9999
2024 12 22 23     0   -39 10261   150    57 -9999 -9999 -9999
2024 12 23 00     0   -44 10258   150    57     6 -9999 -9999
2024 12 23 01     0   -39 10251   160    57 -9999 -9999 -9999
2024 12 23 02     0   -44 10243   160    72 -9999 -9999 -9999
2024 12 23 03     0   -44 10236   170    67     8 -9999 -9999
2024 12 23 04     6   -50 10232   170    72 -9999 -9999 -9999
2024 12 23 05     6   -56 10226   180    67 -9999 -9999 -9999
2024 12 23 06     0   -56 10224   180    62     6 -9999 -9999
2024 12 23 07     0   -56 10224   190    72 -9999 -9999 -9999
2024 12 23 08     0   -56 10218   180    62 -9999 -9999 -9999
2024 12 23 09     6   -56 10207   180    62     8 -9999 -9999
2024 12 23 10     6   -50 10200   190    62 -9999 -9999 -9999
2024 12 23 11    11   -44 10193   180    72 -9999 -9999 -9999
2024 12 23 12    11   -44 10188   190    82     8 -9999 -9999
2024 12 23 13    11   -39 10189   190    62 -9999 -9999 -9999
2024 12 23 14    17   -39 10187   190    57 -9999 -9999 -9999
2024 12 23 15    22   -33 10186   190    57     8 -9999 -9999
2024 12 23 16    22   -28 10185   200    51 -9999 -9999 -9999
2024 12 23 17    28   -17 10181   200    57 -9999 -9999 -9999
2024 12 23 18    28   -17 10173   200    46     8 -9999 -9999
2024 12 23 19    33   -17 10167   200    51 -9999 -9999 -9999
2024 12 23 20    39   -17 10167   210    41 -9999 -9999 -9999
2024 12 23 21    39   -11 10165   200    31     8 -9999 -9999
2024 12 23 22    39    -6 10180   220    21 -9999    -1 -9999
2024 12 23 23    39     0 10183   220    26 -9999 -9999 -9999
2024 12 24 00    39     0 10192   260    21     8 -9999     0
2024 12 24 01    39     0 10199   250    21 -9999 -9999 -9999
2024 12 24 02    39     0 10206   290    26 -9999 -9999 -9999
2024 12 24 03    33     0 10213   330    26     8 -9999 -9999
2024 12 24 04    28    -6 10222   340    41 -9999 -9999 -9999
2024 12 24 05    17    -6 10232   340    26 -9999 -9999 -9999
2024 12 24 06    17   -11 10237   350    36     8 -9999 -9999
2024 12 24 07    11   -11 10241   350    31 -9999 -9999 -9999
2024 12 24 08    11   -11 10247   350    51 -9999 -9999 -9999
2024 12 24 09    11   -11 10252   350    36     8 -9999 -9999
2024 12 24 10    11    -6 10255   360    36 -9999 -9999 -9999
2024 12 24 11    11    -6 10259   360    36 -9999 -9999 -9999
2024 12 24 12    11    -6 10267   350    41     8 -9999 -9999
2024 12 24 13    17   -17 10271    20    72 -9999 -9999 -9999
2024 12 24 14    11   -22 10275    10    46 -9999 -9999 -9999
2024 12 24 15    17   -28 10279    10    36     8 -9999 -9999
2024 12 24 16    17   -28 10285    10    51 -9999 -9999 -9999
2024 12 24 17    28   -33 10283    20    51 -9999 -9999 -9999
2024 12 24 18    33   -33 10275    20    46     8 -9999 -9999
2024 12 24 19    33   -33 10273    30    36 -9999 -9999 -9999
2024 12 24 20    33   -39 10270    20    36 -9999 -9999 -9999
2024 12 24 21    28   -39 10268    30    31     6 -9999 -9999
2024 12 24 22    22   -44 10269    30    46 -9999 -9999 -9999
2024 12 24 23    17   -33 10274    60    31 -9999 -9999 -9999
2024 12 25 00     6   -33 10276    40    36     6 -9999 -9999
2024 12 25 01    11   -33 10280    30    31 -9999 -9999 -9999
2024 12 25 02     6   -39 10280    30    26 -9999 -9999 -9999
2024 12 25 03    -6   -39 10271    20    26     6 -9999 -9999
2024 12 25 04     0   -39 10268     0     0 -9999 -9999 -9999
2024 12 25 05     0   -33 10268    20    21 -9999 -9999 -9999
2024 12 25 06     0   -33 10267     0     0     8 -9999 -9999
2024 12 25 07     6   -28 10265   330    15 -9999 -9999 -9999
2024 12 25 08     6   -28 10266   350    26 -9999 -9999 -9999
2024 12 25 09     6   -28 10267   360    21     8 -9999 -9999
2024 12 25 10     0   -28 10264    10    31 -9999 -9999 -9999
2024 12 25 11     6   -28 10266    30    26 -9999 -9999 -9999
2024 12 25 12    11   -22 10265    70    15     8 -9999 -9999
2024 12 25 13    11   -28 10267     0     0 -9999 -9999 -9999
2024 12 25 14    11   -28 10267    10    36 -9999 -9999 -9999
2024 12 25 15    17   -28 10267    50    31     8 -9999 -9999
2024 12 25 16    22   -28 10270    70    41 -9999 -9999 -9999
2024 12 25 17    28   -28 10264    60    41 -9999 -9999 -9999
2024 12 25 18    33   -17 10254    80    36     8 -9999 -9999
2024 12 25 19    39   -11 10244   100    41 -9999 -9999 -9999
2024 12 25 20    39     0 10239    90    36 -9999 -9999 -9999
2024 12 25 21    33     0 10238    90    46     8 -9999 -9999
2024 12 25 22    28     6 10243    80    36 -9999 -9999 -9999
2024 12 25 23    28     6 10240    80    31 -9999 -9999 -9999
2024 12 26 00    28    11 10241    90    26     8 -9999 -9999
2024 12 26 01    28    11 10243    90    26 -9999 -9999 -9999
2024 12 26 02    28    17 10244    80    21 -9999    -1 -9999
2024 12 26 03    28    22 10242   100    21     8    -1 -9999
2024 12 26 04    33    22 10239   120    21 -9999    -1 -9999
2024 12 26 05    33    22 10239   120    36 -9999 -9999 -9999
2024 12 26 06    33    28 10235   110    21     8 -9999    -1
2024 12 26 07    33    28 -9999   130    21 -9999 -9999 -9999
2024 12 26 08    39    33 10235    90    15 -9999 -9999 -9999
2024 12 26 09    39    33 10236   110    21     8 -9999 -9999
2024 12 26 10    44    33 10234   100    15 -9999 -9999 -9999
2024 12 26 11    44    33 10233   100    21 -9999 -9999 -9999
2024 12 26 12    44    39 10234   100    15     8 -9999 -9999
2024 12 26 13    50    39 10235   100    15 -9999 -9999 -9999
2024 12 26 14    50    44 10234     0     0 -9999     2 -9999
2024 12 26 15    56    50 10234   120    26     8    -1 -9999
2024 12 26 16    67    61 10231   140    31 -9999     2 -9999
2024 12 26 17    72    61 10222   150    31 -9999 -9999 -9999
2024 12 26 18    78    67 10212   140    36     8 -9999     5
2024 12 26 19    83    67 10200   150    46 -9999 -9999 -9999
2024 12 26 20    89    67 10193   170    46 -9999 -9999 -9999
2024 12 26 21    89    67 10194   180    41     8 -9999 -9999
2024 12 26 22    83    72 10194   170    41 -9999 -9999 -9999
2024 12 26 23    83    72 10191   140    57 -9999 -9999 -9999
2024 12 27 00    83    72 10190   150    41     8 -9999 -9999
2024 12 27 01    89    72 10196   170    31 -9999 -9999 -9999
2024 12 27 02    89    72 10195   150    36 -9999    -1 -9999
2024 12 27 03    89    72 10194   150    46     8    -1 -9999
2024 12 27 04    83    72 10193   160    36 -9999     5 -9999
2024 12 27 05    83    67 10192   160    36 -9999    -1 -9999
2024 12 27 06    83    67 10188   180    26     8     2     8
2024 12 27 07    78    67 10181   150    15 -9999 -9999 -9999
2024 12 27 08    78    61 10177   120    21 -9999 -9999 -9999
2024 12 27 09    78    61 10169   120    26     8 -9999 -9999
2024 12 27 10    78    56 10161   130    26 -9999 -9999 -9999
2024 12 27 11    78    56 10157   110    31 -9999 -9999 -9999
2024 12 27 12    78    56 10153   130    26     8 -9999 -9999
2024 12 27 13    78    56 10150   120    26 -9999 -9999 -9999
2024 12 27 14    83    56 10144   110    26 -9999 -9999 -9999
2024 12 27 15    83    61 10139    90    31     8 -9999 -9999
2024 12 27 16    89    61 10132    90    31 -9999    -1 -9999
2024 12 27 17    89    61 10119   120    62 -9999    -1 -9999
2024 12 27 18    89    61 10102   110    57     8    -1    -1
2024 12 27 19    83    72 10093   120    41 -9999    12 -9999
2024 12 27 20    83    78 10083   110    31 -9999     5 -9999
2024 12 27 21    89    83 10075   110    31     8     2 -9999
2024 12 27 22    94    83 10073   120    36 -9999    -1 -9999
2024 12 27 23   100    89 10067   140    46 -9999     2 -9999
2024 12 28 00   100    94 10060   140    57     8    -1    20
2024 12 28 01   100    94 10056   150    46 -9999     2 -9999
2024 12 28 02   106   100 10052   150    46 -9999     5 -9999
2024 12 28 03   106   100 10047   170    51     8     7 -9999
2024 12 28 04   106   100 10042   180    31 -9999    15 -9999
2024 12 28 05   111   100 10040   200    67 -9999    10 -9999
2024 12 28 06   106    89 10045   210   113     8     2    40
2024 12 28 07   100    78 10057   220    77 -9999    -1 -9999
2024 12 28 08   100    83 10067   220    82 -9999 -9999 -9999
2024 12 28 09   100    83 10071   220    57     8    -1 -9999
2024 12 28 10   100    83 10075   220    72 -9999    -1 -9999
2024 12 28 11    94    72 10086   240    88 -9999    -1 -9999
2024 12 28 12    94    67 10097   230    77     8 -9999    -1
2024 12 28 13    89    61 10110   220    67 -9999 -9999 -9999
2024 12 28 14    89    61 10122   220    77 -9999 -9999 -9999
2024 12 28 15    83    56 10135   240    82     8 -9999 -9999
2024 12 28 16    83    50 10143   250    51 -9999 -9999 -9999
2024 12 28 17    89    50 10146   240    62 -9999 -9999 -9999
2024 12 28 18   100    50 10140   240    72     6 -9999 -9999
2024 12 28 19   106    56 -9999   240    51 -9999 -9999 -9999
2024 12 28 20   106    56 10137   230    62 -9999 -9999 -9999
2024 12 28 21   106    61 10145   210    41     6 -9999 -9999
2024 12 28 22   100    61 10149   210    36 -9999 -9999 -9999
2024 12 28 23    94    56 10151   210    21 -9999 -9999 -9999
2024 12 29 00    78    50 10150     0     0     6 -9999 -9999
2024 12 29 01    72    50 10149     0     0 -9999 -9999 -9999
2024 12 29 02    61    44 10152   170    31 -9999 -9999 -9999
2024 12 29 03    56    44 10149     0     0     8 -9999 -9999
2024 12 29 04    61    50 10147     0     0 -9999 -9999 -9999
2024 12 29 05    61    50 10141   120    15 -9999 -9999 -9999
2024 12 29 06    67    56 10130    20    15     8 -9999 -9999
2024 12 29 07    67    56 10120    10    31 -9999 -9999 -9999
2024 12 29 08    67    56 10111    30    26 -9999 -9999 -9999
2024 12 29 09    72    61 10103    40    36     8 -9999 -9999
2024 12 29 10    72    61 10090    30    36 -9999 -9999 -9999
2024 12 29 11    72    56 10086    40    31 -9999 -9999 -9999
2024 12 29 12    72    56 10078    50    51     8    -1    -1
2024 12 29 13    72    56 10072    30    51 -9999    -1 -9999
2024 12 29 14    72    56 10070    30    62 -9999 -9999 -9999
2024 12 29 15    72    56 10064    40    67     8     2 -9999
2024 12 29 16    72    56 10054    30    57 -9999     2 -9999
2024 12 29 17    67    56 10037    10    51 -9999     7 -9999
2024 12 29 18    67    56 10027    10    51     8    12    30
2024 12 29 19    61    56 10019   350    57 -9999    30 -9999
2024 12 29 20    61    50 10020   340    36 -9999    25 -9999
2024 12 29 21    56    44 10027   320    51     8    25 -9999
2024 12 29 22    50    39 10033   330    51 -9999    12 -9999
2024 12 29 23    50    39 10036   340    41 -9999 -9999 -9999
2024 12 30 00    44    33 10039   340    36     8 -9999    90
2024 12 30 01    33    22 10043   320    62 -9999 -9999 -9999
2024 12 30 02    28    11 10049   300    41 -9999 -9999 -9999
2024 12 30 03    28    11 10051   290    41     8 -9999 -9999
2024 12 30 04    22     6 10057   300    51 -9999 -9999 -9999
2024 12 30 05    22     6 10058   300    51 -9999 -9999 -9999
2024 12 30 06    22     6 10060   280    41     8 -9999 -9999
2024 12 30 07    22     6 10057   280    31 -9999 -9999 -9999
2024 12 30 08    17     6 10060   270    26 -9999 -9999 -9999
2024 12 30 09    17     0 10070   250    36     6 -9999 -9999
2024 12 30 10    17     0 10073   260    21 -9999 -9999 -9999
2024 12 30 11    11     0 10077   260    31 -9999 -9999 -9999
2024 12 30 12     6    -6 10084   260    46     6 -9999 -9999
2024 12 30 13     6    -6 10089   260    21 -9999 -9999 -9999
2024 12 30 14     0    -6 10090   260    26 -9999 -9999 -9999
2024 12 30 15     6     0 10093   240    26     8 -9999 -9999
2024 12 30 16    11     0 10100   240    26 -9999 -9999 -9999
2024 12 30 17    28     6 10095   230    21     2 -9999 -9999
2024 12 30 18    50    17 10092   200    36     2 -9999 -9999
2024 12 30 19    44    11 10086   220    41     4 -9999 -9999
2024 12 30 20    50    11 10084   230    31 -9999 -9999 -9999
2024 12 30 21    56    11 10083   220    26     6 -9999 -9999
2024 12 30 22    39    11 10079     0     0 -9999 -9999 -9999
2024 12 30 23    39    11 10079   200    21 -9999 -9999 -9999
2024 12 31 00    28     6 10078     0     0     8 -9999 -9999
2024 12 31 01    33    11 10074     0     0 -9999 -9999 -9999
2024 12 31 02    33    11 10077     0     0 -9999 -9999 -9999
2024 12 31 03    33    17 10077     0     0     8 -9999 -9999
2024 12 31 04    44    22 10070     0     0 -9999 -9999 -9999
2024 12 31 05    44    22 10065    40    26 -9999 -9999 -9999
2024 12 31 06    50    22 10051    70    26     8 -9999 -9999
2024 12 31 07    50    28 10040    40    36 -9999    -1 -9999
2024 12 31 08    44    28 10036    10    46 -9999    15 -9999
2024 12 31 09    44    33 10026    20    72     8    10 -9999
2024 12 31 10    44    33 10019    30    67 -9999     5 -9999
2024 12 31 11    44    33 -9999    20    88 -9999     2 -9999
2024 12 31 12    50    28 10017    40    98     8    15    60
2024 12 31 13    44    22 10025    50    82 -9999    17 -9999
2024 12 31 14    33    17 10031    40   108 -9999    15 -9999
2024 12 31 15    22    11 10038    40    72     8    25 -9999
2024 12 31 16    33    17 10047    40    72 -9999    12 -9999
2024 12 31 17    44    28 10048    20    98 -9999     7 -9999
2024 12 31 18    44    28 10051    10    93     8     5    80
2024 12 31 19    39    17 10055    10    88 -9999     2 -9999
2024 12 31 20    33    17 10067    10    77 -9999    -1 -9999
2024 12 31 21    28    11 10080   350    67     8    -1 -9999
2024 12 31 22    28    11 10094   320    57 -9999    -1 -9999
2024 12 31 23    22     0 10108   310    62 -9999    -1 -9999
