2023 01 01 01    22   -17 10128   120    21 -9999     0 -9999
2023 01 01 02    22   -17 10124   140    31 -9999     0 -9999
2023 01 01 03    28   -11 10118   140    31 -9999     0 -9999
2023 01 01 04    28    -6 10123    80    15 -9999     0 -9999
2023 01 01 05    28    -6 10123     0     0 -9999     0 -9999
2023 01 01 06    28     0 10109   110    31     8     0 -9999
2023 01 01 07    28     0 10106   140    26 -9999     0 -9999
2023 01 01 08    33     6 10107   160    31 -9999    -1 -9999
2023 01 01 09    33    11 10108   160    26 -9999    20 -9999
2023 01 01 10    33    17 10106     0     0 -9999    20 -9999
2023 01 01 11    33    22 10103   140    21 -9999    -1 -9999
2023 01 01 12    44    28 10108   200    21     8    -1    40
2023 01 01 13    56    39 10115   250    21     9     0 -9999
2023 01 01 14    56    39 10122   240    26 -9999     0 -9999
2023 01 01 15    56    39 10128   260    26 -9999     0 -9999
2023 01 01 16    56    39 10137   270    31 -9999     0 -9999
2023 01 01 17    50    33 10142   260    31 -9999     0 -9999
2023 01 01 18    50    33 10141   250    31     8     0 -9999
2023 01 01 19    56    39 -9999   230    36 -9999     0 -9999
2023 01 01 20    61    39 10139 -9999    15 -9999     0 -9999
2023 01 01 21    72    39 10145   250    26 -9999     0 -9999
2023 01 01 22    61    39 10152   250    21 -9999     0 -9999
2023 01 01 23    56    33 10152     0     0 -9999     0 -9999
2023 01 02 00    44    22 10147     0     0     6     0 -9999
2023 01 02 01    44    28 10160   210    26 -9999     0 -9999
2023 01 02 02    50    28 10166     0     0 -9999     0 -9999
2023 01 02 03    44    28 10170     0     0 -9999     0 -9999
2023 01 02 04    39    22 10171     0     0 -9999     0 -9999
2023 01 02 05    33    17 10174     0     0 -9999     0 -9999
2023 01 02 06    33    17 10174     0     0     9     0 -9999
2023 01 02 07    33    17 10169     0     0     9     0 -9999
2023 01 02 08    28    11 10172     0     0     9     0 -9999
2023 01 02 09    11   -11 10173     0     0 -9999     0 -9999
2023 01 02 10     6   -17 10167     0     0     4     0 -9999
2023 01 02 11     0   -17 10174   360    21 -9999     0 -9999
2023 01 02 12     6   -11 10182     0     0     6     0 -9999
2023 01 02 13    11    -6 10185   360    21 -9999     0 -9999
2023 01 02 14    17     0 10184    20    15 -9999     0 -9999
2023 01 02 15    22     6 10190   360    26 -9999     0 -9999
2023 01 02 16    39    11 10194    20    26 -9999     0 -9999
2023 01 02 17    44    17 10189    30    31 -9999     0 -9999
2023 01 02 18    56    22 10181    60    26     8     0 -9999
2023 01 02 19    61    22 10178    50    31 -9999     0 -9999
2023 01 02 20    56    22 10175    50    41 -9999     0 -9999
2023 01 02 21    50    17 10167    50    41 -9999     0 -9999
2023 01 02 22    44    17 10167    60    41 -9999     0 -9999
2023 01 02 23    44    22 10158    40    51 -9999     0 -9999
2023 01 03 00    44    22 10156    80    46     8     0 -9999
2023 01 03 01    33    17 -9999    60    46 -9999     0 -9999
2023 01 03 02    33    17 10155    40    46 -9999     0 -9999
2023 01 03 03    33    17 10150    30    46 -9999     0 -9999
2023 01 03 04    33    17 10129    60    51 -9999     0 -9999
2023 01 03 05    39    22 10120    30    51 -9999     0 -9999
2023 01 03 06    39    28 10109    60    41     9     0 -9999
2023 01 03 07    44    28 10097    30    51     9     0 -9999
2023 01 03 08    44    33 10092    50    46 -9999    23 -9999
2023 01 03 09    44    28 10086    20    62 -9999   107 -9999
2023 01 03 10    44    33 -9999    40    57 -9999     2 -9999
2023 01 03 11    44    33 10062    40    57 -9999    23 -9999
2023 01 03 12    44    33 10059    40    41     8    18   210
2023 01 03 13    44    33 10055    30    51 -9999    10 -9999
2023 01 03 14    50    33 10053    30    57 -9999    10 -9999
2023 01 03 15    50    33 10046    30    57 -9999    13 -9999
2023 01 03 16    56    39 10041    40    57 -9999    13 -9999
2023 01 03 17    56    39 10029    60    36 -9999    -1 -9999
2023 01 03 18    56    44 10022    30    31     8    -1    50
2023 01 03 19    56    44 10016    20    26 -9999     3 -9999
2023 01 03 20    61    50 10008    20    36 -9999    -1 -9999
2023 01 03 21    67    50 -9999   350    21 -9999    -1 -9999
2023 01 03 22    67    50 10012    40    21 -9999    -1 -9999
2023 01 03 23    67    50 10016    10    15 -9999     0 -9999
2023 01 04 00    67    50 10015    20    21     9     0    30
2023 01 04 01    61    50 10014    70    15     9     0 -9999
2023 01 04 02    61    50 10019    10    26     9     0 -9999
2023 01 04 03    67    56 -9999   100    21     9     0 -9999
2023 01 04 04    61    50 -9999   320    21     9     0 -9999
2023 01 04 05    67    50 -9999   280    21 -9999     0 -9999
2023 01 04 06    61    50 10034   270    31     6     0 -9999
2023 01 04 07    56    28 10040   230    36 -9999     0 -9999
2023 01 04 08    44    22 10039   210    21     4     0 -9999
2023 01 04 09    33    11 10042   220    21     2     0 -9999
2023 01 04 10    28     0 10042   210    26     4     0 -9999
2023 01 04 11    33     6 10037   230    21 -9999     0 -9999
2023 01 04 12    33     6 10040   200    26     8     0 -9999
2023 01 04 13    33     6 10041   240    26 -9999     0 -9999
2023 01 04 14    33     6 10049   210    21 -9999     0 -9999
2023 01 04 15    33     6 10057   220    31 -9999     0 -9999
2023 01 04 16    28     0 10064   230    31 -9999    -1 -9999
2023 01 04 17    28     0 10061   250    36 -9999    -1 -9999
2023 01 04 18    28    -6 10057   230    41     8    -1    -1
2023 01 04 19    22    -6 10057   250    46 -9999    -1 -9999
2023 01 04 20    17   -11 10059   230    41 -9999    -1 -9999
2023 01 04 21    17   -11 10067   220    57 -9999     0 -9999
2023 01 04 22    11   -11 10077   230    31 -9999    -1 -9999
2023 01 04 23    11   -11 10085   230    57 -9999    -1 -9999
2023 01 05 00     6   -11 10092   220    36     8    -1    -1
2023 01 05 01    11   -11 10097   220    36 -9999    -1 -9999
2023 01 05 02    11   -17 10098   230    41 -9999     0 -9999
2023 01 05 03    11   -17 10100   230    51 -9999     0 -9999
2023 01 05 04    11   -22 10103   220    41 -9999     0 -9999
2023 01 05 05    11   -22 10105   220    46 -9999     0 -9999
2023 01 05 06    11   -22 10103   230    62     8     0    -1
2023 01 05 07    11   -22 10099   220    46 -9999     0 -9999
2023 01 05 08    11   -22 10099   220    31 -9999     0 -9999
2023 01 05 09    11   -22 10102 -9999    26 -9999     0 -9999
2023 01 05 10     6   -17 10099   210    15 -9999    -1 -9999
2023 01 05 11     6   -17 10098   220    26 -9999    -1 -9999
2023 01 05 12     6   -17 10100   210    26     8     3     3
2023 01 05 13     0   -22 10102   220    36 -9999    -1 -9999
2023 01 05 14     0   -22 10103   230    36 -9999     3 -9999
2023 01 05 15     0   -17 10105   230    21 -9999    -1 -9999
2023 01 05 16     0   -22 10109   230    46 -9999    -1 -9999
2023 01 05 17     6   -22 10107   230    57 -9999    -1 -9999
2023 01 05 18     6   -33 10104   240    57     8    -1 -9999
2023 01 05 19     6   -33 10103   230    46 -9999    -1 -9999
2023 01 05 20     0   -39 10108   250    46 -9999    -1 -9999
2023 01 05 21     0   -33 10116   240    36 -9999    -1 -9999
2023 01 05 22     0   -33 10126   250    41 -9999    -1 -9999
2023 01 05 23     0   -28 10132   260    41 -9999    -1 -9999
2023 01 06 00     6   -28 10136   260    46     8    -1    -1
2023 01 06 01     6   -28 10142   250    36 -9999     0 -9999
2023 01 06 02     6   -17 10143   250    36 -9999     0 -9999
2023 01 06 03    11   -17 10147   240    51 -9999     0 -9999
2023 01 06 04    11   -11 10149   250    36 -9999    -1 -9999
2023 01 06 05    11   -11 10153   250    41 -9999    -1 -9999
2023 01 06 06     6   -11 10155   240    36     8    -1    -1
2023 01 06 07    11   -11 10159   270    36 -9999    -1 -9999
2023 01 06 08     6   -17 -9999   260    41 -9999    -1 -9999
2023 01 06 09     6   -17 10167   260    41 -9999     0 -9999
2023 01 06 10     0   -22 10175   260    36 -9999    -1 -9999
2023 01 06 11     0   -28 10184   260    46 -9999    -1 -9999
2023 01 06 12     0   -33 10183   270    36     8     0    -1
2023 01 06 13     0   -33 10192   250    31 -9999     0 -9999
2023 01 06 14     0   -39 10197   270    31 -9999     0 -9999
2023 01 06 15    -6   -39 10206   260    31 -9999     0 -9999
2023 01 06 16   -11   -39 10215   250    41 -9999     0 -9999
2023 01 06 17   -11   -44 10216   270    36 -9999     0 -9999
2023 01 06 18   -22   -44 10215   230    62     8     0 -9999
2023 01 06 19   -28   -50 10213   250    36 -9999     0 -9999
2023 01 06 20   -33   -61 10213   250    46 -9999     0 -9999
2023 01 06 21   -33   -67 10215   260    26 -9999     0 -9999
2023 01 06 22   -33   -72 10226 -9999    26 -9999     0 -9999
2023 01 06 23   -28   -72 10231   240    31 -9999     0 -9999
2023 01 07 00   -33   -72 10237   230    26     8     0 -9999
2023 01 07 01   -28   -72 10239   240    15 -9999     0 -9999
2023 01 07 02   -28   -67 10243   240    15 -9999     0 -9999
2023 01 07 03   -22   -67 10243     0     0 -9999     0 -9999
2023 01 07 04   -22   -67 10248   330    21 -9999     0 -9999
2023 01 07 05   -22   -67 10253    20    26 -9999     0 -9999
2023 01 07 06   -22   -67 10255     0     0     8     0 -9999
2023 01 07 07   -22   -61 10259   310    21 -9999     0 -9999
2023 01 07 08   -22   -61 10262   350    36 -9999     0 -9999
2023 01 07 09   -22   -61 10265   340    36 -9999     0 -9999
2023 01 07 10   -22   -61 10263   270    15 -9999     0 -9999
2023 01 07 11   -22   -61 10268   280    21 -9999     0 -9999
2023 01 07 12   -22   -56 10274   350    26     8     0 -9999
2023 01 07 13   -22   -56 10281   350    21 -9999     0 -9999
2023 01 07 14   -22   -50 10286   340    21 -9999     0 -9999
2023 01 07 15   -17   -44 10289   350    21 -9999     0 -9999
2023 01 07 16   -11   -44 10294   360    41 -9999     0 -9999
2023 01 07 17   -11   -39 -9999   350    31 -9999     0 -9999
2023 01 07 18    -6   -39 10291    10    26     8     0 -9999
2023 01 07 19    -6   -39 10288    30    57 -9999     0 -9999
2023 01 07 20    -6   -50 10289    10    26 -9999     0 -9999
2023 01 07 21    -6   -50 10292    80    21 -9999     0 -9999
2023 01 07 22   -11   -56 10299   340    26 -9999     0 -9999
2023 01 07 23   -11   -56 10300     0     0 -9999     0 -9999
2023 01 08 00   -11   -61 10303    20    36     8     0 -9999
2023 01 08 01   -17   -56 10298    50    41 -9999     0 -9999
2023 01 08 02   -17   -56 10296    20    36 -9999     0 -9999
2023 01 08 03    -6   -50 10297     0     0 -9999     0 -9999
2023 01 08 04   -11   -50 10293   340    15 -9999     0 -9999
2023 01 08 05   -11   -50 10288   350    21 -9999     0 -9999
2023 01 08 06   -11   -50 10284   330    26     8     0 -9999
2023 01 08 07   -17   -50 10277   340    26 -9999     0 -9999
2023 01 08 08   -17   -50 10275   350    21 -9999     0 -9999
2023 01 08 09   -17   -50 10273   310    15 -9999     0 -9999
2023 01 08 10   -11   -44 10264   340    21 -9999     0 -9999
2023 01 08 11   -11   -44 10265     0     0 -9999     0 -9999
2023 01 08 12   -11   -44 10261     0     0     8     0 -9999
2023 01 08 13   -11   -44 10257     0     0 -9999     0 -9999
2023 01 08 14   -11   -44 10254     0     0 -9999     0 -9999
2023 01 08 15    -6   -39 10254     0     0 -9999     0 -9999
2023 01 08 16    -6   -50 10254     0     0 -9999     0 -9999
2023 01 08 17     0   -44 10247   210    15 -9999     0 -9999
2023 01 08 18     0   -44 10238     0     0     8     0 -9999
2023 01 08 19     0   -50 10230   290    36 -9999     0 -9999
2023 01 08 20    -6   -50 10224   310    41 -9999     0 -9999
2023 01 08 21    -6   -50 10220   320    31 -9999     0 -9999
2023 01 08 22   -17   -56 10217   260    31 -9999     0 -9999
2023 01 08 23   -22   -56 10223   290    26 -9999     0 -9999
2023 01 09 00   -22   -56 10225   300    41     8     0 -9999
2023 01 09 01   -28   -56 10229   250    36 -9999     0 -9999
2023 01 09 02   -28   -56 10232   280    41 -9999     0 -9999
2023 01 09 03   -28   -56 10228   230    36 -9999     0 -9999
2023 01 09 04   -33   -56 10223   240    31 -9999     0 -9999
2023 01 09 05   -33   -50 10226   270    46 -9999     0 -9999
2023 01 09 06   -28   -50 10217   250    31     8     0 -9999
2023 01 09 07   -22   -50 10221   270    36 -9999     0 -9999
2023 01 09 08   -28   -61 10218   230    31     4     0 -9999
2023 01 09 09   -33   -61 10220   250    36     4     0 -9999
2023 01 09 10   -33   -61 10220   230    31     2     0 -9999
2023 01 09 11   -39   -61 10218   210    31     4     0 -9999
2023 01 09 12   -39   -61 10216   200    26     4     0 -9999
2023 01 09 13   -39   -61 10215   190    21     4     0 -9999
2023 01 09 14   -39   -56 10216   210    31     2     0 -9999
2023 01 09 15   -22   -44 10216   210    41     2     0 -9999
2023 01 09 16     0   -39 10213   210    31     4     0 -9999
2023 01 09 17    22   -28 10207   220    51     2     0 -9999
2023 01 09 18    44   -11 10198   220    46     2     0 -9999
2023 01 09 19    50   -11 10188   240    57     4     0 -9999
2023 01 09 20    56    -6 10179   210    62 -9999     0 -9999
2023 01 09 21    61     0 10172   220    46 -9999     0 -9999
2023 01 09 22    67    -6 10170   210    46 -9999     0 -9999
2023 01 09 23    50    -6 10167   190    26 -9999     0 -9999
2023 01 10 00    44     0 10165   170    26     8     0 -9999
2023 01 10 01    39     6 10161   180    36 -9999     0 -9999
2023 01 10 02    39     6 10159   190    36 -9999     0 -9999
2023 01 10 03    39     6 10156   190    31 -9999     0 -9999
2023 01 10 04    39     6 10149   180    41 -9999     0 -9999
2023 01 10 05    39     0 10148   190    41 -9999     0 -9999
2023 01 10 06    39     0 10138   180    41     6     0 -9999
2023 01 10 07    33    -6 10127   170    36 -9999     0 -9999
2023 01 10 08    33    -6 10122   180    36 -9999     0 -9999
2023 01 10 09    33    -6 10117   180    36 -9999     0 -9999
2023 01 10 10    28    -6 10108   180    26 -9999     0 -9999
2023 01 10 11    22    -6 10108   170    21 -9999     0 -9999
2023 01 10 12    22    -6 10107   170    26 -9999     0 -9999
2023 01 10 13    17   -11 10111   180    15     2     0 -9999
2023 01 10 14    17    -6 10110   170    21     2     0 -9999
2023 01 10 15    28     6 10114   160    21     2     0 -9999
2023 01 10 16    44    11 10114   190    21     0     0 -9999
2023 01 10 17    61    17 10114   190    21     0     0 -9999
2023 01 10 18    72    17 10108   210    21     2     0 -9999
2023 01 10 19    89    17 10106   210    26     2     0 -9999
2023 01 10 20    94    17 10104   190    31     2     0 -9999
2023 01 10 21    94    17 10103   180    21     2     0 -9999
2023 01 10 22    89    17 10110   210    36 -9999     0 -9999
2023 01 10 23    78    11 10116   220    26 -9999     0 -9999
2023 01 11 00    61    11 10120   230    26     6     0 -9999
2023 01 11 01    56    11 10127   230    15     4     0 -9999
2023 01 11 02    39     6 10121   130    15 -9999     0 -9999
2023 01 11 03    39     6 10122     0     0 -9999     0 -9999
2023 01 11 04    28     0 10121     0     0 -9999     0 -9999
2023 01 11 05    33     6 10122   180    15 -9999     0 -9999
2023 01 11 06    33    11 10124   200    21     8     0 -9999
2023 01 11 07    39    11 10115   170    26 -9999     0 -9999
2023 01 11 08    39    11 10117   190    21 -9999     0 -9999
2023 01 11 09    39    11 10114     0     0 -9999     0 -9999
2023 01 11 10    39    17 10108     0     0 -9999     0 -9999
2023 01 11 11    44    17 10103     0     0 -9999     0 -9999
2023 01 11 12    39    17 10098   120    26     8     0 -9999
2023 01 11 13    44    22 10094   110    26 -9999     0 -9999
2023 01 11 14    50    28 10094   130    26 -9999     0 -9999
2023 01 11 15    61    33 10098   150    26 -9999     0 -9999
2023 01 11 16    72    33 10100   170    31 -9999     0 -9999
2023 01 11 17    94    33 10085   180    36 -9999     0 -9999
2023 01 11 18   111    33 10075     0     0     6     0 -9999
2023 01 11 19   128    39 10065   120    15 -9999     0 -9999
2023 01 11 20   100    33 10062    70    36 -9999     0 -9999
2023 01 11 21   100    33 10067    90    26 -9999     0 -9999
2023 01 11 22    89    33 10075    80    15 -9999     0 -9999
2023 01 11 23    83    33 10075    50    15 -9999     0 -9999
2023 01 12 00    83    33 10083     0     0     8     0 -9999
2023 01 12 01    89    33 10090     0     0 -9999     0 -9999
2023 01 12 02    83    39 10091   340    15 -9999     0 -9999
2023 01 12 03    83    33 10098     0     0 -9999     0 -9999
2023 01 12 04    67    33 10093   360    21 -9999     0 -9999
2023 01 12 05    67    28 10103     0     0 -9999     0 -9999
2023 01 12 06    61    28 10105    10    31     8     0 -9999
2023 01 12 07    50    22 10103    10    21 -9999     0 -9999
2023 01 12 08    39    17 10109    30    46 -9999     0 -9999
2023 01 12 09    33    17 10112    30    41 -9999     0 -9999
2023 01 12 10    33    17 -9999    30    51     9     0 -9999
2023 01 12 11    28    11 10128    10    51 -9999     0 -9999
2023 01 12 12    33    11 10125    10    62     8     0 -9999
2023 01 12 13    33     6 10127    10    62 -9999     0 -9999
2023 01 12 14    33     6 10130    20    72 -9999     0 -9999
2023 01 12 15    33     6 10129   360   108 -9999     0 -9999
2023 01 12 16    28     0 10143   360    88 -9999     0 -9999
2023 01 12 17    33    -6 10141    10    98 -9999     0 -9999
2023 01 12 18    33   -11 10140   360    88     8     0 -9999
2023 01 12 19    33   -17 10142   360    82 -9999     0 -9999
2023 01 12 20    28   -17 10146   350    77 -9999     0 -9999
2023 01 12 21    28   -17 10150   350    77 -9999     0 -9999
2023 01 12 22    28   -22 10159   360    88 -9999     0 -9999
2023 01 12 23    28   -22 10166   340    57 -9999     0 -9999
2023 01 13 00    28   -22 10172   350    57     8     0 -9999
2023 01 13 01    28   -22 10174   340    46 -9999     0 -9999
2023 01 13 02    28   -17 10178   330    62 -9999     0 -9999
2023 01 13 03    28   -17 10183   320    46 -9999     0 -9999
2023 01 13 04    28   -11 10186   320    62 -9999    -1 -9999
2023 01 13 05    28   -11 10187   330    57 -9999    -1 -9999
2023 01 13 06    22   -11 10189   330    46     8    -1    -1
2023 01 13 07    17   -17 10192    10    77 -9999     3 -9999
2023 01 13 08    11   -22 10202   350    62 -9999    -1 -9999
2023 01 13 09     6   -17 -9999   360    67 -9999     2 -9999
2023 01 13 10     6   -22 10210   360    57 -9999    -1 -9999
2023 01 13 11     0   -33 10215   360    93 -9999    -1 -9999
2023 01 13 12     0   -39 10223    10    98     8     0     5
2023 01 13 13    -6   -44 10227    10    82 -9999     0 -9999
2023 01 13 14   -11   -50 10233    10    82 -9999     0 -9999
2023 01 13 15   -17   -56 10241    10    93 -9999     0 -9999
2023 01 13 16   -17   -61 10244   340    67 -9999     0 -9999
2023 01 13 17   -11   -56 10246   330    62 -9999     0 -9999
2023 01 13 18    -6   -56 10242   320    72     8     0 -9999
2023 01 13 19    -6   -56 10238   320    62 -9999     0 -9999
2023 01 13 20    -6   -50 10238   330    67 -9999    -1 -9999
2023 01 13 21    -6   -50 10243   330    67 -9999    -1 -9999
2023 01 13 22   -11   -61 10251   350    72 -9999    -1 -9999
2023 01 13 23   -11   -72 10257   350    67 -9999     0 -9999
2023 01 14 00   -17   -72 10262   330    41     8     0    -1
2023 01 14 01   -22   -78 10264   330    57 -9999     0 -9999
2023 01 14 02   -28   -83 10265   360    67 -9999     0 -9999
2023 01 14 03   -28   -78 10265   350    41 -9999     0 -9999
2023 01 14 04   -28   -78 10262   330    46 -9999     0 -9999
2023 01 14 05   -33   -78 10260   320    41 -9999     0 -9999
2023 01 14 06   -33   -83 10261   310    26     8     0 -9999
2023 01 14 07   -33   -83 10260   310    36 -9999    -1 -9999
2023 01 14 08   -39   -83 10263   320    41 -9999    -1 -9999
2023 01 14 09   -39   -83 10262   340    26 -9999     0 -9999
2023 01 14 10   -39   -83 10258   270    26 -9999     0 -9999
2023 01 14 11   -39   -83 10258   310    15 -9999     0 -9999
2023 01 14 12   -44   -83 10257     0     0     8     0     0
2023 01 14 13   -39   -83 10259   230    31 -9999     0 -9999
2023 01 14 14   -44   -83 10262   220    21 -9999     0 -9999
2023 01 14 15   -39   -83 10265   240    21 -9999     0 -9999
2023 01 14 16   -33   -78 10269   200    26 -9999     0 -9999
2023 01 14 17   -28   -72 10269   220    31 -9999     0 -9999
2023 01 14 18   -22   -72 10261   240    31     6     0 -9999
2023 01 14 19   -11   -67 10251   230    41 -9999     0 -9999
2023 01 14 20    -6   -61 10245   200    51     4     0 -9999
2023 01 14 21    -6   -67 10241   210    46 -9999     0 -9999
2023 01 14 22    -6   -67 10241   210    36 -9999     0 -9999
2023 01 14 23   -11   -67 10240   210    31 -9999     0 -9999
2023 01 15 00   -22   -67 10239   170    46     6     0 -9999
2023 01 15 01   -22   -61 10239   170    51 -9999     0 -9999
2023 01 15 02   -28   -61 10237   170    41 -9999     0 -9999
2023 01 15 03   -28   -61 10237   180    41 -9999     0 -9999
2023 01 15 04   -28   -61 10235   180    31 -9999     0 -9999
2023 01 15 05   -28   -67 10232   180    31 -9999     0 -9999
2023 01 15 06   -28   -67 10226   170    41     6     0 -9999
2023 01 15 07   -33   -67 10225   190    36 -9999     0 -9999
2023 01 15 08   -33   -61 10221   170    46 -9999     0 -9999
2023 01 15 09   -33   -61 10217   170    36 -9999     0 -9999
2023 01 15 10   -28   -61 10216   180    41 -9999     0 -9999
2023 01 15 11   -28   -61 10216   180    36 -9999     0 -9999
2023 01 15 12   -28   -61 10213   170    36     6     0 -9999
2023 01 15 13   -28   -61 10210   150    51 -9999     0 -9999
2023 01 15 14   -22   -56 10209   150    46 -9999     0 -9999
2023 01 15 15   -11   -50 10211   180    77 -9999     0 -9999
2023 01 15 16     0   -44 10211   170    62 -9999     0 -9999
2023 01 15 17    22   -39 10200   170    77 -9999     0 -9999
2023 01 15 18    44   -50 10182   170    82     6     0 -9999
2023 01 15 19    61   -50 10173   190    57 -9999     0 -9999
2023 01 15 20    61   -50 10162   170    67 -9999     0 -9999
2023 01 15 21    56   -50 10153   160    62 -9999     0 -9999
2023 01 15 22    61   -44 10152   150    77 -9999     0 -9999
2023 01 15 23    50   -50 10145   150    72 -9999     0 -9999
2023 01 16 00    44   -39 10143   140    67     6     0 -9999
2023 01 16 01    39   -33 10144   160    57 -9999     0 -9999
2023 01 16 02    39   -39 10140   150    62 -9999     0 -9999
2023 01 16 03    50   -50 10139   170    62 -9999     0 -9999
2023 01 16 04    50   -56 10136   170    62 -9999     0 -9999
2023 01 16 05    50   -56 10130   170    57 -9999     0 -9999
2023 01 16 06    50   -56 10130   170    57     8     0 -9999
2023 01 16 07    50   -56 10123   170    62 -9999     0 -9999
2023 01 16 08    50   -50 10116   170    46 -9999     0 -9999
2023 01 16 09    50   -50 10114   160    51 -9999     0 -9999
2023 01 16 10    56   -50 10109   170    57 -9999     0 -9999
2023 01 16 11    56   -50 10103   170    57 -9999     0 -9999
2023 01 16 12    56   -44 10091   160    46     8     0 -9999
2023 01 16 13    61   -44 10085   160    41 -9999     0 -9999
2023 01 16 14    67   -39 10075   150    67 -9999     0 -9999
2023 01 16 15    67   -33 10072   170    82 -9999     0 -9999
2023 01 16 16    44    17 10065   160    77 -9999    10 -9999
2023 01 16 17    44    17 10058   170    72 -9999     5 -9999
2023 01 16 18    50    28 10035   150    72     8     3    20
2023 01 16 19    56    33 10018   160    62 -9999     3 -9999
2023 01 16 20    61    39 10006   150    51 -9999    20 -9999
2023 01 16 21    67    44 10003   170    62 -9999     5 -9999
2023 01 16 22    72    50 10000   170    62 -9999     0 -9999
2023 01 16 23    78    56  9995   160    62 -9999    -1 -9999
2023 01 17 00    83    67  9989   160    62     8    -1    30
2023 01 17 01    89    72  9981   170    82 -9999    -1 -9999
2023 01 17 02    94    78  9977   170    72 -9999    -1 -9999
2023 01 17 03   100    83  9975   190    46 -9999     0 -9999
2023 01 17 04   111    89  9972   220    67 -9999     0 -9999
2023 01 17 05   106    83  9971   220    57 -9999     0 -9999
2023 01 17 06   100    67  9973   240    62     8     0    -1
2023 01 17 07    94    56  9969   240    51 -9999     0 -9999
2023 01 17 08    89    50  9973   220    72 -9999     0 -9999
2023 01 17 09    72    44  9975   240    67 -9999     0 -9999
2023 01 17 10    67    33  9978   240    51 -9999     0 -9999
2023 01 17 11    56    28  9984   250    67 -9999     0 -9999
2023 01 17 12    50    22  9986   250    72     8     0 -9999
2023 01 17 13    39    17  9991   250    82 -9999     0 -9999
2023 01 17 14    33    11 10001   260    82 -9999     0 -9999
2023 01 17 15    33    11 10010   250    72 -9999     0 -9999
2023 01 17 16    39    11 10015   240    77 -9999     0 -9999
2023 01 17 17    39    11 10018   250    72 -9999     0 -9999
2023 01 17 18    39     6 10017   250    88     8     0 -9999
2023 01 17 19    39     6 10021   260    98 -9999     0 -9999
2023 01 17 20    44     6 10027   260    62 -9999     0 -9999
2023 01 17 21    39     6 10039   270    72 -9999     0 -9999
2023 01 17 22    39     6 10051   250    72 -9999     0 -9999
2023 01 17 23    39     6 10062   260    62 -9999     0 -9999
2023 01 18 00    39     0 10071   270    51     8     0 -9999
2023 01 18 01    39     0 10083   260    57 -9999     0 -9999
2023 01 18 02    33     0 10089   270    51 -9999     0 -9999
2023 01 18 03    33     0 10100   250    51 -9999     0 -9999
2023 01 18 04    33    -6 10103   280    51 -9999     0 -9999
2023 01 18 05    28    -6 10109   290    57 -9999     0 -9999
2023 01 18 06    28   -11 10111   250    41     8     0 -9999
2023 01 18 07    28   -11 10119   250    36 -9999     0 -9999
2023 01 18 08    28   -11 10131   270    36 -9999     0 -9999
2023 01 18 09    22   -11 10138   270    41 -9999     0 -9999
2023 01 18 10    22   -11 10141   290    36 -9999     0 -9999
2023 01 18 11    22   -11 10149   270    21 -9999     0 -9999
2023 01 18 12    22   -11 10153   290    21     8     0 -9999
2023 01 18 13    28   -11 10159   310    26 -9999     0 -9999
2023 01 18 14    22   -11 10161   330    31 -9999     0 -9999
2023 01 18 15    28   -11 10165    10    31 -9999     0 -9999
2023 01 18 16    33   -11 10170     0     0 -9999     0 -9999
2023 01 18 17    39   -11 10163    50    26 -9999     0 -9999
2023 01 18 18    44   -11 10159    90    36     8     0 -9999
2023 01 18 19    44   -17 10155    90    41 -9999     0 -9999
2023 01 18 20    39   -11 10142   100    41 -9999     0 -9999
2023 01 18 21    39   -11 10154   110    51 -9999     0 -9999
2023 01 18 22    39    -6 10135    90    57 -9999     0 -9999
2023 01 18 23    33     0 10133    80    46 -9999     0 -9999
2023 01 19 00    39     0 10128    70    51     8     0 -9999
2023 01 19 01    33     6 10121    70    72 -9999     3 -9999
2023 01 19 02    33     0 10106    60    72 -9999     5 -9999
2023 01 19 03    28     6 10091    60    77 -9999    28 -9999
2023 01 19 04    33    11 10076    80    82 -9999    10 -9999
2023 01 19 05    33    11 10037    90   118 -9999     8 -9999
2023 01 19 06    33    11 10029    90   103     8     8    60
2023 01 19 07    28    11 10016   100    82 -9999    13 -9999
2023 01 19 08    33    17 10010   110    41 -9999     3 -9999
2023 01 19 09    33    17 10001   120    31 -9999     3 -9999
2023 01 19 10    33    17  9994   120    15 -9999     3 -9999
2023 01 19 11    33    22  9988   170    15 -9999    -1 -9999
2023 01 19 12    39    22  9987   190    26 -9999    -1    23
2023 01 19 13    39    22  9988   230    31 -9999    -1 -9999
2023 01 19 14    39    22  9992   230    46 -9999    -1 -9999
2023 01 19 15    44    22  9997   250    36 -9999     0 -9999
2023 01 19 16    44    28  9991   200    36 -9999     0 -9999
2023 01 19 17    44    28  9986   210    36 -9999    -1 -9999
2023 01 19 18    44    28  9978   190    31     8    -1    -1
2023 01 19 19    50    28  9972   200    21 -9999    -1 -9999
2023 01 19 20    50    33  9968   210    15 -9999    -1 -9999
2023 01 19 21    50    39  9976     0     0 -9999     3 -9999
2023 01 19 22    50    33 -9999   290    36 -9999    -1 -9999
2023 01 19 23    44    22 10005   280    51 -9999     3 -9999
2023 01 20 00    28     6 10022   270    51     8    -1    10
2023 01 20 01    22     0 10035   270    51 -9999    -1 -9999
2023 01 20 02    17     0 10046   260    67 -9999     3 -9999
2023 01 20 03    17     0 10058   260    62 -9999    -1 -9999
2023 01 20 04    22     0 10069   270    57 -9999    -1 -9999
2023 01 20 05    22    -6 10082   270    51 -9999    -1 -9999
2023 01 20 06    11    -6 10089   280    62     8    -1     3
2023 01 20 07    17   -17 10094   280    62 -9999     0 -9999
2023 01 20 08    11   -22 10104   270    62 -9999     0 -9999
2023 01 20 09    11   -22 10111   270    51 -9999     0 -9999
2023 01 20 10    11   -17 10119   280    62 -9999    -1 -9999
2023 01 20 11    11   -22 10129   280    46 -9999     0 -9999
2023 01 20 12    11   -22 10139   280    62     8    -1    -1
2023 01 20 13     6   -28 10152   290    62 -9999    -1 -9999
2023 01 20 14     6   -28 10157   290    62 -9999    -1 -9999
2023 01 20 15     6   -33 10168   300    46 -9999    -1 -9999
2023 01 20 16     6   -39 10184   290    46 -9999     0 -9999
2023 01 20 17     6   -39 10189   290    51 -9999     0 -9999
2023 01 20 18     0   -44 10190   290    57     8     0    -1
2023 01 20 19     0   -39 10192   280    46 -9999     0 -9999
2023 01 20 20     0   -44 10195   270    62 -9999     0 -9999
2023 01 20 21     0   -44 10203   290    46 -9999     0 -9999
2023 01 20 22     0   -50 10211   320    57 -9999     0 -9999
2023 01 20 23     0   -50 10218   290    46 -9999     0 -9999
2023 01 21 00    -6   -56 10221   310    46     8     0 -9999
2023 01 21 01    -6   -50 10224   300    31 -9999     0 -9999
2023 01 21 02    -6   -50 10225   260    36 -9999     0 -9999
2023 01 21 03    -6   -56 10226   280    26 -9999     0 -9999
2023 01 21 04   -11   -61 10226   300    21 -9999     0 -9999
2023 01 21 05   -11   -61 10228   280    31 -9999    -1 -9999
2023 01 21 06   -11   -61 10233   280    31     8     0    -1
2023 01 21 07   -11   -61 10233   280    26 -9999     0 -9999
2023 01 21 08   -11   -56 10233   260    26 -9999     0 -9999
2023 01 21 09   -17   -61 10235   270    41 -9999     0 -9999
2023 01 21 10   -11   -56 10233   240    36 -9999     0 -9999
2023 01 21 11   -17   -50 10235   230    41 -9999     0 -9999
2023 01 21 12   -22   -56 10234   260    31     8     0 -9999
2023 01 21 13   -22   -50 10234   260    31 -9999     0 -9999
2023 01 21 14   -17   -50 10234   250    46 -9999     0 -9999
2023 01 21 15   -17   -50 10232   250    41 -9999     0 -9999
2023 01 21 16   -17   -50 10234   240    36 -9999     0 -9999
2023 01 21 17   -17   -50 10229   240    46 -9999     0 -9999
2023 01 21 18   -17   -50 10219   210    36     8     0 -9999
2023 01 21 19   -11   -50 10208   210    46 -9999     0 -9999
2023 01 21 20   -11   -44 10199   200    41 -9999     0 -9999
2023 01 21 21   -11   -39 10201   230    36 -9999     0 -9999
2023 01 21 22   -11   -39 10199   210    36 -9999     0 -9999
2023 01 21 23   -11   -39 10198   240    41 -9999     0 -9999
2023 01 22 00   -11   -39 10197   220    41     8     0 -9999
2023 01 22 01   -11   -39 10189   220    26 -9999     0 -9999
2023 01 22 02    -6   -39 10184   230    21 -9999     0 -9999
2023 01 22 03    -6   -33 10180   180    26 -9999     0 -9999
2023 01 22 04    -6   -33 10178   190    26 -9999     0 -9999
2023 01 22 05    -6   -33 10173   170    31 -9999     0 -9999
2023 01 22 06    -6   -33 10166   170    26     8     0 -9999
2023 01 22 07    -6   -33 10158   170    21 -9999    -1 -9999
2023 01 22 08    -6   -28 10151   150    21 -9999     3 -9999
2023 01 22 09    -6   -28 10142   130    26 -9999     3 -9999
2023 01 22 10    -6   -28 10132     0     0 -9999     3 -9999
2023 01 22 11   -11   -28 10128     0     0 -9999     3 -9999
2023 01 22 12    -6   -28 10126     0     0     8     5    10
2023 01 22 13   -11   -28 -9999     0     0 -9999    -1 -9999
2023 01 22 14    -6   -22 10125     0     0 -9999     3 -9999
2023 01 22 15    -6   -11 10125     0     0 -9999     3 -9999
2023 01 22 16     0   -17 10126   260    15 -9999     3 -9999
2023 01 22 17     0   -17 10121     0     0 -9999    -1 -9999
2023 01 22 18     0   -22 10116   300    26     8    -1    10
2023 01 22 19     6   -11 -9999   300    21 -9999    -1 -9999
2023 01 22 20    11   -17 10105   310    21 -9999    -1 -9999
2023 01 22 21     6   -11 10107   340    21 -9999     3 -9999
2023 01 22 22     6   -17 10112   350    46 -9999    -1 -9999
2023 01 22 23     0   -22 10116   350    41 -9999    -1 -9999
2023 01 23 00    -6   -28 10124   350    41     8     0     8
2023 01 23 01    -6   -33 10133   350    41 -9999    -1 -9999
2023 01 23 02   -11   -39 10133   360    36 -9999    -1 -9999
2023 01 23 03   -11   -39 10135   340    31 -9999    -1 -9999
2023 01 23 04   -17   -39 10140   320    31 -9999    -1 -9999
2023 01 23 05   -22   -44 10145   340    41 -9999    -1 -9999
2023 01 23 06   -33   -50 10148   330    51     8    -1    -1
2023 01 23 07   -33   -56 10151   310    36 -9999    -1 -9999
2023 01 23 08   -44   -67 -9999   310    46 -9999    -1 -9999
2023 01 23 09   -44   -67 10166   280    36 -9999    -1 -9999
2023 01 23 10   -56   -78 10172   270    41 -9999    -1 -9999
2023 01 23 11   -56   -78 10178   310    36 -9999     0 -9999
2023 01 23 12   -56   -78 10184   270    46     8    -1    -1
2023 01 23 13   -50   -78 10187   250    41 -9999     0 -9999
2023 01 23 14   -44   -72 10190   270    26 -9999     0 -9999
2023 01 23 15   -44   -67 10195   250    57 -9999     0 -9999
2023 01 23 16   -33   -61 10195   260    57 -9999     0 -9999
2023 01 23 17   -33   -61 10196   260    41 -9999     0 -9999
2023 01 23 18   -28   -61 10189   250    62     6     0 -9999
2023 01 23 19   -28   -61 10185   240    93 -9999     0 -9999
2023 01 23 20   -22   -56 10187   260    57     4     0 -9999
2023 01 23 21   -17   -56 10187   250    67 -9999     0 -9999
2023 01 23 22   -22   -61 10190   240    62 -9999     0 -9999
2023 01 23 23   -22   -61 10188   220    51 -9999     0 -9999
2023 01 24 00   -28   -61 10189   230    57     6     0 -9999
2023 01 24 01   -22   -56 10189   230    62 -9999     0 -9999
2023 01 24 02   -17   -44 10187   240    62 -9999 -9999 -9999
2023 01 24 03   -17   -44 10184   240    62 -9999     0 -9999
2023 01 24 04   -17   -50 10188   260    77 -9999     0 -9999
2023 01 24 05   -17   -50 10195   250    62 -9999     0 -9999
2023 01 24 06   -17   -50 10199   260    46     8     0 -9999
2023 01 24 07   -17   -50 10204   270    46 -9999     0 -9999
2023 01 24 08   -17   -50 10207   260    36 -9999     0 -9999
2023 01 24 09   -22   -50 10211   260    46 -9999     0 -9999
2023 01 24 10   -22   -44 10216   270    31 -9999     0 -9999
2023 01 24 11   -22   -50 10219   270    46 -9999     0 -9999
2023 01 24 12   -22   -44 10227   260    31     8     0 -9999
2023 01 24 13   -22   -50 10227   280    51 -9999     0 -9999
2023 01 24 14   -17   -44 10231   270    41 -9999     0 -9999
2023 01 24 15   -11   -39 10231   200    15 -9999     0 -9999
2023 01 24 16     6   -33 10227 -9999    15     4     0 -9999
2023 01 24 17    11   -33 10230   250    31 -9999     0 -9999
2023 01 24 18    17   -28 10227   250    31     6     0 -9999
2023 01 24 19    22   -28 10225   240    51 -9999     0 -9999
2023 01 24 20    22   -28 10210   250    36 -9999     0 -9999
2023 01 24 21    22   -33 10204   280    21 -9999     0 -9999
2023 01 24 22    22   -33 10217   250    21 -9999     0 -9999
2023 01 24 23    22   -28 10219   250    26 -9999     0 -9999
2023 01 25 00    17   -28 10218   270    15     8     0 -9999
2023 01 25 01    17   -28 10211     0     0 -9999     0 -9999
2023 01 25 02    11   -28 10202     0     0 -9999     0 -9999
2023 01 25 03    11   -22 10202   170    31 -9999     0 -9999
2023 01 25 04     6   -28 10183     0     0 -9999     0 -9999
2023 01 25 05     6   -28 10182   160    26 -9999     0 -9999
2023 01 25 06     0   -28 10176   140    26     8     0 -9999
2023 01 25 07     0   -28 10162   120    21 -9999     0 -9999
2023 01 25 08     0   -22 10153   120    26 -9999     5 -9999
2023 01 25 09     0   -22 -9999     0     0 -9999    -1 -9999
2023 01 25 10     0   -22 10131    90    15 -9999    10 -9999
2023 01 25 11    -6   -22 10119    50    15 -9999    10 -9999
2023 01 25 12     0   -22 10104    20    36     8     8    40
2023 01 25 13     0   -17 10098    30    36 -9999     8 -9999
2023 01 25 14     6   -11 10087    50    41 -9999     8 -9999
2023 01 25 15     6   -11 10075    20    41 -9999     3 -9999
2023 01 25 16     6    -6 10068    30    46 -9999     5 -9999
2023 01 25 17     6    -6 10059    10    41 -9999     5 -9999
2023 01 25 18    11    -6 10048   350    46     8     5    30
2023 01 25 19    11    -6 10040   350    51 -9999     3 -9999
2023 01 25 20    11    -6 10040   340    46 -9999    -1 -9999
2023 01 25 21    11   -11 10047   340    51 -9999     3 -9999
2023 01 25 22    11   -11 10055   340    41 -9999    -1 -9999
2023 01 25 23    11   -11 10063   330    36 -9999    -1 -9999
2023 01 26 00    11   -11 10068   340    46     8    -1     5
2023 01 26 01     6   -17 10076   330    41 -9999    -1 -9999
2023 01 26 02     6   -17 10076   320    46 -9999    -1 -9999
2023 01 26 03     6   -22 10081   300    46 -9999    -1 -9999
2023 01 26 04     6   -22 10082   300    46 -9999    -1 -9999
2023 01 26 05     0   -22 10087   290    31 -9999    -1 -9999
2023 01 26 06     0   -22 10089   300    46     8    -1    -1
2023 01 26 07    -6   -22 10090   290    26 -9999     3 -9999
2023 01 26 08    -6   -28 10095   280    26 -9999    -1 -9999
2023 01 26 09    -6   -28 10098   280    31 -9999    -1 -9999
2023 01 26 10    -6   -28 10101   280    31 -9999    -1 -9999
2023 01 26 11    -6   -28 10104   280    21 -9999    -1 -9999
2023 01 26 12    -6   -22 10108   260    21     8     3     5
2023 01 26 13   -22   -44 10115   240    41 -9999     3 -9999
2023 01 26 14   -39   -61 10122   240    46 -9999     3 -9999
2023 01 26 15   -39   -56 10129   250    46 -9999    -1 -9999
2023 01 26 16   -33   -56 10133   250    41 -9999    -1 -9999
2023 01 26 17   -33   -61 10137   260    46 -9999    -1 -9999
2023 01 26 18   -39   -67 10136   250    46     8    -1     5
2023 01 26 19   -39   -67 10134   250    62 -9999    -1 -9999
2023 01 26 20   -44   -72 10136   240    67 -9999    -1 -9999
2023 01 26 21   -50   -83 10143   250    72 -9999    -1 -9999
2023 01 26 22   -56   -89 10149   240    41 -9999    -1 -9999
2023 01 26 23   -67   -94 10156   240    62 -9999    -1 -9999
2023 01 27 00   -67  -100 10160   240    51     8    -1    -1
2023 01 27 01   -67  -100 10167   250    57 -9999    -1 -9999
2023 01 27 02   -72  -106 10173   260    72 -9999    -1 -9999
2023 01 27 03   -72  -106 10173   240    46 -9999    -1 -9999
2023 01 27 04   -72  -106 10168   220    51 -9999     0 -9999
2023 01 27 05   -78  -117 10169   230    62 -9999     0 -9999
2023 01 27 06   -94  -139 10167   240    46     0     0    -1
2023 01 27 07  -100  -144 10165   240    41     0     0 -9999
2023 01 27 08  -100  -139 10166   200    36     0     0 -9999
2023 01 27 09  -106  -139 10158   210    51     2     0 -9999
2023 01 27 10  -100  -139 10150   190    31     4     0 -9999
2023 01 27 11   -94  -128 10139   180    41     4     0 -9999
2023 01 27 12   -89  -128 10129   180    62     6     0 -9999
2023 01 27 13   -78  -122 10120   190    67 -9999     0 -9999
2023 01 27 14   -67  -106 10114   190    67 -9999     0 -9999
2023 01 27 15   -50   -94 10098   190    88 -9999    -1 -9999
2023 01 27 16   -39   -72 -9999   180    77 -9999    -1 -9999
2023 01 27 17   -22   -61 10077   190    77 -9999    -1 -9999
2023 01 27 18   -17   -39 10065   200    67     8     3     3
2023 01 27 19    -6   -33 10051   210    82 -9999     5 -9999
2023 01 27 20     0   -17 -9999   210    77 -9999    -1 -9999
2023 01 27 21    11   -11 10054   220    67 -9999    -1 -9999
2023 01 27 22    22   -11 10064   230    88 -9999    -1 -9999
2023 01 27 23    22    -6 10072   240    62 -9999    -1 -9999
2023 01 28 00    11   -39 10092   260   113     6     3     8
2023 01 28 01     0   -56 10106   270    98     4     0 -9999
2023 01 28 02   -17   -72 10125   260    82     2     0 -9999
2023 01 28 03   -33   -78 10140   260    82     0     0 -9999
2023 01 28 04   -44   -94 10154   270    82     0     0 -9999
2023 01 28 05   -44  -100 10170   270    72     0     0 -9999
2023 01 28 06   -50  -100 10175   270    57     2     0 -9999
2023 01 28 07   -56  -100 10183   270    46 -9999     0 -9999
2023 01 28 08   -61  -106 10194   280    26 -9999     0 -9999
2023 01 28 09   -61  -106 10201   270    15 -9999     0 -9999
2023 01 28 10   -67  -111 10203   310    21 -9999     0 -9999
2023 01 28 11   -67  -111 10210   310    15 -9999     0 -9999
2023 01 28 12   -67  -117 10217   290    21     8     0 -9999
2023 01 28 13   -67  -117 10219   340    21 -9999     0 -9999
2023 01 28 14   -67  -111 10229   330    21 -9999     0 -9999
2023 01 28 15   -61  -111 10238     0     0 -9999     0 -9999
2023 01 28 16   -56  -106 10240   160    21 -9999     0 -9999
2023 01 28 17   -56   -89 10240     0     0 -9999    -1 -9999
2023 01 28 18   -50   -83 10228    60    21     8    -1     3
2023 01 28 19   -50   -72 -9999    20    31 -9999    -1 -9999
2023 01 28 20   -44   -67 10204    50    51 -9999     5 -9999
2023 01 28 21   -39   -67 10207    30    51 -9999     3 -9999
2023 01 28 22   -33   -61 10203    50    62 -9999     5 -9999
2023 01 28 23   -33   -56 10203    40    67 -9999    -1 -9999
2023 01 29 00   -22   -50 10197    50    51     8     0    20
2023 01 29 01   -11   -44 -9999    60    72 -9999    -1 -9999
2023 01 29 02   -11   -39 10186    70    62 -9999    -1 -9999
2023 01 29 03    -6   -33 10183    60    57 -9999     3 -9999
2023 01 29 04    -6   -28 10178    60    51 -9999     5 -9999
2023 01 29 05    -6   -28 10175    50    51 -9999     5 -9999
2023 01 29 06   -11   -28 10172    40    57     8     3    20
2023 01 29 07    -6   -28 10173    30    41 -9999     3 -9999
2023 01 29 08   -33   -56 10176   340    62 -9999     3 -9999
2023 01 29 09   -39   -61 10178   340    67 -9999    -1 -9999
2023 01 29 10   -44   -67 10185   350    62 -9999    -1 -9999
2023 01 29 11   -44   -72 10191   350    67 -9999    -1 -9999
2023 01 29 12   -50   -72 10199   340    57     8     0     5
2023 01 29 13   -50   -78 10211   340    62 -9999     0 -9999
2023 01 29 14   -56   -83 10221   340    62 -9999     0 -9999
2023 01 29 15   -61   -89 10234   350    67 -9999     0 -9999
2023 01 29 16   -61   -89 10239   350    62 -9999     0 -9999
2023 01 29 17   -56   -89 10243   340    57 -9999     0 -9999
2023 01 29 18   -50   -89 10242   350    46     8     0 -9999
2023 01 29 19   -44   -83 10241   340    41 -9999     0 -9999
2023 01 29 20   -39   -78 10239   320    31 -9999     0 -9999
2023 01 29 21   -33   -83 10245   330    41 -9999     0 -9999
2023 01 29 22   -39   -89 10251   340    41 -9999     0 -9999
2023 01 29 23   -44   -94 10253   340    26 -9999     0 -9999
2023 01 30 00   -50  -100 10266   320    46     8     0 -9999
2023 01 30 01   -56  -106 10268   350    36 -9999     0 -9999
2023 01 30 02   -61  -106 10270   350    31 -9999     0 -9999
2023 01 30 03   -67  -111 10264   350    57 -9999     0 -9999
2023 01 30 04   -67  -117 10271   320    36 -9999    -1 -9999
2023 01 30 05   -72  -111 10269   330    36 -9999    -1 -9999
2023 01 30 06   -78  -122 10270   330    31     8    -1    -1
2023 01 30 07   -83  -122 10269   310    41 -9999    -1 -9999
2023 01 30 08   -83  -122 10270   330    41 -9999    -1 -9999
2023 01 30 09   -94  -139 10274   340    46 -9999     3 -9999
2023 01 30 10  -100  -156 10278   310    46 -9999     3 -9999
2023 01 30 11  -106  -172 10281   310    41 -9999    -1 -9999
2023 01 30 12  -111  -183 10286   330    57     8    -1 -9999
2023 01 30 13  -117  -183 10292   300    46 -9999     0 -9999
2023 01 30 14  -117  -189 10297   310    41 -9999     0 -9999
2023 01 30 15  -117  -183 10300   330    46 -9999    -1 -9999
2023 01 30 16  -117  -183 -9999   330    51 -9999    -1 -9999
2023 01 30 17  -111  -178 10305   310    46 -9999     0 -9999
2023 01 30 18  -106  -183 10299   330    62     8     0    -1
2023 01 30 19  -106  -194 10294   310    51 -9999     0 -9999
2023 01 30 20  -111  -194 10296   320    51 -9999     0 -9999
2023 01 30 21  -111  -194 10297   310    46     4     0 -9999
2023 01 30 22  -111  -217 10302   310    46     2     0 -9999
2023 01 30 23  -122  -222 10304   300    46     2     0 -9999
2023 01 31 00  -133  -228 10310   310    57     2     0 -9999
2023 01 31 01  -133  -222 10317   310    36     0     0 -9999
2023 01 31 02  -139  -222 10314   320    31     0     0 -9999
2023 01 31 03  -139  -217 10317   300    31     0     0 -9999
2023 01 31 04  -144  -217 10318   290    26     0     0 -9999
2023 01 31 05  -150  -217 10316   300    36     0     0 -9999
2023 01 31 06  -150  -217 10321   290    21     0     0 -9999
2023 01 31 07  -156  -217 10319   280    21     0     0 -9999
2023 01 31 08  -161  -217 10323   250    21     0     0 -9999
2023 01 31 09  -161  -217 10324   290    21     0     0 -9999
2023 01 31 10  -167  -217 10322   290    15     0     0 -9999
2023 01 31 11  -167  -217 10320   340    15     0     0 -9999
2023 01 31 12  -178  -233 10321   340    21     0     0 -9999
2023 01 31 13  -167  -222 10318   330    15 -9999     0 -9999
2023 01 31 14  -161  -217 10319     0     0 -9999     0 -9999
2023 01 31 15  -150  -211 10321 -9999    15     4     0 -9999
2023 01 31 16  -133  -217 10317   230    31 -9999     0 -9999
2023 01 31 17  -128  -211 10321   250    36 -9999     0 -9999
2023 01 31 18  -122  -211 10315   250    51     6     0 -9999
2023 01 31 19  -117  -211 10304   280    51 -9999     0 -9999
2023 01 31 20  -111  -211 10294   240    36     2     0 -9999
2023 01 31 21  -117  -206 10289   270    36     4     0 -9999
2023 01 31 22  -117  -222 10286   280    36     2     0 -9999
2023 01 31 23  -122  -233 10290   260    26     2     0 -9999
2023 02 01 00  -133  -222 10295   250    31     0     0 -9999
2023 02 01 01  -139  -211 10293   230    26     0     0 -9999
2023 02 01 02  -144  -211 10295   240    26     0     0 -9999
2023 02 01 03  -150  -211 10293   230    21     0     0 -9999
2023 02 01 04  -150  -206 10294   230    36     0     0 -9999
2023 02 01 05  -144  -206 10294   250    31     0     0 -9999
2023 02 01 06  -144  -200 10291   250    36     0     0 -9999
2023 02 01 07  -144  -200 10284   230    36     0     0 -9999
2023 02 01 08  -144  -200 10286   240    36     0     0 -9999
2023 02 01 09  -144  -194 10286   230    36     0     0 -9999
2023 02 01 10  -144  -194 10285   230    36     0     0 -9999
2023 02 01 11  -139  -194 10286   230    36     0     0 -9999
2023 02 01 12  -139  -194 10287   220    41     0     0 -9999
2023 02 01 13  -133  -194 10286   220    41     0     0 -9999
2023 02 01 14  -122  -183 10289   230    41     0     0 -9999
2023 02 01 15  -100  -178 10290   220    51     2     0 -9999
2023 02 01 16   -83  -167 10289   220    46     2     0 -9999
2023 02 01 17   -67  -167 10291   220    57     2     0 -9999
2023 02 01 18   -50  -150 10284   230    57     2     0 -9999
2023 02 01 19   -39  -139 10270   220    57     2     0 -9999
2023 02 01 20   -33  -144 10258   220    77     2     0 -9999
2023 02 01 21   -28  -139 10253   210    82     2     0 -9999
2023 02 01 22   -28  -139 10248   210    62     2     0 -9999
2023 02 01 23   -33  -133 10252   230    57     2     0 -9999
2023 02 02 00   -39  -122 10251   220    41     2     0 -9999
2023 02 02 01   -39  -117 10251   200    26     2     0 -9999
2023 02 02 02   -44  -111 10248   210    36     4     0 -9999
2023 02 02 03   -44  -111 10242   200    26     2     0 -9999
2023 02 02 04   -39  -111 10238   210    36     2     0 -9999
2023 02 02 05   -44  -111 10238   220    51     2     0 -9999
2023 02 02 06   -44  -106 10231   230    57     2     0 -9999
2023 02 02 07   -44  -106 10223   220    62     0     0 -9999
2023 02 02 08   -44  -111 10217   230    57     0     0 -9999
2023 02 02 09   -50  -111 10208   220    62     0     0 -9999
2023 02 02 10   -50  -117 10206   230    62     0     0 -9999
2023 02 02 11   -56  -117 10204   220    57     0     0 -9999
2023 02 02 12   -56  -117 10197   220    51     0     0 -9999
2023 02 02 13   -61  -117 10192   230    46     0     0 -9999
2023 02 02 14   -56  -111 10190   240    62     0     0 -9999
2023 02 02 15   -39  -106 10188   240    57     0     0 -9999
2023 02 02 16   -22  -100 10183   250    67     0     0 -9999
2023 02 02 17   -17   -94 10188   250    57     0     0 -9999
2023 02 02 18    -6   -89 10181   250    62     0     0 -9999
2023 02 02 19     0   -83 10182   260    57     0     0 -9999
2023 02 02 20     6   -83 10186   260    62     2     0 -9999
2023 02 02 21     6   -83 10195   290    57     2     0 -9999
2023 02 02 22    -6   -94 10209   320    67     2     0 -9999
2023 02 02 23   -22  -111 10222   310    57     2     0 -9999
2023 02 03 00   -44  -150 10236   320    67     2     0 -9999
2023 02 03 01   -56  -161 10250   320    67     0     0 -9999
2023 02 03 02   -67  -183 10258   330    62     0     0 -9999
2023 02 03 03   -78  -194 10270   320    82     0     0 -9999
2023 02 03 04   -94  -206 10281   320    77     0     0 -9999
2023 02 03 05  -106  -217 10290   330    67     0     0 -9999
2023 02 03 06  -122  -228 10299   330    72     0     0 -9999
2023 02 03 07  -128  -228 10305   330    77     0     0 -9999
2023 02 03 08  -139  -233 10314   330    72     0     0 -9999
2023 02 03 09  -150  -239 10323   340    72     0     0 -9999
2023 02 03 10  -156  -239 10329   330    57     0     0 -9999
2023 02 03 11  -167  -244 10335   330    41     0     0 -9999
2023 02 03 12  -172  -250 10343   340    57     2     0 -9999
2023 02 03 13  -178  -250 10353   330    46     2     0 -9999
2023 02 03 14  -178  -250 10363   330    46     2     0 -9999
2023 02 03 15  -167  -244 10374   300    51     2     0 -9999
2023 02 03 16  -156  -239 10381   310    41     2     0 -9999
2023 02 03 17  -150  -244 10387   310    36     2     0 -9999
2023 02 03 18  -133  -244 10383   300    26     2     0 -9999
2023 02 03 19  -122  -250 10374     0     0     4     0 -9999
2023 02 03 20  -128  -244 10372   240    21 -9999     0 -9999
2023 02 03 21  -122  -244 10373   310    31 -9999     0 -9999
2023 02 03 22  -122  -244 10375   250    15 -9999     0 -9999
2023 02 03 23  -122  -244 10366 -9999    15 -9999     0 -9999
2023 02 04 00  -122  -233 10364     0     0     6     0 -9999
2023 02 04 01  -128  -222 10359   240    26 -9999     0 -9999
2023 02 04 02  -128  -217 10356   230    15 -9999     0 -9999
2023 02 04 03  -128  -211 10342   180    15 -9999     0 -9999
2023 02 04 04  -128  -211 10339   160    21 -9999     0 -9999
2023 02 04 05  -122  -206 10334   170    21 -9999     0 -9999
2023 02 04 06  -117  -194 10327   190    41     6     0 -9999
2023 02 04 07  -111  -189 10315   180    46 -9999     0 -9999
2023 02 04 08  -106  -183 10307   170    46 -9999     0 -9999
2023 02 04 09  -100  -183 10288   170    51 -9999     0 -9999
2023 02 04 10  -100  -178 10274   180    51     4     0 -9999
2023 02 04 11   -94  -172 10259   170    51     4     0 -9999
2023 02 04 12   -89  -167 10250   180    51     2     0 -9999
2023 02 04 13   -83  -156 10238   190    72 -9999     0 -9999
2023 02 04 14   -78  -144 10228   190    82 -9999     0 -9999
2023 02 04 15   -61  -133 10216   200    62     2     0 -9999
2023 02 04 16   -39  -117 10208   210    82     2     0 -9999
2023 02 04 17   -11   -89 10199   210    62     2     0 -9999
2023 02 04 18     0   -78 10183   210    82     4     0 -9999
2023 02 04 19    17   -61 10169   210    72 -9999     0 -9999
2023 02 04 20    28   -50 10158   220    67 -9999     0 -9999
2023 02 04 21    39   -44 10154   220    51 -9999     0 -9999
2023 02 04 22    50   -39 10146   210    51 -9999     0 -9999
2023 02 04 23    56   -28 10143   200    51 -9999     0 -9999
2023 02 05 00    56   -28 10140   190    51     6     0 -9999
2023 02 05 01    56   -33 10138   200    72 -9999     0 -9999
2023 02 05 02    50   -28 10137   200    72 -9999     0 -9999
2023 02 05 03    44   -28 10134   210    72 -9999     0 -9999
2023 02 05 04    44   -28 10131   210    72 -9999     0 -9999
2023 02 05 05    39   -28 10125   210    93 -9999     0 -9999
2023 02 05 06    44   -33 10123   210    82     8     0 -9999
2023 02 05 07    39   -33 10119   220    88 -9999     0 -9999
2023 02 05 08    33   -33 10116   220    67 -9999     0 -9999
2023 02 05 09    28   -39 10110   200    72 -9999     0 -9999
2023 02 05 10    28   -39 10110   220    72 -9999     0 -9999
2023 02 05 11    22   -33 10109   210    67 -9999     0 -9999
2023 02 05 12    22   -33 10108   220    72     6     0 -9999
2023 02 05 13    17   -33 10107   220    51     2     0 -9999
2023 02 05 14    17   -33 10105   220    46     2     0 -9999
2023 02 05 15    28   -22 10109   250    57     2     0 -9999
2023 02 05 16    28   -22 10111   250    72     4     0 -9999
2023 02 05 17    39   -17 10113   250    51     4     0 -9999
2023 02 05 18    44   -22 10114   280    51     6     0 -9999
2023 02 05 19    50   -17 10116   280    46     2     0 -9999
2023 02 05 20    50   -22 10123   290    57     2     0 -9999
2023 02 05 21    50   -22 10135   290    46     4     0 -9999
2023 02 05 22    39   -28 10148   280    46 -9999     0 -9999
2023 02 05 23    33   -28 10162   290    46     2     0 -9999
2023 02 06 00    22   -33 10174   310    36     0     0 -9999
2023 02 06 01    11   -39 10184   300    26     0     0 -9999
2023 02 06 02     6   -39 10195   300    21     0     0 -9999
2023 02 06 03     0   -44 10208   340    21     0     0 -9999
2023 02 06 04   -22   -61 10209   360    26     0     0 -9999
2023 02 06 05   -17   -61 10210    10    15     0     0 -9999
2023 02 06 06   -17   -56 10217   330    21     0     0 -9999
2023 02 06 07   -22   -67 10220     0     0     0     0 -9999
2023 02 06 08   -33   -67 10227   290    15     0     0 -9999
2023 02 06 09   -44   -72 10230     0     0     0     0 -9999
2023 02 06 10   -44   -78 10230     0     0     0     0 -9999
2023 02 06 11   -50   -89 10231     0     0     0     0 -9999
2023 02 06 12   -44   -83 10236     0     0     2     0 -9999
2023 02 06 13   -44   -83 10238     0     0     2     0 -9999
2023 02 06 14   -28   -50 10241   160    15     4     0 -9999
2023 02 06 15    -6   -39 10241   150    31 -9999     0 -9999
2023 02 06 16    11   -33 10239   160    57 -9999     0 -9999
2023 02 06 17    22   -28 10236   150    57 -9999     0 -9999
2023 02 06 18    39   -22 10218   130    46     6     0 -9999
2023 02 06 19    61   -17 10199   150    46 -9999     0 -9999
2023 02 06 20    67   -28 10185   150    57 -9999     0 -9999
2023 02 06 21    67   -33 10173   150    72 -9999     0 -9999
2023 02 06 22    67   -28 10165   150    57 -9999     0 -9999
2023 02 06 23    56   -28 10148   130    82 -9999     0 -9999
2023 02 07 00    44   -28 10148   150    67     6     0 -9999
2023 02 07 01    44   -28 10125   140    77     4     0 -9999
2023 02 07 02    44   -28 10116   150    93 -9999     0 -9999
2023 02 07 03    50   -22 10118   170    51     4     0 -9999
2023 02 07 04    61   -17 10112   170    82 -9999     0 -9999
2023 02 07 05    72   -11 10098   170    67 -9999     0 -9999
2023 02 07 06    78    -6 10086   180    93     8     0 -9999
2023 02 07 07    94     6 10073   190    93 -9999     0 -9999
2023 02 07 08    94    22 10069   190    72 -9999     0 -9999
2023 02 07 09   100    39 10065   210    72 -9999     0 -9999
2023 02 07 10   100    50 10070   220    72     4     0 -9999
2023 02 07 11    72    28 10084   250    62 -9999     0 -9999
2023 02 07 12    50    11 10095   250    62     6     0 -9999
2023 02 07 13    44     6 10106   240    51 -9999     0 -9999
2023 02 07 14    33     0 10124   270    93 -9999     0 -9999
2023 02 07 15    28    -6 10138   260    72 -9999     0 -9999
2023 02 07 16    28    -6 10144   260    88 -9999     0 -9999
2023 02 07 17    28    -6 10158   260    88 -9999     0 -9999
2023 02 07 18    28    -6 10166   260    46     8     0 -9999
2023 02 07 19    33    -6 10168   280    57 -9999     0 -9999
2023 02 07 20    33     0 10176   260    77 -9999     0 -9999
2023 02 07 21    33     0 10184   280    36 -9999     0 -9999
2023 02 07 22    39    -6 10194   260    62 -9999     0 -9999
2023 02 07 23    33   -17 10197   260    36     2     0 -9999
2023 02 08 00    22   -17 10205   250    36     0     0 -9999
2023 02 08 01    17   -17 10210   220    31     0     0 -9999
2023 02 08 02    17   -17 10215   240    36     0     0 -9999
2023 02 08 03    17   -22 10218   260    36     0     0 -9999
2023 02 08 04    11   -28 10224   280    36     0     0 -9999
2023 02 08 05     6   -39 10228   280    41     0     0 -9999
2023 02 08 06     0   -44 10237   290    26     0     0 -9999
2023 02 08 07   -11   -44 10239   240    21     0     0 -9999
2023 02 08 08   -17   -50 10240   280    15     2     0 -9999
2023 02 08 09   -17   -50 10245   240    21     2     0 -9999
2023 02 08 10   -22   -50 10253   260    15     2     0 -9999
2023 02 08 11   -22   -56 10251     0     0     2     0 -9999
2023 02 08 12   -28   -56 10251   270    15     4     0 -9999
2023 02 08 13   -22   -56 10250     0     0 -9999     0 -9999
2023 02 08 14   -22   -50 10256     0     0 -9999     0 -9999
2023 02 08 15    -6   -33 10261   210    15 -9999     0 -9999
2023 02 08 16    17   -28 10256     0     0 -9999     0 -9999
2023 02 08 17    33   -28 10251   150    26 -9999     0 -9999
2023 02 08 18    44   -28 10241   210    15     6     0 -9999
2023 02 08 19    61   -28 10233   130    15 -9999     0 -9999
2023 02 08 20    67   -33 10224   180    15 -9999     0 -9999
2023 02 08 21    67   -33 10213   150    31 -9999     0 -9999
2023 02 08 22    61   -28 10216   150    21 -9999     0 -9999
2023 02 08 23    56   -28 10215   190    26 -9999     0 -9999
2023 02 09 00    44   -28 10212     0     0     8     0 -9999
2023 02 09 01    39   -17 10205   100    31 -9999     0 -9999
2023 02 09 02    33   -11 10197   100    36 -9999     0 -9999
2023 02 09 03    33   -17 10183   110    31 -9999     0 -9999
2023 02 09 04    33   -11 10165    90    26 -9999     0 -9999
2023 02 09 05    39   -11 10154    80    36 -9999    -1 -9999
2023 02 09 06    33     0 10147    90    36     8    -1     0
2023 02 09 07    39     0 -9999    80    31 -9999     0 -9999
2023 02 09 08    33     6 10111    50    31 -9999    -1 -9999
2023 02 09 09    28    11 -9999    30    57 -9999    -1 -9999
2023 02 09 10    33    11 10074    50    46 -9999     5 -9999
2023 02 09 11    39    22 10057    50    72 -9999    25 -9999
2023 02 09 12    39    22 10032    50    67     8    23    50
2023 02 09 13    39    22 10003    50    88 -9999    41 -9999
2023 02 09 14    44    28 10004    50    72 -9999    79 -9999
2023 02 09 15    44    28  9994    50    51 -9999    -1 -9999
2023 02 09 16    44    28  9995    10    46 -9999    -1 -9999
2023 02 09 17    44    28  9986    40    26 -9999     3 -9999
2023 02 09 18    50    33  9984     0     0     8     2   130
2023 02 09 20    44    22  9999   230    36 -9999    13 -9999
2023 02 09 21    39    17 10010   340    46 -9999    -1 -9999
2023 02 09 22    28    11 10039   320    67 -9999    -1 -9999
2023 02 09 23    28     6 10071   300    67 -9999    -1 -9999
2023 02 10 00    28     0 10099   300    77     8    -1    40
2023 02 10 01    22     0 10122   300    62 -9999     3 -9999
2023 02 10 02    28     0 10137   290    72 -9999     3 -9999
2023 02 10 03    28     0 10150   290    62 -9999    -1 -9999
2023 02 10 04    33     0 10159   290    57 -9999    -1 -9999
2023 02 10 05    33     0 10167   290    46 -9999     0 -9999
2023 02 10 06    22    -6 10180   250    36     6     0     5
2023 02 10 07    22    -6 10189   250    36 -9999     0 -9999
2023 02 10 08    22    -6 10195   260    31 -9999     0 -9999
2023 02 10 09    22    -6 10200   260    36 -9999     0 -9999
2023 02 10 10    22   -11 10203   310    62 -9999     0 -9999
2023 02 10 11    22   -28 10211   330    57 -9999     0 -9999
2023 02 10 12    11   -44 10223   310    36     4     0 -9999
2023 02 10 13     0   -50 10229   310    31     2     0 -9999
2023 02 10 14     6   -44 10236   290    31     2     0 -9999
2023 02 10 15     6   -50 10244   290    62     2     0 -9999
2023 02 10 16    11   -50 10251   290    62     2     0 -9999
2023 02 10 17    17   -61 10260   300    51     2     0 -9999
2023 02 10 18    22   -83 10260   310    57     0     0 -9999
2023 02 10 19    28   -94 10259   290    57     0     0 -9999
2023 02 10 20    22  -100 10259   290    72     0     0 -9999
2023 02 10 21    28  -111 10261   310    57     0     0 -9999
2023 02 10 22    22  -111 10268   290    51     0     0 -9999
2023 02 10 23    22  -100 10273   290    51     0     0 -9999
2023 02 11 00     6   -89 10282   280    41     0     0 -9999
2023 02 11 01     0   -89 10289   280    36     0     0 -9999
2023 02 11 02   -11   -83 10294   280    31     0     0 -9999
2023 02 11 03   -17   -83 10296   290    36     0     0 -9999
2023 02 11 04   -22   -89 10297   270    26     0     0 -9999
2023 02 11 05   -28   -89 10296   250    21     0     0 -9999
2023 02 11 06   -28   -89 10297   230    15     0     0 -9999
2023 02 11 07   -33   -89 10295   230    15     0     0 -9999
2023 02 11 08   -39   -89 10293   250    21     0     0 -9999
2023 02 11 09   -39   -83 10292   220    21     0     0 -9999
2023 02 11 10   -44   -83 10295   220    26     0     0 -9999
2023 02 11 11   -44   -83 10295   220    15     0     0 -9999
2023 02 11 12   -50   -78 10296   220    21     0     0 -9999
2023 02 11 13   -50   -78 10297   230    26     0     0 -9999
2023 02 11 14   -39   -67 10295   210    26     0     0 -9999
2023 02 11 15    -6   -67 10290   240    26     0     0 -9999
2023 02 11 16    22   -89 10288   210    41     0     0 -9999
2023 02 11 17    50  -100 10282   230    36     0     0 -9999
2023 02 11 18    67  -111 10270   230    62     0     0 -9999
2023 02 11 19    78  -117 10259   250    41     2     0 -9999
2023 02 11 20    83   -67 10249   230    67 -9999     0 -9999
2023 02 11 21    83   -83 10244   210    51     2     0 -9999
2023 02 11 22    78   -67 10241   210    67     2     0 -9999
2023 02 11 23    67   -56 10238   210    41     2     0 -9999
2023 02 12 00    50   -50 10237   210    46     2     0 -9999
2023 02 12 01    39   -44 10233   210    41     0     0 -9999
2023 02 12 02    39   -44 10228   210    46     0     0 -9999
2023 02 12 03    28   -44 10225   220    36     0     0 -9999
2023 02 12 04    22   -50 10224   250    15     0     0 -9999
2023 02 12 05    11   -50 10219   210    26     0     0 -9999
2023 02 12 06    11   -50 10213   220    41     2     0 -9999
2023 02 12 07     6   -50 10205   240    36     2     0 -9999
2023 02 12 08     0   -50 10199   230    31     0     0 -9999
2023 02 12 09     0   -50 10197   240    31     0     0 -9999
2023 02 12 10     0   -56 10191   230    31     0     0 -9999
2023 02 12 11    -6   -56 10190   230    31     2     0 -9999
2023 02 12 12    -6   -56 10187   220    31     2     0 -9999
2023 02 12 13   -11   -61 10181   230    26     2     0 -9999
2023 02 12 14     6   -56 10181   230    31     0     0 -9999
2023 02 12 15    33   -61 10175   220    41     2     0 -9999
2023 02 12 16    56   -61 10170   250    36     2     0 -9999
2023 02 12 17    72   -61 10164   240    46     2     0 -9999
2023 02 12 18    83   -56 10151   240    46     2     0 -9999
2023 02 12 19   100   -56 10139   240    46     2     0 -9999
2023 02 12 20   106   -67 10127   240    67     2     0 -9999
2023 02 12 21   111   -78 10120   230    57     2     0 -9999
2023 02 12 22   106   -50 10117   230    51     2     0 -9999
2023 02 12 23   100   -39 10113   220    31     2     0 -9999
2023 02 13 00    83   -39 10113   200    31     4     0 -9999
2023 02 13 01    72   -33 10113   200    31     4     0 -9999
2023 02 13 02    67   -33 10108   210    46 -9999     0 -9999
2023 02 13 03    72   -33 10100   220    51 -9999     0 -9999
2023 02 13 04    72   -39 10097   230    57 -9999     0 -9999
2023 02 13 05    67   -39 10091   230    46 -9999     0 -9999
2023 02 13 06    56   -39 10086   260    41     6     0 -9999
2023 02 13 07    50   -39 10081   230    41 -9999     0 -9999
2023 02 13 08    44   -33 10078   240    31 -9999     0 -9999
2023 02 13 09    39   -28 10076   240    41 -9999     0 -9999
2023 02 13 10    28   -22 10076   270    46     4     0 -9999
2023 02 13 11    22   -28 10076   260    36     2     0 -9999
2023 02 13 12    17   -33 10078   260    36     2     0 -9999
2023 02 13 13    11   -33 10083   260    41     2     0 -9999
2023 02 13 14    22   -33 10089   270    57     0     0 -9999
2023 02 13 15    44   -33 10095   290    46     0     0 -9999
2023 02 13 16    61   -33 10098   280    51     0     0 -9999
2023 02 13 17    78   -33 10105   300    67     0     0 -9999
2023 02 13 18   100   -44 10104   320    67     2     0 -9999
2023 02 13 19   106   -50 10105   300    57     2     0 -9999
2023 02 13 20   106   -67 10102   290    51     0     0 -9999
2023 02 13 21   111   -83 10108   300    41     0     0 -9999
2023 02 13 22   106   -61 10110   270    41     0     0 -9999
2023 02 13 23   100   -78 10113   260    31     2     0 -9999
2023 02 14 00    83   -56 10119   240    21     0     0 -9999
2023 02 14 01    72   -56 10124   230    26     0     0 -9999
2023 02 14 02    61   -39 10123   220    26     0     0 -9999
2023 02 14 03    50   -39 10121   210    21     0     0 -9999
2023 02 14 04    39   -39 10124   200    21     0     0 -9999
2023 02 14 05    28   -39 10123   180    15     0     0 -9999
2023 02 14 06    22   -39 10120   170    26     2     0 -9999
2023 02 14 07    22   -39 10113   170    21     2     0 -9999
2023 02 14 08     6   -50 10114   160    15     2     0 -9999
2023 02 14 09    11   -44 10112   170    26     2     0 -9999
2023 02 14 10    17   -44 10104   160    36     2     0 -9999
2023 02 14 11    17   -39 10101   160    36     4     0 -9999
2023 02 14 12    22   -39 10104   170    31     4     0 -9999
2023 02 14 13    22   -33 10105   180    26     4     0 -9999
2023 02 14 14    39   -28 10105   160    36 -9999     0 -9999
2023 02 14 15    61   -22 10091   150    51 -9999     0 -9999
2023 02 14 16   100   -11 10084   170    72 -9999     0 -9999
2023 02 14 17   128     0 10080   170    88 -9999     0 -9999
2023 02 14 18   122     6 10067   180    88     8     0 -9999
2023 02 14 19   117    11 10055   160    62 -9999     0 -9999
2023 02 14 20   111    28 10043   150    77 -9999    -1 -9999
2023 02 14 21   111    39 10017   130    67 -9999     3 -9999
2023 02 14 22   111    39 10010   130    57 -9999    -1 -9999
2023 02 14 23   117    33  9997   140    72 -9999     0 -9999
2023 02 15 00   117    39  9993   150    57     8    -1     3
2023 02 15 01   111    50  9992   160   103 -9999     5 -9999
2023 02 15 02   106    56  9971   160    77 -9999     5 -9999
2023 02 15 03   111    56  9970   170   108 -9999     0 -9999
2023 02 15 04   117    67  9967   190   113 -9999     0 -9999
2023 02 15 05   106    72  9959   200    72 -9999    13 -9999
2023 02 15 06   106    72  9953   190    72     8     8    30
2023 02 15 07    94    67  9955   230    72 -9999    25 -9999
2023 02 15 08    89    61  9952   220    57 -9999     5 -9999
2023 02 15 09    94    72  9949   200    57 -9999     8 -9999
2023 02 15 10   106    78  9952   210    72 -9999     0 -9999
2023 02 15 11   106    61  9959   230   103 -9999     0 -9999
2023 02 15 12    94    50  9972   230    82     8    -1    40
2023 02 15 13    72    22  9995   240   118 -9999     0 -9999
2023 02 15 14    61    17 10021   250    98 -9999     0 -9999
2023 02 15 15    61    17 10038   240    98 -9999     0 -9999
2023 02 15 16    56    11 10051   250    77 -9999     0 -9999
2023 02 15 17    50     6 10072   250   103 -9999     0 -9999
2023 02 15 18    50     6 10085   240    82     8     0    -1
2023 02 15 19    44    -6 10090   250   103 -9999     0 -9999
2023 02 15 20    50     0 10101   250    77 -9999     0 -9999
2023 02 15 21    50     0 10115   250    72 -9999     0 -9999
2023 02 15 22    39    -6 10126   260    82 -9999     0 -9999
2023 02 15 23    39    -6 10137   270    62 -9999     0 -9999
2023 02 16 00    33   -11 10151   260    41     8     0 -9999
2023 02 16 01    28   -17 10159   280    57 -9999     0 -9999
2023 02 16 02    22   -17 10165   290    31 -9999     0 -9999
2023 02 16 03    22   -17 10174   280    26 -9999     0 -9999
2023 02 16 04    22   -22 10179   320    41 -9999     0 -9999
2023 02 16 05    17   -22 10179   340    36 -9999     0 -9999
2023 02 16 06    17   -28 10176    10    46     8     0 -9999
2023 02 16 07     0   -33 10173   360    36 -9999     0 -9999
2023 02 16 08     0   -33 10170    10    31 -9999     0 -9999
2023 02 16 09    11   -28 10163    20    46 -9999     0 -9999
2023 02 16 10    17   -22 10161    30    62 -9999     0 -9999
2023 02 16 11    17   -22 10151    40    72 -9999     0 -9999
2023 02 16 12    17   -22 10144    40   108     8     0 -9999
2023 02 16 13    17   -22 10157    70    72 -9999     0 -9999
2023 02 16 14    17   -22 -9999    30    77 -9999    -1 -9999
2023 02 16 15    11   -17 10152    30    88 -9999     8 -9999
2023 02 16 16    11   -11 -9999    40    82 -9999    -1 -9999
2023 02 16 17     6   -11 10126    30   103 -9999    15 -9999
2023 02 16 18     6   -11 10119    30   113     8    18    40
2023 02 16 19     6   -17 10105    40    93 -9999    13 -9999
2023 02 16 20     0   -17 10100    30   108 -9999    20 -9999
2023 02 16 21     0   -22 -9999    30    98 -9999    -1 -9999
2023 02 16 22     0   -22 10093    30    98 -9999    -1 -9999
2023 02 16 23    -6   -22 10100    30    82 -9999     3 -9999
2023 02 17 00    -6   -28 10102    20    98     8    -1    40
2023 02 17 01    -6   -28 10118    10    98 -9999    -1 -9999
2023 02 17 02   -11   -28 -9999   340    62 -9999     2 -9999
2023 02 17 03   -28   -56 10144   340    82 -9999     3 -9999
2023 02 17 04   -33   -61 10159   330    98 -9999    -1 -9999
2023 02 17 05   -39   -67 10168   340    88 -9999    -1 -9999
2023 02 17 06   -39   -72 10179   340    77     8    -1    10
2023 02 17 07   -44   -78 10180   350    72 -9999     0 -9999
2023 02 17 08   -44   -83 10186   350    82 -9999     0 -9999
2023 02 17 09   -50   -83 10193   340    88 -9999     0 -9999
2023 02 17 10   -50   -89 10206   340    62 -9999     0 -9999
2023 02 17 11   -61  -100 10222   340    67 -9999     0 -9999
2023 02 17 12   -72  -111 10234   330    46     4     0 -9999
2023 02 17 13   -78  -128 10245   340    57     4     0 -9999
2023 02 17 14   -78  -128 10254   350    57     2     0 -9999
2023 02 17 15   -72  -128 10256   330    57     2     0 -9999
2023 02 17 16   -61  -122 10260   350    46     2     0 -9999
2023 02 17 17   -50  -111 10265   290    36     4     0 -9999
2023 02 17 18   -44  -111 10263   310    41     4     0 -9999
2023 02 17 19   -33  -106 10261   280    46     4     0 -9999
2023 02 17 20   -39  -111 10258   260    46     4     0 -9999
2023 02 17 21   -39  -117 10261   300    51     2     0 -9999
2023 02 17 22   -39  -117 10265   260    46     2     0 -9999
2023 02 17 23   -44  -111 10267   240    46     2     0 -9999
2023 02 18 00   -50  -106 10270   240    41     0     0 -9999
2023 02 18 01   -56  -106 10270   230    41     0     0 -9999
2023 02 18 02   -56  -100 10268   230    41     0     0 -9999
2023 02 18 03   -56   -94 10265   220    36     0     0 -9999
2023 02 18 04   -56   -94 10260   210    41     0     0 -9999
2023 02 18 05   -50   -89 10252   210    51     2     0 -9999
2023 02 18 06   -39   -89 10246   210    67     4     0 -9999
2023 02 18 07   -33   -89 10241   210    57     4     0 -9999
2023 02 18 08   -33   -89 10236   210    77     2     0 -9999
2023 02 18 09   -28   -83 10231   210    72     2     0 -9999
2023 02 18 10   -17   -78 10224   210    77     0     0 -9999
2023 02 18 11   -17   -78 10225   220    77     2     0 -9999
2023 02 18 12   -17   -78 10229   220    77     2     0 -9999
2023 02 18 13   -17   -72 10233   220    67     4     0 -9999
2023 02 18 14   -11   -67 10235   220    57 -9999     0 -9999
2023 02 18 15     6   -61 10240   230    72 -9999     0 -9999
2023 02 18 16    22   -56 10242   250    51 -9999     0 -9999
2023 02 18 17    33   -56 10237   240    62 -9999     0 -9999
2023 02 18 18    39   -50 10231   240    62     6     0 -9999
2023 02 18 19    50   -44 10222   230    46 -9999     0 -9999
2023 02 18 20    56   -33 10215   210    67 -9999     0 -9999
2023 02 18 21    61   -22 10207   210    57 -9999     0 -9999
2023 02 18 22    67   -22 10200   200    41 -9999     0 -9999
2023 02 18 23    67   -17 10195   200    26 -9999     0 -9999
2023 02 19 00    67   -17 10193   200    57     6     0 -9999
2023 02 19 01    56   -11 10190   180    31 -9999     0 -9999
2023 02 19 02    56   -17 10192   200    57 -9999     0 -9999
2023 02 19 03    56   -22 10183   200    62 -9999     0 -9999
2023 02 19 04    44   -22 10175   190    51 -9999     0 -9999
2023 02 19 05    44   -28 10166   190    46 -9999     0 -9999
2023 02 19 06    39   -28 10159   190    51     8     0 -9999
2023 02 19 07    39   -28 10153   200    51 -9999     0 -9999
2023 02 19 08    50   -28 10149   200    72 -9999     0 -9999
2023 02 19 09    44   -22 10132   210    51 -9999     0 -9999
2023 02 19 10    44   -22 10123   200    62 -9999     0 -9999
2023 02 19 11    44   -17 10114   210    67 -9999     0 -9999
2023 02 19 12    44   -17 10113   210    57     8     0 -9999
2023 02 19 13    44   -17 10109   210    67 -9999     0 -9999
2023 02 19 14    44   -11 10107   200    67     2     0 -9999
2023 02 19 15    61   -11 10103   220    67     2     0 -9999
2023 02 19 16    72   -17 10100   240    67     2     0 -9999
2023 02 19 17    83   -22 10098   240   103     2     0 -9999
2023 02 19 18    89   -17 10090   230    82     2     0 -9999
2023 02 19 19    94   -11 10083   240    88     2     0 -9999
2023 02 19 20   106     0 10078   240    67     2     0 -9999
2023 02 19 21   106     0 10076   240    98     2     0 -9999
2023 02 19 22   106     0 10077   230    88     2     0 -9999
2023 02 19 23   100     0 10080   240    51     2     0 -9999
2023 02 20 00    83    11 10085   260    41     2     0 -9999
2023 02 20 01    72     6 10092   270    51     4     0 -9999
2023 02 20 02    61     6 10097   270    36 -9999     0 -9999
2023 02 20 03    50    -6 10101   270    26 -9999     0 -9999
2023 02 20 04    44     0 10096   280    51 -9999     0 -9999
2023 02 20 05    44     0 10097   280    41 -9999     0 -9999
2023 02 20 06    33    -6 10100   320    46     6     0 -9999
2023 02 20 07    17   -17 10100   340    41     4     0 -9999
2023 02 20 08     6   -28 10105   350    41     4     0 -9999
2023 02 20 09    -6   -39 10102   350    36     2     0 -9999
2023 02 20 10   -11   -50 10099    20    15     2     0 -9999
2023 02 20 11   -11   -50 10104    10    21     2     0 -9999
2023 02 20 12   -11   -44 10103    10    21     6     0 -9999
2023 02 20 13   -17   -50 10100   350    21 -9999     0 -9999
2023 02 20 14    -6   -39 10102   350    21 -9999     0 -9999
2023 02 20 15    17   -28 10103    80    26 -9999     0 -9999
2023 02 20 16    33   -17 10096   100    26     4     0 -9999
2023 02 20 17    50   -17 10090 -9999    15 -9999     0 -9999
2023 02 20 18    56   -22 10083   120    26     8     0 -9999
2023 02 20 19    67   -11 10071   110    31 -9999     0 -9999
2023 02 20 20    67   -28 10061     0     0 -9999     0 -9999
2023 02 20 21    78   -22 10054 -9999    26     4     0 -9999
2023 02 20 22    83   -22 10044   150    36     4     0 -9999
2023 02 20 23    78   -11 10039   140    31     4     0 -9999
2023 02 21 00    56   -11 10038   150    26     2     0 -9999
2023 02 21 01    50   -11 10035   180    26     2     0 -9999
2023 02 21 02    56   -17 10034   220    26     0     0 -9999
2023 02 21 03    56   -11 10030   220    31     0     0 -9999
2023 02 21 04    61   -11 10024   240    46     2     0 -9999
2023 02 21 05    50    -6 10018   240    51 -9999     0 -9999
2023 02 21 06    44    -6 10010   260    46     6     0 -9999
2023 02 21 07    44     0 10005   270    62 -9999     0 -9999
2023 02 21 08    39    -6 10007   270    67 -9999     0 -9999
2023 02 21 09    28   -17 10009   260    72 -9999     0 -9999
2023 02 21 10    11   -39 10015   270    82     4     0 -9999
2023 02 21 11     6   -67 10020   270    77     2     0 -9999
2023 02 21 12    -6   -78 10039   270   103     2     0 -9999
2023 02 21 13   -33  -100 10059   290    82     2     0 -9999
2023 02 21 14   -44  -117 10077   290    82     2     0 -9999
2023 02 21 15   -39  -117 10090   290    82 -9999     0 -9999
2023 02 21 16   -28  -117 10099   300    57 -9999     0 -9999
2023 02 21 17   -17  -111 10106   300    57 -9999     0 -9999
2023 02 21 18     0  -111 10097   330    36     6     0 -9999
2023 02 21 19    11  -111 10106   270    46 -9999     0 -9999
2023 02 21 20    11  -117 10107   260    31 -9999     0 -9999
2023 02 21 21    11  -122 10108   230    36 -9999     0 -9999
2023 02 21 22    22  -122 10100   100    15 -9999     0 -9999
2023 02 21 23    17  -111 10108   210    31 -9999     0 -9999
2023 02 22 00    17  -111 10105   180    21     8     0 -9999
2023 02 22 01    11   -78 10101   100    46 -9999     0 -9999
2023 02 22 02    11   -72 10100   100    41 -9999     0 -9999
2023 02 22 03     6   -61 10103    90    36 -9999     0 -9999
2023 02 22 04    11   -56 10103    90    41 -9999     0 -9999
2023 02 22 05    11   -50 10098    90    51 -9999     0 -9999
2023 02 22 06    11   -50 10090    90    62     8     0 -9999
2023 02 22 07    11   -50 10078    80    67 -9999     0 -9999
2023 02 22 08    17   -50 10073    70    62 -9999     0 -9999
2023 02 22 09    11   -44 10064    60    82 -9999     0 -9999
2023 02 22 10    11   -44 10059    70    72 -9999     0 -9999
2023 02 22 11    17   -39 10057    80    62 -9999     0 -9999
2023 02 22 12    17   -44 10063    60    67     8     0 -9999
2023 02 22 13    17   -39 10066    70    57 -9999     0 -9999
2023 02 22 14    17   -33 10069    60    82 -9999     3 -9999
2023 02 22 15    11   -17 10062    60    67 -9999     5 -9999
2023 02 22 16    11   -17 10062    60    93 -9999     5 -9999
2023 02 22 17    11   -17 10063    50    82 -9999    13 -9999
2023 02 22 18    11   -17 10043    70    98     8    18    40
2023 02 22 19     6   -11 10041    60    88 -9999    36 -9999
2023 02 22 20     6   -11 10026    60   103 -9999    43 -9999
2023 02 22 21     6   -11 10031    60    98 -9999    23 -9999
2023 02 22 22     6   -17 10040    40    67 -9999    46 -9999
2023 02 22 23     6   -11 10034    70    62 -9999    48 -9999
2023 02 23 00    11   -11 10014    70    72     8    20   220
2023 02 23 01    17    -6 10030    60    51 -9999     5 -9999
2023 02 23 02    17    -6 10041    70    41 -9999    13 -9999
2023 02 23 03    17     0 10039    70    46 -9999     8 -9999
2023 02 23 04    22     0 10043    70    51 -9999    -1 -9999
2023 02 23 05    17     0 10052    70    31 -9999    13 -9999
2023 02 23 06    17     0 10057    70    31     8     8    50
2023 02 23 07    17     0 10061    50    41 -9999    -1 -9999
2023 02 23 08    17     0 -9999    80    41 -9999     0 -9999
2023 02 23 09    17     0 10054    90    31 -9999    -1 -9999
2023 02 23 10    17     6 10050    80    26 -9999    -1 -9999
2023 02 23 11    22     6 10052    90    21 -9999    -1 -9999
2023 02 23 12    22    11 10056   130    21     9    -1    -1
2023 02 23 13    28    11 10057   170    31     9     0 -9999
2023 02 23 14    39    28 10066   260    41 -9999     0 -9999
2023 02 23 15    39    28 10081   250    77 -9999     0 -9999
2023 02 23 16    28    11 10094   260    82 -9999     0 -9999
2023 02 23 17    22     0 10113   260    62 -9999     0 -9999
2023 02 23 18    28    -6 10124   260    88     8     0 -9999
2023 02 23 19    22   -22 10138   250    88 -9999     0 -9999
2023 02 23 20    17   -33 10152   260    62 -9999     0 -9999
2023 02 23 21     6   -44 10169   260   108 -9999     0 -9999
2023 02 23 22     0   -50 10182   270    98 -9999     0 -9999
2023 02 23 23    -6   -67 10195   260   108 -9999     0 -9999
2023 02 24 00   -11   -67 10212   280   103     6     0 -9999
2023 02 24 01   -17   -78 10230   280    62 -9999     0 -9999
2023 02 24 02   -28   -89 10251   300    82 -9999     0 -9999
2023 02 24 03   -33  -100 10269   290    98 -9999     0 -9999
2023 02 24 04   -33  -106 10285   280    72 -9999     0 -9999
2023 02 24 05   -39  -111 10298   290    62 -9999     0 -9999
2023 02 24 06   -50  -106 10309   290    51     2     0 -9999
2023 02 24 07   -56  -106 10319   290    46     2     0 -9999
2023 02 24 08   -61  -106 10328   300    57     2     0 -9999
2023 02 24 09   -67  -111 10338   300    46     2     0 -9999
2023 02 24 10   -72  -111 10342   300    36     2     0 -9999
2023 02 24 11   -72  -111 10355   280    36     2     0 -9999
2023 02 24 12   -72  -111 10362   280    36     4     0 -9999
2023 02 24 13   -72  -111 -9999   300    36 -9999     0 -9999
2023 02 24 14   -67  -100 10382   330    46 -9999     0 -9999
2023 02 24 15   -50  -111 10389   350    41 -9999     0 -9999
2023 02 24 16   -50  -128 10388   360    41     4     0 -9999
2023 02 24 17   -33  -122 10386    20    31 -9999     0 -9999
2023 02 24 18   -22  -122 10381    60    36     6     0 -9999
2023 02 24 19   -22  -111 10373    70    31 -9999     0 -9999
2023 02 24 20   -22  -111 10367    70    15 -9999     0 -9999
2023 02 24 21   -22  -106 10366    90    36 -9999     0 -9999
2023 02 24 22   -28  -106 10364    80    31 -9999     0 -9999
2023 02 24 23   -33  -106 10364    40    41 -9999     0 -9999
2023 02 25 00   -39   -94 10359    70    46     6     0 -9999
2023 02 25 01   -39   -94 10354    70    51 -9999     0 -9999
2023 02 25 02   -33   -89 10350    90    41 -9999     0 -9999
2023 02 25 03   -39   -72 10337    90    46 -9999     3 -9999
2023 02 25 04   -44   -67 10335   110    15 -9999    10 -9999
2023 02 25 05   -39   -61 10317    90    26 -9999     3 -9999
2023 02 25 06   -33   -56 10303   150    21     8    -1    20
2023 02 25 07   -28   -50 10288   130    26 -9999    -1 -9999
2023 02 25 08   -22   -44 10266   130    31 -9999    -1 -9999
2023 02 25 09   -22   -44 10263   250    15 -9999     0 -9999
2023 02 25 10   -22   -50 10265   260    31 -9999     0 -9999
2023 02 25 11   -22   -50 10262   270    31 -9999     0 -9999
2023 02 25 12   -22   -50 10259   270    31     8     0    -1
2023 02 25 13   -22   -50 10253   250    15 -9999     0 -9999
2023 02 25 14   -22   -44 10251   230    21 -9999     0 -9999
2023 02 25 15   -17   -44 10252   270    36 -9999     0 -9999
2023 02 25 16   -11   -50 10250   270    26 -9999     0 -9999
2023 02 25 17    -6   -50 10247 -9999    31 -9999     0 -9999
2023 02 25 18     0   -50 10239   250    51     6     0 -9999
2023 02 25 19    11   -39 10229   220    62 -9999     0 -9999
2023 02 25 20    22   -44 10219   250    67     4     0 -9999
2023 02 25 21    28   -44 10210   250    51     2     0 -9999
2023 02 25 22    33   -44 10205   250    46     2     0 -9999
2023 02 25 23    28   -44 10199   230    57     2     0 -9999
2023 02 26 00    22   -44 10195   210    46     2     0 -9999
2023 02 26 01    17   -39 10194   220    36     0     0 -9999
2023 02 26 02    11   -39 10184   220    36     0     0 -9999
2023 02 26 03    11   -33 10175   200    46     0     0 -9999
2023 02 26 04    11   -33 10173   210    51     0     0 -9999
2023 02 26 05    11   -28 10171   230    62     0     0 -9999
2023 02 26 06     6   -28 10174   240    46     0     0 -9999
2023 02 26 07     6   -28 10167   230    57     2     0 -9999
2023 02 26 08     0   -28 10167   240    41     2     0 -9999
2023 02 26 09     0   -33 10153   200    41     0     0 -9999
2023 02 26 10     0   -33 10159   230    31     0     0 -9999
2023 02 26 11    -6   -33 10163   230    15     0     0 -9999
2023 02 26 12   -17   -39 10165   210    21     0     0 -9999
2023 02 26 13   -22   -44 10170   200    15     0     0 -9999
2023 02 26 14   -11   -22 10174   240    31     0     0 -9999
2023 02 26 15    17   -17 10174   240    36     2     0 -9999
2023 02 26 16    44   -22 10175   300    26     2     0 -9999
2023 02 26 17    61   -56 10168     0     0     2     0 -9999
2023 02 26 18    78   -44 10166    70    21     2     0 -9999
2023 02 26 19    94   -39 10156     0     0     2     0 -9999
2023 02 26 20    89   -50 10147 -9999    15     2     0 -9999
2023 02 26 21   106   -44 10140     0     0     2     0 -9999
2023 02 26 22    83   -39 10134    80    46     2     0 -9999
2023 02 26 23    67   -50 10132   100    51     2     0 -9999
2023 02 27 00    44   -56 10129    90    41     2     0 -9999
2023 02 27 01    28   -50 10125    80    31     2     0 -9999
2023 02 27 02    22   -44 10118    90    36     4     0 -9999
2023 02 27 03    17   -50 10120   100    21     4     0 -9999
2023 02 27 04    22   -44 10110    90    31 -9999     0 -9999
2023 02 27 05    28   -33 10095   100    31 -9999     0 -9999
2023 02 27 06    39   -33 10080   100    36     8     0 -9999
2023 02 27 07    44   -28 10064    90    36 -9999     0 -9999
2023 02 27 08    56   -17 10048   110    62 -9999     0 -9999
2023 02 27 09    56   -11 10024    70    31 -9999     0 -9999
2023 02 27 10    50    17 10001   110    67 -9999    25 -9999
2023 02 27 11    50    28 -9999   110    72 -9999    25 -9999
2023 02 27 12    56    39  9950   110   103     8    10   110
2023 02 27 13    61    44 -9999   110   103 -9999    12 -9999
2023 02 27 14    67    50  9909   130    72 -9999    25 -9999
2023 02 27 15    72    61  9879   120    57 -9999    30 -9999
2023 02 27 16    83    67  9852    90    46 -9999    36 -9999
2023 02 27 17    94    78  9852    90    26 -9999    23 -9999
2023 02 27 18   139    89  9847   220    82     6     0   150
2023 02 27 19   133    78  9842   230    62 -9999     0 -9999
2023 02 27 20   128    72  9847   260    51 -9999     0 -9999
2023 02 27 21   122    78  9860   240    57 -9999     0 -9999
2023 02 27 22   122    83  9866   270    41 -9999     0 -9999
2023 02 27 23   122    83  9885   270    62 -9999     0 -9999
2023 02 28 00    72    39  9916   280    77     8     0 -9999
2023 02 28 01    56    22  9942   290    77 -9999     0 -9999
2023 02 28 02    44    17  9963   290    88 -9999     0 -9999
2023 02 28 03    39     6  9983   280    57 -9999     0 -9999
2023 02 28 04    39     0  9998   290    67 -9999     0 -9999
2023 02 28 05    33     0 10013   300    77 -9999     0 -9999
2023 02 28 06    33    -6 10024   280    46     8     0 -9999
2023 02 28 07    39     0 10036   300    57 -9999     0 -9999
2023 02 28 08    33     0 10044   280    46 -9999     0 -9999
2023 02 28 09    39     6 10056   290    41 -9999     0 -9999
2023 02 28 10    39     6 10067   300    67 -9999     0 -9999
2023 02 28 11    39     6 10078   300    31 -9999     0 -9999
2023 02 28 12    39     0 10089   300    36     8     0 -9999
2023 02 28 13    33     0 10106   290    36 -9999     0 -9999
2023 02 28 14    39     0 10113   270    26 -9999     0 -9999
2023 02 28 15    39   -11 10119   280    31 -9999     0 -9999
2023 02 28 16    44   -11 10122   270    31     4     0 -9999
2023 02 28 17    67    -6 10125   210    26     2     0 -9999
2023 02 28 18    78   -17 10125     0     0     2     0 -9999
2023 02 28 19    94   -22 10121   330    21     2     0 -9999
2023 02 28 20   100   -44 10114     0     0 -9999     0 -9999
2023 02 28 21   106   -44 10113 -9999    15 -9999     0 -9999
2023 02 28 22    89     0 10106    80    46 -9999     0 -9999
2023 02 28 23    72     0 10110   100    46 -9999     0 -9999
2023 03 01 00    67    -6 10109    90    31     8     0 -9999
2023 03 01 01    56   -22 10110    90    46 -9999     0 -9999
2023 03 01 02    56   -28 10108    90    31 -9999     0 -9999
2023 03 01 03    50   -28 10111    90    31 -9999     0 -9999
2023 03 01 04    56   -17 10103    80    41 -9999     0 -9999
2023 03 01 05    56     0 10095    50    36 -9999    -1 -9999
2023 03 01 06    56     6 10087    10    36     8    -1     0
2023 03 01 07    44    22 10082    80    51 -9999    51 -9999
2023 03 01 08    44    22 10074    60    41 -9999    20 -9999
2023 03 01 09    44    22 10071    80    41 -9999     0 -9999
2023 03 01 10    44    22 10067    70    31 -9999     0 -9999
2023 03 01 11    39    17 10066    90    36 -9999     0 -9999
2023 03 01 12    39    17 10069   100    31     6     0    70
2023 03 01 13    39    17 10069   100    15 -9999     0 -9999
2023 03 01 14    50    28 10076   120    21     2     0 -9999
2023 03 01 15    56    33 10068     0     0     4     0 -9999
2023 03 01 16    78    39 10070   250    26     2     0 -9999
2023 03 01 17    94    50 10068   230    36     2     0 -9999
2023 03 01 18   106    50 10072   240    36     4     0 -9999
2023 03 01 19   122    56 10065   290    62     4     0 -9999
2023 03 01 20   128    44 10068   250    57 -9999     0 -9999
2023 03 01 21   133    44 10070   300    72 -9999     0 -9999
2023 03 01 22   122    33 10068   240    36     2     0 -9999
2023 03 01 23   122    28 10069   260    57     4     0 -9999
2023 03 02 00   111    39 10072   240    31     4     0 -9999
2023 03 02 01   106    28 10079   250    26     4     0 -9999
2023 03 02 02   100    17 10083   240    41 -9999     0 -9999
2023 03 02 03    89   -17 10084   270    51     4     0 -9999
2023 03 02 04    72   -11 10089   280    51     2     0 -9999
2023 03 02 05    56    -6 10092   290    46     2     0 -9999
2023 03 02 06    33   -11 10102   300    57     2     0 -9999
2023 03 02 07    28   -17 10106   290    41     2     0 -9999
2023 03 02 08    22   -17 10112   290    36     2     0 -9999
2023 03 02 09    28   -17 10117   290    46 -9999     0 -9999
2023 03 02 10    28   -17 10124   290    41 -9999     0 -9999
2023 03 02 11    33   -22 10131   320    51 -9999     0 -9999
2023 03 02 12    28   -17 10131   330    41     6     0 -9999
2023 03 02 13    28   -11 10135   360    51 -9999     0 -9999
2023 03 02 14    28    -6 10143    40    51 -9999     0 -9999
2023 03 02 15    22   -11 10145    30    62 -9999     0 -9999
2023 03 02 16    28   -17 10154    40    57 -9999     0 -9999
2023 03 02 17    39   -22 10154    60    36 -9999     0 -9999
2023 03 02 18    39   -22 10158    10    31     8     0 -9999
2023 03 02 19    33   -22 10156    20    26 -9999     0 -9999
2023 03 02 20    33   -22 10156    20    41 -9999     0 -9999
2023 03 02 21    28   -28 10151    60    31 -9999     0 -9999
2023 03 02 22    22   -28 10146    50    46 -9999     0 -9999
2023 03 02 23    17   -28 10146    60    57 -9999     0 -9999
2023 03 03 00    17   -33 10153    70    36 -9999     0 -9999
2023 03 03 01    11   -33 10153    60    46 -9999     0 -9999
2023 03 03 02    11   -33 10152    80    41 -9999     0 -9999
2023 03 03 03    11   -33 10147    70    36 -9999     0 -9999
2023 03 03 04     6   -33 10141    90    41 -9999     0 -9999
2023 03 03 05    11   -28 10130    70    46 -9999     0 -9999
2023 03 03 06    17   -28 10126    80    41 -9999     0 -9999
2023 03 03 07    11   -22 10128    80    31 -9999     0 -9999
2023 03 03 08    11   -22 10112    60    31 -9999     0 -9999
2023 03 03 09    17   -17 10098    60    41 -9999     0 -9999
2023 03 03 10    17   -11 10088    60    46 -9999     0 -9999
2023 03 03 11    22    -6 10081    60    51 -9999     0 -9999
2023 03 03 12    22    -6 10076    70    57     8     0 -9999
2023 03 03 13    22    -6 10060    90    67 -9999     0 -9999
2023 03 03 14    28    -6 10063    90    67 -9999     0 -9999
2023 03 03 15    33    -6 10057    90    57 -9999     0 -9999
2023 03 03 16    33    -6 10037    60    57 -9999     0 -9999
2023 03 03 17    33    -6 10028    60    77 -9999     0 -9999
2023 03 03 18    28    -6 10003    60    82     8     0 -9999
2023 03 03 19    28    -6  9991    50    82 -9999     0 -9999
2023 03 03 20    22   -11  9959    30   108 -9999     0 -9999
2023 03 03 21    22   -11  9972    40    93 -9999     0 -9999
2023 03 03 22    22   -11  9985    10    93 -9999     0 -9999
2023 03 03 23    22   -11  9982    10    93 -9999     0 -9999
2023 03 04 00    22   -17  9986    20    82     8     0 -9999
2023 03 04 01    22   -17 10002    10    88 -9999     0 -9999
2023 03 04 02    22   -17 10018   340    51 -9999     0 -9999
2023 03 04 03    22   -17 10036   330    46 -9999     0 -9999
2023 03 04 04    11   -22 10049   300    41 -9999     0 -9999
2023 03 04 05     6   -28 10056   310    46     4     0 -9999
2023 03 04 06     6   -28 10066   280    26     2     0 -9999
2023 03 04 07     0   -28 10078   270    26     2     0 -9999
2023 03 04 08    -6   -33 10090   260    26     0     0 -9999
2023 03 04 09   -11   -39 10093   220    15     0     0 -9999
2023 03 04 10   -11   -39 10101   230    15     0     0 -9999
2023 03 04 11   -11   -39 10112   210    15     0     0 -9999
2023 03 04 12   -17   -39 10120     0     0     2     0 -9999
2023 03 04 13   -17   -33 10126     0     0     4     0 -9999
2023 03 04 14     0   -11 10136   240    26     2     0 -9999
2023 03 04 15    28     0 10141   250    31     2     0 -9999
2023 03 04 16    50     0 10146   260    41     4     0 -9999
2023 03 04 17    72     0 10144   230    41     4     0 -9999
2023 03 04 18    89   -11 10139   220    26     6     0 -9999
2023 03 04 19   100   -28 10139   210    51 -9999     0 -9999
2023 03 04 20    94    -6 10139   250    57 -9999     0 -9999
2023 03 04 21    94     0 10142   230    77 -9999    -1 -9999
2023 03 04 22    72    28 10147   250    41 -9999     3 -9999
2023 03 04 23    67    33 10151   260    41 -9999     3 -9999
2023 03 05 00    56    28 10160   280    46     8     8    10
2023 03 05 01    50    28 10167   260    36 -9999    -1 -9999
2023 03 05 02    44    22 10173   260    31     4     0 -9999
2023 03 05 03    33    11 10178   250    26     2     0 -9999
2023 03 05 04    28    11 10180   260    31     0     0 -9999
2023 03 05 05    28     6 10188   230    31     0     0 -9999
2023 03 05 06    22     0 10194   240    31     0     0    -1
2023 03 05 07    17    -6 10203   230    31     0     0 -9999
2023 03 05 08    17    -6 10212   260    21     0     0 -9999
2023 03 05 09    11   -11 10216   290    26     0     0 -9999
2023 03 05 10    11   -11 10224   290    26     4     0 -9999
2023 03 05 11    11   -17 10228     0     0     4     0 -9999
2023 03 05 12    -6   -22 10236     0     0     4     0 -9999
2023 03 05 13     6   -17 10243   330    15 -9999     0 -9999
2023 03 05 14    17    -6 10245    10    31     4     0 -9999
2023 03 05 15    39    11 10248    60    36     2     0 -9999
2023 03 05 16    61     6 10248   100    31 -9999     0 -9999
2023 03 05 17    78   -11 10253   130    31 -9999     0 -9999
2023 03 05 18    94   -17 10250     0     0     4     0 -9999
2023 03 05 19   100   -17 10240    80    15     2     0 -9999
2023 03 05 20    94   -17 10234    80    46 -9999     0 -9999
2023 03 05 21    89    -6 10229   100    46 -9999     0 -9999
2023 03 05 22    83    -6 10222    80    51 -9999     0 -9999
2023 03 05 23    67   -11 10217    80    51 -9999     0 -9999
2023 03 06 00    56   -11 10211    80    41     6     0 -9999
2023 03 06 01    56   -11 10197    90    51 -9999     0 -9999
2023 03 06 02    56    -6 10186    90    62 -9999     0 -9999
2023 03 06 03    67     0 10174   110    51 -9999     0 -9999
2023 03 06 04    67    11 10195    20    46 -9999     5 -9999
2023 03 06 05    44     6 10178    70    62 -9999     5 -9999
2023 03 06 06    44    11 10158    90    72     8     3    10
2023 03 06 07    50    11 10167    90    72 -9999    -1 -9999
2023 03 06 08    44    17 -9999   100    62 -9999    -1 -9999
2023 03 06 09    50    22 10140   130    57 -9999    -1 -9999
2023 03 06 10    50    17 10136   110    41 -9999     0 -9999
2023 03 06 11    56    22 10134 -9999    15 -9999     0 -9999
2023 03 06 12    61    22 10129   140    31     6     0    20
2023 03 06 13    61    22 10127   140    36 -9999     0 -9999
2023 03 06 14    67    22 10121   150    41 -9999     0 -9999
2023 03 06 15    72    28 10118   140    51 -9999    -1 -9999
2023 03 06 16    78    33 10120   180    31 -9999    -1 -9999
2023 03 06 17    83    44 10110   270    15 -9999    -1 -9999
2023 03 06 18    83    50 10111     0     0     8     8     8
2023 03 06 19    89    61 10098     0     0 -9999    -1 -9999
2023 03 06 20   117    67 10100 -9999    15     2     0 -9999
2023 03 06 21   128    67 10109   330    51 -9999     0 -9999
2023 03 06 22    89    39 10124    30    72 -9999     0 -9999
2023 03 06 23    78    33 10136    30    51 -9999     0 -9999
2023 03 07 00    67    28 10139    20    36     6     0    -1
2023 03 07 01    67    28 10157   330    57 -9999     0 -9999
2023 03 07 02    61    22 10168   320    62 -9999     0 -9999
2023 03 07 03    56    22 10176   340    62 -9999     0 -9999
2023 03 07 04    56    17 10185   320    51 -9999     0 -9999
2023 03 07 05    50    17 10194   330    57 -9999     0 -9999
2023 03 07 06    44     6 10204   350    72     8     0 -9999
2023 03 07 07    39     6 10215   360    72 -9999     0 -9999
2023 03 07 08    33     0 10226    10    77 -9999     0 -9999
2023 03 07 09    28     0 10236   360    77 -9999    -1 -9999
2023 03 07 10    28     6 10246    20    67 -9999    -1 -9999
2023 03 07 11    28    -6 10254    30    82 -9999     0 -9999
2023 03 07 12    22   -11 10264    40    82     8     0    -1
2023 03 07 13    22   -22 10277    50    57 -9999     0 -9999
2023 03 07 14    33   -17 10289    50    67 -9999     0 -9999
2023 03 07 15    39   -22 10299    40    88 -9999     0 -9999
2023 03 07 16    50   -33 10302    50    57     2     0 -9999
2023 03 07 17    56   -78 10313    40    62     2     0 -9999
2023 03 07 18    67   -78 10318    40    77     2     0 -9999
2023 03 07 19    72  -100 10313    40    67     2     0 -9999
2023 03 07 20    67   -83 10315    40    62     2     0 -9999
2023 03 07 21    61   -72 10316    50    72     4     0 -9999
2023 03 07 22    56   -56 10318    50    67 -9999     0 -9999
2023 03 07 23    44   -61 10321    40    67 -9999     0 -9999
2023 03 08 00    28   -50 10327    50    57     6     0 -9999
2023 03 08 01    28   -28 10325    40    62 -9999     0 -9999
2023 03 08 02    28   -17 10324    40    51 -9999     0 -9999
2023 03 08 03    28   -17 10326    40    46 -9999     0 -9999
2023 03 08 04    33   -28 10325    70    46 -9999     0 -9999
2023 03 08 05    39   -44 10328   100    41 -9999     0 -9999
2023 03 08 06    39   -61 10334    90    41     8     0 -9999
2023 03 08 07    39   -61 10334    80    41 -9999     0 -9999
2023 03 08 08    33   -72 10335   100    31 -9999     0 -9999
2023 03 08 09    28   -61 10329   100    41 -9999     0 -9999
2023 03 08 10    33   -89 10326   110    51 -9999     0 -9999
2023 03 08 11    28  -100 10333   110    62 -9999     0 -9999
2023 03 08 12    28   -94 10337   120    51     6     0 -9999
2023 03 08 13    28  -100 10337   120    57 -9999     0 -9999
2023 03 08 14    33  -106 10340   110    88 -9999     0 -9999
2023 03 08 15    50  -100 10347    90    62 -9999     0 -9999
2023 03 08 16    50  -100 10347    90    72 -9999     0 -9999
2023 03 08 17    61  -100 10344    90    57 -9999     0 -9999
2023 03 08 18    61   -94 10340    90    57     6     0 -9999
2023 03 08 19    72   -83 10329   100    51 -9999     0 -9999
2023 03 08 20    78   -89 10323 -9999    31 -9999     0 -9999
2023 03 08 21    67   -94 10317    70    57 -9999     0 -9999
2023 03 08 22    61   -89 10315    70    67 -9999     0 -9999
2023 03 08 23    56   -83 10314    50    77 -9999     0 -9999
2023 03 09 00    44   -72 10308    60    57     6     0 -9999
2023 03 09 01    44   -56 10306    60    62 -9999     0 -9999
2023 03 09 02    50   -50 10303    80    67 -9999     0 -9999
2023 03 09 03    44   -22 10302    60    67 -9999     0 -9999
2023 03 09 04    44   -28 10301    70    57 -9999     0 -9999
2023 03 09 05    50   -39 10301    90    46 -9999     0 -9999
2023 03 09 06    44   -39 10301    80    51     8     0 -9999
2023 03 09 07    44   -50 10301    70    57 -9999     0 -9999
2023 03 09 08    39   -50 10296    80    51 -9999     0 -9999
2023 03 09 09    39   -50 10298    70    36 -9999     0 -9999
2023 03 09 10    33   -56 10292    90    51 -9999     0 -9999
2023 03 09 11    33   -89 10281    90    72 -9999     0 -9999
2023 03 09 12    33   -72 10280    80    72     8     0 -9999
2023 03 09 13    33   -72 10285    70    57 -9999     0 -9999
2023 03 09 14    28   -67 10278    90    72 -9999     0 -9999
2023 03 09 15    39   -56 10274    90    57 -9999     0 -9999
2023 03 09 16    33   -50 10273   100    72 -9999     0 -9999
2023 03 09 17    33   -50 10263    80    62 -9999     0 -9999
2023 03 09 18    39   -50 10255    70    51     8     0 -9999
2023 03 09 19    39   -50 10250    80    41 -9999     0 -9999
2023 03 09 20    33   -56 10237    60    57 -9999     0 -9999
2023 03 09 21    33   -50 10236    50    62 -9999     0 -9999
2023 03 09 22    39   -44 10217    40    93 -9999     0 -9999
2023 03 09 23    28   -11 -9999    80    57 -9999     0 -9999
2023 03 10 00    22    -6 10190    60    72     8     5     3
2023 03 10 01    17    -6 -9999    60    51 -9999    -1 -9999
2023 03 10 02    22     0 10187    70    57 -9999     8 -9999
2023 03 10 03    17    -6 10186    60    57 -9999    15 -9999
2023 03 10 04    11    -6 10178    70    46 -9999     8 -9999
2023 03 10 05    11   -11 10168    70    51 -9999    13 -9999
2023 03 10 06    11   -11 10161    70    36     8    -1    80
2023 03 10 07     6   -11 10156    60    36 -9999    20 -9999
2023 03 10 08     6   -11 10147    60    36 -9999     5 -9999
2023 03 10 09     6   -11 10139    50    36 -9999     3 -9999
2023 03 10 10     6   -11 10136    50    36 -9999     3 -9999
2023 03 10 11     6   -11 10137    20    31 -9999     3 -9999
2023 03 10 12     6   -11 10140    20    41     8     3    40
2023 03 10 13     6   -11 10142    20    51 -9999    -1 -9999
2023 03 10 14    11   -11 10152   360    31 -9999    -1 -9999
2023 03 10 15     6    -6 10155   340    51 -9999    -1 -9999
2023 03 10 16    11    -6 10159   350    57 -9999    -1 -9999
2023 03 10 17    17    -6 10165   340    46 -9999    -1 -9999
2023 03 10 18    22     0 10173    20    77     8    -1     3
2023 03 10 19    28     0 10176   360    67 -9999    -1 -9999
2023 03 10 20    22    -6 10180   340    46 -9999    -1 -9999
2023 03 10 21    28    -6 10189   350    67 -9999    -1 -9999
2023 03 10 22    22    -6 10189    10    41 -9999    -1 -9999
2023 03 10 23    22   -11 10191    10    46 -9999    -1 -9999
2023 03 11 00    17   -17 10199   360    72     8     0    -1
2023 03 11 01    17   -17 10204    10    67 -9999     0 -9999
2023 03 11 02    11   -17 10205   350    57 -9999     0 -9999
2023 03 11 03     6   -22 10207   340    41 -9999    -1 -9999
2023 03 11 04    11   -22 10203    10    51 -9999     0 -9999
2023 03 11 05     6   -22 10201   350    36 -9999    -1 -9999
2023 03 11 06     6   -17 10197    10    36     8    -1    -1
2023 03 11 07     0   -17 -9999   340    26 -9999    -1 -9999
2023 03 11 08     0   -17 10198   360    36 -9999     0 -9999
2023 03 11 09     6   -17 10196   350    21 -9999     0 -9999
2023 03 11 10     6   -22 10195    40    46 -9999     0 -9999
2023 03 11 11     6   -28 10192    60    62 -9999     0 -9999
2023 03 11 12     6   -28 10202    40    46     8     0    -1
2023 03 11 13    11   -28 10207    10    26 -9999     0 -9999
2023 03 11 14    17   -22 10200    50    31 -9999     0 -9999
2023 03 11 15    22   -22 10198    70    26 -9999     0 -9999
2023 03 11 16    28   -22 10195    90    36 -9999     0 -9999
2023 03 11 17    33   -22 10191   110    31 -9999     0 -9999
2023 03 11 18    39   -22 10183   110    31     8     0 -9999
2023 03 11 19    33   -22 10176   100    46 -9999     0 -9999
2023 03 11 20    39   -22 10163    90    51 -9999     0 -9999
2023 03 11 21    33   -28 10157    80    67 -9999     0 -9999
2023 03 11 22    33   -22 10155    70    41 -9999     0 -9999
2023 03 11 23    28   -28 10161    70    41 -9999     0 -9999
2023 03 12 00    22   -28 10161    60    31     8     0 -9999
2023 03 12 01    22   -22 10157    60    46 -9999     0 -9999
2023 03 12 02    28   -17 -9999    80    36 -9999    -1 -9999
2023 03 12 03    11   -11 -9999    90    21 -9999    -1 -9999
2023 03 12 04    11   -11 10154    90    36 -9999    10 -9999
2023 03 12 05     6   -11 10152    90    41 -9999    10 -9999
2023 03 12 06     6   -11 10145    90    31     8     5    30
2023 03 12 07     6   -11 10145   100    15 -9999    10 -9999
2023 03 12 08     6   -11 10139   100    31 -9999     3 -9999
2023 03 12 09    11   -11 -9999    90    26 -9999    -1 -9999
2023 03 12 10    11   -11 10129   110    31 -9999    -1 -9999
2023 03 12 11    11   -11 10130   100    26 -9999    -1 -9999
2023 03 12 12    11   -11 10128   120    26     8    -1    10
2023 03 12 13    11   -11 10129   120    26 -9999    -1 -9999
2023 03 12 14    11    -6 10129   130    15 -9999    -1 -9999
2023 03 12 15    11    -6 10128   130    26 -9999    -1 -9999
2023 03 12 16    17    -6 10130   150    41 -9999     3 -9999
2023 03 12 17    22     0 10127   150    26 -9999    -1 -9999
2023 03 12 18    22     0 10125   200    31     8    -1     3
2023 03 12 19    22     0 10123   190    26 -9999    -1 -9999
2023 03 12 20    22     6 10121   230    36 -9999     3 -9999
2023 03 12 21    22     6 10119   220    31 -9999     3 -9999
2023 03 12 22    22     0 10120   250    46 -9999    -1 -9999
2023 03 12 23    28     0 10122   260    41 -9999    -1 -9999
2023 03 13 00    11   -33 10130   280    51     8     0     5
2023 03 13 01     6   -50 10136   260    62 -9999     0 -9999
2023 03 13 02     0   -61 10142   270    46 -9999     0 -9999
2023 03 13 03    -6   -67 10143   270    51 -9999     0 -9999
2023 03 13 04   -11   -61 10143   260    41 -9999     0 -9999
2023 03 13 05   -11   -56 10142   260    51 -9999    -1 -9999
2023 03 13 06   -11   -50 10140   250    51     8    -1    -1
2023 03 13 07   -11   -50 10140   270    41 -9999    -1 -9999
2023 03 13 08   -17   -56 10142   290    57 -9999    -1 -9999
2023 03 13 09   -17   -61 10142   270    57 -9999    -1 -9999
2023 03 13 10   -17   -61 10141   250    36 -9999    -1 -9999
2023 03 13 11   -17   -56 10144   260    51 -9999    -1 -9999
2023 03 13 12   -17   -56 10148   270    41     8    -1    -1
2023 03 13 13   -17   -44 10151   260    36 -9999    -1 -9999
2023 03 13 14   -11   -44 10156   310    51 -9999    -1 -9999
2023 03 13 15    -6   -50 10162   320    46 -9999     0 -9999
2023 03 13 16     0   -39 10172   340    72 -9999    -1 -9999
2023 03 13 17     0   -44 10184   350    93 -9999    -1 -9999
2023 03 13 18     0   -44 10191   340    77     8    -1    -1
2023 03 13 19     0   -56 10197   340    72 -9999    -1 -9999
2023 03 13 20     0   -61 10201   340    57 -9999     0 -9999
2023 03 13 21    -6   -72 10208   310    72 -9999     0 -9999
2023 03 13 22   -11   -83 10217   340    57 -9999     0 -9999
2023 03 13 23   -17   -78 10224   340    62 -9999    -1 -9999
2023 03 14 00   -17   -78 10232   340    67     8    -1    -1
2023 03 14 01   -17   -83 10235   330    46 -9999    -1 -9999
2023 03 14 02   -17   -72 10237   320    41 -9999    -1 -9999
2023 03 14 03   -22   -72 10242   330    62 -9999    -1 -9999
2023 03 14 04   -28   -72 10244   320    46     4    -1 -9999
2023 03 14 05   -28   -78 10245   310    26     2     0 -9999
2023 03 14 06   -33   -83 10247   300    31     2     0    -1
2023 03 14 07   -39   -89 10252   310    31     2     0 -9999
2023 03 14 08   -39   -89 10252   320    41     2     0 -9999
2023 03 14 09   -44   -94 10255   330    41     2     0 -9999
2023 03 14 10   -56  -100 10261   330    41     2     0 -9999
2023 03 14 11   -61  -111 10269   330    36     2     0 -9999
2023 03 14 12   -61  -111 10275   320    36     2     0 -9999
2023 03 14 13   -61  -106 10281   320    46     2     0 -9999
2023 03 14 14   -50  -106 10290   330    41     2     0 -9999
2023 03 14 15   -28  -100 10291   340    41     2     0 -9999
2023 03 14 16   -17  -106 10296   310    41     2     0 -9999
2023 03 14 17   -11  -100 10295   310    41     2     0 -9999
2023 03 14 18     0  -100 10295   310    26     2     0 -9999
2023 03 14 19     6  -100 10288   310    31     2     0 -9999
2023 03 14 20    22  -100 10283 -9999    21     2     0 -9999
2023 03 14 21    28  -106 10282   300    36     2     0 -9999
2023 03 14 22    28  -117 10281 -9999    26     2     0 -9999
2023 03 14 23    28  -122 10279   330    21     2     0 -9999
2023 03 15 00    17  -122 10276   330    21     2     0 -9999
2023 03 15 01    -6   -78 10275   100    31     2     0 -9999
2023 03 15 02   -17   -78 10279   110    26     0     0 -9999
2023 03 15 03   -17   -72 10277   160    21     0     0 -9999
2023 03 15 04   -22   -72 10278   200    15     0     0 -9999
2023 03 15 05   -22   -72 10276   150    15     0     0 -9999
2023 03 15 06   -28   -72 10270   180    21     0     0 -9999
2023 03 15 07   -33   -72 10267   170    15     0     0 -9999
2023 03 15 08   -33   -78 10270     0     0     0     0 -9999
2023 03 15 09   -44   -83 10265   180    26     0     0 -9999
2023 03 15 10   -44   -83 10265   170    21     0     0 -9999
2023 03 15 11   -44   -78 10263   160    26     2     0 -9999
2023 03 15 12   -39   -78 10263   170    26     2     0 -9999
2023 03 15 13   -28   -72 10256   170    41     2     0 -9999
2023 03 15 14     0   -61 10255   180    41     2     0 -9999
2023 03 15 15    22   -56 10247   190    51     2     0 -9999
2023 03 15 16    39   -56 10245   200    62     2     0 -9999
2023 03 15 17    61   -50 10238   210    51     4     0 -9999
2023 03 15 18    78   -44 10226   170    46     6     0 -9999
2023 03 15 19    89   -33 10214   180    51 -9999     0 -9999
2023 03 15 20    94   -33 10207   200    67 -9999     0 -9999
2023 03 15 21    94   -28 10195   180    72 -9999     0 -9999
2023 03 15 22   100   -22 10189   190    62 -9999     0 -9999
2023 03 15 23   100   -22 10182   200    67 -9999     0 -9999
2023 03 16 00    94   -22 10177   180    77     8     0 -9999
2023 03 16 01    83   -22 10172   180    72 -9999     0 -9999
2023 03 16 02    78   -28 10170   180    72 -9999     0 -9999
2023 03 16 03    72   -28 10169   180    67 -9999     0 -9999
2023 03 16 04    67   -28 10165   190    82 -9999     0 -9999
2023 03 16 05    61   -33 10157   190    57 -9999     0 -9999
2023 03 16 06    61   -44 10150   190    51     8     0 -9999
2023 03 16 07    61   -44 10150   210    46 -9999     0 -9999
2023 03 16 08    61   -44 10144   190    36 -9999     0 -9999
2023 03 16 09    56   -44 10136   180    51 -9999     0 -9999
2023 03 16 10    50   -44 10126   190    51 -9999     0 -9999
2023 03 16 11    50   -39 10123   180    51 -9999     0 -9999
2023 03 16 12    50   -33 10118   180    46     8     0 -9999
2023 03 16 13    56   -33 10110   190    51 -9999     0 -9999
2023 03 16 14    61   -28 10101   190    41 -9999     0 -9999
2023 03 16 15    67   -28 10096   190    57 -9999     0 -9999
2023 03 16 16    72   -22 10087   190    62 -9999     0 -9999
2023 03 16 17    83   -17 10081   200    72 -9999     3 -9999
2023 03 16 18    67    17 10072   180    72     8     3     5
2023 03 16 19    72    28 10057   180    72 -9999    -1 -9999
2023 03 16 20    78    39 10045   190    72 -9999     0 -9999
2023 03 16 21    83    44 10038   200    67 -9999     0 -9999
2023 03 16 22    78    44 10029   190    67 -9999     0 -9999
2023 03 16 23    78    50 10021   180    57 -9999    -1 -9999
2023 03 17 00    78    56 10015   180    62     8     3 -9999
2023 03 17 01    78    56 10005   180    51 -9999     3 -9999
2023 03 17 02    78    61  9996   180    41 -9999     3 -9999
2023 03 17 03    78    61  9983   180    36 -9999     8 -9999
2023 03 17 04    83    67  9968   170    46 -9999     8 -9999
2023 03 17 05    94    78  9955   200    46 -9999    15 -9999
2023 03 17 06    83    67  9953   280    46     8    10    50
2023 03 17 07    72    56  9961   270    57 -9999     5 -9999
2023 03 17 08    33    17  9973   260    82 -9999     5 -9999
2023 03 17 09    22     0  9984   280    62 -9999    -1 -9999
2023 03 17 10    17    -6 10000   280    72 -9999    -1 -9999
2023 03 17 11    11   -17 10009   290    72 -9999     0 -9999
2023 03 17 12     6   -28 10025   280    77     8     0    10
2023 03 17 13     0   -39 10042   280    77 -9999     0 -9999
2023 03 17 14     0   -39 10048   270    72 -9999     0 -9999
2023 03 17 15    -6   -50 10059   270    77 -9999     0 -9999
2023 03 17 16    -6   -56 10066   280    98 -9999     0 -9999
2023 03 17 17    -6   -50 10072   270    93 -9999     0 -9999
2023 03 17 18     0   -50 10079   270    82     6     0 -9999
2023 03 17 19     0   -56 10084   240    82 -9999     0 -9999
2023 03 17 20    11   -56 10087   260   113     4     0 -9999
2023 03 17 21    11   -67 10092   260    93     4     0 -9999
2023 03 17 22     6   -72 10095   260   113     4     0 -9999
2023 03 17 23     0   -78 10100   260    98     4     0 -9999
2023 03 18 00   -11   -83 10110   270    77     4     0 -9999
2023 03 18 01   -22   -94 10118   270    98     4     0 -9999
2023 03 18 02   -28  -100 10125   260    93     4     0 -9999
2023 03 18 03   -33  -111 10131   280    62     4     0 -9999
2023 03 18 04   -44  -117 10131   270    88     4     0 -9999
2023 03 18 05   -50  -117 10131   260    82     4     0 -9999
2023 03 18 06   -61  -128 10130   300    93     4     0 -9999
2023 03 18 07   -67  -150 10131   270    67     4     0 -9999
2023 03 18 08   -72  -139 10130   290    77 -9999     0 -9999
2023 03 18 09   -78  -144 10129   270    93 -9999     0 -9999
2023 03 18 10   -89  -156 10132   270    77 -9999     0 -9999
2023 03 18 11  -100  -156 -9999   280    57 -9999    -1 -9999
2023 03 18 12  -111  -172 10150   290    57     4    -1    -1
2023 03 18 13  -106  -167 10158   280    77 -9999     0 -9999
2023 03 18 14   -94  -167 10165   290    98 -9999    -1 -9999
2023 03 18 15   -89  -150 10171   270    72 -9999    -1 -9999
2023 03 18 16   -78  -150 10175   280    62 -9999    -1 -9999
2023 03 18 17   -61  -144 10176   280    77 -9999     0 -9999
2023 03 18 18   -61  -139 10179   280    77     8    -1    -1
2023 03 18 19   -56  -133 10177   300    82 -9999    -1 -9999
2023 03 18 20   -50  -128 10180   270    98 -9999    -1 -9999
2023 03 18 21   -44  -150 10186   280    93 -9999    -1 -9999
2023 03 18 22   -44  -133 10191   280    46 -9999    -1 -9999
2023 03 18 23   -50  -133 10200   290    62 -9999    -1 -9999
2023 03 19 00   -56  -122 10211   290    51 -9999    -1    -1
2023 03 19 01   -56  -139 10217   290    57     2     0 -9999
2023 03 19 02   -56  -139 10224   290    57     0     0 -9999
2023 03 19 03   -56  -128 10229   290    62     0     0 -9999
2023 03 19 04   -56  -128 10232   280    51     0     0 -9999
2023 03 19 05   -61  -122 10235   280    51     0     0 -9999
2023 03 19 06   -61  -122 10238   280    51     0     0 -9999
2023 03 19 07   -61  -122 10242   260    31     0     0 -9999
2023 03 19 08   -67  -122 10244   270    31     0     0 -9999
2023 03 19 09   -61  -128 10242   280    41     0     0 -9999
2023 03 19 10   -72  -128 10245   260    31     0     0 -9999
2023 03 19 11   -72  -122 10250   270    31     0     0 -9999
2023 03 19 12   -72  -122 10255   270    41     0     0 -9999
2023 03 19 13   -72  -117 10258   270    36     0     0 -9999
2023 03 19 14   -50  -117 10261   280    46     0     0 -9999
2023 03 19 15   -28  -117 10264   260    41     0     0 -9999
2023 03 19 16   -11  -122 10264   260    62     0     0 -9999
2023 03 19 17     6  -128 10262   260    72     0     0 -9999
2023 03 19 18    17  -122 10258   250    57     0     0 -9999
2023 03 19 19    28  -111 10251   240    77     0     0 -9999
2023 03 19 20    39  -106 10243   250    62     2     0 -9999
2023 03 19 21    39  -111 10237   250    77     0     0 -9999
2023 03 19 22    39  -117 10232   240    62     0     0 -9999
2023 03 19 23    39  -122 10230   250    98     2     0 -9999
2023 03 20 00    28  -111 10229   230    62     2     0 -9999
2023 03 20 01    17  -106 10229   220    36     2     0 -9999
2023 03 20 02    11  -106 10228   220    57     0     0 -9999
2023 03 20 03     6   -94 10226   220    62     2     0 -9999
2023 03 20 04     6   -94 10224   230    77     2     0 -9999
2023 03 20 05     0   -94 10220   220    62     2     0 -9999
2023 03 20 06     0   -94 10220   220    67     2     0 -9999
2023 03 20 07    -6   -94 10219   220    57     2     0 -9999
2023 03 20 08   -11   -94 10217   210    51     2     0 -9999
2023 03 20 09   -11  -100 10208   220    77     2     0 -9999
2023 03 20 10    -6  -106 10203   220    57     4     0 -9999
2023 03 20 11   -11  -106 10203   220    72     4     0 -9999
2023 03 20 12   -11  -106 10206   230    77     6     0 -9999
2023 03 20 13    -6  -111 10209   210    62     4     0 -9999
2023 03 20 14    11  -111 10208   220    72 -9999     0 -9999
2023 03 20 15    28  -111 10202   200    93 -9999     0 -9999
2023 03 20 16    50  -100 10198   210    98 -9999     0 -9999
2023 03 20 17    72  -100 10195   210    77 -9999     0 -9999
2023 03 20 18    89  -106 10184   190   103     6     0 -9999
2023 03 20 19   100  -128 10171   210    98 -9999     0 -9999
2023 03 20 20   100  -111 10168   200   118 -9999     0 -9999
2023 03 20 21   100   -94 10160   200    93 -9999     0 -9999
2023 03 20 22   100   -83 10162   210   103 -9999     0 -9999
2023 03 20 23   106   -72 10163   210    88 -9999     0 -9999
2023 03 21 00   100   -61 10166   210    72     6     0 -9999
2023 03 21 01    94   -56 10170   200    72 -9999     0 -9999
2023 03 21 02    83   -44 10174   200    67     4     0 -9999
2023 03 21 03    78   -44 10180   200    57     2     0 -9999
2023 03 21 04    72   -50 10184   200    67     2     0 -9999
2023 03 21 05    67   -50 10187   210    82     2     0 -9999
2023 03 21 06    61   -50 10192   210    67     4     0 -9999
2023 03 21 07    50   -44 10194   210    62     4     0 -9999
2023 03 21 08    44   -44 10198   210    62     4     0 -9999
2023 03 21 09    39   -44 10199   210    51     2     0 -9999
2023 03 21 10    33   -39 10199   200    51 -9999     0 -9999
2023 03 21 11    33   -39 10203   200    51 -9999     0 -9999
2023 03 21 12    33   -39 10205   190    41     6     0 -9999
2023 03 21 13    33   -33 10209   190    36 -9999     0 -9999
2023 03 21 14    50   -39 10212   200    51 -9999     0 -9999
2023 03 21 15    61   -39 10214   200    51 -9999     0 -9999
2023 03 21 16    83   -33 10219   190    77 -9999     0 -9999
2023 03 21 17    89   -33 10216   210    36 -9999     0 -9999
2023 03 21 18   100   -28 10209   170    41     8     0 -9999
2023 03 21 19   111   -22 10202   150    57 -9999     0 -9999
2023 03 21 20   117   -22 10194   200    67 -9999     0 -9999
2023 03 21 21   117   -11 10188   170    67 -9999     0 -9999
2023 03 21 22   111   -22 10190   170    82 -9999     0 -9999
2023 03 21 23   100   -33 10193   170    67 -9999     0 -9999
2023 03 22 00    78    -6 10203   170    77     8     0 -9999
2023 03 22 01    67     0 10206   170    67 -9999     0 -9999
2023 03 22 02    56     6 10210   180    62 -9999     0 -9999
2023 03 22 03    50    11 10213   170    72 -9999     0 -9999
2023 03 22 04    44    11 10208   180    67 -9999     0 -9999
2023 03 22 05    44    17 10203   170    57 -9999     0 -9999
2023 03 22 06    44    22 10198   170    51     8    -1     0
2023 03 22 07    44    22 10192   180    57 -9999     0 -9999
2023 03 22 08    44    22 10185   180    62 -9999     0 -9999
2023 03 22 09    44    22 10175   180    57 -9999     0 -9999
2023 03 22 10    44    22 10170   180    46 -9999     0 -9999
2023 03 22 11    44    28 10165   180    31 -9999     0 -9999
2023 03 22 12    44    28 10161   170    51     8     0 -9999
2023 03 22 13    44    28 -9999   190    46 -9999     0 -9999
2023 03 22 14    50    33 10161   170    41 -9999     0 -9999
2023 03 22 15    56    39 10157   180    36 -9999     0 -9999
2023 03 22 16    67    50 10146   180    46 -9999     0 -9999
2023 03 22 17    78    44 10152   180    67 -9999     0 -9999
2023 03 22 18    89    56 10144   210    46     8     0 -9999
2023 03 22 19   100    61 10138   200    26 -9999     0 -9999
2023 03 22 20   111    67 10132   200    36 -9999     0 -9999
2023 03 22 21   106    67 10130   190    41 -9999     0 -9999
2023 03 22 22   100    67 10125   180    36 -9999     0 -9999
2023 03 22 23    94    67 10123   210    21 -9999     0 -9999
2023 03 23 00    94    67 10124     0     0     8    -1    -1
2023 03 23 01    89    72 10125     0     0 -9999     8 -9999
2023 03 23 02    89    72 10127     0     0 -9999    -1 -9999
2023 03 23 03    89    72 10127     0     0 -9999    -1 -9999
2023 03 23 04    89    72 10123     0     0 -9999     3 -9999
2023 03 23 05    83    72 10117     0     0 -9999    -1 -9999
2023 03 23 06    89    72 10117     0     0     8     0    10
2023 03 23 07    83    67 10103    10    36 -9999    10 -9999
2023 03 23 08    83    67 10104     0     0 -9999    -1 -9999
2023 03 23 09    83    67 10102   330    31 -9999    15 -9999
2023 03 23 10    78    67 -9999    20    72 -9999     2 -9999
2023 03 23 11    50    33 10126    30    57 -9999    -1 -9999
2023 03 23 12    44    22 10125    20    82     8    -1    70
2023 03 23 13    33    11 10132    40    57 -9999     0 -9999
2023 03 23 14    28     6 10134    30    67 -9999    -1 -9999
2023 03 23 15    28     6 10152    30    41 -9999    -1 -9999
2023 03 23 16    33     6 10155    20    57 -9999     0 -9999
2023 03 23 17    39     6 10161    20    57 -9999     0 -9999
2023 03 23 18    56     0 10164    20    41     6     0    -1
2023 03 23 19    67    -6 10164    20    41 -9999     0 -9999
2023 03 23 20    67   -11 10163    30    57 -9999     0 -9999
2023 03 23 21    61   -11 10170    60    31 -9999     0 -9999
2023 03 23 22    61   -11 10175    40    36 -9999     0 -9999
2023 03 23 23    50   -11 10170    60    51 -9999     0 -9999
2023 03 24 00    39   -17 10181    70    36     6     0 -9999
2023 03 24 01    33   -17 10184    90    31 -9999     0 -9999
2023 03 24 02    33   -17 10184    60    26 -9999     0 -9999
2023 03 24 03    28   -11 10175    30    46 -9999     0 -9999
2023 03 24 04    28   -11 10179    40    36 -9999     0 -9999
2023 03 24 05    22   -11 10178    20    26 -9999     0 -9999
2023 03 24 06    22   -11 10178    40    21     8     0 -9999
2023 03 24 07    22   -11 10176    20    31 -9999     0 -9999
2023 03 24 08    22   -11 10174    10    31 -9999     0 -9999
2023 03 24 09    17   -11 10165    30    31 -9999     0 -9999
2023 03 24 10    22   -11 10161    30    41 -9999     0 -9999
2023 03 24 11    22   -11 10171    30    51 -9999     0 -9999
2023 03 24 12    28   -11 10168    50    51     8     0 -9999
2023 03 24 13    28   -17 10171    60    57 -9999     0 -9999
2023 03 24 14    39   -17 10167    70    36 -9999     0 -9999
2023 03 24 15    44   -17 10172    70    51 -9999     0 -9999
2023 03 24 16    56   -11 10169    80    46 -9999     0 -9999
2023 03 24 17    56    -6 10173    80    57 -9999     0 -9999
2023 03 24 18    67    -6 10158    70    51     8     0 -9999
2023 03 24 19    67     0 10160    70    62 -9999     0 -9999
2023 03 24 20    61     0 10151    60    57 -9999     0 -9999
2023 03 24 21    61     0 10138    60    77 -9999     0 -9999
2023 03 24 22    61   -22 10123    40    67 -9999     0 -9999
2023 03 24 23    56   -50 10124    60    62 -9999     0 -9999
2023 03 25 00    50   -28 10117    50    72     8     0 -9999
2023 03 25 01    44   -17 10112    50    62 -9999     0 -9999
2023 03 25 02    44   -11 10104    50    51 -9999     0 -9999
2023 03 25 03    50     0 10090    70    46 -9999    -1 -9999
2023 03 25 04    50    -6 10070    90    46 -9999    -1 -9999
2023 03 25 05    39     0 10050    70    62 -9999    -1 -9999
2023 03 25 06    28     6 10030    60    88     8     5     5
2023 03 25 07    22     0 10009    60    72 -9999    10 -9999
2023 03 25 08    22     0  9992    50    72 -9999    41 -9999
2023 03 25 09    22     0  9966    50    82 -9999    51 -9999
2023 03 25 10    22     0  9956    60    82 -9999    61 -9999
2023 03 25 11    11    -6  9956    30    67 -9999    25 -9999
2023 03 25 12    17    -6  9944    20    77     8    -1   190
2023 03 25 13    17     0  9946   360    77 -9999    -1 -9999
2023 03 25 14    11    -6  9949   330    57 -9999    -1 -9999
2023 03 25 15    17    -6 -9999   300    72 -9999    -1 -9999
2023 03 25 16    11   -11  9974   300    62 -9999    -1 -9999
2023 03 25 17    11    -6  9991   290    72 -9999     3 -9999
2023 03 25 18    17    -6 10008   280    88     8    -1     3
2023 03 25 19    28     0 10021   290    93 -9999    -1 -9999
2023 03 25 20    39     0 10039   280    82 -9999     0 -9999
2023 03 25 21    50    -6 10056   260    82 -9999     0 -9999
2023 03 25 22    61   -28 10068   250    88 -9999     0 -9999
2023 03 25 23    67   -56 10079   290    72     4     0 -9999
2023 03 26 00    61   -44 10088   260    62     2     0    -1
2023 03 26 01    50   -28 10094   240    41     2     0 -9999
2023 03 26 02    44   -22 10101   230    41     2     0 -9999
2023 03 26 03    39   -22 10109   220    31     2     0 -9999
2023 03 26 04    39   -22 10114   210    36     2     0 -9999
2023 03 26 05    33   -17 10121   230    36     2     0 -9999
2023 03 26 06    33   -17 10126   240    41     2     0 -9999
2023 03 26 07    28   -17 10130   250    31     2     0 -9999
2023 03 26 08    22   -17 10132   250    26     2     0 -9999
2023 03 26 09    22   -22 10131   290    26     2     0 -9999
2023 03 26 10    17   -22 10135   280    26     4     0 -9999
2023 03 26 11    17   -22 10141   290    15 -9999     0 -9999
2023 03 26 12    17   -22 10146   210    15     6     0 -9999
2023 03 26 13    28   -11 10150     0     0 -9999     0 -9999
2023 03 26 14    33   -17 10150     0     0 -9999     0 -9999
2023 03 26 15    50   -22 10151     0     0 -9999    -1 -9999
2023 03 26 16    56   -22 10153    40    26 -9999     0 -9999
2023 03 26 17    78   -17 10151    80    26 -9999     0 -9999
2023 03 26 18    83   -17 10144    80    41     6     0     0
2023 03 26 19    89   -11 10141   100    41 -9999     0 -9999
2023 03 26 20    72    -6 10139    80    46 -9999     0 -9999
2023 03 26 21    67     6 10132    60    57 -9999     0 -9999
2023 03 26 22    44    17 10126    60    57 -9999    25 -9999
2023 03 26 23    56    22 10118    50    46 -9999     3 -9999
2023 03 27 00    50    28 10120   360    67     6     0    30
2023 03 27 01    44    17 10130    10    57 -9999     0 -9999
2023 03 27 02    39    11 10144   340    62 -9999     3 -9999
2023 03 27 03    22     0 10150   350    72 -9999    -1 -9999
2023 03 27 04    17    -6 10157   350    57 -9999     0 -9999
2023 03 27 05    22     0 10157    20    57 -9999     0 -9999
2023 03 27 06    22     0 10152    10    51     8     0     3
2023 03 27 07    22     0 10159    10    57 -9999     0 -9999
2023 03 27 08    22    -6 10161    10    46 -9999     0 -9999
2023 03 27 09    17    -6 10167   290    15 -9999     0 -9999
2023 03 27 10     6   -17 10174   280    21     2     0 -9999
2023 03 27 11     0   -22 10178   320    36     2     0 -9999
2023 03 27 12     0   -22 10183   340    51     2     0 -9999
2023 03 27 13    11   -11 10188   350    62     2     0 -9999
2023 03 27 14    33     0 10193    10    67     2     0 -9999
2023 03 27 15    50     6 10198    20    72     2     0 -9999
2023 03 27 16    61     0 10205    30    77     2     0 -9999
2023 03 27 17    67    -6 10215    20    62     2     0 -9999
2023 03 27 18    67   -22 10219    20    67     2     0 -9999
2023 03 27 19    72   -17 10220    40    67     2     0 -9999
2023 03 27 20    78   -17 10223    30    67     2     0 -9999
2023 03 27 21    72   -22 10225    50    62     2     0 -9999
2023 03 27 22    67   -56 10232    30    77     2     0 -9999
2023 03 27 23    56   -72 10236    20    67     2     0 -9999
2023 03 28 00    44   -89 10245    30    62     2     0 -9999
2023 03 28 01    33   -78 10249    20    46     2     0 -9999
2023 03 28 02    22   -67 10252    20    31     0     0 -9999
2023 03 28 03    22   -61 10254    20    21     0     0 -9999
2023 03 28 04    17   -56 10247    10    26     2     0 -9999
2023 03 28 05    17   -56 10248     0     0     0     0 -9999
2023 03 28 06     6   -50 10252   270    21     2     0 -9999
2023 03 28 07     0   -56 10251   280    21     2     0 -9999
2023 03 28 08    -6   -56 10252   280    15     2     0 -9999
2023 03 28 09    -6   -61 10248   310    21     4     0 -9999
2023 03 28 10    -6   -61 10249     0     0     4     0 -9999
2023 03 28 11    -6   -56 10249   270    15 -9999     0 -9999
2023 03 28 12    -6   -56 10248   260    15     6     0 -9999
2023 03 28 13     6   -50 10254     0     0 -9999     0 -9999
2023 03 28 14    22   -44 10258     0     0 -9999     0 -9999
2023 03 28 15    39   -61 10264 -9999    15 -9999     0 -9999
2023 03 28 16    56   -50 10267   290    26 -9999     0 -9999
2023 03 28 17    72   -56 10264   310    21 -9999     0 -9999
2023 03 28 18    78   -56 10258 -9999    21     8     0 -9999
2023 03 28 19    94   -39 10250 -9999    31 -9999     0 -9999
2023 03 28 20   100   -22 10242   250    46 -9999     0 -9999
2023 03 28 21   100   -33 10238   280    57 -9999     0 -9999
2023 03 28 22   100   -39 10236   280    46     4     0 -9999
2023 03 28 23    94   -33 10233   260    57     2     0 -9999
2023 03 29 00    89   -39 10232   270    51     2     0 -9999
2023 03 29 01    72   -39 10230   240    31     2     0 -9999
2023 03 29 02    67   -33 10230   260    26     2     0 -9999
2023 03 29 03    56   -33 10229   230    26     2     0 -9999
2023 03 29 04    44   -39 10224   230    26     2     0 -9999
2023 03 29 05    44   -39 10222   240    36     2     0 -9999
2023 03 29 06    39   -50 10221   240    31     2     0 -9999
2023 03 29 07    33   -56 10219   240    31     2     0 -9999
2023 03 29 08    28   -56 10213   220    36     2     0 -9999
2023 03 29 09    28   -56 10206   210    31 -9999     0 -9999
2023 03 29 10    28   -56 10202   210    36 -9999     0 -9999
2023 03 29 11    28   -56 10202   220    46 -9999     0 -9999
2023 03 29 12    39   -44 10198   220    46     8     0 -9999
2023 03 29 13    44   -39 10209   260    51 -9999     0 -9999
2023 03 29 14    39   -39 10219   300    72 -9999     0 -9999
2023 03 29 15    11   -28 -9999   300    67 -9999    -1 -9999
2023 03 29 16    17   -17 10239   300    62 -9999    -1 -9999
2023 03 29 17    39   -89 10246   330    72 -9999    -1 -9999
2023 03 29 18    39  -117 10250   340    46     6     0    -1
2023 03 29 19    44  -133 10254   340    41     2     0 -9999
2023 03 29 20    44  -106 10253   320    21     2     0 -9999
2023 03 29 21    50  -117 10251   320    26     2     0 -9999
2023 03 29 22    39   -94 10252    50    41     0     0 -9999
2023 03 29 23    33   -94 10253    60    36     2     0 -9999
2023 03 30 00    11   -94 10256    90    36     2     0 -9999
2023 03 30 01     0   -94 10260    90    36     2     0 -9999
2023 03 30 02    -6   -89 10264    90    36     2     0 -9999
2023 03 30 03    -6   -89 10267    90    21     2     0 -9999
2023 03 30 04    -6   -83 10270    90    21     2     0 -9999
2023 03 30 05   -11   -83 10268    90    26     0     0 -9999
2023 03 30 06   -11   -83 10267    80    21     2     0 -9999
2023 03 30 07   -11   -78 10265    90    26     2     0 -9999
2023 03 30 08   -17   -78 10263   100    21     2     0 -9999
2023 03 30 09   -22   -78 10263   130    21     2     0 -9999
2023 03 30 10   -22   -67 10266   180    26     2     0 -9999
2023 03 30 11   -22   -78 10268   150    31 -9999     0 -9999
2023 03 30 12   -22   -89 10270   140    36     6     0 -9999
2023 03 30 13   -17   -94 10272   140    36 -9999     0 -9999
2023 03 30 14    -6  -106 10269   120    36 -9999     0 -9999
2023 03 30 15     6  -111 10265   130    31 -9999     0 -9999
2023 03 30 16    28  -122 10259   150    46 -9999     0 -9999
2023 03 30 17    50  -111 10246   140    31     4     0 -9999
2023 03 30 18    78  -100 10232   130    51     6     0 -9999
2023 03 30 19    89   -72 10216   120    62 -9999     0 -9999
2023 03 30 20   100   -56 10204   100    46 -9999     0 -9999
2023 03 30 21   100   -39 10193   130    41 -9999     0 -9999
2023 03 30 22   100   -33 10187   100    51 -9999     0 -9999
2023 03 30 23   100   -22 10173    80    46 -9999     0 -9999
2023 03 31 00   100    -6 10160    80    41     8     0 -9999
2023 03 31 01   100     6 10148   120    57 -9999     0 -9999
2023 03 31 02   100    11 10136   120    57 -9999     0 -9999
2023 03 31 03   106    17 10130   140    51 -9999     0 -9999
2023 03 31 04   128    17 10120   170    67 -9999     0 -9999
2023 03 31 05   133     0 10101   170    72 -9999     0 -9999
2023 03 31 06   133     6 10086   190    88     8     0 -9999
2023 03 31 07   128    22 10080   190    82 -9999    -1 -9999
2023 03 31 08   117    56 10074   190    36 -9999     3 -9999
2023 03 31 09   117    67 -9999   190    82 -9999    13 -9999
2023 03 31 10   122    72 10050   190    82 -9999     3 -9999
2023 03 31 11   128    78 10049   200    72 -9999     0 -9999
2023 03 31 12   128    89 10050   200    62     8    -1    20
2023 03 31 13   122   100 10046   190    72 -9999     5 -9999
2023 03 31 14   133   106 -9999   210    72 -9999     0 -9999
2023 03 31 15   139   111 10031   200    72 -9999     3 -9999
2023 03 31 16   156   111 10021   200    98 -9999     0 -9999
2023 03 31 17   172   117 10016   210    77 -9999     0 -9999
2023 03 31 18   183   122 10013   210    88     8     0     8
2023 03 31 19   200   133  9993   230    51 -9999     0 -9999
2023 03 31 20   200   133 -9999   210    77 -9999     0 -9999
2023 03 31 21   194   133  9983   210    36 -9999     3 -9999
2023 03 31 22   183   139 -9999   150    57 -9999     3 -9999
2023 03 31 23   150   133 -9999   330    67 -9999   104 -9999
2023 04 01 00   150   128  9929   360    26     8   155   260
2023 04 01 01   183   156  9901   200    72 -9999    -1 -9999
2023 04 01 02   139    94  9935   270   154 -9999    13 -9999
2023 04 01 03   133    72  9929   270    41 -9999     3 -9999
2023 04 01 04   128    78  9937   240    67     4     0 -9999
2023 04 01 05   117    50  9952   250    77     2     0 -9999
2023 04 01 06    94    17  9957   240    93     0     0    20
2023 04 01 07    78    17  9949   250    62     0     0 -9999
2023 04 01 08    72    11  9944   230    51     0     0 -9999
2023 04 01 09    61     6  9941   250    57     0     0 -9999
2023 04 01 10    56     6  9940   250    72 -9999    -1 -9999
2023 04 01 11    33     6  9952   260    62 -9999     5 -9999
2023 04 01 12    28     0  9950   240    36 -9999     3     8
2023 04 01 13    33   -11  9958   260    82 -9999     0 -9999
2023 04 01 14    28   -17  9973   260    77 -9999     0 -9999
2023 04 01 15    28     0  9987   270    62 -9999     0 -9999
2023 04 01 16    39     6 10006   290    67 -9999    -1 -9999
2023 04 01 17    50    11 10029   300    77 -9999    -1 -9999
2023 04 01 18    44     0 10062   320   118     8    -1    -1
2023 04 01 19    33   -17 10087   320    93 -9999     0 -9999
2023 04 01 20    33   -22 10108   330    88 -9999     0 -9999
2023 04 01 21    33   -22 10121   340    72 -9999     0 -9999
2023 04 01 22    33   -22 10142   310    51 -9999     0 -9999
2023 04 01 23    28   -22 10157   340    62 -9999     0 -9999
2023 04 02 00    28   -22 10171   340    31     8     0 -9999
2023 04 02 01    33   -28 10178   310    21 -9999     0 -9999
2023 04 02 02    28   -28 10185     0     0 -9999     0 -9999
2023 04 02 03    17   -33 10197    50    26     2     0 -9999
2023 04 02 04    17   -22 10197    60    31     2     0 -9999
2023 04 02 05     6   -33 10200   120    15     2     0 -9999
2023 04 02 06     0   -33 10200   120    15     0     0 -9999
2023 04 02 07     0   -33 10202     0     0     0     0 -9999
2023 04 02 08     0   -39 10197     0     0     0     0 -9999
2023 04 02 09    -6   -33 10197   170    15     2     0 -9999
2023 04 02 10    -6   -33 10196   160    21     2     0 -9999
2023 04 02 11    -6   -33 10196   170    31     0     0 -9999
2023 04 02 12    -6   -28 10195   160    21     2     0 -9999
2023 04 02 13     6   -22 10196   160    41     2     0 -9999
2023 04 02 14    22   -17 10187   170    46     4     0 -9999
2023 04 02 15    44   -11 10183   190    46 -9999     0 -9999
2023 04 02 16    61    -6 10168   140    51 -9999     0 -9999
2023 04 02 17    72    -6 10166   160    67 -9999     0 -9999
2023 04 02 18    89     6 10152   190    72     6     0 -9999
2023 04 02 19   106    11 10139   170    57 -9999     0 -9999
2023 04 02 20   117    22 10121   190    62 -9999     0 -9999
2023 04 02 21   122    22 10103   180    67 -9999     0 -9999
2023 04 02 22   128    22 10085   160    88 -9999     0 -9999
2023 04 02 23   128    28 10078   180    77     4     0 -9999
2023 04 03 00   122    28 10087   170    72     6     0 -9999
2023 04 03 01   117    28 10081   170    67     4     0 -9999
2023 04 03 02   111    28 10083   170    67     2     0 -9999
2023 04 03 03   111    33 10074   180    67     2     0 -9999
2023 04 03 04   111    33 10063   190    62     2     0 -9999
2023 04 03 05   111    33 10061   190    62     0     0 -9999
2023 04 03 06   106    28 10066   210    57     0     0 -9999
2023 04 03 07    94    33 10075   220    57     0     0 -9999
2023 04 03 08    89    39 10079   260    46     0     0 -9999
2023 04 03 09    72    33 10076   290    26     2     0 -9999
2023 04 03 10    78    39 10077   320    36 -9999     0 -9999
2023 04 03 11    83    11 10080    10    36     4     0 -9999
2023 04 03 12    78    17 10095   150    21     6     0 -9999
2023 04 03 13    89    28 10095   160    21 -9999     0 -9999
2023 04 03 14   100    17 10092   150    36 -9999     0 -9999
2023 04 03 15   106    17 10090   120    26 -9999     0 -9999
2023 04 03 16   111    11 10105   190    15 -9999    -1 -9999
2023 04 03 17   144    -6 10101   130    41 -9999     0 -9999
2023 04 03 18   161   -61 10094   100    41     8     0     0
2023 04 03 19   178   -50 10092   140    51 -9999     0 -9999
2023 04 03 20   167   -50 10089   110    57 -9999     0 -9999
2023 04 03 21   139     6 10088   110    41 -9999     0 -9999
2023 04 03 22   150    11 10085   120    57 -9999     0 -9999
2023 04 03 23   133    11 10085    50    62 -9999     0 -9999
2023 04 04 00   100    33 10087    50    62     8    -1    -1
2023 04 04 01    83    39 10090    40    62 -9999     5 -9999
2023 04 04 02    78    44 10101    40    77 -9999    13 -9999
2023 04 04 03    78    50 10100    40    67 -9999    -1 -9999
2023 04 04 04    72    50 10107    20    67 -9999    -1 -9999
2023 04 04 05    72    50 10114    50    57 -9999    13 -9999
2023 04 04 06    72    50 10103    60    67     8    -1    30
2023 04 04 07    67    50 10106    60    72 -9999     5 -9999
2023 04 04 08    67    50 10105    60    77 -9999    18 -9999
2023 04 04 09    72    56 10103    60    51 -9999    18 -9999
2023 04 04 10    72    50 10106    50    67 -9999    -1 -9999
2023 04 04 11    78    56 10109    80    51 -9999    -1 -9999
2023 04 04 12    72    50 10105    70    62     8     3    40
2023 04 04 13    72    56 10105    70    57 -9999     0 -9999
2023 04 04 14    78    61 10098   100    51 -9999     0 -9999
2023 04 04 15    83    67 10087    80    57 -9999     0 -9999
2023 04 04 16    94    72 10086    80    41 -9999     0 -9999
2023 04 04 17    89    67 10090    40    62 -9999     0 -9999
2023 04 04 18    94    72 10072    60    67     8    -1 -9999
2023 04 04 19    89    72 -9999    50    88 -9999    12 -9999
2023 04 04 20   106    78 10058    70    77 -9999    74 -9999
2023 04 04 21   106    83 10054    70    46 -9999     0 -9999
2023 04 04 22   117    94 10042    80    51 -9999    -1 -9999
2023 04 04 23   122    94 10034    90    51 -9999     0 -9999
2023 04 05 00   133   111 10021    90    36     8     0   110
2023 04 05 01   156   139 10019   120    72 -9999     0 -9999
2023 04 05 02   172   150 10028   170    67 -9999     5 -9999
2023 04 05 03   183   161 10025   150    93 -9999    23 -9999
2023 04 05 04   194   167 10013   150    62 -9999     8 -9999
2023 04 05 05   194   167 10006   150    51 -9999     3 -9999
2023 04 05 06   206   167 10000   170    41     8     0    40
2023 04 05 07   211   167 10009   190    72 -9999     0 -9999
2023 04 05 08   217   167  9999   200    62 -9999    -1 -9999
2023 04 05 09   217   167  9995   200    67 -9999     0 -9999
2023 04 05 10   206   167  9999   190    46 -9999    13 -9999
2023 04 05 11   211   167  9996   180    41 -9999     0 -9999
2023 04 05 12   211   161 10001   190    82     8    -1    10
2023 04 05 13 -9999   140 -9999   250    41 -9999    33 -9999
2023 04 05 14   189   128 10000   180    62 -9999    25 -9999
2023 04 05 15   206   117  9998   200    98 -9999     0 -9999
2023 04 05 16   211   122  9998   210    93 -9999     0 -9999
2023 04 05 17   206   128 10006   210    98 -9999     0 -9999
2023 04 05 18   200   139 10012   240   124     8     0    60
2023 04 05 19   117    83 10042   250   103 -9999     0 -9999
2023 04 05 20   100    50 10062   250   103 -9999     0 -9999
2023 04 05 21    94    33 10085   250    98 -9999     0 -9999
2023 04 05 22    89    22 10102   240    72 -9999     0 -9999
2023 04 05 23    78    11 10118   260    88 -9999     0 -9999
2023 04 06 00    72     6 10138   260    82     6     0 -9999
2023 04 06 01    56   -11 -9999   270    77     2     0 -9999
2023 04 06 02    50   -11 10172   250    67     0     0 -9999
2023 04 06 03    44   -11 10185   260    51     0     0 -9999
2023 04 06 04    44   -28 10198   270    46     0     0 -9999
2023 04 06 05    39   -28 10208   250    36     2     0 -9999
2023 04 06 06    33   -28 10212   230    41     2     0 -9999
2023 04 06 07    28   -28 10212   260    57     2     0 -9999
2023 04 06 08    22   -39 10210   280    57     2     0 -9999
2023 04 06 09    17   -50 10221   270    62     2     0 -9999
2023 04 06 10    11   -56 10228   280    51     2     0 -9999
2023 04 06 11     6   -50 10243   280    41     4     0 -9999
2023 04 06 12     0   -50 10252   250    31     4     0 -9999
2023 04 06 13    11   -56 10265   260    41 -9999     0 -9999
2023 04 06 14    22   -61 10271   260    46 -9999     0 -9999
2023 04 06 15    33   -56 10275   290    51 -9999     0 -9999
2023 04 06 16    44   -61 10282   280    46 -9999     0 -9999
2023 04 06 17    61   -61 10283   270    57 -9999     0 -9999
2023 04 06 18    78   -56 10285   250    36     6     0 -9999
2023 04 06 19    94   -56 10285   270    57 -9999     0 -9999
2023 04 06 20   100   -56 10283   270    67     4     0 -9999
2023 04 06 21   106   -50 10277   270    51     0     0 -9999
2023 04 06 22   106   -61 10277   290    72     2     0 -9999
2023 04 06 23   106   -67 10284   270    62     2     0 -9999
2023 04 07 00   100   -67 10291   250    46     4     0 -9999
2023 04 07 01    94   -61 10296   250    31     4     0 -9999
2023 04 07 02    83   -50 10300   240    36     2     0 -9999
2023 04 07 03    72   -56 10307   260    31     2     0 -9999
2023 04 07 04    61   -56 10313   270    26     2     0 -9999
2023 04 07 05    56   -50 10315   280    21     2     0 -9999
2023 04 07 06    44   -44 10320   290    21     2     0 -9999
2023 04 07 07    39   -50 10325   320    31     2     0 -9999
2023 04 07 08    22   -56 10328    10    36     2     0 -9999
2023 04 07 09    22   -56 10330    30    15     2     0 -9999
2023 04 07 10    33   -61 10333    50    36     2     0 -9999
2023 04 07 11    28   -39 10338    50    41     2     0 -9999
2023 04 07 12    28   -17 10344    70    41     2     0 -9999
2023 04 07 13    39   -22 10351    90    36     0     0 -9999
2023 04 07 14    56   -28 10350    80    36     2     0 -9999
2023 04 07 15    61   -33 10351    50    46     2     0 -9999
2023 04 07 16    78   -28 10356    90    31     2     0 -9999
2023 04 07 17    83   -39 10352    90    31     0     0 -9999
2023 04 07 18    89   -22 10347    60    57     2     0 -9999
2023 04 07 19    94   -22 10340    70    41     2     0 -9999
2023 04 07 20    94   -33 10331   100    51     2     0 -9999
2023 04 07 21    89   -39 10323    70    51     2     0 -9999
2023 04 07 22    83   -61 10318    70    62     2     0 -9999
2023 04 07 23    78   -83 10318    70    36     2     0 -9999
2023 04 08 00    67   -78 10316    70    31     4     0 -9999
2023 04 08 01    56   -78 10311    60    36     4     0 -9999
2023 04 08 02    50   -72 10311    50    26     0     0 -9999
2023 04 08 03    39   -39 10317    50    31     0     0 -9999
2023 04 08 04    33   -28 10313    90    36     0     0 -9999
2023 04 08 05    33   -11 10313    90    21     0     0 -9999
2023 04 08 06    28    -6 10307   100    21     0     0 -9999
2023 04 08 07    33    -6 10301    90    15     2     0 -9999
2023 04 08 08    28    -6 10295   100    21     0     0 -9999
2023 04 08 09    22    -6 10286   170    41     0     0 -9999
2023 04 08 10    28   -11 10292   150    21     2     0 -9999
2023 04 08 11    33   -17 10297     0     0     2     0 -9999
2023 04 08 12    39    -6 10304     0     0     6     0 -9999
2023 04 08 13    50    -6 10308   160    26 -9999     0 -9999
2023 04 08 14    78   -11 10306   160    51 -9999     0 -9999
2023 04 08 15   106   -17 10306   180    51 -9999     0 -9999
2023 04 08 16   128   -22 10304   140    51     2     0 -9999
2023 04 08 17   139   -50 10301   190    41     2     0 -9999
2023 04 08 18   150   -39 10292   160    51     0     0 -9999
2023 04 08 19   156   -33 10285   180    41     0     0 -9999
2023 04 08 20   167   -28 10277   160    36     0     0 -9999
2023 04 08 21   172   -17 10273   130    46     2     0 -9999
2023 04 08 22   172   -28 10270   170    46     2     0 -9999
2023 04 08 23   167   -44 10270   170    26 -9999     0 -9999
2023 04 09 00   161   -44 10270   190    36     6     0 -9999
2023 04 09 01   139   -17 10272   130    41 -9999     0 -9999
2023 04 09 02   111   -17 10276   130    36     4     0 -9999
2023 04 09 03   106   -11 10279   150    36     0     0 -9999
2023 04 09 04    94   -11 10278   160    21     0     0 -9999
2023 04 09 05    78    -6 10279   130    15     0     0 -9999
2023 04 09 06    83    -6 10283     0     0     0     0 -9999
2023 04 09 07    72    -6 10285     0     0     0     0 -9999
2023 04 09 08    67     0 10287   120    15     0     0 -9999
2023 04 09 09    67     0 10288   150    21     0     0 -9999
2023 04 09 10    72    -6 10291   180    15     0     0 -9999
2023 04 09 11    56   -11 10301     0     0     2     0 -9999
2023 04 09 12    56     0 10305   150    15     2     0 -9999
2023 04 09 13    83     6 10312   140    31     2     0 -9999
2023 04 09 14   111   -11 10315   170    36     4     0 -9999
2023 04 09 15   139   -39 10315   200    57 -9999     0 -9999
2023 04 09 16   150   -61 10315   210    46 -9999     0 -9999
2023 04 09 17   167   -72 10307   180    62 -9999     0 -9999
2023 04 09 18   183   -56 10301   180    51     6     0 -9999
2023 04 09 19   194   -50 10297   180    41 -9999     0 -9999
2023 04 09 20   194   -50 10291   210    41 -9999     0 -9999
2023 04 09 21   200   -44 10286   200    51 -9999     0 -9999
2023 04 09 22   194   -44 10282   170    51 -9999     0 -9999
2023 04 09 23   189   -50 10280   170    41 -9999     0 -9999
2023 04 10 00   178   -44 10280   180    46     6     0 -9999
2023 04 10 01   161   -33 10279   170    36 -9999     0 -9999
2023 04 10 02   150   -28 10283   170    31 -9999     0 -9999
2023 04 10 03   144   -22 10282   160    41 -9999     0 -9999
2023 04 10 04   139   -17 10281   170    31 -9999     0 -9999
2023 04 10 05   128   -11 10279   170    31 -9999     0 -9999
2023 04 10 06   117   -11 10277   170    31     4     0 -9999
2023 04 10 07   111   -11 10275   160    26     4     0 -9999
2023 04 10 08   106   -17 10275   150    26     2     0 -9999
2023 04 10 09   100   -17 10275   180    21     2     0 -9999
2023 04 10 10   100   -17 10278   170    26     2     0 -9999
2023 04 10 11   100   -17 10281   180    31     4     0 -9999
2023 04 10 12    94   -17 10285   180    36     6     0 -9999
2023 04 10 13   117   -11 10288   190    31 -9999     0 -9999
2023 04 10 14   139   -22 10287   200    36 -9999     0 -9999
2023 04 10 15   161   -22 10283   200    46 -9999     0 -9999
2023 04 10 16   172   -22 10283   220    62 -9999     0 -9999
2023 04 10 17   189   -22 10278   210    57 -9999     0 -9999
2023 04 10 18   189   -28 10271   210    51     6     0 -9999
2023 04 10 19   206   -22 10263   210    41 -9999     0 -9999
2023 04 10 20   206   -28 10257   210    26 -9999     0 -9999
2023 04 10 21   217   -28 10249   210    41 -9999     0 -9999
2023 04 10 22   217   -22 10245   200    36     4     0 -9999
2023 04 10 23   211   -22 10242   180    31     4     0 -9999
2023 04 11 00   211   -28 10239   230    41     4     0 -9999
2023 04 11 01   194   -22 10242   210    21     2     0 -9999
2023 04 11 02   178   -22 10247   200    26     0     0 -9999
2023 04 11 03   167   -17 10248   190    36     0     0 -9999
2023 04 11 04   161   -17 10244   190    31     0     0 -9999
2023 04 11 05   156   -11 10243   200    41     0     0 -9999
2023 04 11 06   150   -11 10239   210    41     0     0 -9999
2023 04 11 07   139   -11 10239   220    31     2     0 -9999
2023 04 11 08   133    -6 10236   220    41     2     0 -9999
2023 04 11 09   122     0 10236   230    36     2     0 -9999
2023 04 11 10   117     0 10235   220    41     2     0 -9999
2023 04 11 11   117     6 10235   230    41     2     0 -9999
2023 04 11 12   117    11 10238   220    36     2     0 -9999
2023 04 11 13   139    17 10240   230    51     2     0 -9999
2023 04 11 14   172    33 10236   220    51     4     0 -9999
2023 04 11 15   194    50 10232   220    62 -9999     0 -9999
2023 04 11 16   217    50 10228   240    67 -9999     0 -9999
2023 04 11 17   228    56 10223   240    62 -9999     0 -9999
2023 04 11 18   239    61 10216   230    88 -9999     0 -9999
2023 04 11 19   244    67 10202   220    67 -9999     0 -9999
2023 04 11 20   250    61 10195   240    72 -9999     0 -9999
2023 04 11 21   256    72 10186   250    77 -9999     0 -9999
2023 04 11 22   261    67 10181   250    72 -9999     0 -9999
2023 04 11 23   256    61 10176   230    62 -9999     0 -9999
2023 04 12 00   244    61 10173   230    41     6     0 -9999
2023 04 12 01   228    67 10173   220    26 -9999     0 -9999
2023 04 12 02   217    67 10175   200    26 -9999     0 -9999
2023 04 12 03   206    72 10175   210    31 -9999     0 -9999
2023 04 12 04   200    72 10172   210    41 -9999     0 -9999
2023 04 12 05   194    67 10169   210    36 -9999     0 -9999
2023 04 12 06   189    67 10167   210    46     4     0 -9999
2023 04 12 07   178    67 10164   220    67     4     0 -9999
2023 04 12 08   172    61 10159   220    62     2     0 -9999
2023 04 12 09   167    50 10157   220    51     2     0 -9999
2023 04 12 10   156    50 10157   220    36     2     0 -9999
2023 04 12 11   144    50 10158   210    41     0     0 -9999
2023 04 12 12   144    50 10159   210    51     2     0 -9999
2023 04 12 13   161    61 10160   220    57     2     0 -9999
2023 04 12 14   194    72 10156   230    57     2     0 -9999
2023 04 12 15   211    78 10155   240    77     0     0 -9999
2023 04 12 16   233    78 10152   250    88     0     0 -9999
2023 04 12 17   244    78 10145   240    93     0     0 -9999
2023 04 12 18   256    72 10135   230    98     0     0 -9999
2023 04 12 19   261    61 10125   230   113     0     0 -9999
2023 04 12 20   272    44 10116   230   103     0     0 -9999
2023 04 12 21   272    33 10109   240    82     0     0 -9999
2023 04 12 22   278    33 10106   230    77     0     0 -9999
2023 04 12 23   272    33 10101   230    93     0     0 -9999
2023 04 13 00   261    39 10101   220    57     0     0 -9999
2023 04 13 01   250    44 10105   220    46     2     0 -9999
2023 04 13 02   233    44 10109   220    41     0     0 -9999
2023 04 13 03   222    50 10111   220    57     0     0 -9999
2023 04 13 04   211    50 10111   220    51     0     0 -9999
2023 04 13 05   194    61 10114   220    41     0     0 -9999
2023 04 13 06   189    61 10117   220    51     0     0 -9999
2023 04 13 07   183    50 10117   220    41     0     0 -9999
2023 04 13 08   167    50 10115   210    36     0     0 -9999
2023 04 13 09   156    50 10115   200    31     0     0 -9999
2023 04 13 10   144    44 10115   220    26     0     0 -9999
2023 04 13 11   144    44 10118   200    31     2     0 -9999
2023 04 13 12   144    44 10123   200    31     2     0 -9999
2023 04 13 13   167    44 10127   210    46     4     0 -9999
2023 04 13 14   183    50 10129   210    36 -9999     0 -9999
2023 04 13 15   211    56 10127   200    31 -9999     0 -9999
2023 04 13 16   233    61 10124   190    36 -9999     0 -9999
2023 04 13 17   244    61 10119   240    57 -9999     0 -9999
2023 04 13 18   256    50 10110   210    51     6     0 -9999
2023 04 13 19   267    39 10099   190    72     4     0 -9999
2023 04 13 20   272    33 10094   190    46     4     0 -9999
2023 04 13 21   283    22 10084   220    67     4     0 -9999
2023 04 13 22   283    11 10079   210    57     4     0 -9999
2023 04 13 23   278     6 10077   220    72     4     0 -9999
2023 04 14 00   267    11 10076   210    46     6     0 -9999
2023 04 14 01   244    17 10077   180    21 -9999     0 -9999
2023 04 14 02   228    28 10081   170    31 -9999     0 -9999
2023 04 14 03   222    17 10084   180    31     4     0 -9999
2023 04 14 04   211    11 10084   200    36     2     0 -9999
2023 04 14 05   200     6 10086   190    41     2     0 -9999
2023 04 14 06   194    11 10084   200    31     2     0 -9999
2023 04 14 07   189    11 10083   200    21     2     0 -9999
2023 04 14 08   156    17 10085     0     0     2     0 -9999
2023 04 14 09   144    28 10088     0     0     2     0 -9999
2023 04 14 10   133    28 10093     0     0     4     0 -9999
2023 04 14 11   133    33 10094     0     0     4     0 -9999
2023 04 14 12   144    39 10101   130    15     4     0 -9999
2023 04 14 13   172    44 10102   140    15     4     0 -9999
2023 04 14 14   206    33 10099   150    21     4     0 -9999
2023 04 14 15   228    33 10094   160    21     4     0 -9999
2023 04 14 16   244    50 10094   170    26 -9999     0 -9999
2023 04 14 17   256    44 10087   180    31 -9999     0 -9999
2023 04 14 18   272    44 10080 -9999    31     4     0 -9999
2023 04 14 19   272    44 10076   190    46     4     0 -9999
2023 04 14 20   278    50 10070   180    46 -9999     0 -9999
2023 04 14 21   267    61 10067   160    41 -9999     0 -9999
2023 04 14 22   278    61 10063   200    41 -9999     0 -9999
2023 04 14 23   272    61 10063   170    41 -9999     0 -9999
2023 04 15 00   256    44 10065   130    62     6     0 -9999
2023 04 15 01   228    50 10066   130    36 -9999     0 -9999
2023 04 15 02   211    44 10070   130    31 -9999     0 -9999
2023 04 15 03   206    39 10074   140    31 -9999     0 -9999
2023 04 15 04   194    44 10075   140    26 -9999     0 -9999
2023 04 15 05   189    50 10073     0     0 -9999     0 -9999
2023 04 15 06   194    67 10072   170    26     8     0 -9999
2023 04 15 07   200    94 10071   180    26 -9999     0 -9999
2023 04 15 08   206   117 10072   210    36 -9999     0 -9999
2023 04 15 09   206   117 10073   220    21 -9999     0 -9999
2023 04 15 10   194   117 10075   220    21 -9999     0 -9999
2023 04 15 11   189   117 10079   170    26 -9999     0 -9999
2023 04 15 12   189   117 10086   180    21     6     0 -9999
2023 04 15 13   189   111 10087   200    31 -9999     0 -9999
2023 04 15 14   206   117 10084   170    57 -9999     0 -9999
2023 04 15 15   206   111 10083   190    36 -9999     0 -9999
2023 04 15 16   233   117 10079   210    51 -9999     0 -9999
2023 04 15 17   244   117 10081   210    46     4     0 -9999
2023 04 15 18   261   111 10077   190    57     4     0 -9999
2023 04 15 19   278   100 10070   210    72 -9999     0 -9999
2023 04 15 20   228   156 -9999   250    51 -9999    -1 -9999
2023 04 15 21   261   122 10060   230    31 -9999    -1 -9999
2023 04 15 22   267    94 10052   200    57 -9999     0 -9999
2023 04 15 23   267   100 10046   190    36 -9999     0 -9999
2023 04 16 00   256    89 10045   210    41     6     0     3
2023 04 16 01   239   100 10046   160    36 -9999     0 -9999
2023 04 16 02   239   100 10047   170    36 -9999     0 -9999
2023 04 16 03   233   100 10046   180    46 -9999     0 -9999
2023 04 16 04   228   106 10037   180    51 -9999     0 -9999
2023 04 16 05   194   106 10046   240    57 -9999     0 -9999
2023 04 16 06   178   111 10044   220    67     8     0 -9999
2023 04 16 07   161   122 10034   230    57 -9999    -1 -9999
2023 04 16 08   156   128 10019   200    21 -9999     3 -9999
2023 04 16 09   156   122 10016   200    46 -9999     0 -9999
2023 04 16 10   150   111 10012   210    57 -9999    -1 -9999
2023 04 16 11   122   100 10014   240    51 -9999    -1 -9999
2023 04 16 12   100    83 10013   250    46     8     0     3
2023 04 16 13    94    78 10015   250    46 -9999    -1 -9999
2023 04 16 14    94    72 10011   240    57 -9999     5 -9999
2023 04 16 15   100    72 10008   230    57 -9999    -1 -9999
2023 04 16 16    83    61 10009   230    82 -9999    -1 -9999
2023 04 16 17    67    44 10021   230   108 -9999    -1 -9999
2023 04 16 18    44    22 10023   230    82     8    13    20
2023 04 16 19    56    28 10026   240    77 -9999     3 -9999
2023 04 16 20    56    28 10028   240    88 -9999    -1 -9999
2023 04 16 21    61    22 10028   240   103 -9999    -1 -9999
2023 04 16 22    50    22 10030   220    77 -9999    -1 -9999
2023 04 16 23    50    17 10034   230    88 -9999    -1 -9999
2023 04 17 00    39    11 10035   230    62     8    -1     3
2023 04 17 01    39     6 10031   230    51 -9999    -1 -9999
2023 04 17 02    33     0 10030   230    88 -9999    -1 -9999
2023 04 17 03    22    -6 10025   250    77 -9999    -1 -9999
2023 04 17 04    11   -11 -9999   230    72 -9999    -1 -9999
2023 04 17 05    17   -11 10012   240    72 -9999    -1 -9999
2023 04 17 06    17   -11 10006   240    57     8    -1     3
2023 04 17 07    11   -22 10003   260    67 -9999    -1 -9999
2023 04 17 08    11   -22  9999   260    62 -9999    -1 -9999
2023 04 17 09     6   -22  9999   260    67 -9999    -1 -9999
2023 04 17 10     6   -22  9999   260    62 -9999     3 -9999
2023 04 17 11     0   -22  9998   260    67 -9999     5 -9999
2023 04 17 12     0   -22 10005   260    62     8     3     8
2023 04 17 13     0   -28 10012   270    72 -9999    -1 -9999
2023 04 17 14     6   -33 -9999   280    72 -9999    -1 -9999
2023 04 17 15    11   -33 -9999   280    77 -9999    -1 -9999
2023 04 17 16    17   -33 -9999   290    93 -9999    -1 -9999
2023 04 17 17    33   -28 10040   270    93 -9999    -1 -9999
2023 04 17 18    33   -44 10047   280    82     8     0 -9999
2023 04 17 19    33   -44 10053   280   103 -9999     5 -9999
2023 04 17 20    33   -33 -9999   280    82 -9999    -1 -9999
2023 04 17 21    33   -28 10066   280    98 -9999     0 -9999
2023 04 17 22    33   -33 10073   280    67 -9999     0 -9999
2023 04 17 23    33   -33 10079   290    88 -9999     0 -9999
2023 04 18 00    39   -33 10087   290    82     8     0 -9999
2023 04 18 01    39   -33 10090   290    67 -9999     0 -9999
2023 04 18 02    39   -44 10098   310    98 -9999     0 -9999
2023 04 18 03    33   -39 10103   290    51 -9999     0 -9999
2023 04 18 04    33   -39 10104   290    51 -9999     0 -9999
2023 04 18 05    28   -33 10108   290    46     4     0 -9999
2023 04 18 06    28   -39 10111   310    57     4     0 -9999
2023 04 18 07    22   -39 10112   270    31     2 -9999 -9999
2023 04 18 08    11   -39 10112   260    26     2 -9999 -9999
2023 04 18 09    11   -33 10115   300    26     0 -9999 -9999
2023 04 18 10    11   -39 10116   280    21     0 -9999 -9999
2023 04 18 11    11   -39 10121   270    26     2 -9999 -9999
2023 04 18 12    11   -33 10124   260    31     2 -9999 -9999
2023 04 18 13    33   -28 10129   280    41     2 -9999 -9999
2023 04 18 14    50   -28 10131   310    57     2 -9999 -9999
2023 04 18 15    61   -28 10139   260    57     2 -9999 -9999
2023 04 18 16    78   -28 10144   270    46     0 -9999 -9999
2023 04 18 17    83   -28 -9999   290    62     0 -9999 -9999
2023 04 18 18   106   -22 -9999   280    46     0 -9999 -9999
2023 04 18 19   117   -33 -9999   300    41     0     0 -9999
2023 04 18 20   128   -17 -9999   270    57     0     0 -9999
2023 04 18 21   133   -22 -9999   280    41     4     0 -9999
2023 04 18 22   133   -17 -9999   250    46 -9999     0 -9999
2023 04 18 23   144   -17 -9999   300    31 -9999     0 -9999
2023 04 19 00   133   -28 -9999   270    21     4     0 -9999
2023 04 19 01   122   -22 -9999   340    15     4     0 -9999
2023 04 19 02   106   -11 -9999   230    15     4     0 -9999
2023 04 19 03   100    -6 -9999     0     0 -9999     0 -9999
2023 04 19 04    83    -6 -9999   120    21     4     0 -9999
2023 04 19 05    78   -11 -9999    80    15     2     0 -9999
2023 04 19 06    72     0 10160    90    31     0     0 -9999
2023 04 19 07    61    -6 10159   110    15     4 -9999 -9999
2023 04 19 08    67     0 10153    80    31 -9999 -9999 -9999
2023 04 19 09    56     0 10156   100    21 -9999 -9999 -9999
2023 04 19 10    67     0 10157   100    31 -9999 -9999 -9999
2023 04 19 11    78    -6 10158   110    51 -9999 -9999 -9999
2023 04 19 12    83   -17 10163   110    67     8 -9999 -9999
2023 04 19 13    89   -22 10161   100    67 -9999 -9999 -9999
2023 04 19 14   100   -28 10161   100    82 -9999 -9999 -9999
2023 04 19 15   106   -22 10157    90    72 -9999 -9999 -9999
2023 04 19 16   111    -6 10153    90    62 -9999 -9999 -9999
2023 04 19 17   144    -6 10139   110    72 -9999 -9999 -9999
2023 04 19 18   167     6 10125   100    67     6     0 -9999
2023 04 19 19   172    17 10126    50    67 -9999     0 -9999
2023 04 19 20   139    22 10113    50    82 -9999     0 -9999
2023 04 19 21   150    28 10088    80    57 -9999     0 -9999
2023 04 19 22   150    28 10097    30    77 -9999     0 -9999
2023 04 19 23   117    33 10096   100    36 -9999    -1 -9999
2023 04 20 00    94    33 10120    20   103     8     3     3
2023 04 20 01    89    33 10127    30    93 -9999     0 -9999
2023 04 20 02    89    33 10126    40    51 -9999     0 -9999
2023 04 20 03   100    39 10126    40    41 -9999     0 -9999
2023 04 20 04   100    39 10123    20    46 -9999     0 -9999
2023 04 20 05   100    44 10119    10    21 -9999     0 -9999
2023 04 20 06    94    44 10114    20    21     8     0 -9999
2023 04 20 07    94    50 10108    10    26 -9999     0 -9999
2023 04 20 08    94    56 10106    10    21 -9999     0 -9999
2023 04 20 09   106    61 10107    30    31 -9999     0 -9999
2023 04 20 10   106    67 10109     0     0 -9999    20 -9999
2023 04 20 11   144   106 10092   160    36 -9999     5 -9999
2023 04 20 12   167   100 10089   170    57     8    -1    30
2023 04 20 13   183   100 10098   170    57 -9999     0 -9999
2023 04 20 14   194   100 10088   160    62 -9999     0 -9999
2023 04 20 15   206    94 10089   180    62 -9999     0 -9999
2023 04 20 16   217   106 10083   180    67 -9999     0 -9999
2023 04 20 17   222   111 10093   200    72 -9999     0 -9999
2023 04 20 18   189   144 10073   170    51     6     5     5
2023 04 20 19   233   139 10065   180    77 -9999     0 -9999
2023 04 20 20   256   122 10064   200   108 -9999     0 -9999
2023 04 20 21   261   117 10058   200   108 -9999     0 -9999
2023 04 20 22   256   122 10055   210    77 -9999    -1 -9999
2023 04 20 23   250   122 -9999   190    62 -9999    -1 -9999
2023 04 21 00   211   139 10065   240    72     6    -1    -1
2023 04 21 01   194   150 10071   250    51 -9999     0 -9999
2023 04 21 02   167   117 10085   260    57 -9999     0 -9999
2023 04 21 03   128    83 10099   270    88 -9999     0 -9999
2023 04 21 04   117    72 10116   280    46 -9999     0 -9999
2023 04 21 05    94    44 10129   260    67 -9999     0 -9999
2023 04 21 06    89    39 10138   270    67     6     0 -9999
2023 04 21 07    83    33 10137   270    57     4     0 -9999
2023 04 21 08    83    33 10136   260    31     4     0 -9999
2023 04 21 09    78    33 10140   230    36     2     0 -9999
2023 04 21 10    72    33 10137   250    31 -9999     0 -9999
2023 04 21 11    67    28 10138   230    26 -9999     0 -9999
2023 04 21 12    72    28 10140   220    26     8     0 -9999
2023 04 21 13    78    28 10144   250    36 -9999     0 -9999
2023 04 21 14    83    22 10141   210    36 -9999     0 -9999
2023 04 21 15    94    17 10139   190    41 -9999     0 -9999
2023 04 21 16   106    11 10137   190    41 -9999     0 -9999
2023 04 21 17   122    11 10131   180    67 -9999     0 -9999
2023 04 21 18   139    22 10124   200    62     6     0 -9999
2023 04 21 19   150    22 10115   230    62 -9999     0 -9999
2023 04 21 20   156    28 10109   190    62 -9999     0 -9999
2023 04 21 21   161    17 10100   230    67 -9999     0 -9999
2023 04 21 22   167    -6 10097   250    67 -9999     0 -9999
2023 04 21 23   156   -11 10097   270    62 -9999     0 -9999
2023 04 22 00   139    -6 10098   280    51     6     0 -9999
2023 04 22 01   122   -11 10105   290    41 -9999     0 -9999
2023 04 22 02   106   -17 10112   290    57 -9999     0 -9999
2023 04 22 03    94   -17 10115   310    41 -9999     0 -9999
2023 04 22 04    83   -11 10111   300    31 -9999     0 -9999
2023 04 22 05    83   -17 10110   280    26 -9999     0 -9999
2023 04 22 06    78   -17 10109   280    41     8     0 -9999
2023 04 22 07    72   -28 10105   280    31 -9999     0 -9999
2023 04 22 08    61   -17 10100   250    26 -9999     0 -9999
2023 04 22 09    61   -17 10099   250    36 -9999     0 -9999
2023 04 22 10    56   -22 10097   260    51 -9999     0 -9999
2023 04 22 11    50   -17 10094   260    41 -9999     0 -9999
2023 04 22 12    50   -11 10095   280    36     6     0 -9999
2023 04 22 13    50   -11 10097   260    36 -9999     0 -9999
2023 04 22 14    50   -11 10097   260    46 -9999     0 -9999
2023 04 22 15    50   -11 10099   240    41 -9999     0 -9999
2023 04 22 16    56   -11 10099   220    51 -9999    -1 -9999
2023 04 22 17    50     0 10103   280    62 -9999     3 -9999
2023 04 22 18    28     6 10109   260    67     8    10    10
2023 04 22 19    50    11 10107   260    31 -9999    -1 -9999
2023 04 22 20    61   -28 10108   260    72 -9999     0 -9999
2023 04 22 21    67   -39 10109   250    67 -9999     0 -9999
2023 04 22 22    61   -22 10118   280    57 -9999    -1 -9999
2023 04 22 23    39    -6 10124   270    36 -9999    -1 -9999
2023 04 23 00    56   -11 10125   250    31     8     0    -1
2023 04 23 01    56   -17 10131   260    57 -9999     0 -9999
2023 04 23 02    56    -6 10135   250    46 -9999     0 -9999
2023 04 23 03    50    -6 10138   270    51 -9999     0 -9999
2023 04 23 04    44    -6 10137   280    67 -9999     0 -9999
2023 04 23 05    44    -6 10139   280    57 -9999     0 -9999
2023 04 23 06    44    -6 10144   280    41     6     0 -9999
2023 04 23 07    33    -6 10143   260    51 -9999     0 -9999
2023 04 23 08    33    -6 10145   270    41 -9999     0 -9999
2023 04 23 09    28    -6 10151   250    26 -9999     0 -9999
2023 04 23 10    28   -11 10156   260    36 -9999     0 -9999
2023 04 23 11    22   -17 10159   270    31 -9999     0 -9999
2023 04 23 12    22   -17 10164   290    36     6     0 -9999
2023 04 23 13    28   -17 10170   290    31 -9999     0 -9999
2023 04 23 14    39   -11 10174   280    36 -9999     0 -9999
2023 04 23 15    44   -11 10178   320    26 -9999     0 -9999
2023 04 23 16    50   -17 10181   300    26 -9999     0 -9999
2023 04 23 17    50   -28 10184   260    41 -9999     0 -9999
2023 04 23 18    56   -28 10186   270    41     8     0 -9999
2023 04 23 19    50   -33 10190   260    31 -9999     0 -9999
2023 04 23 20    50   -33 10191   280    41 -9999     0 -9999
2023 04 23 21    50   -33 10193   260    41 -9999     0 -9999
2023 04 23 22    50   -33 10197   280    31 -9999     0 -9999
2023 04 23 23    44   -33 10202   290    41 -9999     0 -9999
2023 04 24 00    50   -39 10204   280    31     8     0 -9999
2023 04 24 01    44   -44 10207   270    31 -9999     0 -9999
2023 04 24 02    44   -39 10211   260    31 -9999     0 -9999
2023 04 24 03    44   -39 10212   260    21 -9999     0 -9999
2023 04 24 04    39   -33 10211   250    26 -9999     0 -9999
2023 04 24 05    33   -33 10211   220    21 -9999     0 -9999
2023 04 24 06    33   -33 10210   240    26     6     0 -9999
2023 04 24 07    22   -33 10210   230    26 -9999     0 -9999
2023 04 24 08    33   -28 10208   240    21 -9999     0 -9999
2023 04 24 09    22   -33 10208   250    26     4     0 -9999
2023 04 24 10    22   -39 10211   240    36     4     0 -9999
2023 04 24 11    22   -39 10216   250    36 -9999     0 -9999
2023 04 24 12    28   -39 10223   250    36     6     0 -9999
2023 04 24 13    44   -33 10225   260    31 -9999     0 -9999
2023 04 24 14    56   -39 10227   260    31 -9999     0 -9999
2023 04 24 15    67   -56 10229   280    26     4     0 -9999
2023 04 24 16    83   -56 10229   290    41 -9999     0 -9999
2023 04 24 17    83   -67 10227   260    51 -9999     0 -9999
2023 04 24 18   106   -56 10219   280    57     6     0 -9999
2023 04 24 19   100   -67 10215   310    82 -9999     0 -9999
2023 04 24 20   106   -56 10209   310    46 -9999     0 -9999
2023 04 24 21   117   -56 10203   290    46 -9999     0 -9999
2023 04 24 22   111   -67 10202   330    31 -9999     0 -9999
2023 04 24 23   100   -39 10202    90    46 -9999     0 -9999
2023 04 25 00    89   -44 10203   130    51     6     0 -9999
2023 04 25 01    83   -39 10204   100    46 -9999     0 -9999
2023 04 25 02    78   -39 10205   110    41 -9999     0 -9999
2023 04 25 03    78   -33 10205   120    31 -9999     0 -9999
2023 04 25 04    78   -28 10201   110    31 -9999     0 -9999
2023 04 25 05    83   -28 10202   210    31 -9999    -1 -9999
2023 04 25 06    67    17 10204     0     0     8     3     3
2023 04 25 07    67    28 10200    20    26 -9999    -1 -9999
2023 04 25 08    61    28 10200    60    15 -9999     0 -9999
2023 04 25 09    61    28 10203    20    31 -9999     8 -9999
2023 04 25 10    44    17 10202    40    46 -9999    20 -9999
2023 04 25 11    39    17 -9999    20    57 -9999    -1 -9999
2023 04 25 12    33    11 10206    50    57     8     3    30
2023 04 25 13    28    11 -9999    30    67 -9999     2 -9999
2023 04 25 14    39    17 10212    50    57 -9999     3 -9999
2023 04 25 15    39    17 10215    50    51 -9999     0 -9999
2023 04 25 16    44    17 10219    40    57 -9999     0 -9999
2023 04 25 17    61    17 10219    40    51 -9999     0 -9999
2023 04 25 18    72    17 10218    50    62     6     0    10
2023 04 25 19    67    11 10222    30    67 -9999     0 -9999
2023 04 25 20    67    11 10227    20    72 -9999     0 -9999
2023 04 25 21    72     0 10224    30    72 -9999     0 -9999
2023 04 25 22    67   -22 10227    50    46 -9999     0 -9999
2023 04 25 23    72   -22 10229    30    67     4     0 -9999
2023 04 26 00    61   -28 10232    40    57     2     0 -9999
2023 04 26 01    50   -39 10234    30    36     2     0 -9999
2023 04 26 02    44   -33 10239    30    36     0     0 -9999
2023 04 26 03    33   -28 10243    10    26     0     0 -9999
2023 04 26 04    22   -28 10245   350    26     0     0 -9999
2023 04 26 05    22   -22 10247   340    31     0     0 -9999
2023 04 26 06    17   -22 10250   320    15     0     0 -9999
2023 04 26 07     6   -22 10248   350    31     0     0 -9999
2023 04 26 08    11   -17 10248   340    15     0     0 -9999
2023 04 26 09     6   -28 10249   350    31     0     0 -9999
2023 04 26 10    -6   -28 10250   360    31     0     0 -9999
2023 04 26 11     0   -33 10252    20    21     2     0 -9999
2023 04 26 12    17    -6 10260   350    21     2     0 -9999
2023 04 26 13    50    11 10262    80    41     2     0 -9999
2023 04 26 14    67    -6 10261    60    41     2     0 -9999
2023 04 26 15    78   -11 10259    90    26     2     0 -9999
2023 04 26 16    83   -28 10258    60    36     2     0 -9999
2023 04 26 17    94   -17 10255 -9999    26     4     0 -9999
2023 04 26 18    94   -22 10256    90    31     4     0 -9999
2023 04 26 19   106   -22 10251    50    36     4     0 -9999
2023 04 26 20   100   -11 10249   120    31 -9999     0 -9999
2023 04 26 21   100   -22 10240    80    36     4     0 -9999
2023 04 26 22    94   -28 10233    70    51     2     0 -9999
2023 04 26 23    89   -33 10232    90    51     2     0 -9999
2023 04 27 00    78   -33 10228   100    46     2     0 -9999
2023 04 27 01    67   -28 10227    90    46     2     0 -9999
2023 04 27 02    50   -17 10226   100    36     2     0 -9999
2023 04 27 03    50   -11 10226    90    26     2     0 -9999
2023 04 27 04    44   -11 10224   100    26     2     0 -9999
2023 04 27 05    39   -11 10223   120    15     2     0 -9999
2023 04 27 06    39    -6 10216   100    15     6     0 -9999
2023 04 27 07    33    -6 10209   130    15 -9999     0 -9999
2023 04 27 08    33   -11 10205   140    15 -9999     0 -9999
2023 04 27 09    33   -11 10204     0     0     4     0 -9999
2023 04 27 10    28     0 10204   150    31     2     0 -9999
2023 04 27 11    33    -6 10197   160    26     2     0 -9999
2023 04 27 12    39   -17 10193   150    26     2     0 -9999
2023 04 27 13    67   -17 10191   150    46     2     0 -9999
2023 04 27 14   100   -17 10187   160    46     2     0 -9999
2023 04 27 15   122   -17 10178   160    57     2     0 -9999
2023 04 27 16   139   -11 10170   180    57     2     0 -9999
2023 04 27 17   156    -6 10163   200    46     2     0 -9999
2023 04 27 18   167   -22 10157   210    41     2     0 -9999
2023 04 27 19   178    -6 10148   140    31     2     0 -9999
2023 04 27 20   183   -17 10136   180    46     2     0 -9999
2023 04 27 21   189   -11 10124   130    31     2     0 -9999
2023 04 27 22   189   -11 10115   110    51     4     0 -9999
2023 04 27 23   172   -17 10113    90    62 -9999     0 -9999
2023 04 28 00   161   -22 10112    90    57     6     0 -9999
2023 04 28 01   144   -17 10114    90    41 -9999     0 -9999
2023 04 28 02   122    -6 10120   100    41 -9999     0 -9999
2023 04 28 03   111     0 10124   100    31 -9999     0 -9999
2023 04 28 04   100     6 10124    50    31 -9999     0 -9999
2023 04 28 05   106     6 10116    70    31 -9999     0 -9999
2023 04 28 06   106     6 10110    60    21     6     0 -9999
2023 04 28 07    89     6 10106   110    15 -9999     0 -9999
2023 04 28 08   100    11 10101     0     0 -9999     0 -9999
2023 04 28 09    89    11 10098   350    15 -9999     0 -9999
2023 04 28 10    78    11 10096   360    31 -9999     0 -9999
2023 04 28 11    83    22 10098    60    21 -9999     0 -9999
2023 04 28 12    89    28 10104    20    21     6     0 -9999
2023 04 28 13   100    28 10106    10    41 -9999     0 -9999
2023 04 28 14   106    28 10105    20    36 -9999     0 -9999
2023 04 28 15   117    28 10109    30    41 -9999     0 -9999
2023 04 28 16   122    28 10110    40    36 -9999     0 -9999
2023 04 28 17   150    28 10105    30    36 -9999     0 -9999
2023 04 28 18   167     0 10101    30    57     6     0 -9999
2023 04 28 19   167     6 10101    40    57 -9999     0 -9999
2023 04 28 20   161     6 10098    50    51 -9999     0 -9999
2023 04 28 21   161     0 10095    50    46 -9999     0 -9999
2023 04 28 22   167   -11 10095    30    51 -9999     0 -9999
2023 04 28 23   156   -11 10098    30    41 -9999     0 -9999
2023 04 29 00   150   -17 10097    40    31     4     0 -9999
2023 04 29 01   122   -17 10096    50    51     4     0 -9999
2023 04 29 02   106   -22 10098    50    36     2     0 -9999
2023 04 29 03    94   -17 10098   330    21     2     0 -9999
2023 04 29 04    89   -11 10096   310    15     4     0 -9999
2023 04 29 05    89   -11 10088     0     0     4     0 -9999
2023 04 29 06    83   -11 10078    40    26     2     0 -9999
2023 04 29 07    72     0 10074   250    15     4     0 -9999
2023 04 29 08    61    -6 10069     0     0     4     0 -9999
2023 04 29 09    61     0 10065     0     0 -9999     0 -9999
2023 04 29 10    67     0 10064   230    21 -9999     0 -9999
2023 04 29 11    67     0 10062   240    26 -9999     0 -9999
2023 04 29 12    78     6 10059     0     0     6     0 -9999
2023 04 29 13    94     6 10052     0     0 -9999     0 -9999
2023 04 29 14   111    11 10046   190    26 -9999     0 -9999
2023 04 29 15   133    17 10041   210    62 -9999     0 -9999
2023 04 29 16   111    39 10032   240    21 -9999     3 -9999
2023 04 29 17    89    61 10039   270    41 -9999    23 -9999
2023 04 29 18    94    78 10031   280    51     8    18    40
2023 04 29 19   100    83 10030   280    62 -9999    -1 -9999
2023 04 29 20   133    67 10024   270    46 -9999     0 -9999
2023 04 29 21   133    44 10016   300    57 -9999     0 -9999
2023 04 29 22   133    33 10013   290    88 -9999     0 -9999
2023 04 29 23   128    22 10020   260    67 -9999     0 -9999
2023 04 30 00   122    17 10022   290    57     6     0    -1
2023 04 30 01   106    28 10023   280    36 -9999    -1 -9999
2023 04 30 02    94    28 10023   300    51 -9999     0 -9999
2023 04 30 03    89    28 10023   290    51 -9999     0 -9999
2023 04 30 04    78    17 10019   280    31 -9999     0 -9999
2023 04 30 05    72    11 10011   240    26     4     0 -9999
2023 04 30 06    61    11 10000   250    36     4     0     0
2023 04 30 07    67    22  9994   270    36 -9999     0 -9999
2023 04 30 08    67    17  9988   270    36 -9999     0 -9999
2023 04 30 09    61    17  9985   260    41 -9999     0 -9999
2023 04 30 10    61    22  9979   240    36 -9999     0 -9999
2023 04 30 11    50    17  9974   230    31 -9999     0 -9999
2023 04 30 12    56    17  9970   240    51     6     0 -9999
2023 04 30 13    67    11  9966   260    36 -9999     0 -9999
2023 04 30 14    78     6  9962   280    62 -9999     0 -9999
2023 04 30 15    78     6  9955   270    67 -9999    -1 -9999
2023 04 30 16    72    17  9959   280    62 -9999    -1 -9999
2023 04 30 17    83    17  9957   260    51 -9999    -1 -9999
2023 04 30 18    67    11  9957   250    62     6    -1    -1
2023 04 30 19    78    17  9959   270    82 -9999    -1 -9999
2023 04 30 20    56    22  9965   280    67 -9999     3 -9999
2023 04 30 21    44    17  9970   280    57 -9999    13 -9999
2023 04 30 22    50    28  9972   290    51 -9999    15 -9999
2023 04 30 23    56    22  9973   280    51 -9999    -1 -9999
2023 05 01 00    61    22  9972   290    72     8    -1    30
2023 05 01 01    61    22  9974   290    67 -9999    -1 -9999
2023 05 01 02    56    22  9975   290    46 -9999     0 -9999
2023 05 01 03    56    17  9976   300    57 -9999     0 -9999
2023 05 01 04    56    17  9974   300    51 -9999     0 -9999
2023 05 01 05    61    17  9972   290    72 -9999     0 -9999
2023 05 01 06    56    17  9969   310    62     8     0    -1
2023 05 01 07    56    11  9965   290    82 -9999     0 -9999
2023 05 01 08    50    11  9961   300    88 -9999    -1 -9999
2023 05 01 09    50    17  9958   300    67 -9999    -1 -9999
2023 05 01 10    44    11  9955   300    67 -9999    -1 -9999
2023 05 01 11    50     6  9953   290    57 -9999    -1 -9999
2023 05 01 12    50    11  9953   290    72     8    -1    -1
2023 05 01 13    56    17  9952   290    88 -9999    -1 -9999
2023 05 01 14    56    17  9951   310    88 -9999    -1 -9999
2023 05 01 15    56    17  9953   310    82 -9999    -1 -9999
2023 05 01 16    50    17  9960   310   118 -9999     3 -9999
2023 05 01 17    50    17  9966   300   108 -9999     3 -9999
2023 05 01 18    50    17  9969   300    88     8     8    10
2023 05 01 19    56    28  9974   300    72 -9999    -1 -9999
2023 05 01 20    67    33  9977   300    88 -9999     3 -9999
2023 05 01 21    72    39  9977   280    62 -9999     3 -9999
2023 05 01 22    78    44  9981   300    77 -9999     3 -9999
2023 05 01 23    83    44  9983   300    72 -9999    -1 -9999
2023 05 02 00    94    33  9984   300    51     6     0     8
2023 05 02 01   100    22  9989   310   103 -9999     0 -9999
2023 05 02 02    94    11  9993   300    62 -9999     0 -9999
2023 05 02 03    89    11  9996   300    62 -9999     0 -9999
2023 05 02 04    89    11  9996   300    67 -9999     0 -9999
2023 05 02 05    83     6  9997   310    62 -9999     0 -9999
2023 05 02 06    78     6 -9999   310    67     6     0 -9999
2023 05 02 07    72     6  9998   310    57 -9999     0 -9999
2023 05 02 08    67     0  9996   320    82 -9999     0 -9999
2023 05 02 09    61    -6 10002   320    82 -9999     0 -9999
2023 05 02 10    56    -6 10007   310    57 -9999     0 -9999
2023 05 02 11    61     0 10010   310    62 -9999     0 -9999
2023 05 02 12    67     0 10014   310    62     6     0 -9999
2023 05 02 13    72     0 10016   310    72 -9999     0 -9999
2023 05 02 14    83    -6 10014   300    72 -9999     0 -9999
2023 05 02 15    94    -6 10013   300    93 -9999     0 -9999
2023 05 02 16   111     0 10013   280    72 -9999     0 -9999
2023 05 02 17   111     0 10013   290    82 -9999     0 -9999
2023 05 02 18   122     0 10013   310    72     8     0 -9999
2023 05 02 19   122     0 10016   310    93 -9999     0 -9999
2023 05 02 20   117     0 10023   330    57 -9999     0 -9999
2023 05 02 21   117    -6 10027   330    67 -9999     0 -9999
2023 05 02 22   117    -6 10034   310    72 -9999     0 -9999
2023 05 02 23   117    -6 10042   330    82 -9999     0 -9999
2023 05 03 00   111     6 10051   350    62     6     0 -9999
2023 05 03 01   100     0 10063   360    98 -9999     0 -9999
2023 05 03 02    94    -6 10074   340    67 -9999     0 -9999
2023 05 03 03    83   -17 10081   340    77 -9999     0 -9999
2023 05 03 04    78   -17 10085   330    62 -9999     0 -9999
2023 05 03 05    72   -17 10091   340    62 -9999     0 -9999
2023 05 03 06    61   -11 10093   340    57     6     0 -9999
2023 05 03 07    67    -6 10096   340    62 -9999     0 -9999
2023 05 03 08    56    -6 10098   330    46 -9999     0 -9999
2023 05 03 09    44    -6 10107   350    51     4     0 -9999
2023 05 03 10    33    -6 10112   340    31     4     0 -9999
2023 05 03 11    33    -6 10118   320    26 -9999     0 -9999
2023 05 03 12    39     0 10128   310    31     6     0 -9999
2023 05 03 13    56     6 10133   340    41 -9999     0 -9999
2023 05 03 14    67     6 10136   340    46     4     0 -9999
2023 05 03 15    83    11 10139   340    46     2     0 -9999
2023 05 03 16   100    17 10140   310    26     2     0 -9999
2023 05 03 17   117    17 10138   340    21     2     0 -9999
2023 05 03 18   128    11 10134   280    36     4     0 -9999
2023 05 03 19   144    11 10129    10    57     4     0 -9999
2023 05 03 20   150    33 10127    60    36     2     0 -9999
2023 05 03 21   144    39 10127    80    51     4     0 -9999
2023 05 03 22   133    33 10129    70    57     4     0 -9999
2023 05 03 23   128    28 10131    90    26     4     0 -9999
2023 05 04 00   111    28 10135    90    31     4     0 -9999
2023 05 04 01    94    22 10138    90    31 -9999     0 -9999
2023 05 04 02    94    22 10141    90    26 -9999     0 -9999
2023 05 04 03    89    22 10144    90    26 -9999     0 -9999
2023 05 04 04    89    22 10142   130    21 -9999     0 -9999
2023 05 04 05    83    22 10141   190    21 -9999     0 -9999
2023 05 04 06    83    22 10143   180    21     6     0 -9999
2023 05 04 07    72    22 10143   230    15     4     0 -9999
2023 05 04 08    72    22 10143   220    15     4     0 -9999
2023 05 04 09    61    22 10143   220    21     2     0 -9999
2023 05 04 10    61    17 10143     0     0     2     0 -9999
2023 05 04 11    61    17 10149   210    15     2     0 -9999
2023 05 04 12    72    22 10157     0     0     4     0 -9999
2023 05 04 13   100    22 10157   200    21 -9999     0 -9999
2023 05 04 14   128    11 10160   220    41     4     0 -9999
2023 05 04 15   150    11 10158   200    41     2     0 -9999
2023 05 04 16   167    22 10160   190    36     2     0 -9999
2023 05 04 17   183    11 10158   200    26     2     0 -9999
2023 05 04 18   189    11 10154   250    31     2     0 -9999
2023 05 04 19   206    22 10151   190    31     2     0 -9999
2023 05 04 20   211    17 10147   200    67     2     0 -9999
2023 05 04 21   217    17 10141   230    31     2     0 -9999
2023 05 04 22   217    17 10137   140    26     2     0 -9999
2023 05 04 23   217    11 10135   180    36     2     0 -9999
2023 05 05 00   189    28 10135   130    67     2     0 -9999
2023 05 05 01   161    22 10139   130    57     2     0 -9999
2023 05 05 02   150    28 10141   140    41     4     0 -9999
2023 05 05 03   156    33 10140   150    46     4     0 -9999
2023 05 05 04   161    22 10139   160    46     2     0 -9999
2023 05 05 05   161    28 10139   170    51     2     0 -9999
2023 05 05 06   156    28 10142   170    46     2     0 -9999
2023 05 05 07   150    33 10144   170    46     2     0 -9999
2023 05 05 08   144    33 10148   180    46     2     0 -9999
2023 05 05 09   139    33 10152   180    51     2     0 -9999
2023 05 05 10   133    33 10154   170    46     2     0 -9999
2023 05 05 11   133    33 10158   180    46     4     0 -9999
2023 05 05 12   139    39 10172   180    36     4     0 -9999
2023 05 05 13   150    44 10175   180    41     2     0 -9999
2023 05 05 14   178    39 10174   190    57     2     0 -9999
2023 05 05 15   200    39 10171   190    67     4     0 -9999
2023 05 05 16   211    39 10168   180    82 -9999     0 -9999
2023 05 05 17   228    44 10166   170    67 -9999     0 -9999
2023 05 05 18   239    33 10161   210    77     6     0 -9999
2023 05 05 19   244    33 10157   160    67 -9999     0 -9999
2023 05 05 20   244    28 10156   160    72 -9999     0 -9999
2023 05 05 21   250    28 10153   170    72 -9999     0 -9999
2023 05 05 22   250    22 10150   170    51 -9999     0 -9999
2023 05 05 23   244    22 10148   170    62 -9999     0 -9999
2023 05 06 00   239    28 10148   150    72     8     0 -9999
2023 05 06 01   228    33 10151   140    57 -9999     0 -9999
2023 05 06 02   217    44 10159   140    57 -9999     0 -9999
2023 05 06 03   211    44 10162   140    51 -9999     0 -9999
2023 05 06 04   206    44 10163   140    62 -9999     0 -9999
2023 05 06 05   200    44 10167   150    51 -9999     0 -9999
2023 05 06 06   194    50 10173   150    46     8     0 -9999
2023 05 06 07   189    50 10176   140    41 -9999     0 -9999
2023 05 06 08   178    56 10177   140    41 -9999     0 -9999
2023 05 06 09   178    56 10181   150    51 -9999     0 -9999
2023 05 06 10   161    78 10180   130    36 -9999    -1 -9999
2023 05 06 11   150    83 10181   130    31 -9999    -1 -9999
2023 05 06 12   150    83 10184   130    36     8    -1    -1
2023 05 06 13   156    89 10181   130    51 -9999    -1 -9999
2023 05 06 14   161    89 10181   140    46 -9999     0 -9999
2023 05 06 15   172    89 10181   140    57 -9999    -1 -9999
2023 05 06 16   167   106 10180   150    36 -9999     3 -9999
2023 05 06 17   172   117 10179   160    57 -9999    -1 -9999
2023 05 06 18   178   122 10173   170    57     8    -1     3
2023 05 06 19   206   128 10165   160    72 -9999     0 -9999
2023 05 06 20   228   128 10154   140    57 -9999     0 -9999
2023 05 06 21   244   128 10136   140    77 -9999     0 -9999
2023 05 06 22   244   128 10133   150    82 -9999     0 -9999
2023 05 06 23   250   128 10126   150    62 -9999     0 -9999
2023 05 07 00   250   128 10123   160    57     6     0 -9999
2023 05 07 01   239   139 10125   170    72 -9999     0 -9999
2023 05 07 02   233   144 10130   170    57 -9999     0 -9999
2023 05 07 03   228   144 10128   180    51 -9999     0 -9999
2023 05 07 04   217   150 10125   170    51 -9999     0 -9999
2023 05 07 05   211   150 10124   160    46 -9999     0 -9999
2023 05 07 06   211   150 10111   170    41     6     0 -9999
2023 05 07 07   206   150 10093   170    46 -9999     0 -9999
2023 05 07 08   200   156 10087   170    62 -9999     0 -9999
2023 05 07 09   200   156 10091   190    41 -9999     0 -9999
2023 05 07 10   194   156 10096   200    36 -9999     0 -9999
2023 05 07 11   194   156 10097   220    36 -9999     0 -9999
2023 05 07 12   189   150 10101   250    21     6     0 -9999
2023 05 07 13   211   156 10104   270    51 -9999     0 -9999
2023 05 07 14   239   156 10109   270    46 -9999     0 -9999
2023 05 07 15   244   167 10113   280    36 -9999     0 -9999
2023 05 07 16   261   172 10116   260    46     4     0 -9999
2023 05 07 17   272   167 10112   310    41     2     0 -9999
2023 05 07 18   289   139 10107   280    31     4     0 -9999
2023 05 07 19   300    89 10105    30    36     4     0 -9999
2023 05 07 20   267   167 10109    70    67     4     0 -9999
2023 05 07 21   250   161 10105    70    67     4     0 -9999
2023 05 07 22   233   150 10111    70    51     4     0 -9999
2023 05 07 23   217   144 10111   100    57     4     0 -9999
2023 05 08 00   194   133 10119    20    57     6     0 -9999
2023 05 08 01   161   117 10119    60    77 -9999     0 -9999
2023 05 08 02   144   106 10136    40    46 -9999     0 -9999
2023 05 08 03   150   117 10164   270    26 -9999     5 -9999
2023 05 08 04   161   133 10124   170    77 -9999     5 -9999
2023 05 08 05   178   133 10101   100    46 -9999     0 -9999
2023 05 08 06   156   133 10110    30    46     8     0    10
2023 05 08 07   128   106 10117    30    36 -9999     0 -9999
2023 05 08 08   117    94 10127    20    51 -9999     0 -9999
2023 05 08 09   111    89 10125    40    36 -9999     0 -9999
2023 05 08 10   111    89 10128   360    36 -9999     0 -9999
2023 05 08 11   106    83 10141    60    31 -9999     0 -9999
2023 05 08 12   106    83 10138    20    26     8     0 -9999
2023 05 08 13   106    83 10135    50    21 -9999     0 -9999
2023 05 08 14   117    83 10134    60    21 -9999     0 -9999
2023 05 08 15   117    94 10139    20    46 -9999     3 -9999
2023 05 08 16   117    94 10131    50    57 -9999    15 -9999
2023 05 08 17   117   100 10140    20    31 -9999     3 -9999
2023 05 08 18   117   100 10142    20    46     8    15    30
2023 05 08 19   128   106 10143    30    46 -9999     5 -9999
2023 05 08 20   128   111 10141    30    62 -9999    -1 -9999
2023 05 08 21   122   106 10143    30    67 -9999     0 -9999
2023 05 08 22   117    94 10150    20    82 -9999     0 -9999
2023 05 08 23   117    94 10158    30    62 -9999    -1 -9999
2023 05 09 00   111    89 10161    30    51     8     0     8
2023 05 09 01   117    94 10164    40    21 -9999     0 -9999
2023 05 09 02   106    89 -9999    50    15 -9999     0 -9999
2023 05 09 03   111    89 10163    20    82 -9999     0 -9999
2023 05 09 04   111    89 10170    30    41 -9999     0 -9999
2023 05 09 05   106    83 10175    30    46 -9999     0 -9999
2023 05 09 06   111    78 10179    20    51     6     0 -9999
2023 05 09 07   106    78 10180    20    41     4     0 -9999
2023 05 09 08    94    72 10185   340    26     0     0 -9999
2023 05 09 09    94    72 10184   340    21     2     0 -9999
2023 05 09 10    89    72 -9999   350    36 -9999     0 -9999
2023 05 09 11    89    67 10196   330    26 -9999     0 -9999
2023 05 09 12    94    78 10201   360    36     6     0 -9999
2023 05 09 13   122   106 10211    20    15     2     0 -9999
2023 05 09 14   144    94 10215   350    31     0     0 -9999
2023 05 09 15   167    83 10215    40    41     2     0 -9999
2023 05 09 16   172    83 10220    20    31     2     0 -9999
2023 05 09 17   189    83 10220   360    26     4     0 -9999
2023 05 09 18   200    72 10214    40    36     4     0 -9999
2023 05 09 19   206    67 10214 -9999    31     4     0 -9999
2023 05 09 20   206    56 10213    30    41 -9999     0 -9999
2023 05 09 21   206    56 10207    80    36 -9999     0 -9999
2023 05 09 22   206    50 10205    60    31 -9999     0 -9999
2023 05 09 23   200    44 10204    70    31 -9999     0 -9999
2023 05 10 00   189    50 10204    90    31     6     0 -9999
2023 05 10 01   172    56 10206    80    26 -9999     0 -9999
2023 05 10 02   156    50 10212   100    21 -9999     0 -9999
2023 05 10 03   150    50 10211   100    15 -9999     0 -9999
2023 05 10 04   133    44 10211   120    26 -9999     0 -9999
2023 05 10 05   139    33 10213     0     0 -9999     0 -9999
2023 05 10 06   133    39 10217    90    15     6     0 -9999
2023 05 10 07   111    39 10221    90    15 -9999     0 -9999
2023 05 10 08   106    50 10217   360    15 -9999     0 -9999
2023 05 10 09   106    50 10215    20    21 -9999     0 -9999
2023 05 10 10    94    50 10213    20    15 -9999     0 -9999
2023 05 10 11   100    56 10220     0     0 -9999     0 -9999
2023 05 10 12   117    67 10226     0     0     6     0 -9999
2023 05 10 13   156    61 10226   110    21     4     0 -9999
2023 05 10 14   178    61 10228   160    21     4     0 -9999
2023 05 10 15   206    61 10226 -9999    21     2     0 -9999
2023 05 10 16   222    50 10225   210    31     2     0 -9999
2023 05 10 17   233    61 10218 -9999    31     2     0 -9999
2023 05 10 18   244    61 10211   190    36     2     0 -9999
2023 05 10 19   256    56 10206   110    21     2     0 -9999
2023 05 10 20   256    50 10201   170    26     2     0 -9999
2023 05 10 21   267    50 10196 -9999    21     2     0 -9999
2023 05 10 22   267    50 10190    90    46     2     0 -9999
2023 05 10 23   250    56 10188    70    51     2     0 -9999
2023 05 11 00   228    50 10184    80    46     4     0 -9999
2023 05 11 01   206    44 10184    80    41 -9999     0 -9999
2023 05 11 02   183    50 10189    90    36 -9999     0 -9999
2023 05 11 03   167    56 10195   130    26     4     0 -9999
2023 05 11 04   156    50 10194   130    26     4     0 -9999
2023 05 11 05   161    50 10193     0     0     4     0 -9999
2023 05 11 06   144    56 10190     0     0     4     0 -9999
2023 05 11 07   139    61 10187     0     0     4     0 -9999
2023 05 11 08   139    61 10187     0     0     4     0 -9999
2023 05 11 09   133    61 10187     0     0     4     0 -9999
2023 05 11 10   128    67 10184   110    15     4     0 -9999
2023 05 11 11   139    67 10188   130    21     4     0 -9999
2023 05 11 12   156    78 10193   140    15     4     0 -9999
2023 05 11 13   189    72 10194   150    31     4     0 -9999
2023 05 11 14   217    72 10194   150    26 -9999     0 -9999
2023 05 11 15   239    67 10192   160    31     4     0 -9999
2023 05 11 16   256    61 10190   150    51     4     0 -9999
2023 05 11 17   261    44 10185   180    36     4     0 -9999
2023 05 11 18   272    44 10179   150    41     4     0 -9999
2023 05 11 19   278    33 10173   160    36 -9999     0 -9999
2023 05 11 20   289    33 10166   170    36 -9999     0 -9999
2023 05 11 21   289    44 10159   130    46 -9999     0 -9999
2023 05 11 22   278    44 10157   100    57 -9999     0 -9999
2023 05 11 23   267    44 10156    90    57 -9999     0 -9999
2023 05 12 00   250    44 10156    90    41     6     0 -9999
2023 05 12 01   222    50 10159   100    36 -9999     0 -9999
2023 05 12 02   206    56 10163   100    41 -9999     0 -9999
2023 05 12 03   200    56 10162   100    26 -9999     0 -9999
2023 05 12 04   200    56 10159    90    21 -9999     0 -9999
2023 05 12 05   200    61 10157     0     0 -9999     0 -9999
2023 05 12 06   194    67 10156     0     0     8     0 -9999
2023 05 12 07   189    83 10154    20    15 -9999     0 -9999
2023 05 12 08   189    89 10152     0     0 -9999     0 -9999
2023 05 12 09   200    83 10152     0     0 -9999     0 -9999
2023 05 12 10   206    83 10154    90    15 -9999     0 -9999
2023 05 12 11   200    89 10158   120    15 -9999     0 -9999
2023 05 12 12   206    89 10161    90    21     8     0 -9999
2023 05 12 13   211   106 10164     0     0 -9999     0 -9999
2023 05 12 14   211   117 10167   100    15 -9999    -1 -9999
2023 05 12 15   200   161 10168    90    21 -9999     5 -9999
2023 05 12 16   217   161 10165    90    21 -9999    -1 -9999
2023 05 12 17   244   183 10163   100    41 -9999     0 -9999
2023 05 12 18   250   167 10159   140    57     8     0     5
2023 05 12 19   233   167 10157   100    46 -9999     5 -9999
2023 05 12 20   239   172 10156    80    41 -9999     0 -9999
2023 05 12 21   228   167 10156    80    46 -9999     0 -9999
2023 05 12 22   222   167 10156    90    41 -9999    -1 -9999
2023 05 12 23   206   150 10158    40    41 -9999    -1 -9999
2023 05 13 00   189   150 10161    30    46     8    -1     5
2023 05 13 01   183   150 10164    20    31 -9999    -1 -9999
2023 05 13 02   172   150 10164    20    57 -9999     3 -9999
2023 05 13 03   156   117 10162    20    36 -9999    -1 -9999
2023 05 13 04   156   106 10168    10    31 -9999     0 -9999
2023 05 13 05   150   106 10166   360    36 -9999     5 -9999
2023 05 13 06   139   106 10170   350    41     8     3    10
2023 05 13 07   139   111 10163    20    41 -9999    -1 -9999
2023 05 13 08   139   111 10169    20    26 -9999     0 -9999
2023 05 13 09   139   100 10172    20    41 -9999     0 -9999
2023 05 13 10   139   100 10176    20    36 -9999     0 -9999
2023 05 13 11   139   100 10187    20    26 -9999     0 -9999
2023 05 13 12   139   100 10187    20    41     8     0    -1
2023 05 13 13   150   106 10192    10    31 -9999     0 -9999
2023 05 13 14   156   111 10196    20    41 -9999     0 -9999
2023 05 13 15   156   117 10201    30    46 -9999    -1 -9999
2023 05 13 16   172   128 10206    60    51 -9999     0 -9999
2023 05 13 17   172   128 10211    60    41 -9999     0 -9999
2023 05 13 18   178   128 10207    60    51     8     0     0
2023 05 13 19   183   122 10207    50    51 -9999     0 -9999
2023 05 13 20   183   117 10208    20    46 -9999     0 -9999
2023 05 13 21   200   106 10206    50    67 -9999     0 -9999
2023 05 13 22   194   100 10209    50    62 -9999     0 -9999
2023 05 13 23   189   106 10209    50    51 -9999     0 -9999
2023 05 14 00   172   100 10214    40    57     6     0 -9999
2023 05 14 01   156    94 10221    50    62 -9999     0 -9999
2023 05 14 02   139    83 10227    30    51 -9999     0 -9999
2023 05 14 03   139    83 10231    30    41 -9999     0 -9999
2023 05 14 04   144    83 10235    20    36 -9999     0 -9999
2023 05 14 05   150    78 10234    40    41 -9999     0 -9999
2023 05 14 06   150    78 10237    40    46     8     0 -9999
2023 05 14 07   144    78 10239    20    41 -9999     0 -9999
2023 05 14 08   139    78 10242    20    41 -9999     0 -9999
2023 05 14 09   144    78 10239    20    36 -9999     0 -9999
2023 05 14 10   144    78 10240    30    31 -9999     0 -9999
2023 05 14 11   150    78 10242    70    26 -9999     0 -9999
2023 05 14 12   167    72 10244    70    51     8     0 -9999
2023 05 14 13   167    61 10255    80    31 -9999     0 -9999
2023 05 14 14   167    56 10263    60    46 -9999     0 -9999
2023 05 14 15   167    39 10264    70    57 -9999     0 -9999
2023 05 14 16   167    39 10271    40    46 -9999     0 -9999
2023 05 14 17   167    50 10275    40    51 -9999    -1 -9999
2023 05 14 18   156    50 10268    50    51     8     0     0
2023 05 14 19   156    44 10276    20    72 -9999     0 -9999
2023 05 14 20   150    56 10272    50    57 -9999    -1 -9999
2023 05 14 21   133    67 10278    30    77 -9999    -1 -9999
2023 05 14 22   128    72 10279    20    67 -9999     3 -9999
2023 05 14 23   122    72 10282    20    57 -9999     3 -9999
2023 05 15 00   122    61 10280    30    57     8    -1     5
2023 05 15 01   117    56 10281    30    57 -9999    -1 -9999
2023 05 15 02   117    50 10284    20    51 -9999    -1 -9999
2023 05 15 03   117    44 10285    40    46 -9999     0 -9999
2023 05 15 04   117    39 10289    40    51 -9999     0 -9999
2023 05 15 05   122    22 10282    60    46 -9999     0 -9999
2023 05 15 06   117    28 10286    20    57     8     0    -1
2023 05 15 07   111    28 10286    30    36 -9999     0 -9999
2023 05 15 08   117     6 10283    50    26 -9999     0 -9999
2023 05 15 09   111    11 10280    30    41 -9999     0 -9999
2023 05 15 10   111     6 10279    30    36 -9999     0 -9999
2023 05 15 11   106     0 10279    30    36 -9999     0 -9999
2023 05 15 12   106     6 10282    20    36     6     0 -9999
2023 05 15 13   117    17 10283    30    36 -9999     0 -9999
2023 05 15 14   133    22 10283    10    21 -9999     0 -9999
2023 05 15 15   156    33 10279    20    31 -9999     0 -9999
2023 05 15 16   172    39 10275    10    26 -9999     0 -9999
2023 05 15 17   189    33 10269    50    31 -9999     0 -9999
2023 05 15 18   189    28 10260    20    36     6     0 -9999
2023 05 15 19   194    22 10252    40    46 -9999     0 -9999
2023 05 15 20   189    -6 10245    50    36 -9999     0 -9999
2023 05 15 21   194   -22 10237    70    26 -9999     0 -9999
2023 05 15 22   194   -39 10228    10    36 -9999     0 -9999
2023 05 15 23   194   -39 10219    20    31 -9999     0 -9999
2023 05 16 00   178   -39 10214    30    21     8     0 -9999
2023 05 16 01   172   -39 10209    10    21 -9999     0 -9999
2023 05 16 02   156   -22 10204   100    21 -9999     0 -9999
2023 05 16 03   144   -17 10203   130    21 -9999     0 -9999
2023 05 16 04   133     0 10194     0     0 -9999     0 -9999
2023 05 16 05   122    11 10186   240    15 -9999     0 -9999
2023 05 16 06   111    17 10181   230    15     8     0 -9999
2023 05 16 07   117    17 10174   220    15 -9999     0 -9999
2023 05 16 08   117    22 10165   230    15 -9999     0 -9999
2023 05 16 09   117    28 10158   250    21     0     0 -9999
2023 05 16 10   122    28 10153   260    36 -9999     0 -9999
2023 05 16 11   122    28 10147   260    36 -9999     0 -9999
2023 05 16 12   139    33 10143   270    21     6     0 -9999
2023 05 16 13   156    39 10136   250    21 -9999     0 -9999
2023 05 16 14   172    56 10130   270    26 -9999     0 -9999
2023 05 16 15   206    61 10126   290    26 -9999     0 -9999
2023 05 16 16   228    67 10119   290    41 -9999     0 -9999
2023 05 16 17   233    50 10112   260    26     4     0 -9999
2023 05 16 18   250    39 10101   260    36     2     0 -9999
2023 05 16 19   261    44 10095   280    41     2     0 -9999
2023 05 16 20   267    44 10091   300    51 -9999     0 -9999
2023 05 16 21   272    44 10084   300    57 -9999     0 -9999
2023 05 16 22   272    44 10080   310    62 -9999     0 -9999
2023 05 16 23   189    61 10091    30   118 -9999     0 -9999
2023 05 17 00   150    56 10098    30    67     8     0 -9999
2023 05 17 01   139    61 10103    20    72 -9999     0 -9999
2023 05 17 02   128    61 10109    30    67 -9999     0 -9999
2023 05 17 03   117    50 10119    20    77 -9999     0 -9999
2023 05 17 04   111    33 10124    20    72 -9999     0 -9999
2023 05 17 05   111    22 10128    20    72 -9999     0 -9999
2023 05 17 06   106    17 10131    30    62     4     0 -9999
2023 05 17 07    94    22 10133    20    88     2     0 -9999
2023 05 17 08    89    22 10134    20    77     2     0 -9999
2023 05 17 09    83    22 10139    20    67     2     0 -9999
2023 05 17 10    78    22 10143    20    67     0     0 -9999
2023 05 17 11    78    22 10150    20    67     2     0 -9999
2023 05 17 12    83    33 10156    30    67     2     0 -9999
2023 05 17 13    94    39 10164    30    67     2     0 -9999
2023 05 17 14   111    44 10167    50    51     2     0 -9999
2023 05 17 15   122    44 10169    40    46     2     0 -9999
2023 05 17 16   139    50 10175    60    51     2     0 -9999
2023 05 17 17   144    50 10174    50    51     2     0 -9999
2023 05 17 18   161    44 10172    70    46     2     0 -9999
2023 05 17 19   156    33 10170    70    36     4     0 -9999
2023 05 17 20   156    33 10171    40    57 -9999     0 -9999
2023 05 17 21   156    33 10168    40    62 -9999     0 -9999
2023 05 17 22   150    33 10168    60    62 -9999     0 -9999
2023 05 17 23   139    33 10165    50    51 -9999     0 -9999
2023 05 18 00   130    30 10166    30    51     6     0 -9999
2023 05 18 01   106    28 10170    30    57 -9999     0 -9999
2023 05 18 02    89    28 10175    50    41 -9999     0 -9999
2023 05 18 03    83    17 10180    50    51 -9999     0 -9999
2023 05 18 04    78    17 10180    60    31     4     0 -9999
2023 05 18 05    78    22 10180    40    36     4     0 -9999
2023 05 18 06    72    22 10177    20    26     2     0 -9999
2023 05 18 07    72    17 10176   360    15     2     0 -9999
2023 05 18 08    72    17 10178    40    21     2     0 -9999
2023 05 18 09    83    28 10176    70    15     2     0 -9999
2023 05 18 10    78    28 10176   130    26     2     0 -9999
2023 05 18 11    94    17 10180   160    31     4     0 -9999
2023 05 18 12   100     0 10187   150    41     6     0 -9999
2023 05 18 13   117   -28 10188   150    46 -9999     0 -9999
2023 05 18 14   133   -22 10188   150    62 -9999     0 -9999
2023 05 18 15   156   -11 10187   150    51 -9999     0 -9999
2023 05 18 16   178     0 10187   130    46 -9999     0 -9999
2023 05 18 17   189     0 10183   150    46 -9999     0 -9999
2023 05 18 18   206     0 10178   160    41     6     0 -9999
2023 05 18 19   217     0 10170   180    31 -9999     0 -9999
2023 05 18 20   228    11 10162   170    26 -9999     0 -9999
2023 05 18 21   233    22 10155   160    36 -9999     0 -9999
2023 05 18 22   239    22 10150   150    36 -9999     0 -9999
2023 05 18 23   228    11 10146   100    51 -9999     0 -9999
2023 05 19 00   220    10 10141   110    51     6     0 -9999
2023 05 19 01   200     0 10138   110    41 -9999     0 -9999
2023 05 19 02   183     6 10138   130    31 -9999     0 -9999
2023 05 19 03   172    22 10138   160    31 -9999     0 -9999
2023 05 19 04   189    11 10136   180    41     4     0 -9999
2023 05 19 05   189    11 10134   180    36     4     0 -9999
2023 05 19 06   200    22 10129   180    51     6     0 -9999
2023 05 19 07   200    50 10124   190    57 -9999     0 -9999
2023 05 19 08   194    83 10120   200    57 -9999     0 -9999
2023 05 19 09   194   100 10119   200    46 -9999     0 -9999
2023 05 19 10   194   117 10118   210    46 -9999     0 -9999
2023 05 19 11   189   117 10127   240    41 -9999     0 -9999
2023 05 19 12   189   128 10130   230    36     8     0 -9999
2023 05 19 13   183   133 10129   210    26 -9999    -1 -9999
2023 05 19 14   172   144 10132   190    41 -9999     8 -9999
2023 05 19 15   183   156 10133   220    36 -9999    -1 -9999
2023 05 19 16   200   156 10134   230    41 -9999     0 -9999
2023 05 19 17   211   150 10133   260    36 -9999     0 -9999
2023 05 19 18   222   128 10133   300    46     8     0     8
2023 05 19 19   233   106 10132   260    41 -9999     0 -9999
2023 05 19 20   233    94 10132 -9999    31 -9999     0 -9999
2023 05 19 21   228    83 10135   270    51 -9999     0 -9999
2023 05 19 22   222    83 10141   310    36 -9999     0 -9999
2023 05 19 23   189    94 10150    40    46 -9999     0 -9999
2023 05 20 00   189    67 10154   330    77     6     0 -9999
2023 05 20 01   172    50 10162   330    62 -9999     0 -9999
2023 05 20 02   161    50 10172   330    67 -9999     0 -9999
2023 05 20 03   150    44 10177   330    57 -9999     0 -9999
2023 05 20 04   139    39 10182   320    46 -9999     0 -9999
2023 05 20 05   128    44 10184   320    41     4     0 -9999
2023 05 20 06   122    44 10182   330    41     2     0 -9999
2023 05 20 07   117    44 10181   320    36     0     0 -9999
2023 05 20 08   111    44 10184   320    36     0     0 -9999
2023 05 20 09   100    50 10189   340    36     0     0 -9999
2023 05 20 10    89    44 10194   360    46     0     0 -9999
2023 05 20 11    89    50 10202   350    41     2     0 -9999
2023 05 20 12   100    56 10208   320    36     2     0 -9999
2023 05 20 13   122    61 10211   350    51     2     0 -9999
2023 05 20 14   133    61 10211   340    46     2     0 -9999
2023 05 20 15   150    61 10212   350    62     4     0 -9999
2023 05 20 16   161    61 10212   360    57     4     0 -9999
2023 05 20 17   178    67 10211   360    51 -9999     0 -9999
2023 05 20 18   189    61 10210   350    46     2     0 -9999
2023 05 20 19   189    67 10208     0     0     2     0 -9999
2023 05 20 20   206    67 10208   100    36     2     0 -9999
2023 05 20 21   206    39 10203 -9999    15     2     0 -9999
2023 05 20 22   222    33 10200   360    26     0     0 -9999
2023 05 20 23   228    28 10197 -9999    26     2     0 -9999
2023 05 21 00   206    50 10197   100    41     2     0 -9999
2023 05 21 01   194    44 10196   140    41     2     0 -9999
2023 05 21 02   178    39 10199   150    36     2     0 -9999
2023 05 21 03   172    44 10205   190    31     0     0 -9999
2023 05 21 04   161    39 10207   200    26     0     0 -9999
2023 05 21 05   156    44 10207   200    26     0     0 -9999
2023 05 21 06   150    56 10210   220    31     0     0 -9999
2023 05 21 07   144    56 10207   230    31     0     0 -9999
2023 05 21 08   144    56 10205   250    31     0     0 -9999
2023 05 21 09   133    56 10205   250    36     0     0 -9999
2023 05 21 10   122    56 10206   240    41     0     0 -9999
2023 05 21 11   122    56 10209   230    46     2     0 -9999
2023 05 21 12   133    61 10214   250    15     2     0 -9999
2023 05 21 13   161    67 10215   270    15     2     0 -9999
2023 05 21 14   194    61 10216   280    36     2     0 -9999
2023 05 21 15   222    56 10214   270    36     2     0 -9999
2023 05 21 16   239    44 10212   350    31     2     0 -9999
2023 05 21 17   244    44 10208 -9999    26     2     0 -9999
2023 05 21 18   256    39 10202   270    46     2     0 -9999
2023 05 21 19   256    28 10197 -9999    21     2     0 -9999
2023 05 21 20   267    33 10192 -9999    26     4     0 -9999
2023 05 21 21   261    22 10187   240    15     2     0 -9999
2023 05 21 22   261    44 10183    70    51     2     0 -9999
2023 05 21 23   250    44 10182    90    46     2     0 -9999
2023 05 22 00   233    44 10184   100    46     4     0 -9999
2023 05 22 01   217    44 10186   100    36     2     0 -9999
2023 05 22 02   200    44 10190    90    31     2     0 -9999
2023 05 22 03   194    44 10195    90    21     2     0 -9999
2023 05 22 04   183    50 10194     0     0     2     0 -9999
2023 05 22 05   172    56 10195     0     0     2     0 -9999
2023 05 22 06   161    61 10196     0     0     2     0 -9999
2023 05 22 07   150    61 10193     0     0     2     0 -9999
2023 05 22 08   144    67 10193     0     0     2     0 -9999
2023 05 22 09   139    67 10193     0     0     2     0 -9999
2023 05 22 10   139    67 10195     0     0     2     0 -9999
2023 05 22 11   133    67 10199     0     0     2     0 -9999
2023 05 22 12   161    78 10203     0     0     2     0 -9999
2023 05 22 13   194    67 10207     0     0     4     0 -9999
2023 05 22 14   217    67 10207   170    15     2     0 -9999
2023 05 22 15   244    56 10206   150    21     4     0 -9999
2023 05 22 16   261    50 10204 -9999    31     2     0 -9999
2023 05 22 17   261    44 10201   170    21     4     0 -9999
2023 05 22 18   272    44 10194   200    21     4     0 -9999
2023 05 22 19   283    50 10188   120    62     4     0 -9999
2023 05 22 20   278    44 10185   100    57 -9999     0 -9999
2023 05 22 21   267    33 10184    80    72 -9999     0 -9999
2023 05 22 22   261    33 10184    80    67 -9999     0 -9999
2023 05 22 23   256    28 10184    80    67 -9999     0 -9999
2023 05 23 00   244    33 10185    80    46     6     0 -9999
2023 05 23 01   222    39 10185   110    46 -9999     0 -9999
2023 05 23 02   217    39 10186   100    41 -9999     0 -9999
2023 05 23 03   206    39 10189   100    26     4     0 -9999
2023 05 23 04   189    44 10189   110    21     2     0 -9999
2023 05 23 05   172    50 10191   130    26     2     0 -9999
2023 05 23 06   172    56 10190   100    26     0     0 -9999
2023 05 23 07   167    61 10188     0     0     0     0 -9999
2023 05 23 08   156    67 10189     0     0     0     0 -9999
2023 05 23 09   150    67 10191     0     0     0     0 -9999
2023 05 23 10   161    67 10193     0     0     0     0 -9999
2023 05 23 11   150    72 10196   180    15     2     0 -9999
2023 05 23 12   167    83 10199   150    31     0     0 -9999
2023 05 23 13   194    78 10203   170    31     0     0 -9999
2023 05 23 14   211    83 10203   150    15     0     0 -9999
2023 05 23 15   239    78 10204     0     0     0     0 -9999
2023 05 23 16   272    83 10202     0     0     0     0 -9999
2023 05 23 17   283    50 10197     0     0     2     0 -9999
2023 05 23 18   289    56 10191   190    21     2     0 -9999
2023 05 23 19   289    50 10186   170    26     2     0 -9999
2023 05 23 20   283    44 10181    80    36     2     0 -9999
2023 05 23 21   289    50 10179    80    72     2     0 -9999
2023 05 23 22   283    39 10178    80    57 -9999     0 -9999
2023 05 23 23   272    44 10177   100    62 -9999     0 -9999
2023 05 24 00   260    40 10178   100    46     6     0 -9999
2023 05 24 01   244    44 10178   110    36 -9999     0 -9999
2023 05 24 02   228    44 10180   100    26     4     0 -9999
2023 05 24 03   211    56 10184   130    26     2     0 -9999
2023 05 24 04   206    61 10186   100    15     2     0 -9999
2023 05 24 05   194    56 10185   100    15     0     0 -9999
2023 05 24 06   167    67 10189   350    26     0     0 -9999
2023 05 24 07   172    72 10186     0     0     0 -9999 -9999
2023 05 24 08   167    72 10186     0     0     0 -9999 -9999
2023 05 24 09   161    78 10188   320    15     2 -9999 -9999
2023 05 24 10   156    72 10189   350    26     2 -9999 -9999
2023 05 24 11   167    78 10192   330    15     2 -9999 -9999
2023 05 24 12   183    94 10198   350    15     0 -9999 -9999
2023 05 24 13   189    83 10210    20    62     2 -9999 -9999
2023 05 24 14   167    83 10223    30    67     2 -9999 -9999
2023 05 24 15   172    78 10227    30    67     0 -9999 -9999
2023 05 24 16   183    83 10230    30    67     2 -9999 -9999
2023 05 24 17   183    89 10232    40    88     4     0 -9999
2023 05 24 18   189    94 10232    40    72     2     0 -9999
2023 05 24 19   194   100 10228    50    77     4     0 -9999
2023 05 24 20   178    94 10227    40    93     4     0 -9999
2023 05 24 21   178    94 10226    40    88 -9999     0 -9999
2023 05 24 22   167    83 10225    30    98 -9999     0 -9999
2023 05 24 23   156    61 10225    20    88 -9999     0 -9999
2023 05 25 00   139    50 10224    30    88     6     0 -9999
2023 05 25 01   128    44 10224    20    72 -9999     0 -9999
2023 05 25 02   117    50 10225    30    62 -9999     0 -9999
2023 05 25 03   111    50 10230    30    62 -9999     0 -9999
2023 05 25 04   111    50 10233    30    62 -9999     0 -9999
2023 05 25 05   111    44 10236    50    62 -9999     0 -9999
2023 05 25 06   117    28 10240    60    46     6     0 -9999
2023 05 25 07   122   -56 10242    70    62 -9999     0 -9999
2023 05 25 08   111   -17 10243    70    62 -9999     0 -9999
2023 05 25 09   100     6 10245    70    62 -9999     0 -9999
2023 05 25 10    94     0 10248    70    46 -9999     0 -9999
2023 05 25 11    94    -6 10252    80    57 -9999     0 -9999
2023 05 25 12   100    -6 10260    50    62     6     0 -9999
2023 05 25 13   100     0 10265    50    51 -9999     0 -9999
2023 05 25 14   106    -6 10266    70    41 -9999     0 -9999
2023 05 25 15   117     0 10265    80    46 -9999     0 -9999
2023 05 25 16   133    11 10268    50    41 -9999     0 -9999
2023 05 25 17   150    17 10270    50    57     2     0 -9999
2023 05 25 18   150    17 10266    20    57     2     0 -9999
2023 05 25 19   150    17 10264    20    67     2     0 -9999
2023 05 25 20   156    17 10261    50    62     2     0 -9999
2023 05 25 21   156     0 10255    50    51     2     0 -9999
2023 05 25 22   161    11 10252    20    62     0     0 -9999
2023 05 25 23   150    11 10248    40    67     0     0 -9999
2023 05 26 00   128    11 10250    50    57     0     0 -9999
2023 05 26 01   111     6 10253    30    67     0     0 -9999
2023 05 26 02   100     6 10255    30    51     2     0 -9999
2023 05 26 03   100    11 10257    20    36     0     0 -9999
2023 05 26 04    94    11 10257    20    36     0     0 -9999
2023 05 26 05    83    11 10256   350    36     0     0 -9999
2023 05 26 06    83    17 10256    20    31     0     0 -9999
2023 05 26 07    94    28 10255    30    31     0     0 -9999
2023 05 26 08    89    28 10257    20    31     0     0 -9999
2023 05 26 09    94    33 10262    40    31     2     0 -9999
2023 05 26 10    94    33 10265    50    26     2     0 -9999
2023 05 26 11    89    39 10272    30    26     2     0 -9999
2023 05 26 12   100    50 10280   350    26     2     0 -9999
2023 05 26 13   128    61 10284   340    31     2     0 -9999
2023 05 26 14   161    50 10284    30    21     2     0 -9999
2023 05 26 15   183    28 10283 -9999    31     2     0 -9999
2023 05 26 16   189    11 10281   100    36     2     0 -9999
2023 05 26 17   194     6 10282    30    51     2     0 -9999
2023 05 26 18   200     0 10277    30    46     2     0 -9999
2023 05 26 19   206    -6 10274    30    51     0     0 -9999
2023 05 26 20   200   -11 10269    60    46     2     0 -9999
2023 05 26 21   206   -11 10261    50    46     2     0 -9999
2023 05 26 22   211   -17 10257    40    46     2     0 -9999
2023 05 26 23   206   -17 10253    40    41     2     0 -9999
2023 05 27 00   194   -22 10250    60    41     2     0 -9999
2023 05 27 01   167   -33 10251    20    51     4     0 -9999
2023 05 27 02   156   -39 10251    30    36 -9999     0 -9999
2023 05 27 03   133   -39 10258    50    46     4     0 -9999
2023 05 27 04   122   -44 10258    30    31     2     0 -9999
2023 05 27 05   117   -33 10255    20    26     0     0 -9999
2023 05 27 06   117   -17 10256    50    21     0     0 -9999
2023 05 27 07   106    -6 10254   360    21     0     0 -9999
2023 05 27 08   106     0 10251    10    26     0     0 -9999
2023 05 27 09    94     6 10252    10    21     0     0 -9999
2023 05 27 10    83    17 10255   360    26     2     0 -9999
2023 05 27 11    89    28 10261   360    26     2     0 -9999
2023 05 27 12   122    44 10267   360    26     2     0 -9999
2023 05 27 13   161    50 10267    30    21     2     0 -9999
2023 05 27 14   189    44 10266    80    26     0     0 -9999
2023 05 27 15   211    33 10261    80    31     2     0 -9999
2023 05 27 16   222    22 10257    70    36     4     0 -9999
2023 05 27 17   222     0 10255    90    57 -9999     0 -9999
2023 05 27 18   222   -11 10249    80    62     6     0 -9999
2023 05 27 19   222     6 10244    50    46 -9999     0 -9999
2023 05 27 20   222    11 10242    60    57 -9999     0 -9999
2023 05 27 21   217    17 10237    50    46 -9999     0 -9999
2023 05 27 22   222    22 10233    70    46 -9999     0 -9999
2023 05 27 23   222    28 10230    50    51 -9999     0 -9999
2023 05 28 00   211    28 10226    60    41     6     0 -9999
2023 05 28 01   189    17 10228    40    36 -9999     0 -9999
2023 05 28 02   172    22 10227    60    26 -9999     0 -9999
2023 05 28 03   161    28 10230    80    31 -9999     0 -9999
2023 05 28 04   150    33 10228    90    15 -9999     0 -9999
2023 05 28 05   144    33 10227    90    26 -9999     0 -9999
2023 05 28 06   150    33 10221    80    21     6     0 -9999
2023 05 28 07   144    39 10214    40    21 -9999     0 -9999
2023 05 28 08   144    39 10209    40    21 -9999     0 -9999
2023 05 28 09   139    44 10209    10    31 -9999     0 -9999
2023 05 28 10   122    50 10211   360    31 -9999     0 -9999
2023 05 28 11   128    56 10214   350    26 -9999     0 -9999
2023 05 28 12   144    56 10216    10    26     6     0 -9999
2023 05 28 13   161    67 10217    10    21 -9999     0 -9999
2023 05 28 14   200    72 10213    30    31 -9999     0 -9999
2023 05 28 15   228    78 10212    20    31 -9999     0 -9999
2023 05 28 16   244    72 10208    40    36 -9999     0 -9999
2023 05 28 17   261    56 10204    80    51 -9999     0 -9999
2023 05 28 18   261    44 10199    50    72     6     0 -9999
2023 05 28 19   261     0 10196    40    57 -9999     0 -9999
2023 05 28 20   256    -6 10193    60    46 -9999     0 -9999
2023 05 28 21   250   -33 10188    30    62 -9999     0 -9999
2023 05 28 22   250   -11 10180    60    51 -9999     0 -9999
2023 05 28 23   239    -6 10174    40    51 -9999     0 -9999
2023 05 29 00   233     0 10172    50    41     6     0 -9999
2023 05 29 01   217    17 10172    50    31 -9999     0 -9999
2023 05 29 02   194    11 10175    20    41 -9999     0 -9999
2023 05 29 03   172    39 10180    50    46     4     0 -9999
2023 05 29 04   156    56 10180    40    31     2     0 -9999
2023 05 29 05   144    56 10174    20    26     2     0 -9999
2023 05 29 06   133    56 10172   350    21     2     0 -9999
2023 05 29 07   128    56 10169   350    26     2     0 -9999
2023 05 29 08   133    56 10166   350    15     2     0 -9999
2023 05 29 09   128    56 10166   350    26     2     0 -9999
2023 05 29 10   122    56 10167   350    26     2     0 -9999
2023 05 29 11   122    61 10172   360    15     4     0 -9999
2023 05 29 12   150    61 10174    10    26     6     0 -9999
2023 05 29 13   189    67 10173    10    26 -9999     0 -9999
2023 05 29 14   233    67 10173    70    26 -9999     0 -9999
2023 05 29 15   250    78 10171    80    21     4     0 -9999
2023 05 29 16   278    67 10166 -9999    31     4     0 -9999
2023 05 29 17   283    50 10165   100    36 -9999     0 -9999
2023 05 29 18   278    50 10163   100    41     6     0 -9999
2023 05 29 19   289    56 10160    80    46 -9999     0 -9999
2023 05 29 20   283    50 10155    70    46 -9999     0 -9999
2023 05 29 21   283    50 10152    70    51 -9999     0 -9999
2023 05 29 22   283    50 10148    70    46 -9999     0 -9999
2023 05 29 23   272    44 10146    70    41 -9999     0 -9999
2023 05 30 00   261    44 10143    60    46     6     0 -9999
2023 05 30 01   250    39 10144    60    31 -9999     0 -9999
2023 05 30 02   228    44 10145   100    26 -9999     0 -9999
2023 05 30 03   217    50 10151   100    26 -9999     0 -9999
2023 05 30 04   206    44 10150    90    26 -9999     0 -9999
2023 05 30 05   189    50 10150   110    15     4     0 -9999
2023 05 30 06   189    50 10150    80    21     2     0 -9999
2023 05 30 07   183    61 10146    80    21     4     0 -9999
2023 05 30 08   178    67 10145    50    21     2     0 -9999
2023 05 30 09   161    72 10147   350    15     2     0 -9999
2023 05 30 10   156    72 10146   360    15     2     0 -9999
2023 05 30 11   161    78 10149    20    15     4     0 -9999
2023 05 30 12   172    83 10157    10    21     6     0 -9999
2023 05 30 13   222    83 10156    60    15 -9999     0 -9999
2023 05 30 14   244    94 10158    90    15 -9999     0 -9999
2023 05 30 15   272   100 10157    40    21 -9999     0 -9999
2023 05 30 16   294   106 10155 -9999    31 -9999     0 -9999
2023 05 30 17   306   106 10151    90    36 -9999     0 -9999
2023 05 30 18   311    94 10146   100    41     4     0 -9999
2023 05 30 19   317   111 10141   100    46     4     0 -9999
2023 05 30 20   317   100 10135    60    46     4     0 -9999
2023 05 30 21   322   100 10133    80    67     4     0 -9999
2023 05 30 22   311   100 10129    80    57     4     0 -9999
2023 05 30 23   300   106 10129    60    46     4     0 -9999
2023 05 31 00   283    94 10128    80    36     4     0 -9999
2023 05 31 01   261    89 10130    60    31     4     0 -9999
2023 05 31 02   244    89 10133    90    36     4     0 -9999
2023 05 31 03   239    89 10140    70    31 -9999     0 -9999
2023 05 31 04   233    89 10142    80    26 -9999     0 -9999
2023 05 31 05   228    89 10141    90    21 -9999     0 -9999
2023 05 31 06   222    94 10136   100    21     6     0 -9999
2023 05 31 07   222   100 10133    90    21     4     0 -9999
2023 05 31 08   211   106 10132   140    15     2     0 -9999
2023 05 31 09   211   122 10136   130    31     2     0 -9999
2023 05 31 10   217   139 10143   160    31     2     0 -9999
2023 05 31 11   222   150 10148   170    31     4     0 -9999
2023 05 31 12   239   161 10153   170    31     6     0 -9999
2023 05 31 13   244   167 10154   170    26 -9999     0 -9999
2023 05 31 14   272   172 10153   170    46     4     0 -9999
2023 05 31 15   283   172 10155   200    41     2     0 -9999
2023 05 31 16   306   167 10156   170    51     4     0 -9999
2023 05 31 17   306   167 10155   190    46 -9999     0 -9999
2023 05 31 18   311   167 10150   170    31     6     0 -9999
2023 05 31 19   322   172 10144 -9999    26 -9999    -1 -9999
2023 05 31 20   233   178 10152   250    67 -9999    74 -9999
2023 05 31 21   250   217 10145   260    15 -9999    -1 -9999
2023 05 31 22   278   172 10146   110    26 -9999     0 -9999
2023 05 31 23   289   178 10142   100    15 -9999    -1 -9999
2023 06 01 00   289   161 10139     0     0     6     0    70
2023 06 01 01   272   167 10142   170    15     4     0 -9999
2023 06 01 02   256   161 10144     0     0     4     0 -9999
2023 06 01 03   244   167 10150   120    21     4     0 -9999
2023 06 01 04   244   167 10150   120    21     4     0 -9999
2023 06 01 05   233   172 10152     0     0     2     0 -9999
2023 06 01 06   222   172 10154     0     0     2     0 -9999
2023 06 01 07   217   172 10154     0     0     2     0 -9999
2023 06 01 08   217   161 10155   130    15     2     0 -9999
2023 06 01 09   211   161 10158     0     0     2     0 -9999
2023 06 01 10   206   161 10162   110    21     2     0 -9999
2023 06 01 11   206   161 10168     0     0     4     0 -9999
2023 06 01 12   211   167 10173   140    21 -9999     0 -9999
2023 06 01 13   239   167 10176   150    31 -9999     0 -9999
2023 06 01 14   250   172 10178   190    21 -9999     0 -9999
2023 06 01 15   278   178 10176   160    21 -9999     0 -9999
2023 06 01 16   294   167 10178 -9999    15 -9999     0 -9999
2023 06 01 17   311   156 10175   130    15     4     0 -9999
2023 06 01 18   322   167 10170   150    41     4     0 -9999
2023 06 01 19   311   167 10163   140    36 -9999     0 -9999
2023 06 01 20   311   156 -9999     0     0 -9999    -1 -9999
2023 06 01 21   261   172 -9999   250    36 -9999    -1 -9999
2023 06 01 22   250   178 10167   220    31 -9999    -1 -9999
2023 06 01 23   272   183 10164   160    15 -9999     0 -9999
2023 06 02 00   261   183 10160   310    26     6     0   220
2023 06 02 01   250   189 10163   270    15 -9999     0 -9999
2023 06 02 02   239   183 10169   260    21     4     0 -9999
2023 06 02 03   239   172 10173    20    41     4     0 -9999
2023 06 02 04   228   161 10177    20    26     2     0 -9999
2023 06 02 05   211   161 10176    10    21     2     0 -9999
2023 06 02 06   211   161 10175    30    21     2     0 -9999
2023 06 02 07   211   156 10175    60    21     2     0 -9999
2023 06 02 08   206   161 10174     0     0     2     0 -9999
2023 06 02 09   194   156 10174   350    21     2     0 -9999
2023 06 02 10   194   156 10175    20    31     4     0 -9999
2023 06 02 11   194   156 10179    30    21     4     0 -9999
2023 06 02 12   211   156 10180    40    15     2     0 -9999
2023 06 02 13   233   156 10182    80    26     4     0 -9999
2023 06 02 14   261   150 10182     0     0     4     0 -9999
2023 06 02 15   283   133 10182    80    21     4     0 -9999
2023 06 02 16   306   117 10179    80    26     4     0 -9999
2023 06 02 17   317   106 10176    60    31 -9999     0 -9999
2023 06 02 18   322    89 10171    80    46     6     0 -9999
2023 06 02 19   322    94 10169    80    57 -9999     0 -9999
2023 06 02 20   317   100 10163   100    57 -9999     0 -9999
2023 06 02 21   317   100 10156    80    51 -9999     0 -9999
2023 06 02 22   311   106 10153    40    51 -9999     0 -9999
2023 06 02 23   306   100 10149    40    51 -9999     0 -9999
2023 06 03 00   294    83 10149    60    46     6     0 -9999
2023 06 03 01   278    89 10151    50    41 -9999     0 -9999
2023 06 03 02   250    89 10156    50    31 -9999     0 -9999
2023 06 03 03   239   100 10162    30    46 -9999     0 -9999
2023 06 03 04   233   111 10163    60    36 -9999     0 -9999
2023 06 03 05   222   106 10163    50    51 -9999     0 -9999
2023 06 03 06   211   139 10162    40    36     4     0 -9999
2023 06 03 07   200   139 10158    20    26     2     0 -9999
2023 06 03 08   178   139 10156    10    21     2     0 -9999
2023 06 03 09   183   133 10156   360    26     2     0 -9999
2023 06 03 10   178   133 10159    10    26     2     0 -9999
2023 06 03 11   189   133 10162    10    21     2     0 -9999
2023 06 03 12   200   139 10165    10    26     2     0 -9999
2023 06 03 13   222   144 10167    20    36     2     0 -9999
2023 06 03 14   244   150 10169    20    21     2     0 -9999
2023 06 03 15   272   156 10169    20    26     2     0 -9999
2023 06 03 16   283   150 10169    10    36     2     0 -9999
2023 06 03 17   300   139 10167 -9999    31     4     0 -9999
2023 06 03 18   306   117 10165    30    51     4     0 -9999
2023 06 03 19   300   111 10164    40    67 -9999     0 -9999
2023 06 03 20   300   100 10161    20    72 -9999     0 -9999
2023 06 03 21   294   100 10157    50    77 -9999     0 -9999
2023 06 03 22   283   128 10156    40    77 -9999     0 -9999
2023 06 03 23   272   139 10156    20    77 -9999     0 -9999
2023 06 04 00   261   133 10155    30    72     6     0 -9999
2023 06 04 01   244   133 10157    30    62 -9999     0 -9999
2023 06 04 02   233   133 10154    20    57 -9999     0 -9999
2023 06 04 03   228   139 10156    20    41 -9999     0 -9999
2023 06 04 04   222   139 10157    30    46 -9999     0 -9999
2023 06 04 05   211   139 10159    20    51     4     0 -9999
2023 06 04 06   200   139 10160    30    31     4     0 -9999
2023 06 04 07   200   133 10159    50    26     4     0 -9999
2023 06 04 08   200   128 10159    40    26     4     0 -9999
2023 06 04 09   194   128 10161    20    31     4     0 -9999
2023 06 04 10   200   133 10162    60    21     4     0 -9999
2023 06 04 11   200   128 10165    70    21     4     0 -9999
2023 06 04 12   206   106 10171    60    41     4     0 -9999
2023 06 04 13   217    89 10176    70    46     2     0 -9999
2023 06 04 14   222    89 10180    70    51     2     0 -9999
2023 06 04 15   233    83 10185    60    51     2     0 -9999
2023 06 04 16   239    83 10187    80    57     2     0 -9999
2023 06 04 17   239    72 10187    70    41     2     0 -9999
2023 06 04 18   239    67 10183    50    57     4     0 -9999
2023 06 04 19   250    50 10179    40    51     2     0 -9999
2023 06 04 20   244    39 10177    30    57     4     0 -9999
2023 06 04 21   244    17 10172    40    51     4     0 -9999
2023 06 04 22   239    17 10169    50    57     4     0 -9999
2023 06 04 23   239    39 10165    30    51     2     0 -9999
2023 06 05 00   222    39 10166    20    57     2     0 -9999
2023 06 05 01   211    50 10167    30    41     2     0 -9999
2023 06 05 02   189    56 10173    30    46     2     0 -9999
2023 06 05 03   178    67 10177    20    36     2     0 -9999
2023 06 05 04   167    78 10178    10    21     4     0 -9999
2023 06 05 05   167    78 10178    20    26     4     0 -9999
2023 06 05 06   150    80 10174    20    21     6     0 -9999
2023 06 05 07   150    83 10172   350    21 -9999     0 -9999
2023 06 05 08   150    83 10173    10    15 -9999     0 -9999
2023 06 05 09   150    83 10174     0     0 -9999     0 -9999
2023 06 05 10   144    89 10176    10    15 -9999     0 -9999
2023 06 05 11   144    89 10180   340    15 -9999     0 -9999
2023 06 05 12   156   106 10184   340    15     8     0 -9999
2023 06 05 13   189   117 10186     0     0 -9999     0 -9999
2023 06 05 14   206   100 10186     0     0 -9999     0 -9999
2023 06 05 15   217    61 10186     0     0 -9999     0 -9999
2023 06 05 16   233    83 10183   280    15 -9999     0 -9999
2023 06 05 17   256    72 10178     0     0     2     0 -9999
2023 06 05 18   289    78 10174    10    21     2     0 -9999
2023 06 05 19   289    67 10170    50    46     2     0 -9999
2023 06 05 20   283    72 10168    50    57     2     0 -9999
2023 06 05 21   283    72 10165    60    41     2     0 -9999
2023 06 05 22   283    61 10161    50    21     0     0 -9999
2023 06 05 23   272    67 10159    80    41     0     0 -9999
2023 06 06 00   261    61 10157    90    26     2     0 -9999
2023 06 06 01   244    61 10155   100    31     4     0 -9999
2023 06 06 02   233    56 10154   100    26     2     0 -9999
2023 06 06 03   228    61 10158   100    21     2     0 -9999
2023 06 06 04   211    83 10161     0     0 -9999     0 -9999
2023 06 06 05   194    89 10159     0     0 -9999     0 -9999
2023 06 06 06   200    94 10157     0     0     6     0 -9999
2023 06 06 07   194    94 10157   360    15 -9999     0 -9999
2023 06 06 08   194   100 10155   260    15 -9999     0 -9999
2023 06 06 09   194   100 10155     0     0 -9999     0 -9999
2023 06 06 10   189    94 10151     0     0 -9999     0 -9999
2023 06 06 11   194    94 10151   310    15 -9999     0 -9999
2023 06 06 12   200   106 10150    10    21     6     0 -9999
2023 06 06 13   206   128 10148    10    21 -9999     0 -9999
2023 06 06 14   222   139 10147    10    31 -9999     0 -9999
2023 06 06 15   239   144 10142    40    26 -9999     0 -9999
2023 06 06 16   239   144 10140    40    41 -9999     0 -9999
2023 06 06 17   211   139 10146    30    77 -9999     0 -9999
2023 06 06 18   206   139 10141    30    36     8    -1 -9999
2023 06 06 19   200   144 10139    40    51 -9999    -1 -9999
2023 06 06 20   211   156 10134    20    41 -9999     0 -9999
2023 06 06 21   239   156 10127    50    31 -9999     0 -9999
2023 06 06 22   233   150 10126    40    62 -9999     0 -9999
2023 06 06 23   200   117 10127    30    72 -9999     0 -9999
2023 06 07 00   194    94 10125    40    51     8     0     0
2023 06 07 01   178    89 10125    40    57 -9999     0 -9999
2023 06 07 02   172    83 10128    10    46 -9999     0 -9999
2023 06 07 03   167    67 10129    10    41 -9999     0 -9999
2023 06 07 04   167    39 10128    10    41 -9999     0 -9999
2023 06 07 05   167    28 10124    10    46 -9999     0 -9999
2023 06 07 06   161    61 10122   360    57     8     0 -9999
2023 06 07 07   161    83 10116   360    46 -9999     0 -9999
2023 06 07 08   156   100 10118    40    46 -9999     0 -9999
2023 06 07 09   156   106 10118    30    41 -9999     0 -9999
2023 06 07 10   150   106 10121    20    31 -9999     0 -9999
2023 06 07 11   139   106 10125   350    31 -9999     0 -9999
2023 06 07 12   161   111 10125    30    41     6     0 -9999
2023 06 07 13   178   117 10128    10    41     2     0 -9999
2023 06 07 14   194   111 10127    60    31     2     0 -9999
2023 06 07 15   211    94 10126    30    41     0     0 -9999
2023 06 07 16   211   100 10125    30    41     0     0 -9999
2023 06 07 17   222    89 10123    40    41     0     0 -9999
2023 06 07 18   233    72 10121    40    57     2     0 -9999
2023 06 07 19   233    67 10117    60    51     2     0 -9999
2023 06 07 20   233    83 10114    40    51     2     0 -9999
2023 06 07 21   228    83 10112    40    57     2     0 -9999
2023 06 07 22   217    50 10110    40    88     0     0 -9999
2023 06 07 23   206    33 10111    30    88     0     0 -9999
2023 06 08 00   183    44 10115    40    72     0     0 -9999
2023 06 08 01   172    22 10116    10    62     0     0 -9999
2023 06 08 02   167    17 10116    20    67     0     0 -9999
2023 06 08 03   156    11 10119   360    46     0     0 -9999
2023 06 08 04   139    17 10118   350    41     0     0 -9999
2023 06 08 05   133    39 10117   360    31     0     0 -9999
2023 06 08 06   133    50 10116   340    31     0     0 -9999
2023 06 08 07   128    56 10113   340    26     0     0 -9999
2023 06 08 08   128    61 10113   330    31     0     0 -9999
2023 06 08 09   111    67 10116   360    36     0     0 -9999
2023 06 08 10   117    72 10121   360    36     0     0 -9999
2023 06 08 11   122    78 10126    10    31     0     0 -9999
2023 06 08 12   139    89 10130    20    31     0     0 -9999
2023 06 08 13   161    94 10130    20    36     0     0 -9999
2023 06 08 14   178    89 10133    20    36 -9999     0 -9999
2023 06 08 15   200    67 10134    50    26     0     0 -9999
2023 06 08 16   211    61 10133    20    36     0     0 -9999
2023 06 08 17   222    50 10132 -9999    31     2     0 -9999
2023 06 08 18   222    39 10130    40    62     2     0 -9999
2023 06 08 19   233    33 10128    70    41     2     0 -9999
2023 06 08 20   233    28 10126    20    46     2     0 -9999
2023 06 08 21   233    33 10124    40    57     2     0 -9999
2023 06 08 22   228    17 10123    30    51     0     0 -9999
2023 06 08 23   222    17 10123    40    62     0     0 -9999
2023 06 09 00   206    28 10124    40    57     0     0 -9999
2023 06 09 01   194    22 10126    50    46     2     0 -9999
2023 06 09 02   178    28 10127    30    31     2     0 -9999
2023 06 09 03   167    33 10127   340    21     0     0 -9999
2023 06 09 04   161    39 10127   280    15     0     0 -9999
2023 06 09 05   156    44 10126   310    31     0     0 -9999
2023 06 09 06   150    33 10126   330    15     0     0 -9999
2023 06 09 07   139    39 10127   280    26     0     0 -9999
2023 06 09 08   139    39 10127   310    26     0     0 -9999
2023 06 09 09   139    33 10129   330    31     0     0 -9999
2023 06 09 10   128    39 10132   350    31     0     0 -9999
2023 06 09 11   128    44 10137   350    31     0     0 -9999
2023 06 09 12   150    56 10141   350    26     0     0 -9999
2023 06 09 13   178    72 10141    20    31     0     0 -9999
2023 06 09 14   200    78 10144 -9999    15     0     0 -9999
2023 06 09 15   222    83 10141     0     0     2     0 -9999
2023 06 09 16   233    67 10139     0     0     2     0 -9999
2023 06 09 17   244    56 10137 -9999    26     2     0 -9999
2023 06 09 18   261    56 10131     0     0     2     0 -9999
2023 06 09 19   261    50 10124     0     0     2     0 -9999
2023 06 09 20   272    44 10118    10    26     2     0 -9999
2023 06 09 21   278    56 10112    20    41     2     0 -9999
2023 06 09 22   267    56 10111   100    62     4     0 -9999
2023 06 09 23   256    56 10107   140    46     4     0 -9999
2023 06 10 00   244    44 10104   130    46     2     0 -9999
2023 06 10 01   233    39 10099   130    41     2     0 -9999
2023 06 10 02   217    22 10098   140    31     2     0 -9999
2023 06 10 03   211    33 10105   160    26     2     0 -9999
2023 06 10 04   206    39 10105   190    26     0     0 -9999
2023 06 10 05   206    44 10103   200    26     0     0 -9999
2023 06 10 06   200    44 10101   200    31     0     0 -9999
2023 06 10 07   189    44 10099   220    31     0     0 -9999
2023 06 10 08   183    39 10096   210    31     0     0 -9999
2023 06 10 09   178    44 10093   220    26     0     0 -9999
2023 06 10 10   172    56 10095   230    31     2     0 -9999
2023 06 10 11   167    61 10095   230    15     4     0 -9999
2023 06 10 12   178    72 10096   220    15     2     0 -9999
2023 06 10 13   206    78 10097   220    21     4     0 -9999
2023 06 10 14   228    83 10098   230    31     2     0 -9999
2023 06 10 15   250    78 10097   240    31     4     0 -9999
2023 06 10 16   267    72 10094   240    51     4     0 -9999
2023 06 10 17   283    67 10090   230    62     2     0 -9999
2023 06 10 18   289    61 10087   230    36     4     0 -9999
2023 06 10 19   289    50 10085 -9999    31 -9999     0 -9999
2023 06 10 20   294    61 10078   220    57 -9999     0 -9999
2023 06 10 21   294    56 10068   220    51 -9999     0 -9999
2023 06 10 22   294    61 10066   260    41 -9999     0 -9999
2023 06 10 23   283    56 10064   260    36 -9999     0 -9999
2023 06 11 00   278    50 10066   260    26     8     0 -9999
2023 06 11 01   261    67 10066   100    41 -9999     0 -9999
2023 06 11 02   256    67 10068   100    31 -9999     0 -9999
2023 06 11 03   244    67 10071   100    26 -9999     0 -9999
2023 06 11 04   244    61 10069    80    15 -9999     0 -9999
2023 06 11 05   211    94 10074    30    77 -9999     0 -9999
2023 06 11 06   178   111 10079    30    93     8     0 -9999
2023 06 11 07   167   117 10078    20    88 -9999     0 -9999
2023 06 11 08   156   117 10081    20    72 -9999     0 -9999
2023 06 11 09   156   117 10083    30    72 -9999    -1 -9999
2023 06 11 10   150   117 10081    30    77 -9999    -1 -9999
2023 06 11 11   144   117 10083    20    88 -9999     0 -9999
2023 06 11 12   139   122 10089    20    67     8    -1    -1
2023 06 11 13   139   122 10093    20    72 -9999     5 -9999
2023 06 11 14   139   128 10093    30    57 -9999     3 -9999
2023 06 11 15   139   122 10090    20    88 -9999     3 -9999
2023 06 11 16   133   122 10088    20    88 -9999    -1 -9999
2023 06 11 17   133   122 10088    20    82 -9999    -1 -9999
2023 06 11 18   133   117 10091    10    93     8     3    10
2023 06 11 19   133   111 10093   360   108 -9999     0 -9999
2023 06 11 20   122   106 10096   350    77 -9999     0 -9999
2023 06 11 21   128   100 10097    20    88 -9999     0 -9999
2023 06 11 22   117   100 10101   360   103 -9999    -1 -9999
2023 06 11 23   117    94 10103   360    93 -9999    -1 -9999
2023 06 12 00   117    94 10109   360    98     8    -1    -1
2023 06 12 01   122    78 10111   360   113 -9999     0 -9999
2023 06 12 02   122    72 10111   360    77 -9999     0 -9999
2023 06 12 03   128    67 10118    10    77 -9999     0 -9999
2023 06 12 04   128    61 10117   360    88 -9999     0 -9999
2023 06 12 05   122    67 10113    10    77 -9999     0 -9999
2023 06 12 06   122    72 10112   350    62     6     0 -9999
2023 06 12 07   117    67 10111   350    51 -9999     0 -9999
2023 06 12 08   117    72 10110   340    51 -9999     0 -9999
2023 06 12 09   111    72 10110   330    36 -9999     0 -9999
2023 06 12 10    94    61 10116   330    46 -9999     0 -9999
2023 06 12 11    94    56 10121   320    31     2     0 -9999
2023 06 12 12   111    56 10119   320    26     2     0 -9999
2023 06 12 13   122    61 10121   320    57     2     0 -9999
2023 06 12 14   133    50 10124   340    67 -9999     0 -9999
2023 06 12 15   144    50 10118   320    67 -9999     0 -9999
2023 06 12 16   161    50 10112   290    46 -9999     0 -9999
2023 06 12 17   167    44 10108   360    46 -9999     0 -9999
2023 06 12 18   172    44 10103   310    36     6     0 -9999
2023 06 12 19   183    44 10101 -9999    26 -9999     0 -9999
2023 06 12 20   189    44 10095   290    41 -9999     0 -9999
2023 06 12 21   194    44 10092   330    31 -9999     0 -9999
2023 06 12 22   200    39 10088   250    51 -9999     0 -9999
2023 06 12 23   206    39 10082   240    36 -9999     0 -9999
2023 06 13 00   206    44 10075   260    26     6     0 -9999
2023 06 13 01   194    61 10073   250    21 -9999    -1 -9999
2023 06 13 02   167    83 10074   300    67 -9999    -1 -9999
2023 06 13 03   167    83 10066   220    21 -9999    -1 -9999
2023 06 13 04   167    78 10061   280    36     4     0 -9999
2023 06 13 05   156    78 10058   280    51     4     0 -9999
2023 06 13 06   150    78 10055   260    36     6     0    -1
2023 06 13 07   150    89 10051   260    31 -9999     0 -9999
2023 06 13 08   139   100 10051   280    31 -9999     3 -9999
2023 06 13 09   139   106 10048   240    26 -9999    -1 -9999
2023 06 13 10   133   111 10048   250    26 -9999     3 -9999
2023 06 13 11   139   111 10046   260    31 -9999     3 -9999
2023 06 13 12   139   106 10044   280    51     6    -1     8
2023 06 13 13   156   111 10041   280    36 -9999     0 -9999
2023 06 13 14   161   106 10037   290    46 -9999     0 -9999
2023 06 13 15   183   106 10033   290    67 -9999     0 -9999
2023 06 13 16   172   106 10036   280    57 -9999     0 -9999
2023 06 13 17   172   117 10034   290    46 -9999    -1 -9999
2023 06 13 18   161   133 10034   270    41     8    15    20
2023 06 13 19   161   144 10027   260    51 -9999    15 -9999
2023 06 13 20   167   144 10027   270    57 -9999     5 -9999
2023 06 13 21   167   144 10019   250    36 -9999     3 -9999
2023 06 13 22   172   150 10013   230    15 -9999     5 -9999
2023 06 13 23   172   156 10013   260    31 -9999    46 -9999
2023 06 14 00   172   156 10012   330    51     8     8    80
2023 06 14 01   167   139 10016   310    93 -9999    20 -9999
2023 06 14 02   167   139 10016   290    77 -9999    13 -9999
2023 06 14 03   167   139 10021   300    36 -9999     0 -9999
2023 06 14 04   167   139 10023   310    41 -9999     0 -9999
2023 06 14 05   167   139 10022   320    31 -9999     0 -9999
2023 06 14 06   167   144 10024   350    15     8     0    30
2023 06 14 07   167   139 10026    10    31 -9999     0 -9999
2023 06 14 08   161   139 10024    40    26 -9999     0 -9999
2023 06 14 09   156   133 10030    20    26 -9999     0 -9999
2023 06 14 10   150   128 10030    30    26 -9999     0 -9999
2023 06 14 11   150   128 10037    20    26 -9999     0 -9999
2023 06 14 12   156   133 10041    50    15     8     0 -9999
2023 06 14 13   161   133 10047     0     0 -9999     0 -9999
2023 06 14 14   172   133 10051     0     0 -9999     0 -9999
2023 06 14 15   178   139 10054     0     0 -9999     0 -9999
2023 06 14 16   200   144 10055     0     0 -9999     0 -9999
2023 06 14 17   211   144 10055    40    26 -9999     0 -9999
2023 06 14 18   222   144 10053 -9999    15     6     0 -9999
2023 06 14 19   233   150 10048   100    21 -9999     0 -9999
2023 06 14 20   239   150 10047 -9999    21 -9999     0 -9999
2023 06 14 21   233   150 10047    90    36 -9999     0 -9999
2023 06 14 22   233   150 10046    80    46 -9999     0 -9999
2023 06 14 23   228   150 10048    90    36 -9999     0 -9999
2023 06 15 00   220   140 10048    80    36     6     0 -9999
2023 06 15 01   211   144 10048   100    26 -9999     0 -9999
2023 06 15 02   200   139 10049   100    31 -9999     0 -9999
2023 06 15 03   189   139 10054   130    15 -9999     0 -9999
2023 06 15 04   183   139 10054   110    15 -9999     0 -9999
2023 06 15 05   172   139 10054   110    21 -9999     0 -9999
2023 06 15 06   167   139 10054   100    15 -9999     0 -9999
2023 06 15 07   167   139 10051   150    15 -9999     0 -9999
2023 06 15 08   167   139 10047   160    21 -9999     0 -9999
2023 06 15 09   172   144 10045   180    26 -9999     0 -9999
2023 06 15 10   167   144 10045   190    26 -9999     0 -9999
2023 06 15 11   172   144 10047   210    26 -9999     0 -9999
2023 06 15 12   183   150 10048   220    36     6     0 -9999
2023 06 15 13   200   150 10047   230    46 -9999     0 -9999
2023 06 15 14   222   150 10051   260    41 -9999     0 -9999
2023 06 15 15   244   144 10045   270    31 -9999     0 -9999
2023 06 15 16   267   150 10044   310    51 -9999     0 -9999
2023 06 15 17   244   156 10052    50    77 -9999     0 -9999
2023 06 15 18   211   144 10062    60    46     6     0 -9999
2023 06 15 19   194   133 10067    60    51 -9999     0 -9999
2023 06 15 20   189   122 10071    40    62 -9999     0 -9999
2023 06 15 21   183   117 10074    40    77 -9999     0 -9999
2023 06 15 22   167   111 10077    50    62 -9999     0 -9999
2023 06 15 23   161   106 10079    40    67 -9999     0 -9999
2023 06 16 00   150    90 10085    30    88     6     0 -9999
2023 06 16 01   144    83 10092    20    82 -9999     0 -9999
2023 06 16 02   133    83 10098    30    77 -9999     0 -9999
2023 06 16 03   128    78 10107    30    72 -9999     0 -9999
2023 06 16 04   122    83 10112    20    62 -9999     0 -9999
2023 06 16 05   122    83 10113    20    46     4     0 -9999
2023 06 16 06   120    80 10111    10    36     4     0 -9999
2023 06 16 07   122    89 10112    10    51 -9999     0 -9999
2023 06 16 08   122    89 10114   350    36 -9999     0 -9999
2023 06 16 09   122    89 10118   350    41 -9999     0 -9999
2023 06 16 10   128    94 10120    10    46 -9999     0 -9999
2023 06 16 11   128   100 10123    10    51 -9999     0 -9999
2023 06 16 12   128   106 10130    20    57     8     0 -9999
2023 06 16 13   133   106 10140    20    72 -9999     0 -9999
2023 06 16 14   144   111 10145    10    46 -9999     0 -9999
2023 06 16 15   139   111 10151    20    67 -9999     0 -9999
2023 06 16 16   144   117 10155    20    46 -9999     0 -9999
2023 06 16 17   161   117 10155    30    36 -9999     0 -9999
2023 06 16 18   178   117 10152    20    67     8     0 -9999
2023 06 16 19   183   117 10150    40    57 -9999     0 -9999
2023 06 16 20   189   111 10151    30    46 -9999     0 -9999
2023 06 16 21   189   117 10148    30    46     2     0 -9999
2023 06 16 22   194   117 10145    50    46     2     0 -9999
2023 06 16 23   194   117 10146    20    41     2     0 -9999
2023 06 17 00   183   117 10148    50    31     0     0 -9999
2023 06 17 01   167   106 10149    30    46     0     0 -9999
2023 06 17 02   156   106 10152    30    26     0     0 -9999
2023 06 17 03   156   106 10156    30    41     0     0 -9999
2023 06 17 04   150   106 10157    30    31     0     0 -9999
2023 06 17 05   144   106 10157    30    26     2     0 -9999
2023 06 17 06   139   106 10155   360    15     2     0 -9999
2023 06 17 07   133   106 10153   340    15     0     0 -9999
2023 06 17 08   133   106 10151     0     0     0     0 -9999
2023 06 17 09   128   106 10149   350    15     0     0 -9999
2023 06 17 10   122   100 10150     0     0     0     0 -9999
2023 06 17 11   122   100 10157     0     0     2     0 -9999
2023 06 17 12   144   106 10161   310    15     0     0 -9999
2023 06 17 13   167   117 10165     0     0     0     0 -9999
2023 06 17 14   189   117 10167     0     0     0     0 -9999
2023 06 17 15   211   117 10165   120    21     0     0 -9999
2023 06 17 16   239   128 10161     0     0     0     0 -9999
2023 06 17 17   239   117 10152     0     0     0     0 -9999
2023 06 17 18   267   111 10146 -9999    15     0     0 -9999
2023 06 17 19   267   111 10141 -9999    21     4     0 -9999
2023 06 17 20   267   133 10138    80    51     4     0 -9999
2023 06 17 21   261   128 10133    80    46     4     0 -9999
2023 06 17 22   261   111 10130    80    46     4     0 -9999
2023 06 17 23   256   106 10125    90    46     4     0 -9999
2023 06 18 00   239    83 10123    90    51     2     0 -9999
2023 06 18 01   222    78 10124    80    41     2     0 -9999
2023 06 18 02   206    83 10125    90    31 -9999     0 -9999
2023 06 18 03   194    89 10128   100    26     0     0 -9999
2023 06 18 04   189    94 10125    90    21     2     0 -9999
2023 06 18 05   178   100 10126    80    15     2     0 -9999
2023 06 18 06   172   100 10126     0     0     2     0 -9999
2023 06 18 07   172   106 10121   130    15     2     0 -9999
2023 06 18 08   167   117 10116   130    15     2     0 -9999
2023 06 18 09   167   122 10112   120    15     2     0 -9999
2023 06 18 10   161   122 10108     0     0 -9999     0 -9999
2023 06 18 11   161   122 10103   140    15     4     0 -9999
2023 06 18 12   183   128 10112   170    36     6     0 -9999
2023 06 18 13   206   128 10113   170    31 -9999     0 -9999
2023 06 18 14   228   133 10110   160    21 -9999     0 -9999
2023 06 18 15   250   133 10103   170    26 -9999     0 -9999
2023 06 18 16   267   122 10099   160    57 -9999     0 -9999
2023 06 18 17   278   122 10097   130    57 -9999     0 -9999
2023 06 18 18   294   117 10094   120    51     6     0 -9999
2023 06 18 19   294   111 10090   170    41 -9999     0 -9999
2023 06 18 20   294   106 10086   170    46     4     0 -9999
2023 06 18 21   300   111 10078   100    72 -9999     0 -9999
2023 06 18 22   294   111 10074    90    77 -9999     0 -9999
2023 06 18 23   278   111 10073   100    72 -9999     0 -9999
2023 06 19 00   261   117 10078    90    57     6     0 -9999
2023 06 19 01   244   111 10082   100    46 -9999     0 -9999
2023 06 19 02   233   117 10085   100    31 -9999     0 -9999
2023 06 19 03   217   117 10088   110    21 -9999     0 -9999
2023 06 19 04   217   122 10092   100    21 -9999     0 -9999
2023 06 19 05   211   122 10093    90    21 -9999     0 -9999
2023 06 19 06   206   122 10093    60    21     6     0 -9999
2023 06 19 07   200   122 10092    60    21 -9999     0 -9999
2023 06 19 08   200   122 10089    60    15     4     0 -9999
2023 06 19 09   189   128 10092   350    15     4     0 -9999
2023 06 19 10   167   128 10097   350    26 -9999     0 -9999
2023 06 19 11   167   128 10102   350    21 -9999     0 -9999
2023 06 19 12   194   139 10105    20    15     6     0 -9999
2023 06 19 13   228   144 10108     0     0 -9999     0 -9999
2023 06 19 14   250   139 10113    80    15 -9999     0 -9999
2023 06 19 15   278   133 10114   100    31 -9999     0 -9999
2023 06 19 16   289   117 10118    90    41 -9999     0 -9999
2023 06 19 17   289   117 10121    70    46 -9999     0 -9999
2023 06 19 18   294   117 10123    70    62     6     0 -9999
2023 06 19 19   294   122 10124    80    51 -9999     0 -9999
2023 06 19 20   294   122 10125    60    62 -9999     0 -9999
2023 06 19 21   294   106 10125    70    67 -9999     0 -9999
2023 06 19 22   289    94 10123    50    67     4     0 -9999
2023 06 19 23   283   111 10126    30    62     2     0 -9999
2023 06 20 00   272   106 10129    30    62     2     0 -9999
2023 06 20 01   244   111 10134    40    51     2     0 -9999
2023 06 20 02   222   111 10136    20    51     2     0 -9999
2023 06 20 03   206   111 10146    10    46     0     0 -9999
2023 06 20 04   194   117 10149    10    36     0     0 -9999
2023 06 20 05   178   117 10151   360    21     0     0 -9999
2023 06 20 06   189   117 10151    20    36     0     0 -9999
2023 06 20 07   183   117 10151    20    26     0     0 -9999
2023 06 20 08   167   117 10152   360    31     0     0 -9999
2023 06 20 09   167   117 10154   360    31     0     0 -9999
2023 06 20 10   161   117 10154   340    26     2     0 -9999
2023 06 20 11   172   122 10163   360    31     2     0 -9999
2023 06 20 12   189   128 10169    20    31     0     0 -9999
2023 06 20 13   217   133 10171    20    36     0     0 -9999
2023 06 20 14   244   133 10171    40    36     0     0 -9999
2023 06 20 15   256   139 10173    30    57     0     0 -9999
2023 06 20 16   267   133 10172    30    51     0     0 -9999
2023 06 20 17   278   128 10171    20    72     0     0 -9999
2023 06 20 18   283   122 10171    40    72     0     0 -9999
2023 06 20 19   272   128 10171    30    72     0     0 -9999
2023 06 20 20   278   128 10169    50    72     0     0 -9999
2023 06 20 21   278   133 10168    20    62     0     0 -9999
2023 06 20 22   278   133 10166    40    67     0     0 -9999
2023 06 20 23   272   133 10164    30    72     0     0 -9999
2023 06 21 00   250   117 10168    30    77     0     0 -9999
2023 06 21 01   233   117 10169    20    72     2     0 -9999
2023 06 21 02   222   117 10170    30    62     2     0 -9999
2023 06 21 03   211   117 10178    40    36     0     0 -9999
2023 06 21 04   211   122 10176    60    46     0     0 -9999
2023 06 21 05   200   122 10177    30    21     0     0 -9999
2023 06 21 06   194   128 10179    70    15     0     0 -9999
2023 06 21 07   189   133 10179    40    21     0     0 -9999
2023 06 21 08   172   128 10181   360    21     0     0 -9999
2023 06 21 09   167   133 10185   340    26     0     0 -9999
2023 06 21 10   167   133 10187   360    31     0     0 -9999
2023 06 21 11   178   144 10192    20    26     0     0 -9999
2023 06 21 12   194   150 10197    20    31     0     0 -9999
2023 06 21 13   228   161 10198    60    31     0     0 -9999
2023 06 21 14   250   167 10198    60    41     0     0 -9999
2023 06 21 15   267   167 10196    60    51     0     0 -9999
2023 06 21 16   278   167 10192    60    46     2     0 -9999
2023 06 21 17   289   161 10187    80    62     2     0 -9999
2023 06 21 18   300   161 10182    70    57     0     0 -9999
2023 06 21 19   306   161 10179    90    67     0     0 -9999
2023 06 21 20   306   161 10179    60    51     2     0 -9999
2023 06 21 21   300   167 10178    50    62     2     0 -9999
2023 06 21 22   300   161 10178    40    67     0     0 -9999
2023 06 21 23   289   161 10175    40    57     0     0 -9999
2023 06 22 00   278   156 10175    40    67     0     0 -9999
2023 06 22 01   244   156 10178    30    77     2     0 -9999
2023 06 22 02   233   156 10175    20    62     2     0 -9999
2023 06 22 03   222   156 10174    20    46     2     0 -9999
2023 06 22 04   222   156 10175    40    41     4     0 -9999
2023 06 22 05   222   144 10169    30    36 -9999     0 -9999
2023 06 22 06   217   144 10166    30    26     6     0 -9999
2023 06 22 07   206   144 10163    20    31 -9999     0 -9999
2023 06 22 08   200   144 10166    30    26     4     0 -9999
2023 06 22 09   194   144 10165    40    26     2     0 -9999
2023 06 22 10   200   144 10169     0     0     4     0 -9999
2023 06 22 11   189   144 10178   350    31     4     0 -9999
2023 06 22 12   206   144 10179    20    31     4     0 -9999
2023 06 22 13   233   144 10181    50    41     2     0 -9999
2023 06 22 14   250   150 10175    60    26     2     0 -9999
2023 06 22 15   256   150 10173    50    46     2     0 -9999
2023 06 22 16   272   150 10169    20    46     2     0 -9999
2023 06 22 17   289   150 10165    20    62     2     0 -9999
2023 06 22 18   294   133 10160    60    62     2     0 -9999
2023 06 22 19   294   139 10157    50    62     4     0 -9999
2023 06 22 20   294   139 10150    30    67     4     0 -9999
2023 06 22 21   294   133 10150    30    77 -9999     0 -9999
2023 06 22 22   278   128 10146    40    82 -9999     0 -9999
2023 06 22 23   272   122 10144    30    67 -9999     0 -9999
2023 06 23 00   261   122 10142    30    77     6     0 -9999
2023 06 23 01   239   128 10143    60    51 -9999     0 -9999
2023 06 23 02   228   122 10142    40    46 -9999     0 -9999
2023 06 23 03   206   122 10142   340    26 -9999     0 -9999
2023 06 23 04   200   117 10145   340    31 -9999     0 -9999
2023 06 23 05   200   111 10143   350    31     4     0 -9999
2023 06 23 06   200   111 10139   340    21     4     0 -9999
2023 06 23 07   194   111 10139     0     0     4     0 -9999
2023 06 23 08   194   111 10135   340    21 -9999     0 -9999
2023 06 23 09   200   111 10132   350    15 -9999     0 -9999
2023 06 23 10   189   111 10133   340    15 -9999     0 -9999
2023 06 23 11   189   111 10133   330    21 -9999     0 -9999
2023 06 23 12   200   117 10134   350    26     2     0 -9999
2023 06 23 13   222   122 10140   340    21     2     0 -9999
2023 06 23 14   244   128 10142   350    21 -9999     0 -9999
2023 06 23 15   261   133 10140   340    21     2     0 -9999
2023 06 23 16   289   139 10139    20    57     0     0 -9999
2023 06 23 17   294   128 10137    10    62     2     0 -9999
2023 06 23 18   294   128 10136    40    62     2     0 -9999
2023 06 23 19   294   128 10133    20    57     2     0 -9999
2023 06 23 20   289   128 10131    50    67     4     0 -9999
2023 06 23 21   289   133 10128    30    51     4     0 -9999
2023 06 23 22   283   128 10123    70    51     2     0 -9999
2023 06 23 23   283   128 10119    20    36     2     0 -9999
2023 06 24 00   283   128 10122    20    31     4     0 -9999
2023 06 24 01   267   128 10123   360    15 -9999     0 -9999
2023 06 24 02   244   128 10126    90    46     4     0 -9999
2023 06 24 03   233   122 10128   100    31     2     0 -9999
2023 06 24 04   228   122 10126    80    26     2     0 -9999
2023 06 24 05   222   128 10123    90    15     0     0 -9999
2023 06 24 06   217   128 10122     0     0     0     0 -9999
2023 06 24 07   206   133 10122     0     0     0     0 -9999
2023 06 24 08   194   133 10124     0     0     0     0 -9999
2023 06 24 09   194   133 10125   220    15     0     0 -9999
2023 06 24 10   189   133 10132     0     0     2     0 -9999
2023 06 24 11   189   133 10136     0     0     2     0 -9999
2023 06 24 12   217   139 10139     0     0     2     0 -9999
2023 06 24 13   239   139 10138   220    15     2     0 -9999
2023 06 24 14   261   139 10136   210    26     0     0 -9999
2023 06 24 15   278   144 10128 -9999    26     2     0 -9999
2023 06 24 16   294   144 10125 -9999    15     2     0 -9999
2023 06 24 17   306   122 10125     0     0     2     0 -9999
2023 06 24 18   317   117 10126   210    36     2     0 -9999
2023 06 24 19   328   106 10115    90    21     2     0 -9999
2023 06 24 20   328   111 10106 -9999    21     4     0 -9999
2023 06 24 21   328   150 10099   100    51     4     0 -9999
2023 06 24 22   322   150 10092    70    67     4     0 -9999
2023 06 24 23   311   156 10087   100    67     4     0 -9999
2023 06 25 00   294   156 10088   110    46     4     0 -9999
2023 06 25 01   283   161 10088   110    51 -9999     0 -9999
2023 06 25 02   272   161 10086   110    46 -9999     0 -9999
2023 06 25 03   261   161 10084   130    36 -9999     0 -9999
2023 06 25 04   261   161 10078   130    31 -9999     0 -9999
2023 06 25 05   272   150 10070   120    46 -9999     0 -9999
2023 06 25 06   250   167 10084   300    82     6     5 -9999
2023 06 25 07   206   194 -9999     0     0 -9999     7 -9999
2023 06 25 08   206   194 10071   100    57 -9999    36 -9999
2023 06 25 09   206   194 -9999    80    26 -9999    -1 -9999
2023 06 25 10   206   194 10050   140    36 -9999     0 -9999
2023 06 25 11   200   189 10044   160    41 -9999     0 -9999
2023 06 25 12   206   189 10047   160    46     6     0   200
2023 06 25 13   222   189 10037   170    57     2     0 -9999
2023 06 25 14   250   200 10029   190    67     2     0 -9999
2023 06 25 15   272   211 10019   190    57     2     0 -9999
2023 06 25 16   283   211 10018   220    77 -9999     0 -9999
2023 06 25 17   294   206 10009   230    51 -9999     0 -9999
2023 06 25 18   294   161 10010   250   113     6     0 -9999
2023 06 25 19   283   161 10015   240    93 -9999     0 -9999
2023 06 25 20   272   144 10016   250   108 -9999     0 -9999
2023 06 25 21   250   144 10013   270    82 -9999     0 -9999
2023 06 25 22   244   144 10012   250    72 -9999    -1 -9999
2023 06 25 23   233   156 10015   250    72 -9999    -1 -9999
2023 06 26 00   217   167 10015   250    67     8    -1    -1
2023 06 26 01   217   167 10012   260    62 -9999    -1 -9999
2023 06 26 02   217   172 10011   250    57 -9999     0 -9999
2023 06 26 03   217   172 10014   240    36 -9999     0 -9999
2023 06 26 04   206   178 10009   250    41 -9999     5 -9999
2023 06 26 05   206   178 10004   250    36 -9999     0 -9999
2023 06 26 06   206   178 10001   240    51     6     0     5
2023 06 26 07   206   178 10001   260    46 -9999     0 -9999
2023 06 26 08   206   178 10003   260    51 -9999     0 -9999
2023 06 26 09   206   178 10005   270    46 -9999     0 -9999
2023 06 26 10   200   178 10008   280    36 -9999    10 -9999
2023 06 26 11   200   178 10010   280    51 -9999    -1 -9999
2023 06 26 12   206   178 10014   260    46     6     0    10
2023 06 26 13   217   172 10016   290    57 -9999     0 -9999
2023 06 26 14   217   167 10019   290    57 -9999     0 -9999
2023 06 26 15   217   172 10022   280    57 -9999    -1 -9999
2023 06 26 16   211   167 10026   290    57 -9999    -1 -9999
2023 06 26 17   211   161 10033   300    62 -9999     0 -9999
2023 06 26 18   228   167 10032   280    51     8    -1    -1
2023 06 26 19   233   167 10037   300    77 -9999    -1 -9999
2023 06 26 20   228   167 10042   300    77 -9999    -1 -9999
2023 06 26 21   222   161 10049   310    93 -9999     0 -9999
2023 06 26 22   222   161 10054   320    82 -9999     0 -9999
2023 06 26 23   233   156 10058   320    57 -9999     0 -9999
2023 06 27 00   233   161 10060   300    51     6     0     0
2023 06 27 01   233   161 10062   300    41 -9999     0 -9999
2023 06 27 02   228   161 10065   280    41 -9999     0 -9999
2023 06 27 03   228   156 10070   310    51 -9999     0 -9999
2023 06 27 04   217   156 10074   300    36 -9999     0 -9999
2023 06 27 05   217   150 10075   320    46     4     0 -9999
2023 06 27 06   206   150 10077   310    36     4     0 -9999
2023 06 27 07   194   144 10078   330    36 -9999     0 -9999
2023 06 27 08   200   139 10080   330    51 -9999     0 -9999
2023 06 27 09   194   133 10084   340    57 -9999     0 -9999
2023 06 27 10   183   133 10088   330    41 -9999     0 -9999
2023 06 27 11   183   133 10095   320    36 -9999     0 -9999
2023 06 27 12   183   133 10100   340    62     8     0 -9999
2023 06 27 13   183   133 10107   330    62 -9999     0 -9999
2023 06 27 14   194   133 10110   360    41 -9999     0 -9999
2023 06 27 15   200   133 10117    10    57 -9999     0 -9999
2023 06 27 16   217   133 10125   360    46 -9999     0 -9999
2023 06 27 17   222   133 10122    20    46 -9999     0 -9999
2023 06 27 18   230   120 10122    30    46     8     0 -9999
2023 06 27 19   239   122 10123    50    31 -9999     0 -9999
2023 06 27 20   250   133 10124    40    46 -9999     0 -9999
2023 06 27 21   239   133 10126    30    41 -9999     0 -9999
2023 06 27 22   239   128 10131    60    21 -9999     0 -9999
2023 06 27 23   222   128 10135    60    36 -9999     0 -9999
2023 06 28 00   210   120 10135    50    51     8     0 -9999
2023 06 28 01   200   111 10136    50    46 -9999     0 -9999
2023 06 28 02   194   106 10140    30    15 -9999     0 -9999
2023 06 28 03   194   100 10142    60    15 -9999     0 -9999
2023 06 28 04   183   100 10143    40    15 -9999     0 -9999
2023 06 28 05   183   100 10143   100    15 -9999     0 -9999
2023 06 28 06   183   106 10146    60    26     8     0 -9999
2023 06 28 07   167   111 10150     0     0 -9999     0 -9999
2023 06 28 08   156   111 10150     0     0     0     0 -9999
2023 06 28 09   144   111 10149     0     0     0     0 -9999
2023 06 28 10   150   111 10152     0     0     2     0 -9999
2023 06 28 11   161   111 10156     0     0     2     0 -9999
2023 06 28 12   172   122 10162     0     0     6     0 -9999
2023 06 28 13   183   128 10164     0     0 -9999     0 -9999
2023 06 28 14   206   133 10172   170    15 -9999     0 -9999
2023 06 28 15   217   128 10159   190    31 -9999     0 -9999
2023 06 28 16   244   122 10150   170    26 -9999     0 -9999
2023 06 28 17   272   111 10147   140    36 -9999     0 -9999
2023 06 28 18   289   106 10145   100    36     6     0 -9999
2023 06 28 19   289   117 10140   150    57 -9999     0 -9999
2023 06 28 20   294   111 10139   100    62 -9999     0 -9999
2023 06 28 21   294   133 10135   110    41 -9999     0 -9999
2023 06 28 22   283   128 10127    90    77 -9999     0 -9999
2023 06 28 23   278   128 10126   110    62 -9999     0 -9999
2023 06 29 00   270   140 10128   130    41     6     0 -9999
2023 06 29 01   256   144 10131   120    41 -9999     0 -9999
2023 06 29 02   239   150 10132   110    26 -9999     0 -9999
2023 06 29 03   233   150 10130   140    31 -9999     0 -9999
2023 06 29 04   228   144 10127   130    31     2     0 -9999
2023 06 29 05   233   144 10123   150    36     2     0 -9999
2023 06 29 06   233   150 10116   150    46     4     0 -9999
2023 06 29 07   233   144 10113   160    36 -9999     0 -9999
2023 06 29 08   228   150 10113   180    41     4     0 -9999
2023 06 29 09   222   156 10111   180    36 -9999     0 -9999
2023 06 29 10   228   161 10106   160    36 -9999     0 -9999
2023 06 29 11   228   161 10108   170    46 -9999     0 -9999
2023 06 29 12   233   167 10110   150    41     4     0 -9999
2023 06 29 13   244   172 10116   180    26 -9999     0 -9999
2023 06 29 14   261   189 10111   190    36     4     0 -9999
2023 06 29 15   278   194 10110   180    46     0     0 -9999
2023 06 29 16   300   206 10111   200    46     4     0 -9999
2023 06 29 17   311   211 10102   200    46 -9999     0 -9999
2023 06 29 18   306   211 10091   150    46 -9999     0 -9999
2023 06 29 19   300   211 10087   170    31 -9999     0 -9999
2023 06 29 20   289   217 10086   170    41 -9999     0 -9999
2023 06 29 21   278   228 10088   170    36 -9999    13 -9999
2023 06 29 22   261   239 10085   190    21 -9999     3 -9999
2023 06 29 23   267   233 10087   250    31 -9999     0 -9999
2023 06 30 00   267   233 10091   280    41 -9999     0    15
2023 06 30 01   272   233 10097   290    21 -9999     0 -9999
2023 06 30 02   267   233 10097   240    31 -9999     0 -9999
2023 06 30 03   244   222 10104   210    31 -9999     0 -9999
2023 06 30 04   239   222 10113   210    36     4     0 -9999
2023 06 30 05   233   222 10116   210    36     4     0 -9999
2023 06 30 06   233   217 10121   230    41     2     0 -9999
2023 06 30 07   228   211 10124   240    46 -9999     0 -9999
2023 06 30 08   222   206 10122   220    36 -9999     0 -9999
2023 06 30 09   222   211 10118   240    26 -9999     0 -9999
2023 06 30 10   222   206 10118   250    21 -9999     0 -9999
2023 06 30 11   222   211 10122   260    15 -9999     0 -9999
2023 06 30 12   228   211 10127   300    15     6     0 -9999
2023 06 30 13   250   211 10127   310    15     2     0 -9999
2023 06 30 14   267   211 10132     0     0     4     0 -9999
2023 06 30 15   300   194 10130 -9999    15 -9999     0 -9999
2023 06 30 16   300   200 10131   240    26 -9999     0 -9999
2023 06 30 17   311   178 10134   270    26 -9999     0 -9999
2023 06 30 18   317   183 10138   260    46     8     0 -9999
2023 06 30 19   306   200 -9999   240    72 -9999     0 -9999
2023 06 30 20   300   206 10115   190    31 -9999     0 -9999
2023 06 30 21   300   189 10097   120    46 -9999     0 -9999
2023 06 30 22   289   217 10117   300    31 -9999    -1 -9999
2023 06 30 23   294   206 10120   290    31 -9999     0 -9999
2023 07 01 00   294   200 10120   270    26     6     0     0
2023 07 01 01   289   206 10119   250    26 -9999     0 -9999
2023 07 01 02   278   206 10117   260    15     4     0 -9999
2023 07 01 03   267   206 10121     0     0     2     0 -9999
2023 07 01 04   261   206 10121   260    21     0     0 -9999
2023 07 01 05   244   200 10115     0     0     2     0 -9999
2023 07 01 06   244   206 10114   280    21     0     0 -9999
2023 07 01 07   239   200 10113     0     0 -9999     0 -9999
2023 07 01 08   233   200 10102     0     0 -9999     0 -9999
2023 07 01 09   228   200 10111     0     0 -9999     0 -9999
2023 07 01 10   228   200 10106   210    21 -9999     0 -9999
2023 07 01 11   228   200 10110   240    21 -9999     0 -9999
2023 07 01 12   228   200 10111     0     0     8     0 -9999
2023 07 01 13   233   200 10113     0     0 -9999     0 -9999
2023 07 01 14   244   200 10107     0     0 -9999     0 -9999
2023 07 01 15   244   211 10107   160    26 -9999    -1 -9999
2023 07 01 16   256   211 10109 -9999    26 -9999    -1 -9999
2023 07 01 17   267   211 10113   250    26 -9999     0 -9999
2023 07 01 18   278   211 10108   310    26     6     0     0
2023 07 01 19   278   211 10102   300    21 -9999     0 -9999
2023 07 01 20   289   206 10090     0     0 -9999     0 -9999
2023 07 01 21   283   211 10084   350    26 -9999     0 -9999
2023 07 01 22   233   211 -9999   170    51 -9999     2 -9999
2023 07 01 23   228   211 -9999   170    26 -9999    -1 -9999
2023 07 02 00   233   206 10087   310    26     8     8   100
2023 07 02 01   233   217 10087     0     0 -9999    15 -9999
2023 07 02 02   233   217 10088   270    15 -9999    -1 -9999
2023 07 02 03   233   211 10089     0     0 -9999     0 -9999
2023 07 02 04   233   211 10081    10    26 -9999     0 -9999
2023 07 02 05   228   211 10075     0     0 -9999     0 -9999
2023 07 02 06   228   211 10068   110    21     8     0    20
2023 07 02 07   228   211 10067   120    15 -9999    15 -9999
2023 07 02 08   228   217 10061    80    15 -9999     3 -9999
2023 07 02 09   228   211 10058    50    31 -9999    -1 -9999
2023 07 02 10   222   211 10060    20    26 -9999     3 -9999
2023 07 02 11   217   206 10064    30    26 -9999   117 -9999
2023 07 02 12   217   206 10068    60    26     8    13   150
2023 07 02 13   211   206 -9999    50    36 -9999    22 -9999
2023 07 02 14   211   206 -9999    20    51 -9999    -1 -9999
2023 07 02 15   211   200 10068    10    51 -9999    38 -9999
2023 07 02 16   211   200 10069    10    57 -9999    51 -9999
2023 07 02 17   200   189 10071   350    57 -9999    81 -9999
2023 07 02 18   194   183 10073    10    72     8    56   450
2023 07 02 19   194   183 10074   350    51 -9999    41 -9999
2023 07 02 20   194   189 -9999   330    26 -9999     5 -9999
2023 07 02 21   194   189 10075   320    46 -9999    23 -9999
2023 07 02 22   200   194 10076   350    36 -9999    15 -9999
2023 07 02 23   211   200 10075    20    41 -9999    -1 -9999
2023 07 03 00   211   189 10080    10    62     8     0   250
2023 07 03 01   206   167 10085   360    62 -9999     0 -9999
2023 07 03 02   200   144 10087   350    46 -9999     0 -9999
2023 07 03 03   194   139 10092   340    31 -9999     0 -9999
2023 07 03 04   194   133 10095   330    26 -9999     0 -9999
2023 07 03 05   189   133 10099   340    26 -9999     0 -9999
2023 07 03 06   194   133 10100   330    26     6     0 -9999
2023 07 03 07   189   139 10100   310    26 -9999     0 -9999
2023 07 03 08   183   144 10099   290    31     4     0 -9999
2023 07 03 09   183   139 10099   300    36     4     0 -9999
2023 07 03 10   178   139 10106   300    36     2     0 -9999
2023 07 03 11   183   144 10112   300    36     2     0 -9999
2023 07 03 12   206   150 10118   320    31     2     0 -9999
2023 07 03 13   228   156 10121   330    36     2     0 -9999
2023 07 03 14   250   161 10126    10    31     2     0 -9999
2023 07 03 15   261   161 10127   360    31     2     0 -9999
2023 07 03 16   272   161 10130    10    21     4     0 -9999
2023 07 03 17   283   156 10130    50    36     4     0 -9999
2023 07 03 18   290   170 10129    20    41     6     0 -9999
2023 07 03 19   294   167 10131   360    31 -9999     0 -9999
2023 07 03 20   306   172 10128    20    26 -9999     0 -9999
2023 07 03 21   300   172 10125    70    41 -9999     0 -9999
2023 07 03 22   294   167 10124    70    36     4     0 -9999
2023 07 03 23   283   161 10122    90    31     2     0 -9999
2023 07 04 00   278   150 10120   100    31     2     0 -9999
2023 07 04 01   267   150 10123    90    36     2     0 -9999
2023 07 04 02   250   150 10130   130    26     2     0 -9999
2023 07 04 03   244   150 10139   150    21     0     0 -9999
2023 07 04 04   239   150 10139   180    15     2     0 -9999
2023 07 04 05   239   144 10135   190    21     2     0 -9999
2023 07 04 06   230   160 10138   200    26     2     0 -9999
2023 07 04 07   228   156 10137   200    21     0     0 -9999
2023 07 04 08   222   156 10138     0     0     0     0 -9999
2023 07 04 09   217   167 10139   210    31     0     0 -9999
2023 07 04 10   217   172 10137   220    31     2     0 -9999
2023 07 04 11   217   178 10141   230    31     2     0 -9999
2023 07 04 12   233   189 10143   260    26     2     0 -9999
2023 07 04 13   244   194 10152   250    41     2     0 -9999
2023 07 04 14   267   189 10154   250    36     2     0 -9999
2023 07 04 15   289   194 10152   240    21     2     0 -9999
2023 07 04 16   306   200 10150   260    36     2     0 -9999
2023 07 04 17   306   183 10147 -9999    31     4     0 -9999
2023 07 04 18   317   172 10143   210    36     4     0 -9999
2023 07 04 19   328   178 10140   210    41     4     0 -9999
2023 07 04 20   328   183 10137   260    51     4     0 -9999
2023 07 04 21   322   178 10136   240    46     4     0 -9999
2023 07 04 22   322   172 10136   240    31 -9999     0 -9999
2023 07 04 23   300   200 10137   270    41 -9999     0 -9999
2023 07 05 00   306   194 10135   300    15     4     0 -9999
2023 07 05 01   300   200 10135   290    21     2     0 -9999
2023 07 05 02   289   194 10129   190    15     2     0 -9999
2023 07 05 03   283   194 10136   160    21     4     0 -9999
2023 07 05 04   267   200 10145   240    15     2     0 -9999
2023 07 05 05   267   194 10146   210    21     2     0 -9999
2023 07 05 06   260   200 10145   210    31     2     0 -9999
2023 07 05 07   256   200 10141   210    21     2     0 -9999
2023 07 05 08   250   200 10143   220    15     0     0 -9999
2023 07 05 09   244   200 10140   200    21     2     0 -9999
2023 07 05 10   239   200 10141   210    21     2     0 -9999
2023 07 05 11   244   206 10143   210    31     2     0 -9999
2023 07 05 12   256   211 10136   190    15     2     0 -9999
2023 07 05 13   272   217 10137   200    36     2     0 -9999
2023 07 05 14   283   217 10137   220    31     2     0 -9999
2023 07 05 15   300   217 10132   210    36     2     0 -9999
2023 07 05 16   311   217 10128   190    26     4     0 -9999
2023 07 05 17   317   217 10126   200    21 -9999     0 -9999
2023 07 05 18   317   211 10127 -9999    31     6     0 -9999
2023 07 05 19   278   217 10123   340    36 -9999    18 -9999
2023 07 05 20   306   211 10115   110    21 -9999    18 -9999
2023 07 05 21   283   200 10114   130    31 -9999    13 -9999
2023 07 05 22   272   222 10112    40    21 -9999     5 -9999
2023 07 05 23   261   222 -9999   290    57 -9999     0 -9999
2023 07 06 00   222   206 10125   310    21     8     2    80
2023 07 06 01   222   206 10136   170    36 -9999    18 -9999
2023 07 06 02   222   206 10133   130    31 -9999    13 -9999
2023 07 06 03   222   206 10131     0     0 -9999    -1 -9999
2023 07 06 04   222   206 10126   320    46 -9999    -1 -9999
2023 07 06 05   222   206 10128   210    26 -9999     0 -9999
2023 07 06 06   222   211 10129   240    21     8     0    40
2023 07 06 07   217   206 10127   250    36 -9999     0 -9999
2023 07 06 08   222   206 10128   250    21 -9999     0 -9999
2023 07 06 09   217   194 10127    30    62 -9999     0 -9999
2023 07 06 10   211   189 10127    20    36 -9999     0 -9999
2023 07 06 11   211   194 10130   360    26 -9999     0 -9999
2023 07 06 12   217   194 10136    10    41     8     0 -9999
2023 07 06 13   217   189 10140    10    57 -9999     0 -9999
2023 07 06 14   228   194 10144    20    31 -9999     0 -9999
2023 07 06 15   239   194 10139    20    31 -9999     0 -9999
2023 07 06 16   261   194 10140   360    51 -9999     0 -9999
2023 07 06 17   261   172 10143   320    41 -9999     0 -9999
2023 07 06 18   261   178 10141    40    51     6     0 -9999
2023 07 06 19   267   172 10140    40    51 -9999     0 -9999
2023 07 06 20   267   172 10141    20    36 -9999     0 -9999
2023 07 06 21   261   167 10137    50    31 -9999     0 -9999
2023 07 06 22   250   161 10140    70    41 -9999     0 -9999
2023 07 06 23   250   156 10137    60    41 -9999     0 -9999
2023 07 07 00   239   144 10136    80    36     6     0 -9999
2023 07 07 01   228   133 10141    80    36 -9999     0 -9999
2023 07 07 02   217   139 10145    90    36 -9999     0 -9999
2023 07 07 03   211   133 10149   100    26     4     0 -9999
2023 07 07 04   206   133 10149   120    21     4     0 -9999
2023 07 07 05   206   128 10148    60    21     2     0 -9999
2023 07 07 06   194   139 10147     0     0     4     0 -9999
2023 07 07 07   183   144 10149   340    26     4     0 -9999
2023 07 07 08   189   150 10151   350    15     4     0 -9999
2023 07 07 09   183   144 10151   330    21     4     0 -9999
2023 07 07 10   183   139 10152   330    21     4     0 -9999
2023 07 07 11   189   139 10151   350    15 -9999     0 -9999
2023 07 07 12   200   139 10152     0     0     6     0 -9999
2023 07 07 13   211   150 10153   360    26     4     0 -9999
2023 07 07 14   228   139 10156    70    31     4     0 -9999
2023 07 07 15   239   139 10156   100    15     4     0 -9999
2023 07 07 16   244   144 10150    90    41     4     0 -9999
2023 07 07 17   250   139 10151    80    31     2     0 -9999
2023 07 07 18   267   139 10144    80    31     4     0 -9999
2023 07 07 19   261   139 10137 -9999    31 -9999     0 -9999
2023 07 07 20   261   150 10131    60    31 -9999     0 -9999
2023 07 07 21   272   161 10126    60    46 -9999     0 -9999
2023 07 07 22   261   156 10127    60    41 -9999     0 -9999
2023 07 07 23   250   161 10124    80    31 -9999     0 -9999
2023 07 08 00   239   156 10124   100    36     8     0 -9999
2023 07 08 01   222   161 10121    80    26 -9999     3 -9999
2023 07 08 02   217   150 10123    40    41 -9999     0 -9999
2023 07 08 03   217   133 10125   100    31 -9999     0 -9999
2023 07 08 04   217   144 10119    80    21 -9999     0 -9999
2023 07 08 05   211   150 10122    20    31 -9999     0 -9999
2023 07 08 06   211   156 10120    20    21     8    -1     3
2023 07 08 07   206   156 10117   360    31 -9999    -1 -9999
2023 07 08 08   200   172 10116     0     0 -9999    -1 -9999
2023 07 08 09   194   172 10113   250    15 -9999    13 -9999
2023 07 08 10   194   172 10115   240    21 -9999    13 -9999
2023 07 08 11   189   167 10111     0     0 -9999     8 -9999
2023 07 08 12   189   172 10115   280    21     8     0    30
2023 07 08 13   189   172 10115   260    31 -9999    -1 -9999
2023 07 08 14   194   167 10114   350    46 -9999     0 -9999
2023 07 08 15   178   167 -9999   340    46 -9999    -1 -9999
2023 07 08 16   178   161 10121   350    57 -9999    -1 -9999
2023 07 08 17   183   156 10123   360    21 -9999     0 -9999
2023 07 08 18   206   156 10120   360    36     6     0     3
2023 07 08 19   222   156 10114    10    41 -9999     0 -9999
2023 07 08 20   211   156 10116    30    62 -9999     0 -9999
2023 07 08 21   228   133 10115    30    36 -9999     0 -9999
2023 07 08 22   239   122 10112    10    41 -9999     0 -9999
2023 07 08 23   244   122 10103    20    36 -9999     0 -9999
2023 07 09 00   244   117 10101   360    26     4     0 -9999
2023 07 09 01   233   111 10106     0     0     4     0 -9999
2023 07 09 02   211   117 10112   140    31     2     0 -9999
2023 07 09 03   206   122 10118   170    21     2     0 -9999
2023 07 09 04   194   122 10120   170    21     2     0 -9999
2023 07 09 05   189   122 10122   200    21     2     0 -9999
2023 07 09 06   183   122 10121   200    15     0     0 -9999
2023 07 09 07   172   122 10116   230    21     0     0 -9999
2023 07 09 08   178   128 10113   220    15     0     0 -9999
2023 07 09 09   172   128 10112     0     0     0     0 -9999
2023 07 09 10   167   133 10111   280    21     2     0 -9999
2023 07 09 11   172   133 10112   270    21     2     0 -9999
2023 07 09 12   194   139 10114     0     0     4     0 -9999
2023 07 09 13   217   139 10121   350    15     2     0 -9999
2023 07 09 14   233   144 10125    70    15     2     0 -9999
2023 07 09 15   250   139 10124     0     0     2     0 -9999
2023 07 09 16   267   139 10125   320    21     2     0 -9999
2023 07 09 17   261   133 10124   280    26     4     0 -9999
2023 07 09 18   267   128 10122   260    46     6     0 -9999
2023 07 09 19   278   122 10117   290    46     4     0 -9999
2023 07 09 20   283   122 10114   300    36 -9999     0 -9999
2023 07 09 21   283   122 10112 -9999    21 -9999     0 -9999
2023 07 09 22   278   128 10111   280    36 -9999     0 -9999
2023 07 09 23   283   128 10108   280    36 -9999     0 -9999
2023 07 10 00   283   122 10109 -9999    26     4     0 -9999
2023 07 10 01   267   117 10110   260    31     2     0 -9999
2023 07 10 02   256   122 10111   260    31     0     0 -9999
2023 07 10 03   239   122 10116   250    31     0     0 -9999
2023 07 10 04   228   122 10119   260    26     0     0 -9999
2023 07 10 05   222   122 10122   240    26     0     0 -9999
2023 07 10 06   211   128 10120   240    31     0     0 -9999
2023 07 10 07   200   133 10118   230    26     0     0 -9999
2023 07 10 08   200   133 10118   240    26     0     0 -9999
2023 07 10 09   200   128 10119   260    36     0     0 -9999
2023 07 10 10   189   128 10124   250    26     2     0 -9999
2023 07 10 11   189   128 10126   240    21     2     0 -9999
2023 07 10 12   200   133 10128   250    26     2     0 -9999
2023 07 10 13   222   144 10132   230    31     2     0 -9999
2023 07 10 14   244   144 10132   230    36     2     0 -9999
2023 07 10 15   261   144 10131 -9999    26     0     0 -9999
2023 07 10 16   278   139 10131   240    36     0     0 -9999
2023 07 10 17   283   144 10127   210    51     0     0 -9999
2023 07 10 18   294   144 10125   210    57     0     0 -9999
2023 07 10 19   294   150 10120   240    51     2     0 -9999
2023 07 10 20   294   150 10116   240    62     0     0 -9999
2023 07 10 21   300   150 10113   250    41     2     0 -9999
2023 07 10 22   294   156 10113   230    62     4     0 -9999
2023 07 10 23   294   156 10111   210    57     4     0 -9999
2023 07 11 00   283   156 10110   210    41     4     0 -9999
2023 07 11 01   278   156 10108   210    51     4     0 -9999
2023 07 11 02   267   156 10110   210    41     4     0 -9999
2023 07 11 03   256   161 10110   200    41     0     0 -9999
2023 07 11 04   250   167 10108   210    46     0     0 -9999
2023 07 11 05   239   167 10112   220    36     2     0 -9999
2023 07 11 06   228   167 10114   210    26     2     0 -9999
2023 07 11 07   228   161 10112   220    36     2     0 -9999
2023 07 11 08   222   161 10110   220    46     2     0 -9999
2023 07 11 09   228   156 10106   220    57     2     0 -9999
2023 07 11 10   222   161 10105   210    46     4     0 -9999
2023 07 11 11   217   161 10107   210    41     4     0 -9999
2023 07 11 12   222   161 10106   220    41     2     0 -9999
2023 07 11 13   239   167 10107   230    36     2     0 -9999
2023 07 11 14   261   172 10111   250    41     2     0 -9999
2023 07 11 15   278   172 10113   220    46     2     0 -9999
2023 07 11 16   283   183 10113   250    31     2     0 -9999
2023 07 11 17   300   194 10118   300    51     4     0 -9999
2023 07 11 18   256   189 10120    50    82     6     0 -9999
2023 07 11 19   211   189 -9999    30    77 -9999    10 -9999
2023 07 11 20   217   194 10128    50    67 -9999    30 -9999
2023 07 11 21   222   183 10127    40    51 -9999     0 -9999
2023 07 11 22   217   172 10138    60    57 -9999     0 -9999
2023 07 11 23   217   161 10131    70    31 -9999     3 -9999
2023 07 12 00   222   150 10131    70    31     6    -1    50
2023 07 12 01   217   139 10131    70    31 -9999     0 -9999
2023 07 12 02   206   139 10134   100    31 -9999     0 -9999
2023 07 12 03   206   133 10136    70    36 -9999     0 -9999
2023 07 12 04   206   133 10141    50    36 -9999     0 -9999
2023 07 12 05   206   128 10140    80    26 -9999     0 -9999
2023 07 12 06   206   122 10141    80    36     8     0 -9999
2023 07 12 07   206   128 10139    60    31 -9999     0 -9999
2023 07 12 08   194   144 10140   100    31 -9999     5 -9999
2023 07 12 09   183   150 10138    40    31 -9999    30 -9999
2023 07 12 10   183   156 10140   100    21 -9999     3 -9999
2023 07 12 11   189   167 10145   230    36 -9999    -1 -9999
2023 07 12 12   178   156 10134    90    36     8    33    70
2023 07 12 13   183   150 10133   110    46 -9999    -1 -9999
2023 07 12 14   183   150 10138   160    31 -9999    -1 -9999
2023 07 12 15   189   167 10119   130    51 -9999     5 -9999
2023 07 12 16   194   178 10121   170    41 -9999     3 -9999
2023 07 12 17   206   183 10106   140    21 -9999     0 -9999
2023 07 12 18   206   189 10119   260    15     8    15    20
2023 07 12 19   206   194 10102   170    51 -9999    81 -9999
2023 07 12 20   217   194 10079   140    46 -9999     3 -9999
2023 07 12 21   217   194 10072   140    41 -9999     0 -9999
2023 07 12 22   228   200 10056   160    51 -9999     0 -9999
2023 07 12 23   239   211 10043   150    31 -9999     5 -9999
2023 07 13 00   239   222 10040   120    26     8     5   110
2023 07 13 01   233   194 10053   270    62 -9999    20 -9999
2023 07 13 02   206   183 10070   320    72 -9999     0 -9999
2023 07 13 03   183   167 10086   350    57 -9999     0 -9999
2023 07 13 04   183   167 10091   340    57 -9999     0 -9999
2023 07 13 05   183   161 10097   340    36 -9999     0 -9999
2023 07 13 06   178   161 10097   340    41     8     0    30
2023 07 13 07   183   161 10097   310    26 -9999     0 -9999
2023 07 13 08   183   156 10098    20    26 -9999     0 -9999
2023 07 13 09   183   156 -9999     0     0 -9999     0 -9999
2023 07 13 10   178   156 10104   320    21 -9999     0 -9999
2023 07 13 11   178   156 10105   300    36 -9999     0 -9999
2023 07 13 12   178   156 10109   300    36 -9999     0 -9999
2023 07 13 13   178   156 10114   300    41 -9999     0 -9999
2023 07 13 14   178   156 10114   320    31 -9999     0 -9999
2023 07 13 15   183   156 10112   300    15 -9999     0 -9999
2023 07 13 16   194   161 10113   280    15 -9999     0 -9999
2023 07 13 17   200   161 10113     0     0 -9999     0 -9999
2023 07 13 18   222   167 10111     0     0     6     0 -9999
2023 07 13 19   233   167 10108     0     0 -9999     0 -9999
2023 07 13 20   244   167 10107 -9999    21 -9999     0 -9999
2023 07 13 21   256   161 10105 -9999    15 -9999     0 -9999
2023 07 13 22   256   161 10102   160    21 -9999     0 -9999
2023 07 13 23   256   161 10098   170    26 -9999     0 -9999
2023 07 14 00   250   156 10095   210    31     6     0 -9999
2023 07 14 01   244   167 10098   170    26 -9999     0 -9999
2023 07 14 02   239   167 10099   210    46 -9999     0 -9999
2023 07 14 03   233   172 10101   220    31 -9999     0 -9999
2023 07 14 04   222   178 10102   200    26 -9999     8 -9999
2023 07 14 05   217   178 10101   170    26 -9999    -1 -9999
2023 07 14 06   211   178 10103   180    26     4     0     8
2023 07 14 07   222   183 10101   210    41 -9999     0 -9999
2023 07 14 08   217   189 10096   220    46 -9999     0 -9999
2023 07 14 09   217   189 10094   220    36 -9999     0 -9999
2023 07 14 10   211   189 10093   220    41 -9999     0 -9999
2023 07 14 11   211   194 10089   210    36 -9999     0 -9999
2023 07 14 12   211   194 10096   230    51     6     0 -9999
2023 07 14 13   217   194 10095   210    41 -9999    -1 -9999
2023 07 14 14   239   194 10103   230    46 -9999     0 -9999
2023 07 14 15   244   189 10102   210    57 -9999     8 -9999
2023 07 14 16   267   194 10102   200    51     2     0 -9999
2023 07 14 17   289   211 10102   210    46     2     0 -9999
2023 07 14 18   306   194 10101   250    57     4     0     8
2023 07 14 19   311   189 10096   250    72     4     0 -9999
2023 07 14 20   317   194 10089   260    51     4     0 -9999
2023 07 14 21   322   183 10083   220    57 -9999     0 -9999
2023 07 14 22   317   183 10079   250    36 -9999     0 -9999
2023 07 14 23   306   200 10081   250    36 -9999     0 -9999
2023 07 15 00   300   211 10087   220    36     8     0 -9999
2023 07 15 01   294   211 10084   240    21 -9999     0 -9999
2023 07 15 02   289   217 10085   230    15 -9999     0 -9999
2023 07 15 03   211   183 -9999   250    62 -9999     2 -9999
2023 07 15 04   222   183 10088   190    31 -9999    10 -9999
2023 07 15 05   211   189 10077   230    21 -9999     0 -9999
2023 07 15 06   211   194 10076   170    36     8     0    50
2023 07 15 07   228   183 10071   180    46 -9999     0 -9999
2023 07 15 08   222   183 10092   320    26 -9999    -1 -9999
2023 07 15 09   222   189 10093   220    21 -9999    -1 -9999
2023 07 15 10   217   194 10089   200    41 -9999     0 -9999
2023 07 15 11   217   200 10089   200    41 -9999     3 -9999
2023 07 15 12   217   206 10086   230    26     6    -1     3
2023 07 15 13   217   206 10085   250    26 -9999     0 -9999
2023 07 15 14   239   206 10086   240    41     4     0 -9999
2023 07 15 15   256   206 10088   230    46     4     0 -9999
2023 07 15 16   267   206 10089   240    46     4     0 -9999
2023 07 15 17   278   200 10089   260    51 -9999     0 -9999
2023 07 15 18   289   206 10086   260    57     6     0 -9999
2023 07 15 19   289   200 10083   250    31 -9999     0 -9999
2023 07 15 20   294   194 10080   240    41 -9999     0 -9999
2023 07 15 21   294   189 10082   280    41 -9999     0 -9999
2023 07 15 22   294   189 10081   280    57 -9999     0 -9999
2023 07 15 23   289   183 10081   280    51 -9999     0 -9999
2023 07 16 00   278   178 10084   290    51     6     0 -9999
2023 07 16 01   267   178 10089   260    41 -9999     0 -9999
2023 07 16 02   256   172 10092   260    26 -9999     0 -9999
2023 07 16 03   250   167 10097   280    36 -9999     0 -9999
2023 07 16 04   239   161 10101   290    36 -9999     0 -9999
2023 07 16 05   233   161 10102   260    26 -9999     0 -9999
2023 07 16 06   222   161 10100   250    26     6     0 -9999
2023 07 16 07   217   161 10100   260    31 -9999     0 -9999
2023 07 16 08   211   167 10102   270    31 -9999     0 -9999
2023 07 16 09   206   167 10100   240    26 -9999     0 -9999
2023 07 16 10   200   167 10102   250    36 -9999     0 -9999
2023 07 16 11   200   156 10105   240    31 -9999     0 -9999
2023 07 16 12   190   160 10110   250    31     8     0 -9999
2023 07 16 13   206   156 10110   260    36 -9999     0 -9999
2023 07 16 14   217   150 10113   270    36 -9999     0 -9999
2023 07 16 15   228   150 10116   270    41 -9999     0 -9999
2023 07 16 16   250   133 10114   300    57     4     0 -9999
2023 07 16 17   256   122 10116   270    57 -9999     0 -9999
2023 07 16 18   267   133 10112   290    41     6     0 -9999
2023 07 16 19   261   133 10113   270    57 -9999     0 -9999
2023 07 16 20   261   139 10111   270    41 -9999     0 -9999
2023 07 16 21   267   133 10108   250    72 -9999     0 -9999
2023 07 16 22   267   139 10099   260    62 -9999     0 -9999
2023 07 16 23   267   139 10097   260    46     4     0 -9999
2023 07 17 00   261   144 10094   240    41     4     0 -9999
2023 07 17 01   256   150 10097   230    51 -9999     0 -9999
2023 07 17 02   244   150 10097   220    31     4     0 -9999
2023 07 17 03   233   156 10102   230    36 -9999     0 -9999
2023 07 17 04   233   161 10107   230    41 -9999     0 -9999
2023 07 17 05   233   161 10109   230    51 -9999     0 -9999
2023 07 17 06   228   161 10110   250    51     6     0 -9999
2023 07 17 07   222   161 10110   260    41 -9999     0 -9999
2023 07 17 08   211   161 10107   250    31 -9999     0 -9999
2023 07 17 09   200   161 10104   260    21 -9999     0 -9999
2023 07 17 10   194   161 10113   260    21 -9999     0 -9999
2023 07 17 11   189   156 10118   280    21     2     0 -9999
2023 07 17 12   194   150 10123   280    26     2     0 -9999
2023 07 17 13   206   128 10127   320    31     2     0 -9999
2023 07 17 14   217   122 10130   310    31     2     0 -9999
2023 07 17 15   228   117 10134   280    41     0     0 -9999
2023 07 17 16   239   111 10132   250    57     2     0 -9999
2023 07 17 17   244   106 10131   260    67     2     0 -9999
2023 07 17 18   250   111 10131   280    67     2     0 -9999
2023 07 17 19   256   111 10128   290    36     2     0 -9999
2023 07 17 20   256   111 10127   250    41     4     0 -9999
2023 07 17 21   261   111 10122   270    41     4     0 -9999
2023 07 17 22   261   111 10118   280    46 -9999     0 -9999
2023 07 17 23   256   111 10118   280    36 -9999     0 -9999
2023 07 18 00   250   111 10121   310    46     4     0 -9999
2023 07 18 01   244   106 10121   270    36     4     0 -9999
2023 07 18 02   233   111 10128   250    21     4     0 -9999
2023 07 18 03   222   117 10136   260    26     2     0 -9999
2023 07 18 04   211   122 10141   250    26     2     0 -9999
2023 07 18 05   206   122 10142   290    26     2     0 -9999
2023 07 18 06   200   128 10142   310    26     4     0 -9999
2023 07 18 07   189   128 10139   300    26     4     0 -9999
2023 07 18 08   183   128 10135   320    21     2     0 -9999
2023 07 18 09   172   122 10136   360    31     2     0 -9999
2023 07 18 10   172   122 10144   340    26     2     0 -9999
2023 07 18 11   172   122 10150   290    15     2     0 -9999
2023 07 18 12   189   133 10156   300    15     4     0 -9999
2023 07 18 13   211   133 10157   350    21     4     0 -9999
2023 07 18 14   222   128 10156    20    31 -9999     0 -9999
2023 07 18 15   233   128 10150    20    21 -9999     0 -9999
2023 07 18 16   244   122 10153     0     0     4     0 -9999
2023 07 18 17   244   122 10154   250    31     4     0 -9999
2023 07 18 18   261   117 10149 -9999    15     4     0 -9999
2023 07 18 19   261   122 10149   240    21 -9999     0 -9999
2023 07 18 20   256   139 10147   120    36 -9999     0 -9999
2023 07 18 21   250   139 10145    80    36 -9999     0 -9999
2023 07 18 22   261   144 10143    60    21 -9999     0 -9999
2023 07 18 23   261   139 10141    50    36     4     0 -9999
2023 07 19 00   244   128 10142    80    41     2     0 -9999
2023 07 19 01   233   128 10143   100    36     2     0 -9999
2023 07 19 02   217   122 10148   100    31     4     0 -9999
2023 07 19 03   217   111 10158   110    21     2     0 -9999
2023 07 19 04   206   111 10163   120    21     2     0 -9999
2023 07 19 05   206   117 10168     0     0     0     0 -9999
2023 07 19 06   194   122 10166     0     0     0     0 -9999
2023 07 19 07   183   128 10165   280    15     0     0 -9999
2023 07 19 08   178   128 10162   280    15     0     0 -9999
2023 07 19 09   178   128 10163     0     0     2     0 -9999
2023 07 19 10   178   128 10162     0     0     2     0 -9999
2023 07 19 11   183   128 10168     0     0     2     0 -9999
2023 07 19 12   200   139 10171     0     0     2     0 -9999
2023 07 19 13   217   128 10176   100    26     2     0 -9999
2023 07 19 14   239   122 10174    90    21     2     0 -9999
2023 07 19 15   250   128 10176   140    36     2     0 -9999
2023 07 19 16   261   122 10174     0     0     2     0 -9999
2023 07 19 17   272   139 10173    60    26     2     0 -9999
2023 07 19 18   283   150 10169   120    21     2     0 -9999
2023 07 19 19   283   144 10167   230    26 -9999     0 -9999
2023 07 19 20   289   150 10162   190    31 -9999     0 -9999
2023 07 19 21   289   139 10157   260    26 -9999     0 -9999
2023 07 19 22   294   117 10153   220    21 -9999     0 -9999
2023 07 19 23   294   128 10150   230    31 -9999     0 -9999
2023 07 20 00   283   122 10151   240    36     6     0 -9999
2023 07 20 01   267   139 10149   260    31 -9999     0 -9999
2023 07 20 02   261   144 10147   250    21 -9999     0 -9999
2023 07 20 03   250   144 10150   200    15     4     0 -9999
2023 07 20 04   239   144 10148   220    15 -9999     0 -9999
2023 07 20 05   233   150 10142   200    15 -9999     0 -9999
2023 07 20 06   222   150 10144   220    21     6     0 -9999
2023 07 20 07   222   156 10140   220    31 -9999     0 -9999
2023 07 20 08   222   156 10137   220    21 -9999     0 -9999
2023 07 20 09   222   161 10135   220    15 -9999     0 -9999
2023 07 20 10   222   161 10134   220    26 -9999     0 -9999
2023 07 20 11   222   167 10132   220    26     4     0 -9999
2023 07 20 12   228   183 10128   220    31 -9999     0 -9999
2023 07 20 13   244   200 10123   220    36     4     0 -9999
2023 07 20 14   261   206 10117   230    57     2     0 -9999
2023 07 20 15   278   206 10109   230    72     2     0 -9999
2023 07 20 16   283   211 10113   240    82     4     0 -9999
2023 07 20 17   294   206 10107   260    62 -9999     0 -9999
2023 07 20 18   306   167 10106   290    67     4     0 -9999
2023 07 20 19   300   150 10102   280    77     4     0 -9999
2023 07 20 20   300   156 10102   300    77     4     0 -9999
2023 07 20 21   300   150 10102   300    67     4     0 -9999
2023 07 20 22   294   144 10101   320    82     4     0 -9999
2023 07 20 23   283   139 10104   320    77     4     0 -9999
2023 07 21 00   278   144 10109   330    57     4     0 -9999
2023 07 21 01   256   133 10117   320    57     2     0 -9999
2023 07 21 02   244   133 10127   310    51     4     0 -9999
2023 07 21 03   233   139 10133   320    41     4     0 -9999
2023 07 21 04   228   144 10138   280    26     4     0 -9999
2023 07 21 05   211   144 10139   350    41     4     0 -9999
2023 07 21 06   200   144 10141   350    26     4     0 -9999
2023 07 21 07   200   150 10141   360    26     4     0 -9999
2023 07 21 08   200   156 10144   320    15 -9999     0 -9999
2023 07 21 09   194   150 10142   340    31 -9999     0 -9999
2023 07 21 10   189   150 10146   330    31 -9999     0 -9999
2023 07 21 11   178   150 10148   350    36     4     0 -9999
2023 07 21 12   194   156 10153   350    36     2     0 -9999
2023 07 21 13   206   161 10161   360    46 -9999     0 -9999
2023 07 21 14   211   161 10163    10    41     4     0 -9999
2023 07 21 15   222   156 10167    40    31 -9999     0 -9999
2023 07 21 16   228   156 10167    10    26 -9999     0 -9999
2023 07 21 17   239   156 10164   340    21 -9999     0 -9999
2023 07 21 18   256   144 10160     0     0     6     0 -9999
2023 07 21 19   261   139 10160    30    26 -9999     0 -9999
2023 07 21 20   272   139 10160   360    31 -9999     0 -9999
2023 07 21 21   272   128 10152    20    46 -9999     0 -9999
2023 07 21 22   272   122 10151    40    46     4     0 -9999
2023 07 21 23   267   111 10147    50    51     2     0 -9999
2023 07 22 00   261   111 10141   100    31     2     0 -9999
2023 07 22 01   239   117 10142   100    36     2     0 -9999
2023 07 22 02   228   117 10142   100    26     2     0 -9999
2023 07 22 03   228   117 10143   130    15     0     0 -9999
2023 07 22 04   217   128 10145   230    15     0     0 -9999
2023 07 22 05   217   122 10145     0     0     2     0 -9999
2023 07 22 06   206   128 10142   240    21     2     0 -9999
2023 07 22 07   194   128 10139   230    15     2     0 -9999
2023 07 22 08   194   128 10135   210    15     0     0 -9999
2023 07 22 09   189   128 10133     0     0     0     0 -9999
2023 07 22 10   183   133 10135   210    15     0     0 -9999
2023 07 22 11   183   139 10139     0     0     2     0 -9999
2023 07 22 12   194   144 10139   250    15     2     0 -9999
2023 07 22 13   217   150 10140   250    26     0     0 -9999
2023 07 22 14   239   150 10141   270    26     0     0 -9999
2023 07 22 15   261   144 10136   270    41     0     0 -9999
2023 07 22 16   272   150 10134   270    36     2     0 -9999
2023 07 22 17   272   144 10131   220    41     4     0 -9999
2023 07 22 18   289   139 10125   230    41     6     0 -9999
2023 07 22 19   289   128 10122   250    36 -9999     0 -9999
2023 07 22 20   289   128 10117   270    51 -9999     0 -9999
2023 07 22 21   294   139 10113   250    62 -9999     0 -9999
2023 07 22 22   261   144 10115   290    57 -9999     0 -9999
2023 07 22 23   244   133 10118   280    46 -9999    -1 -9999
2023 07 23 00   228   133 10128   300    46     6    -1     0
2023 07 23 01   200   150 -9999   220    57 -9999    -1 -9999
2023 07 23 02   200   144 10114   210    41 -9999    -1 -9999
2023 07 23 03   211   144 10112   210    41     4     0 -9999
2023 07 23 04   211   150 10114   220    31     4     0 -9999
2023 07 23 05   211   161 10115 -9999    15 -9999     0 -9999
2023 07 23 06   189   156 10130   310    72     8     5     3
2023 07 23 07   178   161 10115   170    26 -9999    25 -9999
2023 07 23 08   178   161 10108   180    31 -9999    -1 -9999
2023 07 23 09   183   167 10111   260    21 -9999     0 -9999
2023 07 23 10   183   172 10114   250    15 -9999     0 -9999
2023 07 23 11   178   167 10123   260    15     4     0 -9999
2023 07 23 12   178   167 10127     0     0     4     0    30
2023 07 23 13   189   172 10131   270    21     2     0 -9999
2023 07 23 14   206   172 10134   310    26     2     0 -9999
2023 07 23 15   233   172 10134   300    31     2     0 -9999
2023 07 23 16   244   167 10134   240    31     2     0 -9999
2023 07 23 17   256   167 10133   270    26     2     0 -9999
2023 07 23 18   267   167 10129   240    36     2     0 -9999
2023 07 23 19   278   161 10128   290    31     2     0 -9999
2023 07 23 20   283   150 10127   300    36     4     0 -9999
2023 07 23 21   272   161 10124   310    36     4     0 -9999
2023 07 23 22   278   161 10124   270    41     4     0 -9999
2023 07 23 23   283   156 10124   280    31     4     0 -9999
2023 07 24 00   278   156 10127   280    26     2     0 -9999
2023 07 24 01   267   156 10132   290    15 -9999     0 -9999
2023 07 24 02   256   167 10135   260    15     4     0 -9999
2023 07 24 03   244   167 10144   260    21     2     0 -9999
2023 07 24 04   239   167 10145     0     0     2     0 -9999
2023 07 24 05   233   167 10147     0     0     2     0 -9999
2023 07 24 06   222   167 10148   230    21     0     0 -9999
2023 07 24 07   217   167 10145   250    15     0     0 -9999
2023 07 24 08   217   167 10143     0     0     0     0 -9999
2023 07 24 09   211   167 10145     0     0     0     0 -9999
2023 07 24 10   206   172 10149   260    15     2     0 -9999
2023 07 24 11   206   172 10154   260    15     2     0 -9999
2023 07 24 12   217   172 10157     0     0     4     0 -9999
2023 07 24 13   239   178 10160     0     0     2     0 -9999
2023 07 24 14   261   183 10164     0     0     2     0 -9999
2023 07 24 15   278   172 10166     0     0     4     0 -9999
2023 07 24 16   283   167 10166   320    21     4     0 -9999
2023 07 24 17   289   161 10169   310    21     4     0 -9999
2023 07 24 18   289   156 10166   310    26     4     0 -9999
2023 07 24 19   306   156 10164   330    26     2     0 -9999
2023 07 24 20   306   144 10163   260    26     4     0 -9999
2023 07 24 21   306   161 10160   310    21     4     0 -9999
2023 07 24 22   294   172 10160    60    41     4     0 -9999
2023 07 24 23   283   167 10163   100    41     4     0 -9999
2023 07 25 00   278   156 10163   110    36     4     0 -9999
2023 07 25 01   267   156 10165    90    26     4     0 -9999
2023 07 25 02   250   156 10168   110    26     4     0 -9999
2023 07 25 03   239   156 10175   130    26     2     0 -9999
2023 07 25 04   239   161 10174   150    21     2     0 -9999
2023 07 25 05   239   167 10178     0     0     2     0 -9999
2023 07 25 06   228   167 10179     0     0     0     0 -9999
2023 07 25 07   222   167 10179     0     0     0     0 -9999
2023 07 25 08   217   167 10178   210    15     0     0 -9999
2023 07 25 09   217   167 10176     0     0     0     0 -9999
2023 07 25 10   211   167 10179     0     0     2     0 -9999
2023 07 25 11   211   167 10181   180    21     2     0 -9999
2023 07 25 12   217   167 10182   220    21     2     0 -9999
2023 07 25 13   239   178 10186   200    21     2     0 -9999
2023 07 25 14   261   172 10184   210    31     2     0 -9999
2023 07 25 15   278   178 10185   230    36     0     0 -9999
2023 07 25 16   289   183 10184   190    31     0     0 -9999
2023 07 25 17   300   178 10180   230    31     0     0 -9999
2023 07 25 18   311   172 10171   200    36     2     0 -9999
2023 07 25 19   317   172 10168   170    31     2     0 -9999
2023 07 25 20   322   178 10164   210    31     2     0 -9999
2023 07 25 21   322   167 10158   210    36     2     0 -9999
2023 07 25 22   317   178 10155   190    36     4     0 -9999
2023 07 25 23   311   189 10150   180    62     4     0 -9999
2023 07 26 00   306   189 10150   210    51     6     0 -9999
2023 07 26 01   294   189 10154   210    46 -9999     0 -9999
2023 07 26 02   283   189 10155   170    31 -9999     0 -9999
2023 07 26 03   272   189 10152   150    31 -9999     0 -9999
2023 07 26 04   267   189 10144   150    36 -9999     0 -9999
2023 07 26 05   261   194 10139   140    36 -9999     0 -9999
2023 07 26 06   261   194 10133   150    46     6     0 -9999
2023 07 26 07   267   194 10132   180    31 -9999     0 -9999
2023 07 26 08   256   200 10126   170    36 -9999     0 -9999
2023 07 26 09   256   200 10118   160    36 -9999     0 -9999
2023 07 26 10   250   200 10112   170    51 -9999     0 -9999
2023 07 26 11   244   206 10106   170    41 -9999     0 -9999
2023 07 26 12   250   217 10103   170    57     6     0 -9999
2023 07 26 13   261   217 10095   170    51 -9999     0 -9999
2023 07 26 14   267   222 10103   210    41 -9999     0 -9999
2023 07 26 15   222   194 -9999   320    36 -9999    43 -9999
2023 07 26 16   222   206 10079   120    51 -9999    36 -9999
2023 07 26 17   261   239 10088 -9999    15 -9999     0 -9999
2023 07 26 18   283   244 10089     0     0     8     0   100
2023 07 26 19   306   244 10075   190    46 -9999     0 -9999
2023 07 26 20   306   239 10070   230    41 -9999     0 -9999
2023 07 26 21   311   239 10064   210    36 -9999     0 -9999
2023 07 26 22   311   239 10067   270    46 -9999     0 -9999
2023 07 26 23   317   239 10067   250    36 -9999     0 -9999
2023 07 27 00   311   239 10069   280    36     6     0 -9999
2023 07 27 01   294   250 10077   340    41 -9999     0 -9999
2023 07 27 02   289   233 10085   320    31     4     0 -9999
2023 07 27 03   267   217 10095   350    36     2     0 -9999
2023 07 27 04   261   211 10103   350    21     2     0 -9999
2023 07 27 05   256   211 10107   220    15     0     0 -9999
2023 07 27 06   250   211 10111     0     0     0     0 -9999
2023 07 27 07   244   211 10111     0     0     0     0 -9999
2023 07 27 08   239   211 10112   230    15     0     0 -9999
2023 07 27 09   233   206 10113     0     0     0     0 -9999
2023 07 27 10   233   206 10117     0     0     0     0 -9999
2023 07 27 11   222   206 10124   350    21     2     0 -9999
2023 07 27 12   244   211 10130     0     0     2     0 -9999
2023 07 27 13   267   217 10136     0     0     0     0 -9999
2023 07 27 14   283   217 10137     0     0 -9999     0 -9999
2023 07 27 15   294   222 10140 -9999    15     2     0 -9999
2023 07 27 16   306   217 10143     0     0     2     0 -9999
2023 07 27 17   322   222 10143     0     0     2     0 -9999
2023 07 27 18   317   228 10142    70    36     2     0 -9999
2023 07 27 19   317   222 10141   100    46     2     0 -9999
2023 07 27 20   322   222 10139   100    31     2     0 -9999
2023 07 27 21   328   222 10138   120    36     2     0 -9999
2023 07 27 22   328   222 10134   140    36     4     0 -9999
2023 07 27 23   333   222 10124   160    36 -9999     0 -9999
2023 07 28 00   322   217 10122   150    46     6     0 -9999
2023 07 28 01   322   206 10125   190    21 -9999     0 -9999
2023 07 28 02   311   211 10130   180    15 -9999     0 -9999
2023 07 28 03   294   217 10133   130    26 -9999     0 -9999
2023 07 28 04   283   206 10130   150    21 -9999     0 -9999
2023 07 28 05   278   206 10136     0     0 -9999     0 -9999
2023 07 28 06   283   206 10131   170    21     8     0 -9999
2023 07 28 07   289   222 10125   190    26 -9999     0 -9999
2023 07 28 08   278   233 10115   120    26 -9999     0 -9999
2023 07 28 09   256   206 10149    10    67 -9999     0 -9999
2023 07 28 10   233   206 10150    20    46 -9999    -1 -9999
2023 07 28 11   228   211 10169   280    31 -9999    33 -9999
2023 07 28 12   228   211 10123    90    62     8    43    70
2023 07 28 13   228   217 10136   150    36 -9999     3 -9999
2023 07 28 14   250   228 10132   160    46 -9999     0 -9999
2023 07 28 15   272   222 10135   170    41 -9999     0 -9999
2023 07 28 16   283   217 10141   200    51 -9999     0 -9999
2023 07 28 17   300   228 10138   200    41 -9999     0 -9999
2023 07 28 18   317   228 10132   230    57     2     0     5
2023 07 28 19   322   233 10126   230    41     2     0 -9999
2023 07 28 20   328   239 10122   230    41 -9999     0 -9999
2023 07 28 21   333   244 10120   210    36 -9999     0 -9999
2023 07 28 22   333   250 10120   250    21 -9999     0 -9999
2023 07 28 23   311   239 10124    30    62 -9999     0 -9999
2023 07 29 00   306   239 10123    40    51     6     0 -9999
2023 07 29 01   283   228 10111    60    36 -9999     0 -9999
2023 07 29 02   267   239 10105   220    21 -9999     5 -9999
2023 07 29 03   244   217 10107    10    21 -9999     8 -9999
2023 07 29 04   217   200 10133   310   129 -9999   137 -9999
2023 07 29 05   222   206 10156   300    67 -9999    89 -9999
2023 07 29 06   217   194 10123   330    41     8    23   260
2023 07 29 07   217   200 10125   360    72 -9999    -1 -9999
2023 07 29 08   211   194 10134   320    36 -9999     0 -9999
2023 07 29 09   211   194 10137   280    15 -9999     0 -9999
2023 07 29 10   206   194 10145   260    21 -9999     0 -9999
2023 07 29 11   211   194 10146   300    36 -9999     0 -9999
2023 07 29 12   217   200 10151   340    46     8     0    -1
2023 07 29 13   222   200 10155   350    46 -9999     0 -9999
2023 07 29 14   233   194 10163   340    36 -9999     0 -9999
2023 07 29 15   244   194 10168   360    51 -9999     0 -9999
2023 07 29 16   250   194 10172    50    41 -9999     0 -9999
2023 07 29 17   261   200 10173   350    21 -9999     0 -9999
2023 07 29 18   267   194 10173   360    36     6     0 -9999
2023 07 29 19   272   167 10176    70    51     4     0 -9999
2023 07 29 20   278   156 10181    30    41     4     0 -9999
2023 07 29 21   278   150 10176    30    41     4     0 -9999
2023 07 29 22   278   144 10174    50    46     4     0 -9999
2023 07 29 23   272   133 10172    30    46     2     0 -9999
2023 07 30 00   261   128 10171    50    46     2     0 -9999
2023 07 30 01   250   133 10166    60    31     2     0 -9999
2023 07 30 02   217   128 10170    90    21     2     0 -9999
2023 07 30 03   222   122 10175   100    26     0     0 -9999
2023 07 30 04   217   139 10175     0     0     2     0 -9999
2023 07 30 05   211   150 10177   280    15     2     0 -9999
2023 07 30 06   206   144 10176   240    21     2     0 -9999
2023 07 30 07   206   144 10175     0     0     4     0 -9999
2023 07 30 08   206   144 10175   270    21 -9999     0 -9999
2023 07 30 09   206   150 10173   260    26     4     0 -9999
2023 07 30 10   206   156 10173   240    15 -9999     0 -9999
2023 07 30 11   206   156 10175     0     0     2     0 -9999
2023 07 30 12   211   161 10178   330    15     2     0 -9999
2023 07 30 13   228   172 10183   340    26     2     0 -9999
2023 07 30 14   239   183 10187    10    36     2     0 -9999
2023 07 30 15   244   189 10186    20    41 -9999     0 -9999
2023 07 30 16   256   183 10189    20    67 -9999     0 -9999
2023 07 30 17   256   178 10189    30    57 -9999     0 -9999
2023 07 30 18   256   172 10187    60    67     6     0 -9999
2023 07 30 19   256   161 10188    30    46     2     0 -9999
2023 07 30 20   261   161 10188    50    51     4     0 -9999
2023 07 30 21   256   150 10185    60    31     4     0 -9999
2023 07 30 22   256   144 10185    20    51 -9999     0 -9999
2023 07 30 23   250   133 10186    30    57 -9999 -9999 -9999
2023 07 31 00   244   128 10183    50    36     4 -9999 -9999
2023 07 31 01   233   122 10183   110    26     2     0 -9999
2023 07 31 02   222   117 10186   120    26     2     0 -9999
2023 07 31 03   217   111 10185   120    21     2     0 -9999
2023 07 31 04   217   117 10184   140    15     2     0 -9999
2023 07 31 05   206   128 10186   220    15     2     0 -9999
2023 07 31 06   194   128 10189   250    21     2     0 -9999
2023 07 31 07   194   128 10186   260    15     4     0 -9999
2023 07 31 08   189   133 10188     0     0     2     0 -9999
2023 07 31 09   178   133 10193     0     0     2     0 -9999
2023 07 31 10   189   139 10197     0     0 -9999     0 -9999
2023 07 31 11   183   139 10196     0     0     4     0 -9999
2023 07 31 12   194   156 10201   310    15     2     0 -9999
2023 07 31 13   217   144 10207   280    26     2     0 -9999
2023 07 31 14   233   139 10212   260    31     2     0 -9999
2023 07 31 15   250   139 10213   290    26     2     0 -9999
2023 07 31 16   256   133 10207 -9999    21     4     0 -9999
2023 07 31 17   261   139 10210   300    15 -9999     0 -9999
2023 07 31 18   267   139 10207   330    31     6     0 -9999
2023 07 31 19   267   144 10202   360    31 -9999     0 -9999
2023 07 31 20   272   156 10199   110    31 -9999     0 -9999
2023 07 31 21   261   144 10199    70    26 -9999     0 -9999
2023 07 31 22   267   144 10195    90    26 -9999     0 -9999
2023 07 31 23   267   139 10193    70    41 -9999     0 -9999
2023 08 01 00   256   139 10191    80    41     4     0 -9999
2023 08 01 01   244   133 10197    90    31     4     0 -9999
2023 08 01 02   233   133 10203   100    31     4     0 -9999
2023 08 01 03   233   133 10209   120    21 -9999     0 -9999
2023 08 01 04   228   139 10209   140    26     4     0 -9999
2023 08 01 05   222   139 10208   130    21     4     0 -9999
2023 08 01 06   217   144 10207     0     0     2     0 -9999
2023 08 01 07   217   144 10207     0     0     4     0 -9999
2023 08 01 08   217   139 10210   130    21     4     0 -9999
2023 08 01 09   211   139 10210   160    21 -9999     0 -9999
2023 08 01 10   211   144 10213   170    15 -9999     0 -9999
2023 08 01 11   206   150 10214   150    15 -9999     0 -9999
2023 08 01 12   211   156 10215   180    15     6     0 -9999
2023 08 01 13   222   156 10221   210    26 -9999     0 -9999
2023 08 01 14   244   161 10222   210    31 -9999     0 -9999
2023 08 01 15   256   150 10224   230    41 -9999     0 -9999
2023 08 01 16   261   156 10224   210    41 -9999     0 -9999
2023 08 01 17   261   156 10221   220    46 -9999     0 -9999
2023 08 01 18   272   167 10217   210    31     6     0 -9999
2023 08 01 19   289   172 10207   220    57 -9999     0 -9999
2023 08 01 20   294   172 10203   240    46 -9999     0 -9999
2023 08 01 21   289   172 10198   190    31 -9999     0 -9999
2023 08 01 22   294   167 10193   210    36 -9999     0 -9999
2023 08 01 23   289   172 10191   220    41 -9999     0 -9999
2023 08 02 00   278   172 10193   220    51     6     0 -9999
2023 08 02 01   272   167 10193   220    26 -9999     0 -9999
2023 08 02 02   261   167 10196   220    21 -9999     0 -9999
2023 08 02 03   256   167 10203   200    36 -9999     0 -9999
2023 08 02 04   244   167 10205   190    31 -9999     0 -9999
2023 08 02 05   239   161 10200   190    36     4     0 -9999
2023 08 02 06   233   150 10198   190    31     2     0 -9999
2023 08 02 07   228   150 10198   200    31     4     0 -9999
2023 08 02 08   222   150 10193   190    26     2     0 -9999
2023 08 02 09   211   150 10186   150    15     2     0 -9999
2023 08 02 10   206   150 10188   180    36     2     0 -9999
2023 08 02 11   206   150 10195   170    21     2     0 -9999
2023 08 02 12   217   156 10192   190    31     2     0 -9999
2023 08 02 13   233   161 10190   190    36     4     0 -9999
2023 08 02 14   250   161 10191   190    51     4     0 -9999
2023 08 02 15   261   161 10195   200    57     4     0 -9999
2023 08 02 16   272   156 10193   200    51     4     0 -9999
2023 08 02 17   278   156 10187   220    51 -9999     0 -9999
2023 08 02 18   272   161 10180   240    41     6     0 -9999
2023 08 02 19   278   167 10171   200    57 -9999     0 -9999
2023 08 02 20   289   167 10166   150    26 -9999     0 -9999
2023 08 02 21   289   167 10162   220    31 -9999     0 -9999
2023 08 02 22   283   167 10160   170    36 -9999     0 -9999
2023 08 02 23   283   167 10161   190    41 -9999     0 -9999
2023 08 03 00   278   172 10160   190    41     6     0 -9999
2023 08 03 01   267   172 10159   200    46 -9999     0 -9999
2023 08 03 02   261   167 10162   200    36 -9999     0 -9999
2023 08 03 03   250   172 10165   230    26 -9999     0 -9999
2023 08 03 04   239   178 10159   220    15     4     0 -9999
2023 08 03 05   233   178 10158     0     0     4     0 -9999
2023 08 03 06   228   178 10158     0     0     2     0 -9999
2023 08 03 07   217   178 10155   220    15     2     0 -9999
2023 08 03 08   211   183 10151     0     0     2     0 -9999
2023 08 03 09   211   183 10148     0     0     0     0 -9999
2023 08 03 10   200   178 10152     0     0     0     0 -9999
2023 08 03 11   200   178 10146   220    26     2     0 -9999
2023 08 03 12   206   189 10152   240    15     2     0 -9999
2023 08 03 13   222   194 10156     0     0     2     0 -9999
2023 08 03 14   239   189 10154     0     0     2     0 -9999
2023 08 03 15   261   189 10154   110    15     4     0 -9999
2023 08 03 16   267   183 10154   290    15     4     0 -9999
2023 08 03 17   283   178 10153 -9999    15     4     0 -9999
2023 08 03 18   289   183 10146   180    26     6     0 -9999
2023 08 03 19   311   172 10142    30    15 -9999     0 -9999
2023 08 03 20   300   178 10138   240    31 -9999     0 -9999
2023 08 03 21   311   178 10129 -9999    21 -9999     0 -9999
2023 08 03 22   311   178 10128 -9999    21 -9999     0 -9999
2023 08 03 23   306   194 10126   260    46     4     0 -9999
2023 08 04 00   294   194 10123   250    36     6     0 -9999
2023 08 04 01   278   200 10129   260    36 -9999     0 -9999
2023 08 04 02   267   200 10141   270    26 -9999     0 -9999
2023 08 04 03   261   200 10138   250    21 -9999     0 -9999
2023 08 04 04   250   200 10141     0     0     4     0 -9999
2023 08 04 05   250   194 10141   330    15     4     0 -9999
2023 08 04 06   239   194 10137   270    26     4     0 -9999
2023 08 04 07   239   194 10135   280    26     4     0 -9999
2023 08 04 08   233   194 10132   260    21     4     0 -9999
2023 08 04 09   228   194 10131     0     0     4     0 -9999
2023 08 04 10   228   200 10132    20    31     2     0 -9999
2023 08 04 11   228   200 10134    20    26     4     0 -9999
2023 08 04 12   233   206 10136    30    21     2     0 -9999
2023 08 04 13   250   206 10145    80    36 -9999     0 -9999
2023 08 04 14   261   206 10151    90    26 -9999     0 -9999
2023 08 04 15   272   206 10152    80    36     4     0 -9999
2023 08 04 16   283   172 10160    70    31     4     0 -9999
2023 08 04 17   289   178 10162    60    41     4     0 -9999
2023 08 04 18   294   172 10158    60    57     6     0 -9999
2023 08 04 19   294   156 10157    80    51     4     0 -9999
2023 08 04 20   289   156 10154    40    72     4     0 -9999
2023 08 04 21   283   150 10154    40    62     4     0 -9999
2023 08 04 22   283   144 10158    30    51     4     0 -9999
2023 08 04 23   272   144 10152    50    62     4     0 -9999
2023 08 05 00   256   144 10150    40    72     6     0 -9999
2023 08 05 01   244   161 10156    20    57 -9999     0 -9999
2023 08 05 02   233   178 10158    20    57 -9999     0 -9999
2023 08 05 03   233   183 10161    30    46 -9999     0 -9999
2023 08 05 04   228   183 10162    50    36 -9999     0 -9999
2023 08 05 05   228   189 10163    60    31 -9999     0 -9999
2023 08 05 06   222   189 10159    50    46     6     0 -9999
2023 08 05 07   217   183 10158    60    41 -9999     0 -9999
2023 08 05 08   222   178 10156    50    36 -9999     0 -9999
2023 08 05 09   228   178 10152    50    36 -9999     0 -9999
2023 08 05 10   228   189 10150    60    31 -9999     0 -9999
2023 08 05 11   222   194 10147    60    31 -9999     0 -9999
2023 08 05 12   233   206 10147    50    36     8     0 -9999
2023 08 05 13   239   206 10151    70    31 -9999     0 -9999
2023 08 05 14   244   194 10148    80    26 -9999    -1 -9999
2023 08 05 15   239   194 10149    70    31 -9999    -1 -9999
2023 08 05 16   239   194 10148   110    57 -9999     3 -9999
2023 08 05 17   233   194 10146    90    41 -9999    10 -9999
2023 08 05 18   233   194 10143    90    51     8     3    20
2023 08 05 19   228   200 10142    70    51 -9999    10 -9999
2023 08 05 20   228   200 10140    70    46 -9999    -1 -9999
2023 08 05 21   239   200 10134    70    62 -9999    -1 -9999
2023 08 05 22   228   194 10132    80    57 -9999    -1 -9999
2023 08 05 23   222   194 10133    70    41 -9999     5 -9999
2023 08 06 00   233   194 10127    80    41     6    -1    20
2023 08 06 01   228   178 10128    70    41 -9999     0 -9999
2023 08 06 02   228   172 10126    90    51 -9999     0 -9999
2023 08 06 03   228   172 10133    80    51 -9999     0 -9999
2023 08 06 04   217   172 10130    70    31 -9999    -1 -9999
2023 08 06 05   211   172 10125    90    31 -9999    -1 -9999
2023 08 06 06   206   183 10127    70    51     8    -1    -1
2023 08 06 07   194   178 10124    80    46 -9999    -1 -9999
2023 08 06 08   194   183 -9999    50    46 -9999    -1 -9999
2023 08 06 09   194   183 10111    60    57 -9999     3 -9999
2023 08 06 10   189   172 10110    70    62 -9999    -1 -9999
2023 08 06 11   194   172 10108    20    57 -9999     0 -9999
2023 08 06 12   206   167 10104    30    77     8     0     3
2023 08 06 13   206   178 10097    60    62 -9999     0 -9999
2023 08 06 14   206   178 10106    10    62 -9999    -1 -9999
2023 08 06 15   206   178 10110   350    46 -9999     0 -9999
2023 08 06 16   200   178 10108   350    62 -9999     0 -9999
2023 08 06 17   211   178 10106   360    72 -9999     0 -9999
2023 08 06 18   217   172 10105    10    67     8     0     0
2023 08 06 19   211   172 10108    10    62 -9999     0 -9999
2023 08 06 20   211   178 10109   360    41 -9999     0 -9999
2023 08 06 21   217   178 10102    40    46 -9999     0 -9999
2023 08 06 22   222   172 -9999    30    41 -9999     0 -9999
2023 08 06 23   217   172 -9999    30    46 -9999     0 -9999
2023 08 07 00   211   167 10096    10    57     8     0 -9999
2023 08 07 01   200   172 10096   350    36 -9999     0 -9999
2023 08 07 02   206   172 10094    30    46 -9999     0 -9999
2023 08 07 03   200   178 10092    20    36 -9999     0 -9999
2023 08 07 04   206   172 10092   360    26 -9999     0 -9999
2023 08 07 05   200   178 10086   350    36 -9999     0 -9999
2023 08 07 06   206   172 10083   360    41     8     0 -9999
2023 08 07 07   200   178 10078   360    26 -9999     0 -9999
2023 08 07 08   206   172 10075    40    46 -9999     0 -9999
2023 08 07 09   206   172 10072    30    46 -9999     0 -9999
2023 08 07 10   206   172 10073    20    41 -9999     0 -9999
2023 08 07 11   206   172 10077    30    46 -9999     0 -9999
2023 08 07 12   211   172 10082    10    41     8     0 -9999
2023 08 07 13   211   172 10086    10    46 -9999     0 -9999
2023 08 07 14   228   161 10090    20    62 -9999     0 -9999
2023 08 07 15   222   161 10093    30    77 -9999     0 -9999
2023 08 07 16   239   150 10094    10    72 -9999     0 -9999
2023 08 07 17   233   150 10098    10    67 -9999     0 -9999
2023 08 07 18   239   156 10104    40    67     6     0 -9999
2023 08 07 19   244   144 10106    20    51 -9999     0 -9999
2023 08 07 20   250   144 10110   340    36 -9999     0 -9999
2023 08 07 21   267   161 10106   320    31 -9999     0 -9999
2023 08 07 22   267   150 10105   330    46 -9999     0 -9999
2023 08 07 23   267   156 10103   310    36 -9999     0 -9999
2023 08 08 00   250   161 10108    20    31     6     0 -9999
2023 08 08 01   239   167 10111   100    26 -9999     0 -9999
2023 08 08 02   228   161 10115   100    15 -9999     0 -9999
2023 08 08 03   222   167 10120   110    26     4     0 -9999
2023 08 08 04   217   167 10121   180    21     4     0 -9999
2023 08 08 05   200   161 10123   220    15     4     0 -9999
2023 08 08 06   194   156 10125   220    21     2     0 -9999
2023 08 08 07   189   156 10123   260    26     2     0 -9999
2023 08 08 08   189   150 10125   260    36     2     0 -9999
2023 08 08 09   189   144 10124   250    26     2     0 -9999
2023 08 08 10   183   144 10122   260    15     2     0 -9999
2023 08 08 11   178   144 10120     0     0     2     0 -9999
2023 08 08 12   183   150 10123   240    15     2     0 -9999
2023 08 08 13   206   161 10120   260    21     2     0 -9999
2023 08 08 14   233   172 10127   240    31     2     0 -9999
2023 08 08 15   261   178 10130   250    36     2     0 -9999
2023 08 08 16   272   156 10134   260    57     4     0 -9999
2023 08 08 17   278   150 10129   260    36 -9999     0 -9999
2023 08 08 18   283   150 10121   280    46     4     0 -9999
2023 08 08 19   289   139 10115   260    51 -9999     0 -9999
2023 08 08 20   278   156 10118   310    67 -9999     0 -9999
2023 08 08 21   267   161 10117   300    51 -9999     0 -9999
2023 08 08 22   261   172 10117   250    46 -9999     0 -9999
2023 08 08 23   261   167 10109   260    36 -9999     0 -9999
2023 08 09 00   261   150 10106   260    31     4     0 -9999
2023 08 09 01   250   150 10105   250    26     2     0 -9999
2023 08 09 02   239   161 10107   240    26     0     0 -9999
2023 08 09 03   228   167 10110   250    31     0     0 -9999
2023 08 09 04   222   172 10110   250    26     0     0 -9999
2023 08 09 05   217   178 10115   240    26     2     0 -9999
2023 08 09 06   211   178 10113   230    36     2     0 -9999
2023 08 09 07   206   178 10110   250    36     2     0 -9999
2023 08 09 08   200   178 10110   260    31     2     0 -9999
2023 08 09 09   194   172 10106   220    15     2     0 -9999
2023 08 09 10   189   172 10104   230    21     2     0 -9999
2023 08 09 11   189   172 10106   210    26     4     0 -9999
2023 08 09 12   189   172 10106   230    21     8     0 -9999
2023 08 09 13   200   178 10101   260    21 -9999     0 -9999
2023 08 09 14   222   183 10102   230    26 -9999     0 -9999
2023 08 09 15   244   189 10109   210    36 -9999     0 -9999
2023 08 09 16   239   183 10104   230    31 -9999     0 -9999
2023 08 09 17   244   189 10103   210    41 -9999     0 -9999
2023 08 09 18   250   183 10093   220    26     8     0 -9999
2023 08 09 19   256   178 10090   260    31 -9999     0 -9999
2023 08 09 20   256   172 10088   250    21 -9999     0 -9999
2023 08 09 21   256   183 10082   210    31 -9999     0 -9999
2023 08 09 22   250   183 10079   240    21 -9999     0 -9999
2023 08 09 23   250   183 10075   220    21 -9999     0 -9999
2023 08 10 00   250   183 10073   250    26     6     0 -9999
2023 08 10 01   239   183 10072   240    15 -9999     0 -9999
2023 08 10 02   233   183 10072     0     0 -9999     0 -9999
2023 08 10 03   228   183 10073   200    31 -9999     0 -9999
2023 08 10 04   217   178 10072   240    26     4     0 -9999
2023 08 10 05   211   172 10071   240    26     2     0 -9999
2023 08 10 06   200   178 10069   220    21     2     0 -9999
2023 08 10 07   189   178 10065   220    26     2     0 -9999
2023 08 10 08   189   178 10061   250    26     0     0 -9999
2023 08 10 09   189   183 10057   270    31 -9999     0 -9999
2023 08 10 10   189   183 10061   280    31 -9999     0 -9999
2023 08 10 11   189   178 10066   230    15     4     0 -9999
2023 08 10 12   183   172 10067   250    26     2     0 -9999
2023 08 10 13   200   178 10070   250    21 -9999     0 -9999
2023 08 10 14   217   178 10074   250    41     2     0 -9999
2023 08 10 15   233   183 10077   250    36     2     0 -9999
2023 08 10 16   256   189 10080   230    46     2     0 -9999
2023 08 10 17   272   178 10080   250    41     4     0 -9999
2023 08 10 18   278   178 10075   250    57     6     0 -9999
2023 08 10 19   283   178 10073   260    46 -9999     0 -9999
2023 08 10 20   294   183 10071   300    41 -9999     0 -9999
2023 08 10 21   289   172 10069   270    51 -9999     0 -9999
2023 08 10 22   294   172 10068   250    57 -9999     0 -9999
2023 08 10 23   283   167 10071   290    41 -9999     0 -9999
2023 08 11 00   283   178 10071   260    31     6     0 -9999
2023 08 11 01   267   200 10074   240    31 -9999     0 -9999
2023 08 11 02   250   194 10080   250    31 -9999     0 -9999
2023 08 11 03   239   194 10082   230    36 -9999     0 -9999
2023 08 11 04   233   189 10083   220    36 -9999     0 -9999
2023 08 11 05   228   189 10086   240    41 -9999     0 -9999
2023 08 11 06   228   189 10087   250    31     6     0 -9999
2023 08 11 07   228   189 10080   200    15 -9999     0 -9999
2023 08 11 08   222   189 10076   210    15 -9999     0 -9999
2023 08 11 09   222   189 10076   230    15     4     0 -9999
2023 08 11 10   217   189 10079   230    21 -9999     0 -9999
2023 08 11 11   217   189 10079   210    26 -9999     0 -9999
2023 08 11 12   222   189 10084   220    36     8     0 -9999
2023 08 11 13   228   189 10087   240    41 -9999     0 -9999
2023 08 11 14   228   189 10081   200    46 -9999    -1 -9999
2023 08 11 15   228   194 10060   100    15 -9999    -1 -9999
2023 08 11 16   244   200 10069   240    31 -9999     0 -9999
2023 08 11 17   267   200 10071   210    57 -9999     0 -9999
2023 08 11 18   283   172 10064   210    67     2     0     0
2023 08 11 19   294   178 10061   250    72     4     0 -9999
2023 08 11 20   289   178 10061   240    62 -9999     0 -9999
2023 08 11 21   283   194 10059   250    67 -9999     0 -9999
2023 08 11 22   289   200 10060   240    62 -9999     0 -9999
2023 08 11 23   289   194 10060   260    46 -9999     0 -9999
2023 08 12 00   283   200 10060   250    51     4     0 -9999
2023 08 12 01   278   200 10066   240    36 -9999     0 -9999
2023 08 12 02   272   200 10068   240    31 -9999     0 -9999
2023 08 12 03   261   206 10073   230    26 -9999     0 -9999
2023 08 12 04   256   211 10072   230    26 -9999     0 -9999
2023 08 12 05   256   211 10074   250    26 -9999     0 -9999
2023 08 12 06   233   156 10095    10   118     6     0 -9999
2023 08 12 07   217   150 10085     0     0 -9999     0 -9999
2023 08 12 08   217   156 10081   190    31 -9999     0 -9999
2023 08 12 09   222   156 10072   180    15 -9999     0 -9999
2023 08 12 10   217   156 10075     0     0     4     0 -9999
2023 08 12 11   222   161 10080     0     0 -9999     0 -9999
2023 08 12 12   217   178 10075   210    15     6     0 -9999
2023 08 12 13   233   183 10085   330    41 -9999     0 -9999
2023 08 12 14   250   167 10086   330    51 -9999     0 -9999
2023 08 12 15   250   161 10088   320    67     4     0 -9999
2023 08 12 16   272   150 10091   330    51     4     0 -9999
2023 08 12 17   278   156 10095   300    46     2     0 -9999
2023 08 12 18   294   139 10096   300    57     4     0 -9999
2023 08 12 19   294   150 10098   320    41     4     0 -9999
2023 08 12 20   300   144 10101   300    72 -9999     0 -9999
2023 08 12 21   300   139 10098   280    36     4     0 -9999
2023 08 12 22   306   139 10101   270    62     2     0 -9999
2023 08 12 23   300   133 10101   300    67     4     0 -9999
2023 08 13 00   294   150 10104   260    41     4     0 -9999
2023 08 13 01   283   139 10106   260    41     2     0 -9999
2023 08 13 02   267   150 10109   220    26     2     0 -9999
2023 08 13 03   256   156 10112   240    31     0     0 -9999
2023 08 13 04   250   161 10113   250    46     0     0 -9999
2023 08 13 05   239   161 10116   270    36     0     0 -9999
2023 08 13 06   228   156 10124   280    31     0     0 -9999
2023 08 13 07   222   150 10124   290    36     0     0 -9999
2023 08 13 08   211   150 10125   300    31     0     0 -9999
2023 08 13 09   211   144 10128   290    31     0     0 -9999
2023 08 13 10   206   150 10132   290    26     0     0 -9999
2023 08 13 11   194   150 10136   260    21     2     0 -9999
2023 08 13 12   200   150 10137   280    21     2     0 -9999
2023 08 13 13   228   178 10143   360    26     4     0 -9999
2023 08 13 14   239   183 10150    10    15 -9999     0 -9999
2023 08 13 15   261   189 10151    60    15 -9999     0 -9999
2023 08 13 16   272   183 10157     0     0 -9999     0 -9999
2023 08 13 17   261   189 10158    70    41 -9999     0 -9999
2023 08 13 18   250   183 10160    70    51     6     0 -9999
2023 08 13 19   244   183 10160    70    41 -9999     0 -9999
2023 08 13 20   233   183 10160    80    46 -9999     0 -9999
2023 08 13 21   228   178 10161    80    36 -9999     0 -9999
2023 08 13 22   228   178 10158    80    46 -9999     0 -9999
2023 08 13 23   222   178 10160    90    51 -9999     0 -9999
2023 08 14 00   222   178 10159    70    46     8     0 -9999
2023 08 14 01   222   178 10158    70    36 -9999     0 -9999
2023 08 14 02   222   172 10163    80    36 -9999     0 -9999
2023 08 14 03   217   172 10165    80    36 -9999     0 -9999
2023 08 14 04   217   172 10158    80    31 -9999     0 -9999
2023 08 14 05   217   167 10156    70    31 -9999     0 -9999
2023 08 14 06   217   161 10147    60    36     6     0 -9999
2023 08 14 07   217   167 10139    50    36 -9999     0 -9999
2023 08 14 08   217   172 10133    60    26 -9999     0 -9999
2023 08 14 09   217   172 10134    80    36 -9999     0 -9999
2023 08 14 10   217   172 10136    80    31 -9999     0 -9999
2023 08 14 11   217   178 10128   100    41 -9999     0 -9999
2023 08 14 12   222   172 10127   100    26     8     0 -9999
2023 08 14 13   228   178 10121   110    31 -9999     0 -9999
2023 08 14 14   233   178 10112   110    41 -9999     0 -9999
2023 08 14 15   239   178 10111   140    26 -9999     0 -9999
2023 08 14 16   244   178 10105   150    26 -9999     0 -9999
2023 08 14 17   217   189 10102   130    21 -9999    25 -9999
2023 08 14 18   222   189 10097    60    15     8     8    30
2023 08 14 19   217   194 -9999   350    15 -9999     2 -9999
2023 08 14 20   211   194 10094    20    26 -9999    71 -9999
2023 08 14 21   217   189 10084    10    31 -9999     3 -9999
2023 08 14 22   206   194 10080   360    51 -9999    30 -9999
2023 08 14 23   206   194 -9999    10    67 -9999    -1 -9999
2023 08 15 00   189   172 10086    10    51     8     3   150
2023 08 15 01   194   167 10083    10    67 -9999    -1 -9999
2023 08 15 02   189   172 10098   310    46 -9999    -1 -9999
2023 08 15 03   189   172 10101   320    57 -9999    -1 -9999
2023 08 15 04   183   167 10107   330    41 -9999    -1 -9999
2023 08 15 05   178   167 10107   300    41 -9999    13 -9999
2023 08 15 06   178   167 10105   280    26     8    10    20
2023 08 15 07   178   172 10102   290    31 -9999    43 -9999
2023 08 15 08   183   172 10104   340    36 -9999     8 -9999
2023 08 15 09   178   167 10110   320    46 -9999    -1 -9999
2023 08 15 10   167   161 10115   310    62 -9999     0 -9999
2023 08 15 11   178   161 10120   320    57 -9999     0 -9999
2023 08 15 12   178   161 10126   330    46     8    -1    50
2023 08 15 13   194   167 10130   340    67 -9999     0 -9999
2023 08 15 14   200   161 10137   330    72 -9999     0 -9999
2023 08 15 15   189   161 10145   340    57 -9999    -1 -9999
2023 08 15 16   206   161 10151   330    62 -9999    -1 -9999
2023 08 15 17   222   156 10155   360    82 -9999     0 -9999
2023 08 15 18   222   156 10157    40    67     8     0    -1
2023 08 15 19   228   150 10156    10    36 -9999     0 -9999
2023 08 15 20   239   128 10153    20    72 -9999     0 -9999
2023 08 15 21   256   117 10152    20    67     4     0 -9999
2023 08 15 22   250   111 10153    20    41     4     0 -9999
2023 08 15 23   250   117 10151    20    46     4     0 -9999
2023 08 16 00   233   117 10153    30    21     2     0 -9999
2023 08 16 01   206   122 10157    50    26     2     0 -9999
2023 08 16 02   200   128 10161     0     0     2    -1 -9999
2023 08 16 03   194   133 10165     0     0     0     0 -9999
2023 08 16 04   178   139 10167   230    15     0     0 -9999
2023 08 16 05   167   133 10165   230    21     0     0 -9999
2023 08 16 06   167   128 10164   220    26     0     0     0
2023 08 16 07   167   128 10161   230    21     0     0 -9999
2023 08 16 08   161   128 10163   240    26     2     0 -9999
2023 08 16 09   161   128 10163   240    26     2     0 -9999
2023 08 16 10   156   128 10163   240    26     2     0 -9999
2023 08 16 11   156   128 10164   240    21     4     0 -9999
2023 08 16 12   167   128 10170   270    31     6     0 -9999
2023 08 16 13   189   133 10171   260    26 -9999     0 -9999
2023 08 16 14   217   133 10169   260    46     4     0 -9999
2023 08 16 15   233   133 10165   250    36     2     0 -9999
2023 08 16 16   250   133 10166   240    51     4     0 -9999
2023 08 16 17   256   139 10159   250    31     4     0 -9999
2023 08 16 18   272   150 10151   190    46     4     0 -9999
2023 08 16 19   272   150 10143   270    36     2     0 -9999
2023 08 16 20   278   156 10137   230    31     2     0 -9999
2023 08 16 21   278   150 10129   230    46     2     0 -9999
2023 08 16 22   272   150 10125   210    62     2     0 -9999
2023 08 16 23   267   150 10118   210    72     4     0 -9999
2023 08 17 00   261   150 10112   210    62     4     0 -9999
2023 08 17 01   250   150 10111   210    57     4     0 -9999
2023 08 17 02   239   150 10105   190    46     4     0 -9999
2023 08 17 03   228   156 10104   190    46     2     0 -9999
2023 08 17 04   228   150 10095   190    57     2     0 -9999
2023 08 17 05   222   144 10089   200    57     2     0 -9999
2023 08 17 06   217   144 10088   210    57     2     0 -9999
2023 08 17 07   211   144 10076   210    57     2     0 -9999
2023 08 17 08   217   144 10073   210    67     2     0 -9999
2023 08 17 09   217   144 10054   210    77 -9999     0 -9999
2023 08 17 10   211   144 10046   210    98 -9999     0 -9999
2023 08 17 11   211   150 10040   220    77 -9999     0 -9999
2023 08 17 12   211   150 10038   210    72     8     0 -9999
2023 08 17 13   189   167 -9999   220    62 -9999    10 -9999
2023 08 17 14   189   172 10043   230    46 -9999    -1 -9999
2023 08 17 15   200   183 10046   240    57 -9999     0 -9999
2023 08 17 16   233   189 10047   240    46 -9999     0 -9999
2023 08 17 17   261   156 10047   280    57 -9999     0 -9999
2023 08 17 18   267   117 10050   290    77     4     0    50
2023 08 17 19   267   128 10056   270    57 -9999     0 -9999
2023 08 17 20   256   128 10062   310    77 -9999     0 -9999
2023 08 17 21   244   128 10071   310    88 -9999     0 -9999
2023 08 17 22   239   117 10079   310    57 -9999     0 -9999
2023 08 17 23   228   117 10089   330    67 -9999     0 -9999
2023 08 18 00   228   122 10095   310    51     4     0 -9999
2023 08 18 01   211   117 10106   330    51     4     0 -9999
2023 08 18 02   206   117 10118   320    57     2     0 -9999
2023 08 18 03   194   117 10128   320    26     2     0 -9999
2023 08 18 04   183   117 10128   320    36     2     0 -9999
2023 08 18 05   183   117 10130   310    31     0     0 -9999
2023 08 18 06   172   117 10134   280    21     0     0 -9999
2023 08 18 07   167   117 10136   270    15     0     0 -9999
2023 08 18 08   161   117 10137   270    15     0     0 -9999
2023 08 18 09   150   111 10144   260    21     0     0 -9999
2023 08 18 10   150   117 10149   280    21     0     0 -9999
2023 08 18 11   156   111 10158   270    21     0     0 -9999
2023 08 18 12   156   117 10166   290    31     0     0 -9999
2023 08 18 13   178   122 10172   300    31     0     0 -9999
2023 08 18 14   200   122 10174   310    31     0     0 -9999
2023 08 18 15   222   128 10177    10    36     2     0 -9999
2023 08 18 16   233   111 10179    20    41     4     0 -9999
2023 08 18 17   239   106 10177   350    21     4     0 -9999
2023 08 18 18   244    89 10174   320    21     6     0 -9999
2023 08 18 19   256   100 10172     0     0 -9999     0 -9999
2023 08 18 20   250    94 10167 -9999    15 -9999     0 -9999
2023 08 18 21   256   111 10163 -9999    21 -9999     0 -9999
2023 08 18 22   250   111 10161   260    31 -9999     0 -9999
2023 08 18 23   244    94 10159   130    41 -9999     0 -9999
2023 08 19 00   233    89 10156   110    26     6     0 -9999
2023 08 19 01   217    83 10158   120    31 -9999     0 -9999
2023 08 19 02   211    89 10162   140    31     4     0 -9999
2023 08 19 03   211   100 10168   170    21     4     0 -9999
2023 08 19 04   200   100 10165   150    26     4     0 -9999
2023 08 19 05   200   117 10163   180    26     4     0 -9999
2023 08 19 06   189   117 10163   180    31     4     0 -9999
2023 08 19 07   183   117 10163   180    31     2     0 -9999
2023 08 19 08   178   117 10165   170    31     2     0 -9999
2023 08 19 09   178   122 10169   170    31     2     0 -9999
2023 08 19 10   172   122 10170   170    31     2     0 -9999
2023 08 19 11   172   128 10172   180    31     4     0 -9999
2023 08 19 12   172   128 10176   170    31     4     0 -9999
2023 08 19 13   194   133 10173   180    51     4     0 -9999
2023 08 19 14   211   139 10172   190    51     4     0 -9999
2023 08 19 15   228   144 10170   180    46 -9999     0 -9999
2023 08 19 16   233   150 10167   200    62 -9999     0 -9999
2023 08 19 17   244   156 10162   170    67 -9999     0 -9999
2023 08 19 18   267   167 10152   180    51     4     0 -9999
2023 08 19 19   272   161 10144   200    51 -9999     0 -9999
2023 08 19 20   278   172 10140   170    62     4     0 -9999
2023 08 19 21   283   172 10130   170    77     4     0 -9999
2023 08 19 22   283   178 10123   170    67     4     0 -9999
2023 08 19 23   278   178 10124   170    67     2     0 -9999
2023 08 20 00   267   178 10123   170    62     4     0 -9999
2023 08 20 01   261   178 10125   170    46     4     0 -9999
2023 08 20 02   250   178 10133   180    36     2     0 -9999
2023 08 20 03   244   178 10138   190    41     2     0 -9999
2023 08 20 04   244   178 10140   180    36     0     0 -9999
2023 08 20 05   239   178 10143   170    31     2     0 -9999
2023 08 20 06   239   178 10142   180    31     6     0 -9999
2023 08 20 07   239   183 10140   200    26 -9999     0 -9999
2023 08 20 08   239   183 10141   210    26     4     0 -9999
2023 08 20 09   233   183 10146   220    26 -9999     0 -9999
2023 08 20 10   233   189 10148   210    15     4     0 -9999
2023 08 20 11   211   189 10151   200    21     4     0 -9999
2023 08 20 12   228   194 10153   210    15     4     0 -9999
2023 08 20 13   244   200 10160   250    26     2     0 -9999
2023 08 20 14   261   211 10160     0     0     2     0 -9999
2023 08 20 15   289   222 10166    20    15     2     0 -9999
2023 08 20 16   306   233 10171    40    21     2     0 -9999
2023 08 20 17   317   233 10171    40    31     2     0 -9999
2023 08 20 18   322   239 10172    10    36     4     0 -9999
2023 08 20 19   317   233 10173    30    36     2     0 -9999
2023 08 20 20   322   233 10172 -9999    26     2     0 -9999
2023 08 20 21   317   233 10178    20    57     4     0 -9999
2023 08 20 22   317   228 10176    50    51     4     0 -9999
2023 08 20 23   300   222 10183    20    57     4     0 -9999
2023 08 21 00   278   222 10188    50    51     6     0 -9999
2023 08 21 01   250   217 10195    20    62 -9999     0 -9999
2023 08 21 02   244   211 10202    10    46 -9999     0 -9999
2023 08 21 03   244   183 10207    50    46 -9999     0 -9999
2023 08 21 04   239   178 10210    20    46     2     0 -9999
2023 08 21 05   233   178 10211    10    31     2     0 -9999
2023 08 21 06   228   178 10211    30    31     2     0 -9999
2023 08 21 07   228   183 10213    20    41     2     0 -9999
2023 08 21 08   222   183 10213    30    26     2     0 -9999
2023 08 21 09   217   183 10213    20    26     2     0 -9999
2023 08 21 10   217   189 10214    30    36     4     0 -9999
2023 08 21 11   211   189 10217    20    41     2     0 -9999
2023 08 21 12   217   194 10224    40    51     4     0 -9999
2023 08 21 13   228   194 10230    40    57 -9999     0 -9999
2023 08 21 14   233   189 10230    60    57 -9999     0 -9999
2023 08 21 15   244   189 10233    50    51 -9999     0 -9999
2023 08 21 16   250   194 10236    50    57     4     0 -9999
2023 08 21 17   261   194 10230    50    46     4     0 -9999
2023 08 21 18   267   194 10225    40    51     4     0 -9999
2023 08 21 19   272   189 10226    40    57 -9999     0 -9999
2023 08 21 20   272   172 10223    20    57     4     0 -9999
2023 08 21 21   272   172 10221    50    41 -9999     0 -9999
2023 08 21 22   261   161 10222    20    51 -9999     0 -9999
2023 08 21 23   250   161 10225    40    51 -9999     0 -9999
2023 08 22 00   233   161 10226    20    62     6     0 -9999
2023 08 22 01   222   172 10224    20    41 -9999     0 -9999
2023 08 22 02   217   178 10226    20    41 -9999     0 -9999
2023 08 22 03   217   183 10228    30    57 -9999     0 -9999
2023 08 22 04   211   183 10228    30    26 -9999     0 -9999
2023 08 22 05   211   183 10227    30    36 -9999     0 -9999
2023 08 22 06   211   189 10224    30    31     6     0 -9999
2023 08 22 07   211   189 10223    20    31 -9999     0 -9999
2023 08 22 08   211   194 10222    20    31     4     0 -9999
2023 08 22 09   211   194 10224    20    26     4     0 -9999
2023 08 22 10   217   200 10223    50    31     4     0 -9999
2023 08 22 11   217   200 10224    80    21     2     0 -9999
2023 08 22 12   222   200 10226   100    21     4     0 -9999
2023 08 22 13   233   206 10224   120    26     2     0 -9999
2023 08 22 14   250   211 10227   110    26     2     0 -9999
2023 08 22 15   267   211 10229   140    26     4     0 -9999
2023 08 22 16   278   217 -9999    90    26 -9999     0 -9999
2023 08 22 17   289   217 10218   110    31     4     0 -9999
2023 08 22 18   294   217 10213   100    41     4     0 -9999
2023 08 22 19   306   217 10206   110    46     2     0 -9999
2023 08 22 20   311   222 10198   180    21     4     0 -9999
2023 08 22 21   311   222 10191   170    26     4     0 -9999
2023 08 22 22   317   222 10184   190    46     4     0 -9999
2023 08 22 23   317   228 10181   190    41     4     0 -9999
2023 08 23 00   306   233 10175   190    41     4     0 -9999
2023 08 23 01   294   233 10176   160    36     2     0 -9999
2023 08 23 02   289   233 10176   180    31     2     0 -9999
2023 08 23 03   283   239 10174   180    41     2     0 -9999
2023 08 23 04   272   239 10172   170    41     0     0 -9999
2023 08 23 05   267   239 10169   180    41     0     0 -9999
2023 08 23 06   267   233 10165   190    41     0     0 -9999
2023 08 23 07   261   233 10163   200    31     0     0 -9999
2023 08 23 08   261   239 10162   220    36     0     0 -9999
2023 08 23 09   261   239 10160   220    26     0     0 -9999
2023 08 23 10   250   239 10157   220    26     0     0 -9999
2023 08 23 11   250   239 10157   210    41     2     0 -9999
2023 08 23 12   256   244 10156   210    31     2     0 -9999
2023 08 23 13   261   250 10156   240    36     2     0 -9999
2023 08 23 14   272   256 10151   240    46     4     0 -9999
2023 08 23 15   311   261 10147   240    67     4     0 -9999
2023 08 23 16   322   267 10141   250    82     2     0 -9999
2023 08 23 17   339   267 10134   260    72     2     0 -9999
2023 08 23 18   356   256 10128   260    62     2     0 -9999
2023 08 23 19   361   250 10121   240    67     2     0 -9999
2023 08 23 20   361   256 10115   260    67     2     0 -9999
2023 08 23 21   367   239 10110   260    82     4     0 -9999
2023 08 23 22   356   261 10107   250    62     4     0 -9999
2023 08 23 23   350   267 10105   240    67     4     0 -9999
2023 08 24 00   344   267 10101   250    62     6     0 -9999
2023 08 24 01   333   261 10100   240    51     4     0 -9999
2023 08 24 02   328   261 10106   250    62     2     0 -9999
2023 08 24 03   317   267 10103   230    57     0     0 -9999
2023 08 24 04   311   267 10101   240    67     0     0 -9999
2023 08 24 05   311   261 10098   250    72     0     0 -9999
2023 08 24 06   300   261 10099   250    51     0     0 -9999
2023 08 24 07   300   256 10099   250    41     0     0 -9999
2023 08 24 08   289   261 10099   240    46     0     0 -9999
2023 08 24 09   283   261 10098   250    36     2     0 -9999
2023 08 24 10   278   261 10101   250    26     2     0 -9999
2023 08 24 11   278   256 10106   230    31     2     0 -9999
2023 08 24 12   278   256 10108   240    36     2     0 -9999
2023 08 24 13   283   256 10108   250    41     2     0 -9999
2023 08 24 14   300   256 10104   250    41 -9999     0 -9999
2023 08 24 15   322   256 10101   230    51     2     0 -9999
2023 08 24 16   333   256 10099   230    36     2     0 -9999
2023 08 24 17   356   256 10093   210    51     2     0 -9999
2023 08 24 18   367   250 10088   220    62     0     0 -9999
2023 08 24 19   372   261 10082   210    67     0     0 -9999
2023 08 24 20   378   256 10073   210    62     0     0 -9999
2023 08 24 21   372   256 10070   220    77     2     0 -9999
2023 08 24 22   372   239 10068   250    88     2     0 -9999
2023 08 24 23   356   256 10077   240    72     4     0 -9999
2023 08 25 00   344   256 10084   270    57     4     0 -9999
2023 08 25 01   339   261 10086   260    31 -9999     0 -9999
2023 08 25 02   333   250 10083   260    41 -9999     0 -9999
2023 08 25 03   328   250 10086   280    31 -9999     0 -9999
2023 08 25 04   256   222 10109    50    77 -9999     0 -9999
2023 08 25 05   244   217 10118    50    57 -9999     0 -9999
2023 08 25 06   239   211 10120    40    57     8     0 -9999
2023 08 25 07   233   206 10122    30    46 -9999     0 -9999
2023 08 25 08   233   200 10119    10    51 -9999     0 -9999
2023 08 25 09   228   200 10119    20    41 -9999     0 -9999
2023 08 25 10   222   194 10121    10    51 -9999     0 -9999
2023 08 25 11   222   194 10122    40    46 -9999     0 -9999
2023 08 25 12   222   194 10131    20    57     6     0 -9999
2023 08 25 13   222   194 10140    20    51 -9999     0 -9999
2023 08 25 14   228   194 10141    40    41 -9999     0 -9999
2023 08 25 15   233   194 10149    20    36 -9999     0 -9999
2023 08 25 16   239   194 10156    30    46 -9999     0 -9999
2023 08 25 17   256   200 10153    60    26 -9999     0 -9999
2023 08 25 18   267   200 10141 -9999    31     6     0 -9999
2023 08 25 19   256   194 10142    80    36 -9999     0 -9999
2023 08 25 20   250   194 10138    80    36 -9999     0 -9999
2023 08 25 21   261   200 10135 -9999    21 -9999     0 -9999
2023 08 25 22   272   200 10130    10    15     4     0 -9999
2023 08 25 23   272   200 10128    10    15     2     0 -9999
2023 08 26 00   267   200 10129    10    26     2     0 -9999
2023 08 26 01   250   200 10133    70    51 -9999     0 -9999
2023 08 26 02   228   194 10138    90    31     4     0 -9999
2023 08 26 03   228   194 10141   100    31 -9999     0 -9999
2023 08 26 04   228   194 10139   100    26     4     0 -9999
2023 08 26 05   228   189 10134   100    15     4     0 -9999
2023 08 26 06   222   194 10132   100    26     2     0 -9999
2023 08 26 07   222   200 10132   100    21     4     0 -9999
2023 08 26 08   222   200 10132     0     0     2     0 -9999
2023 08 26 09   222   200 10136     0     0 -9999     0 -9999
2023 08 26 10   222   200 10134   330    21     4     0 -9999
2023 08 26 11   222   200 10138   300    15     2     0 -9999
2023 08 26 12   222   200 10151   360    46     6     0 -9999
2023 08 26 13   228   206 10154    20    51 -9999     0 -9999
2023 08 26 14   228   189 10161    20    77 -9999     0 -9999
2023 08 26 15   228   183 10168    40    57 -9999     0 -9999
2023 08 26 16   233   183 10168    40    77 -9999     0 -9999
2023 08 26 17   233   178 10170    30    98 -9999     0 -9999
2023 08 26 18   233   172 10170    20    93     8     0 -9999
2023 08 26 19   244   167 10168    30   103 -9999     0 -9999
2023 08 26 20   244   167 10170    40   103 -9999     0 -9999
2023 08 26 21   233   156 10169    20    98 -9999     0 -9999
2023 08 26 22   233   156 10167    20   103 -9999     0 -9999
2023 08 26 23   233   156 10167    30    93 -9999     0 -9999
2023 08 27 00   217   161 10169    10   108     6     0 -9999
2023 08 27 01   206   150 -9999    20    93 -9999     0 -9999
2023 08 27 02   200   150 10178    10    72 -9999     0 -9999
2023 08 27 03   200   144 10181    10    51 -9999     0 -9999
2023 08 27 04   189   144 10181   360    46 -9999     0 -9999
2023 08 27 05   189   144 10180   360    51 -9999     0 -9999
2023 08 27 06   172   144 10179   350    36     6     0 -9999
2023 08 27 07   161   144 10174   340    21 -9999     0 -9999
2023 08 27 08   172   144 10172   340    31 -9999     0 -9999
2023 08 27 09   194   161 10171    70    36     4     0 -9999
2023 08 27 10   200   161 10172    70    36     4     0 -9999
2023 08 27 11   189   128 10176    70    36     2     0 -9999
2023 08 27 12   189   128 10180    70    46     2     0 -9999
2023 08 27 13   200   117 10184    60    57     2     0 -9999
2023 08 27 14   206   111 10186    80    57     2     0 -9999
2023 08 27 15   217   122 10187    60    36     2     0 -9999
2023 08 27 16   222   122 10187    80    41     2     0 -9999
2023 08 27 17   228   111 10186    70    57     2     0 -9999
2023 08 27 18   239   106 10183    60    57     2     0 -9999
2023 08 27 19   239   100 10179    50    46     2     0 -9999
2023 08 27 20   233    78 10172    50    51     2     0 -9999
2023 08 27 21   233    89 10172    50    57     2     0 -9999
2023 08 27 22   233   111 10170    40    62     0     0 -9999
2023 08 27 23   222   117 10170    60    51     0     0 -9999
2023 08 28 00   211   122 10167    50    51     0     0 -9999
2023 08 28 01   200   122 10168    30    41     0     0 -9999
2023 08 28 02   194   128 10171    20    46     0     0 -9999
2023 08 28 03   178   128 10171    20    26     0     0 -9999
2023 08 28 04   183   133 10171    30    26     0     0 -9999
2023 08 28 05   194   133 10170    60    31     0     0 -9999
2023 08 28 06   189   139 10168    70    26     0     0 -9999
2023 08 28 07   183   139 10169   350    15     0     0 -9999
2023 08 28 08   167   133 10169   360    21     0     0 -9999
2023 08 28 09   161   133 10168    10    26     0     0 -9999
2023 08 28 10   161   133 10171   350    21     0     0 -9999
2023 08 28 11   161   133 10172     0     0     0     0 -9999
2023 08 28 12   167   133 10174     0     0     0     0 -9999
2023 08 28 13   189   150 10177     0     0     0     0 -9999
2023 08 28 14   217   144 10176     0     0     0     0 -9999
2023 08 28 15   233   128 10178     0     0     0     0 -9999
2023 08 28 16   244   111 10176    30    21     2     0 -9999
2023 08 28 17   250   117 10173    20    15     2     0 -9999
2023 08 28 18   267   117 10168    60    21     2     0 -9999
2023 08 28 19   272   128 10161   130    26     2     0 -9999
2023 08 28 20   272   128 10158   140    36     2     0 -9999
2023 08 28 21   267   122 10154    70    41     2     0 -9999
2023 08 28 22   261   122 10152   130    31     4     0 -9999
2023 08 28 23   256   122 10149   110    36     4     0 -9999
2023 08 29 00   239   117 10149   110    31     4     0 -9999
2023 08 29 01   228   111 10151   130    26     2     0 -9999
2023 08 29 02   217   111 10156   130    26     0     0 -9999
2023 08 29 03   217   117 10154   160    21     0     0 -9999
2023 08 29 04   211   117 10154   170    26     0     0 -9999
2023 08 29 05   206   111 10150   180    31     0     0 -9999
2023 08 29 06   206   111 10144   180    36     0     0 -9999
2023 08 29 07   200   128 10140   190    36     0     0 -9999
2023 08 29 08   194   133 10139   220    26     0     0 -9999
2023 08 29 09   189   133 10132   200    26     2     0 -9999
2023 08 29 10   183   133 10128   220    31     2     0 -9999
2023 08 29 11   183   133 10129   230    36     4     0 -9999
2023 08 29 12   189   133 10130   220    26     2     0 -9999
2023 08 29 13   206   139 10128   220    41     2     0 -9999
2023 08 29 14   222   144 10124   220    51 -9999     0 -9999
2023 08 29 15   250   156 10118   250    57     2     0 -9999
2023 08 29 16   256   161 10116   240    67     4     0 -9999
2023 08 29 17   250   172 10114   250    36 -9999     0 -9999
2023 08 29 18   278   183 10110   270    46     6     0 -9999
2023 08 29 19   289   167 10109   310    41     4     0 -9999
2023 08 29 20   294   156 10102   290    41 -9999     0 -9999
2023 08 29 21   300   144 10102   310    62 -9999     0 -9999
2023 08 29 22   256   183 10109    30    77     4     0 -9999
2023 08 29 23   239   172 10116    30    93     2     0 -9999
2023 08 30 00   222   167 10122    30    93     6     0 -9999
2023 08 30 01   211   161 10127    30    57     4     0 -9999
2023 08 30 02   211   161 10137    30    62     2     0 -9999
2023 08 30 03   206   156 10142    30    46     2     0 -9999
2023 08 30 04   200   150 10147    20    41     2     0 -9999
2023 08 30 05   200   150 10151    30    57 -9999     0 -9999
2023 08 30 06   194   144 10155    40    67     6     0 -9999
2023 08 30 07   189   139 10156    30    57 -9999     0 -9999
2023 08 30 08   183   133 10156    20    51 -9999     0 -9999
2023 08 30 09   167   122 10159   350    51 -9999     0 -9999
2023 08 30 10   156   111 10165   350    57     4     0 -9999
2023 08 30 11   139   100 10169   340    51     2     0 -9999
2023 08 30 12   139    94 10176   340    57     2     0 -9999
2023 08 30 13   156   100 10183   340    57     2     0 -9999
2023 08 30 14   172   111 10185   340    51     2     0 -9999
2023 08 30 15   183   111 10187   360    57 -9999     0 -9999
2023 08 30 16   206   117 10188    30    77 -9999     0 -9999
2023 08 30 17   200   117 10189    20    88 -9999     0 -9999
2023 08 30 18   206   106 10188    20    77     6     0 -9999
2023 08 30 19   217   106 10186    20    72     4     0 -9999
2023 08 30 20   211   100 10181    30    72     2     0 -9999
2023 08 30 21   211   106 10178    30    46     2     0 -9999
2023 08 30 22   206   106 10175    30    77     2     0 -9999
2023 08 30 23   200   111 10175    20    67     0     0 -9999
2023 08 31 00   189   111 10173    20    77     0     0 -9999
2023 08 31 01   178   117 10176    20    57     0     0 -9999
2023 08 31 02   172   111 10179    10    41     0     0 -9999
2023 08 31 03   156   106 10177    10    26     0     0 -9999
2023 08 31 04   150   106 10182   350    31     0     0 -9999
2023 08 31 05   139   100 10183   350    26     0     0 -9999
2023 08 31 06   128    94 10180   350    31     0     0 -9999
2023 08 31 07   128    94 10178   350    31     0     0 -9999
2023 08 31 08   139   100 10178   330    15     0     0 -9999
2023 08 31 09   133   100 10178   330    21     0     0 -9999
2023 08 31 10   139   106 10183   320    15     0     0 -9999
2023 08 31 11   139   106 10185   320    15     2     0 -9999
2023 08 31 12   139   111 10193     0     0     2     0 -9999
2023 08 31 13   172   128 10200     0     0     2     0 -9999
2023 08 31 14   189   122 10202   170    26     2     0 -9999
2023 08 31 15   206   111 10206   170    26     2     0 -9999
2023 08 31 16   228   100 10208    80    21     2     0 -9999
2023 08 31 17   233    94 10209    80    15     0     0 -9999
2023 08 31 18   250    94 10205   110    26     0     0 -9999
2023 08 31 19   261    89 10200    90    51     0     0 -9999
2023 08 31 20   250    78 10199   110    46     0     0 -9999
2023 08 31 21   256    61 10196    80    46     0     0 -9999
2023 08 31 22   250    67 10196    60    36     0     0 -9999
2023 08 31 23   239    67 10197   100    36     0     0 -9999
2023 09 01 00   222   100 10194    80    41     0     0 -9999
2023 09 01 01   206   117 10197    90    36     0     0 -9999
2023 09 01 02   200   128 10202    90    31     0     0 -9999
2023 09 01 03   189   133 10204   100    26     0     0 -9999
2023 09 01 04   183   139 10206   110    21     0     0 -9999
2023 09 01 05   183   139 10207   120    21     0     0 -9999
2023 09 01 06   178   139 10208   120    21     0     0 -9999
2023 09 01 07   178   139 10210   130    26     0     0 -9999
2023 09 01 08   178   111 10212   150    36     0     0 -9999
2023 09 01 09   167   111 10218   140    26     0     0 -9999
2023 09 01 10   161   106 10222   160    21     0     0 -9999
2023 09 01 11   144   106 10221   140    26     0     0 -9999
2023 09 01 12   161   106 10225   140    31     2     0 -9999
2023 09 01 13   178   111 10228   160    26     0     0 -9999
2023 09 01 14   200   122 10230   150    26     0     0 -9999
2023 09 01 15   222   133 10226   170    36     2     0 -9999
2023 09 01 16   239   133 10226   200    36     2     0 -9999
2023 09 01 17   250   133 10224   210    26     2     0 -9999
2023 09 01 18   272   133 10220 -9999    26     2     0 -9999
2023 09 01 19   278   133 10213 -9999    31     2     0 -9999
2023 09 01 20   283   133 10207   190    57     2     0 -9999
2023 09 01 21   289   128 10200   190    26     4     0 -9999
2023 09 01 22   289   133 10192   190    36     4     0 -9999
2023 09 01 23   283   133 10189   180    51     2     0 -9999
2023 09 02 00   267   139 10189   170    36     2     0 -9999
2023 09 02 01   256   144 10190   180    26     2     0 -9999
2023 09 02 02   244   139 10197   200    21     0     0 -9999
2023 09 02 03   233   144 10196   180    21     2     0 -9999
2023 09 02 04   222   144 10195   180    26     2     0 -9999
2023 09 02 05   222   150 10195   190    31     2     0 -9999
2023 09 02 06   217   150 10195   190    26     2     0 -9999
2023 09 02 07   211   150 10188   200    31     2     0 -9999
2023 09 02 08   200   150 10186   200    26     2     0 -9999
2023 09 02 09   194   150 10185   220    15     2     0 -9999
2023 09 02 10   183   150 10185   220    21     2     0 -9999
2023 09 02 11   178   144 10191   200    21     2     0 -9999
2023 09 02 12   178   150 10199   200    15     2     0 -9999
2023 09 02 13   200   150 10199   230    31     2     0 -9999
2023 09 02 14   222   156 10195   230    41     2     0 -9999
2023 09 02 15   250   156 10196   240    41     2     0 -9999
2023 09 02 16   261   156 10195   200    36     2     0 -9999
2023 09 02 17   278   156 10187   210    46     4     0 -9999
2023 09 02 18   289   156 10183   230    51     4     0 -9999
2023 09 02 19   294   150 10176   220    46 -9999     0 -9999
2023 09 02 20   300   144 10169   240    46 -9999     0 -9999
2023 09 02 21   311   139 10162   220    57 -9999     0 -9999
2023 09 02 22   311   139 10157   210    72 -9999     0 -9999
2023 09 02 23   306   128 10156   220    57 -9999     0 -9999
2023 09 03 00   289   139 10152   220    46     6     0 -9999
2023 09 03 01   272   144 10154   220    41 -9999     0 -9999
2023 09 03 02   261   150 10156   210    36     4     0 -9999
2023 09 03 03   256   156 10154   210    51     4     0 -9999
2023 09 03 04   250   161 10151   210    46     4     0 -9999
2023 09 03 05   250   156 10142   220    51     2     0 -9999
2023 09 03 06   256   144 10142   230    62     4     0 -9999
2023 09 03 07   250   139 10141   230    46     4     0 -9999
2023 09 03 08   250   122 10143   240    51 -9999     0 -9999
2023 09 03 09   239   128 10146   240    51 -9999     0 -9999
2023 09 03 10   228   133 10145   220    51     4     0 -9999
2023 09 03 11   222   133 10149   220    41     4     0 -9999
2023 09 03 12   211   133 10152   210    36     6     0 -9999
2023 09 03 13   222   161 10151   220    62     4     0 -9999
2023 09 03 14   250   178 10150   230    62     2     0 -9999
2023 09 03 15   267   178 10148   220    62     2     0 -9999
2023 09 03 16   289   167 10148   230    62     2     0 -9999
2023 09 03 17   317   167 10143   250    67     2     0 -9999
2023 09 03 18   328   161 10138   230    67     2     0 -9999
2023 09 03 19   333   156 10133   240    67     2     0 -9999
2023 09 03 20   339   156 10127   210    72     2     0 -9999
2023 09 03 21   339   161 10122   220    72     2     0 -9999
2023 09 03 22   333   156 10122   210    82     2     0 -9999
2023 09 03 23   328   150 10121   230    62     2     0 -9999
2023 09 04 00   311   172 10120   230    51     2     0 -9999
2023 09 04 01   300   183 10124   210    36     2     0 -9999
2023 09 04 02   289   194 10128   210    36     0     0 -9999
2023 09 04 03   283   200 10127   210    36     0     0 -9999
2023 09 04 04   272   194 10128   210    26     0     0 -9999
2023 09 04 05   267   200 10128   220    36     0     0 -9999
2023 09 04 06   256   206 10128   220    26     0     0 -9999
2023 09 04 07   250   206 10126   220    31     0     0 -9999
2023 09 04 08   239   206 10127   210    41     0     0 -9999
2023 09 04 09   233   206 10127   210    41     0     0 -9999
2023 09 04 10   228   206 10129   210    46     0     0 -9999
2023 09 04 11   217   206 10133   210    36     0     0 -9999
2023 09 04 12   228   206 10135   200    31     0     0 -9999
2023 09 04 13   244   211 10138   210    41     0     0 -9999
2023 09 04 14   261   217 10136   210    46     2     0 -9999
2023 09 04 15   278   217 10137   220    36     2     0 -9999
2023 09 04 16   294   217 10134   200    41     2     0 -9999
2023 09 04 17   311   206 10129   170    46     2     0 -9999
2023 09 04 18   328   200 10123   200    51     2     0 -9999
2023 09 04 19   333   200 10118   180    57     4     0 -9999
2023 09 04 20   339   200 10113   210    41 -9999     0 -9999
2023 09 04 21   333   194 10107 -9999    31 -9999     0 -9999
2023 09 04 22   339   200 10103   200    46 -9999     0 -9999
2023 09 04 23   333   194 10101   200    46     4     0 -9999
2023 09 05 00   322   194 10101   210    36     4     0 -9999
2023 09 05 01   311   200 10103   170    26     2     0 -9999
2023 09 05 02   300   217 10109   180    41     2     0 -9999
2023 09 05 03   294   222 10113   190    41     2     0 -9999
2023 09 05 04   283   217 10113   170    41     2     0 -9999
2023 09 05 05   278   217 10114   180    46     2     0 -9999
2023 09 05 06   278   217 10111   180    36     2     0 -9999
2023 09 05 07   272   217 10110   180    41     2     0 -9999
2023 09 05 08   267   217 10111   170    31     2     0 -9999
2023 09 05 09   261   211 10116   190    41     4     0 -9999
2023 09 05 10   256   206 10118   200    36 -9999     0 -9999
2023 09 05 11   250   200 10117   200    31 -9999     0 -9999
2023 09 05 12   244   206 10118   180    26     6     0 -9999
2023 09 05 13   250   200 10122   180    46 -9999     0 -9999
2023 09 05 14   267   194 10122   190    51 -9999     0 -9999
2023 09 05 15   289   189 10125   180    62 -9999     0 -9999
2023 09 05 16   294   189 10124   200    72 -9999     0 -9999
2023 09 05 17   322   200 10117   160    77 -9999     0 -9999
2023 09 05 18   322   200 10116   180    67     6     0 -9999
2023 09 05 19   333   178 10109   200    72 -9999     0 -9999
2023 09 05 20   322   183 10105   180    77 -9999     0 -9999
2023 09 05 21   300   194 10099   170    62 -9999     0 -9999
2023 09 05 22   300   189 10096   180    62 -9999     0 -9999
2023 09 05 23   294   172 10098   170    72 -9999     0 -9999
2023 09 06 00   289   189 10099   180    57     6     0 -9999
2023 09 06 01   267   194 10096   180    51 -9999     0 -9999
2023 09 06 02   278   200 10096   180    62 -9999     0 -9999
2023 09 06 03   272   200 10092   180    72 -9999     0 -9999
2023 09 06 04   261   206 10094   200    62 -9999    -1 -9999
2023 09 06 05   250   217 10091   190    72 -9999     5 -9999
2023 09 06 06   250   222 10086   190    62     8     0     5
2023 09 06 07   250   222 10080   200    51 -9999     0 -9999
2023 09 06 08   256   222 10075   210    46 -9999     0 -9999
2023 09 06 09   256   228 -9999   220    46 -9999     0 -9999
2023 09 06 10   250   233 10068   170    41 -9999     5 -9999
2023 09 06 11   228   194 10074   200    46 -9999     8 -9999
2023 09 06 12   222   194 10077   220    51     8    -1    10
2023 09 06 13   222   200 10080   200    51 -9999    -1 -9999
2023 09 06 14   222   200 10070   200    41 -9999     0 -9999
2023 09 06 15   233   200 10070   190    36 -9999     0 -9999
2023 09 06 16   239   211 10078   230    31 -9999     0 -9999
2023 09 06 17   256   189 10080   230    62 -9999     0 -9999
2023 09 06 18   267   167 10073   230    67     2     0    -1
2023 09 06 19   267   161 10072   240    72     4     0 -9999
2023 09 06 20   272   172 10072   240    57 -9999     0 -9999
2023 09 06 21   261   178 10072   240    88 -9999     0 -9999
2023 09 06 22   233   178 10079   250    77 -9999     0 -9999
2023 09 06 23   222   183 10081   240    46 -9999     0 -9999
2023 09 07 00   222   183 10083   230    57     8    -1    -1
2023 09 07 01   217   183 10082   240    46 -9999    -1 -9999
2023 09 07 02   222   183 10088   240    41 -9999     0 -9999
2023 09 07 03   217   189 10088   250    41 -9999    -1 -9999
2023 09 07 04   217   194 10085   260    46 -9999    -1 -9999
2023 09 07 05   217   194 10083   290    57 -9999    -1 -9999
2023 09 07 06   217   189 10085   290    41     8    -1    -1
2023 09 07 07   217   189 10087   290    41 -9999     0 -9999
2023 09 07 08   217   183 10091   290    36 -9999     0 -9999
2023 09 07 09   211   183 10094   290    51 -9999     0 -9999
2023 09 07 10   194   178 10102    20    62 -9999     5 -9999
2023 09 07 11   189   178 10105    20    57 -9999     3 -9999
2023 09 07 12   189   178 10112    10    51 -9999    -1     8
2023 09 07 13   189   172 10117    20    46 -9999     0 -9999
2023 09 07 14   189   172 10120   360    57 -9999    -1 -9999
2023 09 07 15   189   161 10125    20    51 -9999    -1 -9999
2023 09 07 16   189   161 10130   350    46 -9999     0 -9999
2023 09 07 17   189   161 10133   330    36 -9999     0 -9999
2023 09 07 18   194   150 10134    10    36     8     0     0
2023 09 07 19   206   144 10136   340    26 -9999     0 -9999
2023 09 07 20   200   150 10134   290    21 -9999     0 -9999
2023 09 07 21   206   144 10136   340    31 -9999     0 -9999
2023 09 07 22   206   144 10137   350    41 -9999     0 -9999
2023 09 07 23   200   139 10139   340    36 -9999     0 -9999
2023 09 08 00   194   139 10142   340    36     8     0 -9999
2023 09 08 01   189   139 10147   340    36 -9999     0 -9999
2023 09 08 02   189   133 10151    10    46 -9999     0 -9999
2023 09 08 03   189   133 10152   350    46 -9999     0 -9999
2023 09 08 04   189   139 10155    10    41 -9999     0 -9999
2023 09 08 05   183   133 10155    10    51 -9999     0 -9999
2023 09 08 06   183   139 10157   350    31     8     0 -9999
2023 09 08 07   183   133 10157   360    36 -9999     0 -9999
2023 09 08 08   178   139 10161   330    31 -9999     0 -9999
2023 09 08 09   172   133 10165   320    41 -9999     0 -9999
2023 09 08 10   167   133 10164   350    41 -9999     0 -9999
2023 09 08 11   167   133 10167   350    46 -9999     0 -9999
2023 09 08 12   167   139 10170   350    46     8     0 -9999
2023 09 08 13   167   144 10178   340    41 -9999     0 -9999
2023 09 08 15   178   156 10187   340    62 -9999    -1 -9999
2023 09 08 16   189   144 10189    10    72 -9999     0 -9999
2023 09 08 17   183   144 10191    10    67 -9999     0 -9999
2023 09 08 18   183   150 10192    20    67     8    -1    -1
2023 09 08 19   194   150 10189    20    62 -9999     0 -9999
2023 09 08 20   189   156 10187    20    62 -9999     3 -9999
2023 09 08 21   194   144 10187    30    46 -9999     0 -9999
2023 09 08 22   194   139 10189    40    46 -9999     0 -9999
2023 09 08 23   194   133 10191    30    51 -9999     0 -9999
2023 09 09 00   183   133 10191    20    57     6     0     3
2023 09 09 01   178   133 10197    30    36     4     0 -9999
2023 09 09 02   172   133 10200    20    36     2     0 -9999
2023 09 09 03   161   133 10203   350    31     4     0 -9999
2023 09 09 04   172   139 10204   350    31 -9999     0 -9999
2023 09 09 05   161   133 10206   340    31     2     0 -9999
2023 09 09 06   144   128 10207   340    36     2     0 -9999
2023 09 09 07   139   122 10206   340    36     2     0 -9999
2023 09 09 08   144   122 10205   340    31     2     0 -9999
2023 09 09 09   139   117 10204   350    36     2     0 -9999
2023 09 09 10   139   122 10207   340    36     2     0 -9999
2023 09 09 11   139   117 10205   340    31     2     0 -9999
2023 09 09 12   144   122 10213   330    31     4     0 -9999
2023 09 09 13   156   122 10218   340    31     4     0 -9999
2023 09 09 14   183   133 10217   360    36     2     0 -9999
2023 09 09 15   206   139 10224    20    46     4     0 -9999
2023 09 09 16   217   128 10225    30    46 -9999     0 -9999
2023 09 09 17   228   128 10226    20    41 -9999     0 -9999
2023 09 09 18   233   111 10219    10    41     2     0 -9999
2023 09 09 19   239    89 10216    30    51     2     0 -9999
2023 09 09 20   233   100 10214    50    51     2     0 -9999
2023 09 09 21   233    89 10211    30    41     2     0 -9999
2023 09 09 22   228    83 10211    20    57     2     0 -9999
2023 09 09 23   217    83 10210    60    46     2     0 -9999
2023 09 10 00   200    89 10211    60    31     2     0 -9999
2023 09 10 01   183   100 10213    50    31     2     0 -9999
2023 09 10 02   183   106 10214    70    26     2     0 -9999
2023 09 10 03   167   106 10213     0     0     2     0 -9999
2023 09 10 04   167   106 10213     0     0     2     0 -9999
2023 09 10 05   150   106 10211     0     0     2     0 -9999
2023 09 10 06   150   106 10211   290    21     2     0 -9999
2023 09 10 07   133   100 10204   290    21     0     0 -9999
2023 09 10 08   139   106 10205   280    21     2     0 -9999
2023 09 10 09   133   106 10203     0     0     2     0 -9999
2023 09 10 10   128   100 10203     0     0     2     0 -9999
2023 09 10 11   128   100 10209   280    26     2     0 -9999
2023 09 10 12   133   106 10213     0     0     4     0 -9999
2023 09 10 13   156   117 10213     0     0     4     0 -9999
2023 09 10 14   194   122 10211     0     0 -9999     0 -9999
2023 09 10 15   200   133 10215 -9999    21 -9999     0 -9999
2023 09 10 16   222   133 10212 -9999    15     4     0 -9999
2023 09 10 17   244   128 10208     0     0     4     0 -9999
2023 09 10 18   256   128 10201 -9999    26     4     0 -9999
2023 09 10 19   261   117 10198   270    15 -9999     0 -9999
2023 09 10 20   272   122 10188 -9999    15     4     0 -9999
2023 09 10 21   278   122 10184   280    15 -9999     0 -9999
2023 09 10 22   278   122 10178   230    21 -9999     0 -9999
2023 09 10 23   267   128 10180   120    36 -9999     0 -9999
2023 09 11 00   244   122 10181   100    57     6     0 -9999
2023 09 11 01   228   133 10185   120    26 -9999     0 -9999
2023 09 11 02   217   167 10186   110    41 -9999     3 -9999
2023 09 11 03   217   156 10187   160    21     2     0 -9999
2023 09 11 04   211   156 10187     0     0     4     0 -9999
2023 09 11 05   206   144 10182   140    21 -9999     0 -9999
2023 09 11 06   206   139 10179   130    26     8     0     3
2023 09 11 07   211   128 10174   150    21 -9999     0 -9999
2023 09 11 08   211   111 10170   170    21 -9999     0 -9999
2023 09 11 09   200   128 10171   260    21 -9999    -1 -9999
2023 09 11 10   178   150 -9999   220    51 -9999     7 -9999
2023 09 11 11   172   161 10177   170    21 -9999    81 -9999
2023 09 11 12   172   161 10177   200    26     8     3   100
2023 09 11 13   172   161 10175   190    21 -9999     3 -9999
2023 09 11 14   178   172 -9999   220    31 -9999    -1 -9999
2023 09 11 15   183   178 10185   250    26 -9999     3 -9999
2023 09 11 16   183   178 -9999   270    21 -9999     2 -9999
2023 09 11 17   189   178 10179   330    21 -9999    13 -9999
2023 09 11 18   183   172 10180   340    36     8    18    50
2023 09 11 19   189   167 10179    20    26 -9999     5 -9999
2023 09 11 20   183   167 10175   350    26 -9999     5 -9999
2023 09 11 21   183   167 10173    20    36 -9999     8 -9999
2023 09 11 22   183   167 10174   340    26 -9999     5 -9999
2023 09 11 23   167   161 10178   340    36 -9999    -1 -9999
2023 09 12 00   172   156 10176   350    31     8    -1    20
2023 09 12 01   172   156 10176   340    41 -9999    -1 -9999
2023 09 12 02   172   161 10177   330    26 -9999     3 -9999
2023 09 12 03   167   161 10176   340    21 -9999    15 -9999
2023 09 12 04   172   156 10176   330    26 -9999    -1 -9999
2023 09 12 05   167   150 10175   330    41 -9999     0 -9999
2023 09 12 06   161   144 10173   330    31     6     0    20
2023 09 12 07   156   144 10174   300    26 -9999     0 -9999
2023 09 12 08   150   139 10173   310    31 -9999     0 -9999
2023 09 12 09   144   133 10174   310    36 -9999     0 -9999
2023 09 12 10   139   128 10176   320    31     4     0 -9999
2023 09 12 11   139   122 10181   330    31     4     0 -9999
2023 09 12 12   139   122 10187   320    41     6     0 -9999
2023 09 12 13   150   128 10190   320    36     4     0 -9999
2023 09 12 14   156   128 10191   320    57 -9999     0 -9999
2023 09 12 15   167   122 10192   350    51 -9999     0 -9999
2023 09 12 16   183   117 10192   360    57     4     0 -9999
2023 09 12 17   189   117 10192   330    36 -9999     0 -9999
2023 09 12 18   206   122 10188   320    31     2     0 -9999
2023 09 12 19   222   100 10184   350    41     2     0 -9999
2023 09 12 20   217    94 10181   340    41     4     0 -9999
2023 09 12 21   206   122 10180    50    51 -9999     0 -9999
2023 09 12 22   211   122 10178    60    36     2     0 -9999
2023 09 12 23   200   111 10179    50    36     2     0 -9999
2023 09 13 00   183    89 10182    70    36     4     0 -9999
2023 09 13 01   172    94 10184   100    26 -9999     0 -9999
2023 09 13 02   172   106 10185   110    26 -9999     0 -9999
2023 09 13 03   167   106 10183   120    15     4     0 -9999
2023 09 13 04   156   111 10185     0     0 -9999     0 -9999
2023 09 13 05   150   111 10187   230    15 -9999     0 -9999
2023 09 13 06   150   111 10185   260    15     6     0 -9999
2023 09 13 07   144   106 10185   270    15 -9999     0 -9999
2023 09 13 08   139   111 10185   240    15     4     0 -9999
2023 09 13 09   133   111 10182     0     0 -9999     0 -9999
2023 09 13 10   128   106 10184     0     0     4     0 -9999
2023 09 13 11   133   111 10185   180    15 -9999     0 -9999
2023 09 13 12   133   111 10190   290    15     4     0 -9999
2023 09 13 13   150   122 10193     0     0     2     0 -9999
2023 09 13 14   167   122 10193     0     0     2     0 -9999
2023 09 13 15   183   122 10195    10    21     2     0 -9999
2023 09 13 16   194   128 10195   330    26     4     0 -9999
2023 09 13 17   200   122 10196   360    57     4     0 -9999
2023 09 13 18   206   100 10194   360    46     4     0 -9999
2023 09 13 19   194   106 10188    20    67 -9999     0 -9999
2023 09 13 20   211   106 10187    50    62 -9999     0 -9999
2023 09 13 21   200   106 10187    20    46 -9999     0 -9999
2023 09 13 22   194   106 10189    30    57 -9999     0 -9999
2023 09 13 23   183   106 10191    40    57     4     0 -9999
2023 09 14 00   178   106 10192    60    41     4     0 -9999
2023 09 14 01   172   100 10196    60    36     2     0 -9999
2023 09 14 02   161   106 10200    40    31     0     0 -9999
2023 09 14 03   161   106 10202    70    21     0     0 -9999
2023 09 14 04   144   106 10202   350    21     0     0 -9999
2023 09 14 05   139   100 10203   360    26     0     0 -9999
2023 09 14 06   139   106 10204     0     0     2     0 -9999
2023 09 14 07   133   100 10206     0     0     2     0 -9999
2023 09 14 08   128   100 10204   330    21     2     0 -9999
2023 09 14 09   122    94 10208     0     0     2     0 -9999
2023 09 14 10   128    94 10211   350    15     2     0 -9999
2023 09 14 11   122    94 10216     0     0     2     0 -9999
2023 09 14 12   122    94 10220     0     0     2     0 -9999
2023 09 14 13   150   117 10225   350    21     2     0 -9999
2023 09 14 14   172   117 10224   360    26     2     0 -9999
2023 09 14 15   194   122 10228   360    15     2     0 -9999
2023 09 14 16   211   117 10227   350    21 -9999     0 -9999
2023 09 14 17   206   100 10225   360    21 -9999     0 -9999
2023 09 14 18   228   100 10220 -9999    26     4     0 -9999
2023 09 14 19   228   117 10216   130    21     4     0 -9999
2023 09 14 20   228   111 10212    90    46     4     0 -9999
2023 09 14 21   222   106 10210    90    36     4     0 -9999
2023 09 14 22   217   106 10208    80    36     2     0 -9999
2023 09 14 23   211    94 10207    90    41     2     0 -9999
2023 09 15 00   194    89 10207   100    41     2     0 -9999
2023 09 15 01   178    94 10210   110    21     0     0 -9999
2023 09 15 02   172   106 10211   120    21     0     0 -9999
2023 09 15 03   172   106 10214     0     0     0     0 -9999
2023 09 15 04   161   111 10213     0     0     0     0 -9999
2023 09 15 05   150   106 10215     0     0     0     0 -9999
2023 09 15 06   144   106 10217     0     0     0     0 -9999
2023 09 15 07   133   106 10212     0     0     0     0 -9999
2023 09 15 08   133   100 10208     0     0     0     0 -9999
2023 09 15 09   128   100 10208     0     0     0     0 -9999
2023 09 15 10   133   111 10208   170    21     0     0 -9999
2023 09 15 11   133   106 10208   170    26     2     0 -9999
2023 09 15 12   133   100 10214   160    26     2     0 -9999
2023 09 15 13   156   100 10216   190    21     2     0 -9999
2023 09 15 14   183   106 10214   190    26     0     0 -9999
2023 09 15 15   211   106 10212   160    36     0     0 -9999
2023 09 15 16   217    89 10211   200    26     2     0 -9999
2023 09 15 17   233    89 10207   180    41     2     0 -9999
2023 09 15 18   239    89 10202   200    21     2     0 -9999
2023 09 15 19   244    83 10195   140    21     2     0 -9999
2023 09 15 20   244    78 10190   160    15     4     0 -9999
2023 09 15 21   256    61 10184 -9999    21     4     0 -9999
2023 09 15 22   261    67 10180 -9999    15     2     0 -9999
2023 09 15 23   244    61 10177 -9999    15     4     0 -9999
2023 09 16 00   228    67 10178   180    21     6     0 -9999
2023 09 16 01   206   106 10179   140    31     4     0 -9999
2023 09 16 02   200   128 10180   150    21 -9999     0 -9999
2023 09 16 03   194   133 10179   160    26 -9999     0 -9999
2023 09 16 04   183   133 10182   170    15 -9999     0 -9999
2023 09 16 05   183   128 10180   160    21 -9999     0 -9999
2023 09 16 06   178   122 10178   190    31     6     0 -9999
2023 09 16 07   178   111 10174   190    26 -9999     0 -9999
2023 09 16 08   172   106 10173   170    21 -9999     0 -9999
2023 09 16 09   167   106 10169   160    31 -9999     0 -9999
2023 09 16 10   167   106 10166   200    21 -9999     0 -9999
2023 09 16 11   167   111 10169     0     0 -9999     0 -9999
2023 09 16 12   161   111 10169     0     0     6     0 -9999
2023 09 16 13   167   117 10175   240    15 -9999     0 -9999
2023 09 16 14   178   117 10176   220    21 -9999     0 -9999
2023 09 16 15   194   122 10176   200    21 -9999     0 -9999
2023 09 16 16   206   122 10175   240    21 -9999     0 -9999
2023 09 16 17   200   122 10173     0     0 -9999     0 -9999
2023 09 16 18   194   139 10171     0     0     8     3     3
2023 09 16 19   200   150 10166   210    21 -9999    -1 -9999
2023 09 16 20   206   150 10162   210    36 -9999    -1 -9999
2023 09 16 21   206   139 10158   190    41 -9999     0 -9999
2023 09 16 22   206   128 10151   170    26 -9999     0 -9999
2023 09 16 23   200   133 10146   170    15 -9999     0 -9999
2023 09 17 00   194   133 10146   130    15     6     0    -1
2023 09 17 01   189   128 10144     0     0 -9999     0 -9999
2023 09 17 02   172   133 10145     0     0 -9999     0 -9999
2023 09 17 03   172   139 10145   250    21 -9999     0 -9999
2023 09 17 04   172   144 10141     0     0 -9999     5 -9999
2023 09 17 05   172   150 10138     0     0 -9999    -1 -9999
2023 09 17 06   178   144 10136     0     0     8    -1     5
2023 09 17 07   172   139 10130   360    26 -9999     0 -9999
2023 09 17 08   167   144 10128   310    15 -9999    -1 -9999
2023 09 17 09   161   144 10131   310    41 -9999    20 -9999
2023 09 17 10   150   139 10129   330    36 -9999    23 -9999
2023 09 17 11   150   144 10135   350    36 -9999    76 -9999
2023 09 17 12   150   144 10135   310    41     8   117   230
2023 09 17 13   150   144 10144    10    31 -9999    43 -9999
2023 09 17 14   150   144 10144   340    36 -9999    51 -9999
2023 09 17 15   156   144 10144    10    72 -9999    18 -9999
2023 09 17 16   161   150 10145    10    77 -9999     3 -9999
2023 09 17 17   161   150 10150    30    72 -9999    -1 -9999
2023 09 17 18   167   156 10152    20    51     8    -1   120
2023 09 17 19   178   156 10150   350    72 -9999     8 -9999
2023 09 17 20   167   150 10152    20    62 -9999    48 -9999
2023 09 17 21   167   139 10153    20    82 -9999     0 -9999
2023 09 17 22   156   128 10155    20    72 -9999     0 -9999
2023 09 17 23   150   111 10158    20    67     4     0 -9999
2023 09 18 00   150   122 10159    20    57     4     0    60
2023 09 18 01   144   122 10161    10    46     2     0 -9999
2023 09 18 02   139   122 10164   350    31     2     0 -9999
2023 09 18 03   139   122 10165   350    31     2     0 -9999
2023 09 18 04   150   122 10167   340    26     2     0 -9999
2023 09 18 05   150   122 10168   330    26     2     0 -9999
2023 09 18 06   139   117 10168     0     0     4     0 -9999
2023 09 18 07   133   117 10168     0     0     2     0 -9999
2023 09 18 08   128   111 10168     0     0     2     0 -9999
2023 09 18 09   128   111 10168   280    31     2     0 -9999
2023 09 18 10   122   111 10170   290    26     2     0 -9999
2023 09 18 11   122   111 10174    60    15     2     0 -9999
2023 09 18 12   122   106 10179     0     0     2     0 -9999
2023 09 18 13   144   122 10181   340    21     2     0 -9999
2023 09 18 14   167   122 10182    10    21     2     0 -9999
2023 09 18 15   183   128 10185   360    21     2     0 -9999
2023 09 18 16   200   128 10185   330    26 -9999     0 -9999
2023 09 18 17   200   117 10182   340    31 -9999     0 -9999
2023 09 18 18   211   117 10177   360    41     6     0 -9999
2023 09 18 19   222   106 10173     0     0 -9999     0 -9999
2023 09 18 20   217   100 10166   340    21 -9999     0 -9999
2023 09 18 21   206   128 10162   110    36 -9999     0 -9999
2023 09 18 22   206   122 10160    90    46 -9999     0 -9999
2023 09 18 23   200   122 10161    90    41     4     0 -9999
2023 09 19 00   183   117 10162   100    36     6     0 -9999
2023 09 19 01   172   117 10164   100    31 -9999     0 -9999
2023 09 19 02   161   117 10165   120    21 -9999     0 -9999
2023 09 19 03   161   117 10166   130    15 -9999     0 -9999
2023 09 19 04   161   117 10165   140    21 -9999     0 -9999
2023 09 19 05   156   122 10167   140    21 -9999     0 -9999
2023 09 19 06   150   117 10163   140    21     6     0 -9999
2023 09 19 07   150   111 10169     0     0 -9999     0 -9999
2023 09 19 08   150   111 10166   150    21 -9999     0 -9999
2023 09 19 09   144   111 10166   150    26 -9999     0 -9999
2023 09 19 10   150   111 10161   160    36 -9999     0 -9999
2023 09 19 11   156   111 10161   190    46 -9999    -1 -9999
2023 09 19 12   156   117 10165   160    26     8     0     0
2023 09 19 13   156   117 10174   220    31 -9999    -1 -9999
2023 09 19 14   150   122 10176   200    21 -9999    18 -9999
2023 09 19 15   150   128 10177   190    26 -9999    10 -9999
2023 09 19 16   156   128 10174   190    26 -9999    -1 -9999
2023 09 19 17   161   133 10176     0     0 -9999     3 -9999
2023 09 19 18   161   133 10170   180    26 -9999     8    38
2023 09 19 19   161   133 10163   170    36 -9999     3 -9999
2023 09 19 20   161   139 10153   140    46 -9999     3 -9999
2023 09 19 21   167   144 10148   140    41 -9999    -1 -9999
2023 09 19 22   172   144 10142   120    36 -9999    -1 -9999
2023 09 19 23   172   150 10141   130    46 -9999     8 -9999
2023 09 20 00   189   139 10150   140    26 -9999    10    15
2023 09 20 01   189   139 10142   160    62 -9999     5 -9999
2023 09 20 02   200   139 10146   170    72 -9999    -1 -9999
2023 09 20 03   189   144 10148   170    62 -9999     3 -9999
2023 09 20 04   183   139 10151   160    36 -9999     0 -9999
2023 09 20 05   183   122 10149   170    51     4     0 -9999
2023 09 20 06   183   117 10151   180    41     4     0    20
2023 09 20 07   183   111 10153   180    31     4     0 -9999
2023 09 20 08   183   111 10152   180    46 -9999     0 -9999
2023 09 20 09   194   111 10153   200    46 -9999     0 -9999
2023 09 20 10   183   111 10157   200    51 -9999     0 -9999
2023 09 20 11   178   122 10163   210    46 -9999     3 -9999
2023 09 20 12   178   133 10172   250    26     6     0     3
2023 09 20 13   189   133 10176   250    15 -9999     0 -9999
2023 09 20 14   200   144 10179   190    21 -9999     0 -9999
2023 09 20 15   211   133 10184   200    31 -9999     0 -9999
2023 09 20 16   222   144 10180   200    31 -9999     0 -9999
2023 09 20 17   244   139 10175   200    51 -9999     0 -9999
2023 09 20 18   244   144 10175   170    51     6     0 -9999
2023 09 20 19   256   156 10172   210    41 -9999     0 -9999
2023 09 20 20   261   156 10170   200    41 -9999     0 -9999
2023 09 20 21   261   156 10168   170    36 -9999     0 -9999
2023 09 20 22   256   150 10169   170    31 -9999     0 -9999
2023 09 20 23   256   150 10172   190    26 -9999     0 -9999
2023 09 21 00   244   144 10175   150    15     8     0 -9999
2023 09 21 01   233   144 10180   120    21 -9999     0 -9999
2023 09 21 02   217   150 10183   110    26 -9999     0 -9999
2023 09 21 03   217   150 10186     0     0 -9999     0 -9999
2023 09 21 04   206   150 10191     0     0 -9999     0 -9999
2023 09 21 05   200   156 10192     0     0 -9999     0 -9999
2023 09 21 06   200   156 10193     0     0     8     0 -9999
2023 09 21 07   200   156 10193     0     0 -9999     0 -9999
2023 09 21 08   194   156 10194    80    15 -9999     0 -9999
2023 09 21 09   200   150 10198    40    15 -9999     0 -9999
2023 09 21 10   194   156 10204     0     0 -9999     0 -9999
2023 09 21 11   194   150 10204     0     0 -9999     0 -9999
2023 09 21 12   194   150 10213     0     0     8     0 -9999
2023 09 21 13   200   150 10219     0     0 -9999     0 -9999
2023 09 21 14   211   150 10223     0     0 -9999     0 -9999
2023 09 21 15   217   156 10224    10    26 -9999     0 -9999
2023 09 21 16   233   161 10224   250    15 -9999     0 -9999
2023 09 21 17   250   156 10221 -9999    26 -9999     0 -9999
2023 09 21 18   261   150 10219   120    51     8     0 -9999
2023 09 21 19   233   172 10221   200    26 -9999    -1 -9999
2023 09 21 20   228   172 10217    90    26 -9999    10 -9999
2023 09 21 21   228   161 10211    80    26 -9999    -1 -9999
2023 09 21 22   222   172 10213    80    26 -9999    -1 -9999
2023 09 21 23   211   172 10213    70    31 -9999    -1 -9999
2023 09 22 00   217   167 10209    80    36     8    -1    10
2023 09 22 01   217   172 10207    80    31 -9999     0 -9999
2023 09 22 02   217   178 10210    60    31 -9999     0 -9999
2023 09 22 03   206   183 10208   140    15 -9999     0 -9999
2023 09 22 04   211   178 10209     0     0 -9999     0 -9999
2023 09 22 05   211   178 10207    80    26 -9999     3 -9999
2023 09 22 06   200   178 10210   270    15     8    -1     3
2023 09 22 07   200   183 10212     0     0 -9999     3 -9999
2023 09 22 08   194   183 10213   230    26 -9999    -1 -9999
2023 09 22 09   189   178 10210     0     0 -9999    -1 -9999
2023 09 22 10   189   178 10211   190    15 -9999     0 -9999
2023 09 22 11   194   178 10211   140    15 -9999     0 -9999
2023 09 22 12   194   178 10216     0     0     6    -1     3
2023 09 22 13   206   178 10215   100    31 -9999     0 -9999
2023 09 22 14   206   156 10216   150    36 -9999     0 -9999
2023 09 22 15   211   156 10216   150    31 -9999     0 -9999
2023 09 22 16   217   161 10213   170    31 -9999     0 -9999
2023 09 22 17   228   167 10207   160    31 -9999     0 -9999
2023 09 22 18   239   167 10207   150    21     6     0 -9999
2023 09 22 19   256   161 10201   140    26 -9999     0 -9999
2023 09 22 20   261   156 10197   160    31 -9999     0 -9999
2023 09 22 21   256   161 10197   120    41 -9999     0 -9999
2023 09 22 22   250   161 10193   110    41 -9999     0 -9999
2023 09 22 23   250   156 10189   110    36 -9999     0 -9999
2023 09 23 00   239   161 10186    90    31     6     0 -9999
2023 09 23 01   233   167 10186    90    21 -9999     0 -9999
2023 09 23 02   228   167 10189    80    21 -9999     0 -9999
2023 09 23 03   222   167 10185    90    31 -9999     0 -9999
2023 09 23 04   222   161 10188   110    15 -9999     0 -9999
2023 09 23 05   222   156 10186   110    26 -9999     0 -9999
2023 09 23 06   228   144 10186   130    51     8     0 -9999
2023 09 23 07   217   133 10188   130    41 -9999     0 -9999
2023 09 23 08   211   128 10185   140    62 -9999     0 -9999
2023 09 23 09   211   117 10186   140    41 -9999     0 -9999
2023 09 23 10   200   117 10188   140    41 -9999     0 -9999
2023 09 23 11   189   117 10189   120    31 -9999     0 -9999
2023 09 23 12   189   111 10190   130    26     6     0 -9999
2023 09 23 13   189   122 10190   120    41 -9999     0 -9999
2023 09 23 14   206   133 10189   150    36     4     0 -9999
2023 09 23 15   222   133 10189   150    26     2     0 -9999
2023 09 23 16   250   133 10183 -9999    21     0     0 -9999
2023 09 23 17   261   100 10182   110    46     2     0 -9999
2023 09 23 18   256   117 10178    90    51     4     0 -9999
2023 09 23 19   256   139 10167    80    57     4     0 -9999
2023 09 23 20   256   139 10161    80    51     4     0 -9999
2023 09 23 21   250   133 10162    70    57     4     0 -9999
2023 09 23 22   244   122 10164    80    46 -9999     0 -9999
2023 09 23 23   233   122 10161    70    46 -9999     0 -9999
2023 09 24 00   222   128 10161    90    36     6     0 -9999
2023 09 24 01   211   122 10161    80    36 -9999     0 -9999
2023 09 24 02   211   128 10164    90    31 -9999     0 -9999
2023 09 24 03   194   128 10167   110    21     4     0 -9999
2023 09 24 04   206   111 10162   110    67     4     0 -9999
2023 09 24 05   189   117 10159   120    57 -9999     0 -9999
2023 09 24 06   189   111 10158   140    31     6     0 -9999
2023 09 24 07   183    94 10158   130    46     4     0 -9999
2023 09 24 08   172   100 10156   120    36     4     0 -9999
2023 09 24 09   161   106 10159   120    36     0     0 -9999
2023 09 24 10   156   111 10164   140    15     2     0 -9999
2023 09 24 11   156   111 10163    90    21     4     0 -9999
2023 09 24 12   156   117 10162   100    36     6     0 -9999
2023 09 24 13   167   117 10164   130    31 -9999     0 -9999
2023 09 24 14   183   117 10165   150    41 -9999     0 -9999
2023 09 24 15   194   128 10166   180    26 -9999     0 -9999
2023 09 24 16   217   133 10165 -9999    21 -9999     0 -9999
2023 09 24 17   239   139 10160   130    31 -9999     0 -9999
2023 09 24 18   239   122 10161   160    36     6     0 -9999
2023 09 24 19   250   128 10156   140    46 -9999     0 -9999
2023 09 24 20   250   122 10151   130    57 -9999     0 -9999
2023 09 24 21   244   139 10151   110    62 -9999     0 -9999
2023 09 24 22   239   144 10152   100    62 -9999     0 -9999
2023 09 24 23   233   150 10158   100    31 -9999     0 -9999
2023 09 25 00   228   144 10161    90    41     6     0 -9999
2023 09 25 01   211   156 10163    90    26     4     0 -9999
2023 09 25 02   211   156 10163    80    26     2     0 -9999
2023 09 25 03   206   150 10165   100    15 -9999     0 -9999
2023 09 25 04   206   156 10163   100    26 -9999     0 -9999
2023 09 25 05   211   150 10165   110    26 -9999     0 -9999
2023 09 25 06   211   139 10158   120    41     6     0 -9999
2023 09 25 07   206   139 10164   130    21 -9999     0 -9999
2023 09 25 08   206   139 10163   130    26 -9999     0 -9999
2023 09 25 09   200   133 10164   130    41 -9999     0 -9999
2023 09 25 10   194   139 10168   140    46 -9999     0 -9999
2023 09 25 11   194   139 10172   130    36 -9999     0 -9999
2023 09 25 12   189   144 10177   130    36     8     0 -9999
2023 09 25 13   189   144 10187   130    41 -9999    -1 -9999
2023 09 25 14   178   156 10186   130    41 -9999    18 -9999
2023 09 25 15   200   172 10188   140    36 -9999    -1 -9999
2023 09 25 16   206   167 10188   140    31 -9999     0 -9999
2023 09 25 17   206   172 10189   140    36 -9999    10 -9999
2023 09 25 18   217   167 10189   130    21     6     0    30
2023 09 25 19   228   172 10181    90    26 -9999    -1 -9999
2023 09 25 20   233   167 10181    70    31 -9999    -1 -9999
2023 09 25 21   228   161 10177    80    46 -9999     0 -9999
2023 09 25 22   228   156 10175    80    46 -9999     0 -9999
2023 09 25 23   211   156 10178    50    46 -9999     0 -9999
2023 09 26 00   206   156 10184    60    36     6     0    -1
2023 09 26 01   206   167 10185    70    26 -9999     0 -9999
2023 09 26 02   211   172 10185    70    46 -9999     0 -9999
2023 09 26 03   211   172 10181   100    36 -9999     0 -9999
2023 09 26 04   206   167 10184   120    46 -9999     0 -9999
2023 09 26 05   206   161 10182   120    51 -9999     0 -9999
2023 09 26 06   200   161 10180   120    31     8     0 -9999
2023 09 26 07   194   156 10179   120    46 -9999     0 -9999
2023 09 26 08   189   156 10178   130    41 -9999     0 -9999
2023 09 26 09   183   156 10177   130    36 -9999     0 -9999
2023 09 26 10   183   156 10176   110    36 -9999     0 -9999
2023 09 26 11   172   156 10179   110    46 -9999     0 -9999
2023 09 26 12   178   161 10182   130    31     8     0 -9999
2023 09 26 13   178   172 10189   130    26 -9999     8 -9999
2023 09 26 14   178   172 10192   120    26 -9999    25 -9999
2023 09 26 15   178   172 10193    90    51 -9999    15 -9999
2023 09 26 16   183   172 10194   120    26 -9999    -1 -9999
2023 09 26 17   189   178 10192    90    57 -9999     0 -9999
2023 09 26 18   194   172 10187   100    67     6     0    50
2023 09 26 19   189   172 10183    80    41 -9999     0 -9999
2023 09 26 20   194   172 10177   110    41 -9999     0 -9999
2023 09 26 21   228   161 10171   110    72 -9999     0 -9999
2023 09 26 22   222   172 10171   100    77 -9999     0 -9999
2023 09 26 23   211   172 10175    70    67 -9999     0 -9999
2023 09 27 00   206   178 10177    80    36     6     0 -9999
2023 09 27 01   206   172 10175    90    41 -9999     0 -9999
2023 09 27 02   206   167 10180   100    31 -9999     0 -9999
2023 09 27 03   200   156 10180   100    67 -9999     0 -9999
2023 09 27 04   200   161 10180    90    41 -9999     0 -9999
2023 09 27 05   194   167 10181   110    51 -9999    -1 -9999
2023 09 27 06   189   172 10181    90    31     8    43    40
2023 09 27 07   183   167 10175    90    31 -9999     0 -9999
2023 09 27 08   183   172 10173    90    26 -9999     0 -9999
2023 09 27 09   183   167 10169   100    31 -9999     5 -9999
2023 09 27 10   178   167 10172   120    31 -9999     0 -9999
2023 09 27 11   172   167 10176   110    26 -9999     0 -9999
2023 09 27 12   172   161 10178   110    26     6     0     5
2023 09 27 13   178   167 10180   110    41 -9999     0 -9999
2023 09 27 14   178   167 10184   110    46 -9999     0 -9999
2023 09 27 15   183   167 10189   140    36 -9999     0 -9999
2023 09 27 16   178   167 10187   140    31 -9999     0 -9999
2023 09 27 17   211   161 10179   100    31 -9999     0 -9999
2023 09 27 18   217   161 10174    90    41     8     0 -9999
2023 09 27 19   217   167 10174    90    41 -9999     0 -9999
2023 09 27 20   222   167 10168    90    46 -9999     0 -9999
2023 09 27 21   211   161 10167   120    41 -9999     0 -9999
2023 09 27 22   206   161 10169    80    46 -9999     0 -9999
2023 09 27 23   200   161 10173    80    46 -9999     0 -9999
2023 09 28 00   200   161 10173    80    46     8     0 -9999
2023 09 28 01   200   156 10176    90    51 -9999     0 -9999
2023 09 28 02   194   156 10179   100    41 -9999     0 -9999
2023 09 28 03   194   150 10179   100    41 -9999     0 -9999
2023 09 28 04   194   156 10178    70    31 -9999     0 -9999
2023 09 28 05   189   156 10175    70    31 -9999     0 -9999
2023 09 28 06   183   161 10175    60    21     6     0 -9999
2023 09 28 07   183   161 10176    20    26 -9999     0 -9999
2023 09 28 08   172   156 10172    10    26 -9999     0 -9999
2023 09 28 09   172   156 10173    10    26 -9999     0 -9999
2023 09 28 10   178   161 10176    40    21 -9999     0 -9999
2023 09 28 11   183   161 10179    10    31 -9999     0 -9999
2023 09 28 12   189   161 10184    20    31 -9999    -1    -1
2023 09 28 13   194   161 10185    20    26 -9999     0 -9999
2023 09 28 14   200   161 10186    30    46 -9999     0 -9999
2023 09 28 15   200   161 10186    30    51 -9999     0 -9999
2023 09 28 16   200   167 10185    10    46 -9999    -1 -9999
2023 09 28 17   200   172 10183    40    46 -9999     3 -9999
2023 09 28 18   217   156 10183    30    46     8     0     3
2023 09 28 19   211   150 10180    20    46 -9999     0 -9999
2023 09 28 20   217   156 10176    20    41 -9999     0 -9999
2023 09 28 21   211   150 10174    60    57 -9999     0 -9999
2023 09 28 22   211   150 10176    50    41 -9999     0 -9999
2023 09 28 23   194   150 10178    40    41 -9999     0 -9999
2023 09 29 00   189   150 10181    40    41     6     0 -9999
2023 09 29 01   189   150 10183    50    31 -9999     0 -9999
2023 09 29 02   183   144 10184    50    41 -9999     0 -9999
2023 09 29 03   183   144 10184    60    31 -9999     0 -9999
2023 09 29 04   178   144 10187    50    21     4     0 -9999
2023 09 29 05   172   144 10189     0     0     4     0 -9999
2023 09 29 06   167   144 10186     0     0     2     0 -9999
2023 09 29 07   161   144 10187     0     0 -9999     0 -9999
2023 09 29 08   156   139 10183     0     0     2     0 -9999
2023 09 29 09   161   139 10187     0     0 -9999     0 -9999
2023 09 29 10   167   150 10191     0     0 -9999     0 -9999
2023 09 29 11   167   144 10193     0     0     4     0 -9999
2023 09 29 12   167   144 10199   130    15     4     0 -9999
2023 09 29 13   172   156 10204   140    31 -9999     0 -9999
2023 09 29 14   183   161 10208   160    26 -9999     0 -9999
2023 09 29 15   200   156 10207   140    26 -9999     0 -9999
2023 09 29 16   206   156 10205   190    21 -9999     0 -9999
2023 09 29 17   217   150 10204     0     0 -9999     0 -9999
2023 09 29 18   222   156 10200   220    21     6     0 -9999
2023 09 29 19   228   156 10195   170    21 -9999     0 -9999
2023 09 29 20   239   156 10193 -9999    15     4     0 -9999
2023 09 29 21   244   150 10191 -9999    15     4     0 -9999
2023 09 29 22   239   161 10191    90    51     2     0 -9999
2023 09 29 23   222   156 10198    90    46     2     0 -9999
2023 09 30 00   211   156 10202    90    41     2     0 -9999
2023 09 30 01   200   156 10203   110    31     0     0 -9999
2023 09 30 02   200   161 10206   100    31     0     0 -9999
2023 09 30 03   194   156 10203   130    31     0     0 -9999
2023 09 30 04   194   150 10205   150    36     0     0 -9999
2023 09 30 05   183   144 10207   150    31     0     0 -9999
2023 09 30 06   178   144 10206   140    31     0     0 -9999
2023 09 30 07   178   144 10201   160    31     0     0 -9999
2023 09 30 08   178   144 10204   180    21     0     0 -9999
2023 09 30 09   172   139 10205   190    15     0     0 -9999
2023 09 30 10   167   139 10210   160    21     0     0 -9999
2023 09 30 11   167   139 10219   130    21     0     0 -9999
2023 09 30 12   161   139 10223   130    26     0     0 -9999
2023 09 30 13   178   144 10228   170    31     2     0 -9999
2023 09 30 14   194   150 10231   170    31     2     0 -9999
2023 09 30 15   217   156 10238   190    41     0     0 -9999
2023 09 30 16   239   167 10240 -9999    21     0     0 -9999
2023 09 30 17   256   172 10234   180    31     2     0 -9999
2023 09 30 18   267   172 10234   150    46     2     0 -9999
2023 09 30 19   278   167 10228   170    26     2     0 -9999
2023 09 30 20   289   172 10222   140    36     2     0 -9999
2023 09 30 21   289   172 10213   150    36     2     0 -9999
2023 09 30 22   283   161 10213   140    41     2     0 -9999
2023 09 30 23   278   161 10212   170    31     2     0 -9999
2023 10 01 00   256   167 10219    90    31     2     0 -9999
2023 10 01 01   233   161 10219   140    36     0     0 -9999
2023 10 01 02   228   161 10224   140    26     0     0 -9999
2023 10 01 03   222   161 10228   150    21     0     0 -9999
2023 10 01 04   217   161 10228   180    15     0     0 -9999
2023 10 01 05   211   161 10231   130    26     0     0 -9999
2023 10 01 06   211   156 10233   160    26     2     0 -9999
2023 10 01 07   200   150 10235   150    21     2     0 -9999
2023 10 01 08   200   144 10236   170    21     0     0 -9999
2023 10 01 09   189   144 10242   140    21     2     0 -9999
2023 10 01 10   183   139 10248   150    15     2     0 -9999
2023 10 01 11   178   144 10251     0     0     2     0 -9999
2023 10 01 12   172   144 10252   170    15     2     0 -9999
2023 10 01 13   189   150 10254   170    26     2     0 -9999
2023 10 01 14   211   156 10256   160    15     2     0 -9999
2023 10 01 15   239   161 10261     0     0     2     0 -9999
2023 10 01 16   261   167 10263     0     0     2     0 -9999
2023 10 01 17   278   161 10258   160    26     2     0 -9999
2023 10 01 18   283   156 10252   230    21     0     0 -9999
2023 10 01 19   294   156 10243   130    31     2     0 -9999
2023 10 01 20   294   156 10235   170    31     0     0 -9999
2023 10 01 21   300   144 10230 -9999    31     0     0 -9999
2023 10 01 22   294   144 10226   130    21     0     0 -9999
2023 10 01 23   267   150 10226    90    41     2     0 -9999
2023 10 02 00   244   150 10228    90    31     2     0 -9999
2023 10 02 01   228   150 10231   100    21     0     0 -9999
2023 10 02 02   222   150 10231   140    21     0     0 -9999
2023 10 02 03   217   156 10233   140    21     0     0 -9999
2023 10 02 04   211   156 10233   130    21     0     0 -9999
2023 10 02 05   211   156 10234   140    15     0     0 -9999
2023 10 02 06   200   156 10231     0     0     0     0 -9999
2023 10 02 07   200   156 10231     0     0     0     0 -9999
2023 10 02 08   189   156 10230     0     0     0     0 -9999
2023 10 02 09   183   150 10231     0     0     0     0 -9999
2023 10 02 10   183   150 10233     0     0     0     0 -9999
2023 10 02 11   183   150 10231     0     0     0     0 -9999
2023 10 02 12   178   144 10235     0     0     0     0 -9999
2023 10 02 13   194   156 10237     0     0     2     0 -9999
2023 10 02 14   217   156 10237   230    21     2     0 -9999
2023 10 02 15   244   161 10235   240    31     2     0 -9999
2023 10 02 16   267   161 10232   210    21     2     0 -9999
2023 10 02 17   283   161 10228   210    36     2     0 -9999
2023 10 02 18   289   156 10225   220    31     2     0 -9999
2023 10 02 19   294   156 10215   220    26     4     0 -9999
2023 10 02 20   294   161 10210   170    41 -9999     0 -9999
2023 10 02 21   294   156 10205   160    36 -9999     0 -9999
2023 10 02 22   294   161 10200   170    21     4     0 -9999
2023 10 02 23   283   144 10202   190    26 -9999     0 -9999
2023 10 03 00   261   161 10202   120    46     6     0 -9999
2023 10 03 01   244   156 10203   130    36 -9999     0 -9999
2023 10 03 02   233   156 10200   140    31 -9999     0 -9999
2023 10 03 03   228   150 10200   150    26     2     0 -9999
2023 10 03 04   222   150 10199   140    21     2     0 -9999
2023 10 03 05   217   150 10197   170    15     0     0 -9999
2023 10 03 06   206   150 10196     0     0     0     0 -9999
2023 10 03 07   200   150 10195   180    15     0     0 -9999
2023 10 03 08   194   150 10194   190    15     0     0 -9999
2023 10 03 09   189   144 10194     0     0     0     0 -9999
2023 10 03 10   189   139 10199     0     0     0     0 -9999
2023 10 03 11   183   139 10202     0     0     2     0 -9999
2023 10 03 12   189   139 10206     0     0     2     0 -9999
2023 10 03 13   194   139 10209   180    21     0     0 -9999
2023 10 03 14   217   144 10207   180    21     2     0 -9999
2023 10 03 15   244   161 10205   150    26     2     0 -9999
2023 10 03 16   272   161 10203   200    46     2     0 -9999
2023 10 03 17   289   144 10197   200    41     2     0 -9999
2023 10 03 18   294   144 10189   210    57     2     0 -9999
2023 10 03 19   300   144 10178   200    46     2     0 -9999
2023 10 03 20   306   139 10169   200    51     2     0 -9999
2023 10 03 21   306   139 10163   190    31     4     0 -9999
2023 10 03 22   300   133 10161   170    41     4     0 -9999
2023 10 03 23   294   139 10158   170    26 -9999     0 -9999
2023 10 04 00   278   133 10157   170    15     4     0 -9999
2023 10 04 01   261   133 10156   140    31     4     0 -9999
2023 10 04 02   261   139 10155   150    31 -9999     0 -9999
2023 10 04 03   256   133 10151   170    41 -9999     0 -9999
2023 10 04 04   250   133 10149   170    51 -9999     0 -9999
2023 10 04 05   250   139 10146   180    46 -9999     0 -9999
2023 10 04 06   244   139 10149   180    41     6     0 -9999
2023 10 04 07   239   144 10152   180    36 -9999     0 -9999
2023 10 04 08   239   139 10152   190    36 -9999     0 -9999
2023 10 04 09   239   139 10149   180    36 -9999     0 -9999
2023 10 04 10   233   144 10149   180    36 -9999     0 -9999
2023 10 04 11   228   144 10152   180    31 -9999     0 -9999
2023 10 04 12   228   144 10154   180    41     6     0 -9999
2023 10 04 13   222   150 10155   180    36 -9999     0 -9999
2023 10 04 14   239   156 10148   180    46 -9999     0 -9999
2023 10 04 15   244   156 10144   200    57 -9999     0 -9999
2023 10 04 16   256   156 10139   180    62 -9999     0 -9999
2023 10 04 17   278   150 10134   190    41 -9999     0 -9999
2023 10 04 18   283   144 10131   210    77     6     0 -9999
2023 10 04 19   283   144 10125   210    67 -9999     0 -9999
2023 10 04 20   283   144 10122   210    77 -9999     0 -9999
2023 10 04 21   283   144 10122   210    72 -9999     0 -9999
2023 10 04 22   278   139 10123   210    57 -9999     0 -9999
2023 10 04 23   272   139 10125   200    57 -9999     0 -9999
2023 10 05 00   267   128 10123   210    31     8     0 -9999
2023 10 05 01   261   128 10128   200    57 -9999     0 -9999
2023 10 05 02   250   139 10125   220    46 -9999     0 -9999
2023 10 05 03   244   139 10126   210    46 -9999     0 -9999
2023 10 05 04   239   144 10129   200    41 -9999    -1 -9999
2023 10 05 05   228   150 10128   220    36 -9999    -1 -9999
2023 10 05 06   200   178 10132   200    46     8    23    20
2023 10 05 07   200   183 10134   210    41 -9999    20 -9999
2023 10 05 08   200   183 10134   220    41 -9999    10 -9999
2023 10 05 09   200   183 10130   210    21 -9999     8 -9999
2023 10 05 10   200   183 10133   210    26 -9999     5 -9999
2023 10 05 11   200   183 10130   240    15 -9999    10 -9999
2023 10 05 12   200   183 10131     0     0 -9999    -1    56
2023 10 05 13   200   183 10135     0     0 -9999     0 -9999
2023 10 05 14   200   178 10129   300    26 -9999     0 -9999
2023 10 05 15   200   161 10130   330    26 -9999     0 -9999
2023 10 05 16   200   156 10130   340    26 -9999     0 -9999
2023 10 05 17   206   156 10130   290    31 -9999     0 -9999
2023 10 05 18   206   150 10126 -9999    21     6     0 -9999
2023 10 05 19   211   144 10117   250    21 -9999     0 -9999
2023 10 05 20   211   133 10110   260    26 -9999     0 -9999
2023 10 05 21   222   128 10109   240    41 -9999     0 -9999
2023 10 05 22   228   100 10110   260    46     4     0 -9999
2023 10 05 23   222    94 10107   210    31     2     0 -9999
2023 10 06 00   200   106 10106   190    31     4     0 -9999
2023 10 06 01   194   106 10111   210    31 -9999     0 -9999
2023 10 06 02   200   100 10116   260    31 -9999     0 -9999
2023 10 06 03   189   106 10121   250    26 -9999     0 -9999
2023 10 06 04   183    72 10123   280    57     4     0 -9999
2023 10 06 05   172    56 10125   280    36     2     0 -9999
2023 10 06 06   161    33 10124   270    31     2     0 -9999
2023 10 06 07   139    50 10130   250    31     2     0 -9999
2023 10 06 08   139    39 10129   250    26     0     0 -9999
2023 10 06 09   128    44 10131   240    31     0     0 -9999
2023 10 06 10   122    44 10131   240    26     0     0 -9999
2023 10 06 11   117    44 10138   240    31     0     0 -9999
2023 10 06 12   111    44 10142   240    41     0     0 -9999
2023 10 06 13   111    50 10142   240    31     2     0 -9999
2023 10 06 14   128    56 10145   260    46     2     0 -9999
2023 10 06 15   144    61 10147   270    46     4     0 -9999
2023 10 06 16   161    56 10143   260    46 -9999     0 -9999
2023 10 06 17   156    39 10138   250    57 -9999     0 -9999
2023 10 06 18   139    61 10141   270    72     8    -1    -1
2023 10 06 19   117    67 10145   270    77 -9999     3 -9999
2023 10 06 20   106    61 10148   240    67 -9999     3 -9999
2023 10 06 21   106    50 10152   270    62 -9999    -1 -9999
2023 10 06 22   106    44 10154   270    82 -9999    -1 -9999
2023 10 06 23   100    39 10158   260    62 -9999    -1 -9999
2023 10 07 00   100    39 10161   260    62     6     0     5
2023 10 07 01    94    39 10167   260    67     4     0 -9999
2023 10 07 02    94    44 10171   270    62 -9999    -1 -9999
2023 10 07 03    94    50 10173   260    51 -9999    -1 -9999
2023 10 07 04    94    50 10175   280    46 -9999     0 -9999
2023 10 07 05   100    56 10172   280    51     2     0 -9999
2023 10 07 06   100    50 10171   290    57     2     0     0
2023 10 07 07    94    44 10176   290    51     0     0 -9999
2023 10 07 08    89    44 10179   300    57     0     0 -9999
2023 10 07 09    83    44 10184   280    41     0     0 -9999
2023 10 07 10    83    44 10187   290    41     0     0 -9999
2023 10 07 11    78    39 10191   290    51     2     0 -9999
2023 10 07 12    78    39 10194   300    41     2     0 -9999
2023 10 07 13    83    39 10198   300    46     2     0 -9999
2023 10 07 14    94    39 10204   310    72     2     0 -9999
2023 10 07 15   111    33 10203   300    67     2     0 -9999
2023 10 07 16   122    33 10201   300    62     2     0 -9999
2023 10 07 17   133    28 10201   320    67     2     0 -9999
2023 10 07 18   144    22 10197   300    67     4     0 -9999
2023 10 07 19   150    17 10190   290    57     4     0 -9999
2023 10 07 20   150     0 10187   320    62     4     0 -9999
2023 10 07 21   150     6 10186   300    51     4     0 -9999
2023 10 07 22   150     6 10185   310    72     4     0 -9999
2023 10 07 23   139    -6 10185   280    62     4     0 -9999
2023 10 08 00   128     0 10185   290    41     2     0 -9999
2023 10 08 01   117     6 10185   280    41     2     0 -9999
2023 10 08 02   106    11 10183   280    31     2     0 -9999
2023 10 08 03   100    17 10181   270    31     2     0 -9999
2023 10 08 04    94    22 10178   300    46     2     0 -9999
2023 10 08 05    89    22 10172   310    31     2     0 -9999
2023 10 08 06    83    22 10169   290    31     2     0 -9999
2023 10 08 07    78    22 10167   290    36     4     0 -9999
2023 10 08 08    89    22 10160   300    41 -9999     0 -9999
2023 10 08 09    89    22 10158   300    41 -9999     0 -9999
2023 10 08 10    83    22 10158   280    26 -9999     0 -9999
2023 10 08 11    83    28 10157   290    26 -9999     0 -9999
2023 10 08 12    83    28 10155   270    26     6     0 -9999
2023 10 08 13    89    33 10156   280    31 -9999     0 -9999
2023 10 08 14   100    33 10156   290    41 -9999     0 -9999
2023 10 08 15   117    33 10153   310    36 -9999     0 -9999
2023 10 08 16   128    28 10148   320    41 -9999     0 -9999
2023 10 08 17   133    22 10142 -9999    26 -9999     0 -9999
2023 10 08 18   128    22 10136   270    36     6     0 -9999
2023 10 08 19   133    22 10128   300    36 -9999     0 -9999
2023 10 08 20   133    22 10123   300    31 -9999     0 -9999
2023 10 08 21   128    17 10120   300    36 -9999     0 -9999
2023 10 08 22   128    17 10120   290    31 -9999     0 -9999
2023 10 08 23   128    22 10120   280    26 -9999     0 -9999
2023 10 09 00   122    22 10120   310    21     6     0 -9999
2023 10 09 01   122    28 10118   280    15 -9999     0 -9999
2023 10 09 02   117    33 10117   300    15 -9999     0 -9999
2023 10 09 03   106    33 10114   300    21 -9999     0 -9999
2023 10 09 04    94    33 10112   280    21     4     0 -9999
2023 10 09 05    89    28 10108   280    26     2     0 -9999
2023 10 09 06    78    28 10104   290    26     2     0 -9999
2023 10 09 07    72    28 10102   270    21     2     0 -9999
2023 10 09 08    72    22 10100   300    31 -9999     0 -9999
2023 10 09 09    83    28 10099   310    36 -9999     0 -9999
2023 10 09 10    83    22 10098   330    31 -9999     0 -9999
2023 10 09 11    72    11 10102   340    41     2     0 -9999
2023 10 09 12    67     6 10103   300    31     2     0 -9999
2023 10 09 13    78    11 10106   310    31     2     0 -9999
2023 10 09 14    94     6 10106   310    36     4     0 -9999
2023 10 09 15   106     0 10107   320    36     2     0 -9999
2023 10 09 16   122     0 10102   310    41     2     0 -9999
2023 10 09 17   133     6 10099   320    67     2     0 -9999
2023 10 09 18   133     6 10091   280    77     6     0 -9999
2023 10 09 19   150     0 10083   270    57 -9999     0 -9999
2023 10 09 20   139     6 10082   300    67 -9999     0 -9999
2023 10 09 21   150   -11 10079   310    72     4     0 -9999
2023 10 09 22   139   -44 10081   280    62     2     0 -9999
2023 10 09 23   133   -50 10083   300    57 -9999     0 -9999
2023 10 10 00   122   -33 10087   250    21     4     0 -9999
2023 10 10 01   106   -22 10087   240    21     2     0 -9999
2023 10 10 02   100   -17 10088   250    26     4     0 -9999
2023 10 10 03   100   -17 10089   280    31 -9999     0 -9999
2023 10 10 04   100   -22 10087   290    31     4     0 -9999
2023 10 10 05    83   -11 10085   250    31     4     0 -9999
2023 10 10 06    78   -11 10083   270    36     4     0 -9999
2023 10 10 07    78   -17 10082   260    31     2     0 -9999
2023 10 10 08    67   -11 10081   270    36     2     0 -9999
2023 10 10 09    67   -11 10082   260    36     2     0 -9999
2023 10 10 10    61    -6 10083   260    31     2     0 -9999
2023 10 10 11    61    -6 10088   270    36     2     0 -9999
2023 10 10 12    56    -6 10089   260    31     2     0 -9999
2023 10 10 13    61     0 10092   250    26 -9999     0 -9999
2023 10 10 14    83     0 10094   270    36 -9999     0 -9999
2023 10 10 15   106     0 10094   260    41 -9999     0 -9999
2023 10 10 16   117     6 10093   260    41 -9999     0 -9999
2023 10 10 17   144     0 10091   260    72     2     0 -9999
2023 10 10 18   156     6 10086   270    36     6     0 -9999
2023 10 10 19   167     6 10080   260    41 -9999     0 -9999
2023 10 10 20   172     6 10076   270    46 -9999     0 -9999
2023 10 10 21   178    17 10075   240    51 -9999     0 -9999
2023 10 10 22   178    17 10075   260    57 -9999     0 -9999
2023 10 10 23   167    17 10077   270    46 -9999     0 -9999
2023 10 11 00   156     6 10083   250    31     4     0 -9999
2023 10 11 01   139     6 10085   250    26     4     0 -9999
2023 10 11 02   133     6 10088   230    21 -9999     0 -9999
2023 10 11 03   117    11 10089   240    21     4     0 -9999
2023 10 11 04   106    11 10091   260    21     2     0 -9999
2023 10 11 05   100    17 10089   230    31     2     0 -9999
2023 10 11 06    89    17 10088   230    31     2     0 -9999
2023 10 11 07    89    11 10088   260    26     2     0 -9999
2023 10 11 08    83    11 10087   250    26     2     0 -9999
2023 10 11 09    78     6 10085   250    26     0     0 -9999
2023 10 11 10    67     6 10086     0     0     0     0 -9999
2023 10 11 11    61     6 10096   240    31     0     0 -9999
2023 10 11 12    56     6 10100   240    26     2     0 -9999
2023 10 11 13    67     6 10101   240    21     2     0 -9999
2023 10 11 14   100    17 10108   230    21     2     0 -9999
2023 10 11 15   133    11 10107   260    21     2     0 -9999
2023 10 11 16   156     0 10106   240    26     2     0 -9999
2023 10 11 17   167     0 10103   180    36     2     0 -9999
2023 10 11 18   183     6 10095 -9999    21     4     0 -9999
2023 10 11 19   183    11 10087   190    26     4     0 -9999
2023 10 11 20   189    17 10084   250    31 -9999     0 -9999
2023 10 11 21   189    22 10083 -9999    21 -9999     0 -9999
2023 10 11 22   183    28 10083     0     0 -9999     0 -9999
2023 10 11 23   183    28 10082 -9999    15 -9999    -1 -9999
2023 10 12 00   144    78 10083   130    46     8     3     3
2023 10 12 01   139    94 10097   200    26 -9999     8 -9999
2023 10 12 02   139   106 10106   290    36 -9999     8 -9999
2023 10 12 03   133   106 10098    30    46 -9999     8 -9999
2023 10 12 04   133   106 10098    60    36 -9999     5 -9999
2023 10 12 05   133   106 10100    70    26 -9999     8 -9999
2023 10 12 06   133   111 10098   100    31     8     5    40
2023 10 12 07   133   106 10097    80    36 -9999     3 -9999
2023 10 12 08   128   111 10095   100    36 -9999    10 -9999
2023 10 12 09   128   106 10090    90    46 -9999     8 -9999
2023 10 12 10   133   111 10096    80    31 -9999     0 -9999
2023 10 12 11   139   111 10100    80    21 -9999     0 -9999
2023 10 12 12   139   117 10103    80    31     8    -1    20
2023 10 12 13   139   117 10114   100    26 -9999     8 -9999
2023 10 12 14   144   122 10115   100    31 -9999     5 -9999
2023 10 12 15   144   117 10119    70    41 -9999     8 -9999
2023 10 12 16   144   117 10124    50    57 -9999     3 -9999
2023 10 12 17   144   122 10120    80    51 -9999    -1 -9999
2023 10 12 18   156   122 10124    80    57     8     3    25
2023 10 12 19   161   122 10118    90    57 -9999     0 -9999
2023 10 12 20   161   122 10121    70    46 -9999     0 -9999
2023 10 12 21   156   117 10118    70    67 -9999     0 -9999
2023 10 12 22   156   117 10120    60    77 -9999     0 -9999
2023 10 12 23   156   117 10120    60    67 -9999     0 -9999
2023 10 13 00   156   111 10123    70    62     6     0 -9999
2023 10 13 01   156   111 10130    70    57 -9999     0 -9999
2023 10 13 02   156   111 10130    70    57 -9999     0 -9999
2023 10 13 03   156   111 10132    80    67 -9999     0 -9999
2023 10 13 04   156   111 10134    80    62 -9999     0 -9999
2023 10 13 05   156   111 10139    90    57 -9999     0 -9999
2023 10 13 06   156   106 10138    90    72     8     0 -9999
2023 10 13 07   156   106 10136    90    51 -9999     0 -9999
2023 10 13 08   156   100 10134   100    67 -9999     0 -9999
2023 10 13 09   150   100 10132    90    57 -9999     0 -9999
2023 10 13 10   150   106 10131    90    57 -9999     0 -9999
2023 10 13 11   150   100 10130    90    77 -9999     0 -9999
2023 10 13 12   144   100 10131    90    67     8     0 -9999
2023 10 13 13   144    94 10129   100    62 -9999     0 -9999
2023 10 13 14   144    89 10127    80    57 -9999     0 -9999
2023 10 13 15   144    89 10129    90    67 -9999    -1 -9999
2023 10 13 16   144    94 10125    90    57 -9999    -1 -9999
2023 10 13 17   144    94 10115   110    72 -9999     5 -9999
2023 10 13 18   139   100 10103    80    51     8    20    30
2023 10 13 19   139   100 10076    90    77 -9999     3 -9999
2023 10 13 20   139   106 10083    90    46 -9999    10 -9999
2023 10 13 21   139   111 10074    80    41 -9999    13 -9999
2023 10 13 22   139   117 10073   110    57 -9999     5 -9999
2023 10 13 23   139   117 10073   110    46 -9999    10 -9999
2023 10 14 00   144   117 10069   110    57     8    -1    40
2023 10 14 01   144   122 10064   100    57 -9999    -1 -9999
2023 10 14 02   150   117 10058   100    72 -9999    -1 -9999
2023 10 14 03   150   117 10054    90    51 -9999     0 -9999
2023 10 14 04   144   117 -9999    80    57 -9999     2 -9999
2023 10 14 05   139   117 -9999    80    57 -9999    -1 -9999
2023 10 14 06   139   117 10043    80    57     8    71    70
2023 10 14 07   133   122 10043    70    41 -9999     8 -9999
2023 10 14 08   133   117 10038    50    46 -9999     5 -9999
2023 10 14 09   133   117 10037    50    62 -9999     5 -9999
2023 10 14 10   133   111 10042    60    72 -9999     3 -9999
2023 10 14 11   128   111 10048    50    88 -9999    18 -9999
2023 10 14 12   122   106 10056    50    82     8    18    60
2023 10 14 13   122   100 10067    40    82 -9999    18 -9999
2023 10 14 14   117    94 10078    40    98 -9999    18 -9999
2023 10 14 15   117    94 10089    40    82 -9999    15 -9999
2023 10 14 16   117   100 10097    40    98 -9999     8 -9999
2023 10 14 17   117    94 10104    30   113 -9999     3 -9999
2023 10 14 18   128    83 10111    40   113     8    -1    60
2023 10 14 19   122    94 10124    50    77 -9999     3 -9999
2023 10 14 20   133    94 10130    40    77 -9999     3 -9999
2023 10 14 21   133    89 10137    20    93 -9999    -1 -9999
2023 10 14 22   133    83 10147    20    88 -9999    -1 -9999
2023 10 14 23   133    78 10153    10    72 -9999    -1 -9999
2023 10 15 00   128    72 10160    10    51     6     0     5
2023 10 15 01   122    78 10166   350    51 -9999     0 -9999
2023 10 15 02   117    78 10172   350    62 -9999    -1 -9999
2023 10 15 03   106    89 10176   350    67 -9999    13 -9999
2023 10 15 04   100    83 10177   340    57 -9999     5 -9999
2023 10 15 05   100    78 10177   340    51 -9999     5 -9999
2023 10 15 06    94    72 10178   340    57     6    -1    20
2023 10 15 07    94    67 10180   340    67 -9999    -1 -9999
2023 10 15 08    89    67 10181   320    51 -9999     3 -9999
2023 10 15 09    89    67 10184   340    57 -9999    -1 -9999
2023 10 15 10    89    61 10185   340    46 -9999    -1 -9999
2023 10 15 11    89    61 10186   340    62 -9999    -1 -9999
2023 10 15 12    83    56 10187   330    67     8    -1     3
2023 10 15 13    83    50 10185   330    67 -9999     0 -9999
2023 10 15 14    89    50 10186   340    72 -9999     0 -9999
2023 10 15 15   111    61 10185   330    46     4     0 -9999
2023 10 15 16   122    61 10184   340    57     4     0 -9999
2023 10 15 17   133    67 10181   340    51     4     0 -9999
2023 10 15 18   144    61 10173   360    57     6     0    -1
2023 10 15 19   144    61 10165   330    67 -9999     0 -9999
2023 10 15 20   150    56 10164   330    46 -9999     0 -9999
2023 10 15 21   144    44 10164   330    62 -9999     0 -9999
2023 10 15 22   139    44 10166   330    46 -9999     0 -9999
2023 10 15 23   133    50 10166   320    46 -9999     0 -9999
2023 10 16 00   133    67 10167    10    36     8     0 -9999
2023 10 16 01   122    67 10167   340    31 -9999     0 -9999
2023 10 16 02   122    67 10168   320    31 -9999     0 -9999
2023 10 16 03   117    56 10166   320    41 -9999     0 -9999
2023 10 16 04   111    56 10164   320    41 -9999     0 -9999
2023 10 16 05   111    56 10164   330    46 -9999     0 -9999
2023 10 16 06   117    50 10162   340    57     8     0 -9999
2023 10 16 07   117    56 10163   340    67 -9999     0 -9999
2023 10 16 08   111    61 10163   340    41 -9999    -1 -9999
2023 10 16 09   106    61 10162   340    67 -9999    -1 -9999
2023 10 16 10   106    56 10164   330    57 -9999    -1 -9999
2023 10 16 11   100    56 10170   330    51 -9999     0 -9999
2023 10 16 12   100    56 10175   330    57     8    -1    -1
2023 10 16 13    94    67 10181   330    57 -9999    -1 -9999
2023 10 16 14   100    72 10185   330    46 -9999    -1 -9999
2023 10 16 15   100    72 10187   330    57 -9999    -1 -9999
2023 10 16 16   111    72 10187   330    57 -9999     0 -9999
2023 10 16 17   117    72 10188   330    51 -9999     0 -9999
2023 10 16 18   117    72 10184   340    46     8    -1    -1
2023 10 16 19   122    72 10176   330    57 -9999    -1 -9999
2023 10 16 20   128    72 10175   340    51 -9999     0 -9999
2023 10 16 21   128    72 10176   350    51 -9999     0 -9999
2023 10 16 22   128    67 10178    10    41 -9999     0 -9999
2023 10 16 23   122    67 10180   340    26 -9999     0 -9999
2023 10 17 00   122    56 10181   320    31     6     0     0
2023 10 17 01   111    50 10182   340    21 -9999     0 -9999
2023 10 17 02   100    56 10183     0     0     2     0 -9999
2023 10 17 03    94    56 10183   300    21     2     0 -9999
2023 10 17 04    83    50 10181     0     0     2     0 -9999
2023 10 17 05    72    44 10180     0     0     0     0 -9999
2023 10 17 06    67    39 10179     0     0     0     0 -9999
2023 10 17 07    56    33 10180   260    15     0     0 -9999
2023 10 17 08    56    33 10176     0     0     0     0 -9999
2023 10 17 09    56    33 10174   250    15     0     0 -9999
2023 10 17 10    50    28 10175     0     0     0     0 -9999
2023 10 17 11    56    33 10179     0     0     0     0 -9999
2023 10 17 12    56    28 10180     0     0     2     0 -9999
2023 10 17 13    67    44 10186   230    15     2     0 -9999
2023 10 17 14    94    56 10187   220    21     4     0 -9999
2023 10 17 15   122    61 10182   210    31 -9999     0 -9999
2023 10 17 16   139    67 10176   230    31 -9999     0 -9999
2023 10 17 17   150    67 10174   240    62 -9999     0 -9999
2023 10 17 18   156    67 10169   240    51     4     0 -9999
2023 10 17 19   167    61 10163   250    36 -9999     0 -9999
2023 10 17 20   172    56 10156   250    31     4     0 -9999
2023 10 17 21   172    56 10156   240    36     4     0 -9999
2023 10 17 22   172    56 10152   240    31     4     0 -9999
2023 10 17 23   167    56 10153   230    15 -9999     0 -9999
2023 10 18 00   144    61 10154   200    15     6     0 -9999
2023 10 18 01   128    67 10154   190    15 -9999     0 -9999
2023 10 18 02   122    61 10155   200    15 -9999     0 -9999
2023 10 18 03   117    61 10153   210    21 -9999     0 -9999
2023 10 18 04   111    56 10155   190    15 -9999     0 -9999
2023 10 18 05   100    56 10152     0     0 -9999     0 -9999
2023 10 18 06    94    50 10152     0     0     4     0 -9999
2023 10 18 07    89    50 10153     0     0     2     0 -9999
2023 10 18 08    83    50 10151   170    21     2     0 -9999
2023 10 18 09    89    50 10149   180    21 -9999     0 -9999
2023 10 18 10    89    50 10148   180    26 -9999     0 -9999
2023 10 18 11    89    50 10150   170    26 -9999     0 -9999
2023 10 18 12    89    50 10150   180    26     6     0 -9999
2023 10 18 13    94    56 10148   170    41 -9999     0 -9999
2023 10 18 14   106    61 10145   170    41 -9999     0 -9999
2023 10 18 15   128    67 10140   170    36 -9999     0 -9999
2023 10 18 16   144    78 10133   160    46 -9999     0 -9999
2023 10 18 17   172    89 10129   170    41 -9999     0 -9999
2023 10 18 18   183    89 10122   190    62     6     0 -9999
2023 10 18 19   194    89 10112   190    57 -9999     0 -9999
2023 10 18 20   189    83 10102   180    57 -9999     0 -9999
2023 10 18 21   194    83 10098   170    62 -9999     0 -9999
2023 10 18 22   194    83 10084   170    57 -9999     0 -9999
2023 10 18 23   194    78 10090   180    51 -9999     0 -9999
2023 10 19 00   189    83 10096   180    62     8     0 -9999
2023 10 19 01   189    83 10093   180    72 -9999    -1 -9999
2023 10 19 02   178    94 10097   200    67 -9999     3 -9999
2023 10 19 03   167   100 10099   200    36 -9999    -1 -9999
2023 10 19 04   161   100 10098   200    57 -9999    -1 -9999
2023 10 19 05   150   106 10094   190    62 -9999     3 -9999
2023 10 19 06   144   117 10087   200    62     8     5    10
2023 10 19 07   144   117 10082   200    46 -9999    -1 -9999
2023 10 19 08   144   111 10077   190    51 -9999     0 -9999
2023 10 19 09   139   111 10069   190    31 -9999     0 -9999
2023 10 19 10   133   106 10069   190    26     4     0 -9999
2023 10 19 11   128   106 10070   180    15 -9999     0 -9999
2023 10 19 12   128   106 10065   180    21     8     0    -1
2023 10 19 13   128   111 10058   160    21 -9999     0 -9999
2023 10 19 14   133   111 10059   200    31 -9999     0 -9999
2023 10 19 15   144   117 10057   200    31 -9999     0 -9999
2023 10 19 16   144   117 10055   230    31 -9999     0 -9999
2023 10 19 17   150   117 10052   220    31 -9999     0 -9999
2023 10 19 18   156   111 10044   240    41     8     0 -9999
2023 10 19 19   150   106 10037   220    36 -9999     0 -9999
2023 10 19 20   156   111 10035   230    36 -9999     0 -9999
2023 10 19 21   156   111 10032   260    46 -9999     0 -9999
2023 10 19 22   150   117 10031   240    41 -9999    -1 -9999
2023 10 19 23   150   117 10033   240    26 -9999    -1 -9999
2023 10 20 00   139   117 10033   240    31     8    10     8
2023 10 20 01   139   111 10033   260    51 -9999     5 -9999
2023 10 20 02   133   106 10033   260    41 -9999     5 -9999
2023 10 20 03   133   106 10031   270    46 -9999    -1 -9999
2023 10 20 04   128   106 10028   260    57 -9999     5 -9999
2023 10 20 05   128   106 10024   260    36 -9999    -1 -9999
2023 10 20 06   128   106 10021   270    41     6     0    20
2023 10 20 07   128   106 10020   270    31 -9999     0 -9999
2023 10 20 08   128   100 10017   300    41 -9999     0 -9999
2023 10 20 09   128   100 10019   310    46 -9999     0 -9999
2023 10 20 10   122    89 10024   310    41 -9999     0 -9999
2023 10 20 11   117    83 10029   300    41 -9999     0 -9999
2023 10 20 12   122    83 10033   320    41     6     0 -9999
2023 10 20 13   122    83 10037   300    41 -9999     0 -9999
2023 10 20 14   122    89 10042   300    41 -9999     0 -9999
2023 10 20 15   128    83 10044   310    41 -9999     0 -9999
2023 10 20 16   133    78 10048   310    67 -9999     0 -9999
2023 10 20 17   133    72 10051   310    82 -9999     0 -9999
2023 10 20 18   139    72 10054   320    67     6     0 -9999
2023 10 20 19   139    72 10056   300    57 -9999     0 -9999
2023 10 20 20   150    72 10058   300    51     4     0 -9999
2023 10 20 21   156    56 10061   320    51     2     0 -9999
2023 10 20 22   161    56 10062   330    26     2     0 -9999
2023 10 20 23   150    39 10066   320    31     2     0 -9999
2023 10 21 00   133    44 10068   300    21     0     0 -9999
2023 10 21 01   117    50 10068   230    15     0     0 -9999
2023 10 21 02   117    44 10072   260    21     0     0 -9999
2023 10 21 03   111    44 10074   270    26     0     0 -9999
2023 10 21 04   100    50 10072   290    21     0     0 -9999
2023 10 21 05   100    50 10071   300    26     2     0 -9999
2023 10 21 06    94    56 10069   270    26     2     0 -9999
2023 10 21 07    94    56 10068   250    21     2     0 -9999
2023 10 21 08    83    56 10062   230    15     4     0 -9999
2023 10 21 09    83    56 10059   240    21     4     0 -9999
2023 10 21 10    94    61 10055   210    15 -9999     0 -9999
2023 10 21 11   100    61 10050   190    15 -9999     0 -9999
2023 10 21 12   100    67 10046   180    15     6     0 -9999
2023 10 21 13   106    67 10038   150    26 -9999     0 -9999
2023 10 21 14   117    78 10029   150    26 -9999     0 -9999
2023 10 21 15   139    78 10016   150    41     4     0 -9999
2023 10 21 16   172    89 10013 -9999    31     4     0 -9999
2023 10 21 17   172    89 10008   250    51     2     0 -9999
2023 10 21 18   183    89 10009   300    72     6     0 -9999
2023 10 21 19   172    89 10014   320    72 -9999     0 -9999
2023 10 21 20   156    83 10026   300    57 -9999     0 -9999
2023 10 21 21   144    72 10043   300   103 -9999     0 -9999
2023 10 21 22   139    78 10054   310    77 -9999     0 -9999
2023 10 21 23   133    78 10065   310    62 -9999     0 -9999
2023 10 22 00   128    83 10082   320    93     8     0 -9999
2023 10 22 01   122    83 10094   340    57 -9999    -1 -9999
2023 10 22 02   111    83 10106   350    72 -9999    -1 -9999
2023 10 22 03   100    78 10117   330    51 -9999     5 -9999
2023 10 22 04    94    67 10125   340    82 -9999    -1 -9999
2023 10 22 05    89    56 10132   340    57 -9999     0 -9999
2023 10 22 06    83    44 10141   340    57     8     0     5
2023 10 22 07    83    44 10147   340    51 -9999     0 -9999
2023 10 22 08    83    44 10154   330    57 -9999     0 -9999
2023 10 22 09    83    39 10159   340    57 -9999     0 -9999
2023 10 22 10    78    33 10168   350    51 -9999     0 -9999
2023 10 22 11    61    22 10177   330    46     2     0 -9999
2023 10 22 12    61    17 10185   310    36     2     0 -9999
2023 10 22 13    61    17 10193   330    31     2     0 -9999
2023 10 22 14    83    22 10199   330    41     2     0 -9999
2023 10 22 15   100    28 10203   330    36     2     0 -9999
2023 10 22 16   117    39 10206   360    31     2     0 -9999
2023 10 22 17   128    44 10205 -9999    15     2     0 -9999
2023 10 22 18   128    39 10204     0     0     2     0 -9999
2023 10 22 19   144    39 10197     0     0     2     0 -9999
2023 10 22 20   150    39 10194   350    21     2     0 -9999
2023 10 22 21   156    39 10193     0     0     4     0 -9999
2023 10 22 22   156    28 10191    90    15     4     0 -9999
2023 10 22 23   117    50 10193   100    46     4     0 -9999
2023 10 23 00   106    50 10198   100    26     6     0 -9999
2023 10 23 01   106    50 10203   140    21     2     0 -9999
2023 10 23 02   100    50 10205     0     0     2     0 -9999
2023 10 23 03    94    50 10205   140    21     2     0 -9999
2023 10 23 04    89    50 10205   160    21     2     0 -9999
2023 10 23 05    89    50 10207   170    21     2     0 -9999
2023 10 23 06    83    44 10202   160    26     4     0 -9999
2023 10 23 07    83    44 10208   160    21     4     0 -9999
2023 10 23 08    72    44 10210   150    21     4     0 -9999
2023 10 23 09    78    44 10207   160    31     4     0 -9999
2023 10 23 10    72    44 10207   160    26     4     0 -9999
2023 10 23 11    78    44 10210   160    31 -9999     0 -9999
2023 10 23 12    78    39 10213   150    31     6     0 -9999
2023 10 23 13    83    44 10214   160    31 -9999     0 -9999
2023 10 23 14   100    50 10212   150    36 -9999     0 -9999
2023 10 23 15   111    44 10210   160    41 -9999     0 -9999
2023 10 23 16   122    44 10211   180    31 -9999     0 -9999
2023 10 23 17   139    44 10199   180    51 -9999     0 -9999
2023 10 23 18   156    50 10183   160    67     6     0 -9999
2023 10 23 19   178    44 10173   180    57 -9999     0 -9999
2023 10 23 20   189    50 10160   160    77     4     0 -9999
2023 10 23 21   194    50 10155   170    62     4     0 -9999
2023 10 23 22   194    50 10150   170    62     4     0 -9999
2023 10 23 23   189    56 10149   170    57     4     0 -9999
2023 10 24 00   178    56 10150   160    51     6     0 -9999
2023 10 24 01   172    61 10152   170    51     2     0 -9999
2023 10 24 02   178    61 10155   180    51     0     0 -9999
2023 10 24 03   172    61 10155   190    46     0     0 -9999
2023 10 24 04   172    67 10153   180    46     2     0 -9999
2023 10 24 05   172    67 10150   190    51     4     0 -9999
2023 10 24 06   172    67 10151   200    62     2     0 -9999
2023 10 24 07   172    67 10154   200    57     4     0 -9999
2023 10 24 08   172    72 10150   210    57     4     0 -9999
2023 10 24 09   167    72 10150   200    57     4     0 -9999
2023 10 24 10   167    78 10149   200    57     2     0 -9999
2023 10 24 11   167    78 10153   200    51     2     0 -9999
2023 10 24 12   172    83 10155   200    57     2     0 -9999
2023 10 24 13   172    94 10159   200    51     2     0 -9999
2023 10 24 14   189   106 10167   210    67     2     0 -9999
2023 10 24 15   206   117 10171   210    51     2     0 -9999
2023 10 24 16   228   133 10169   200    46 -9999     0 -9999
2023 10 24 17   244   144 10165   190    51     4     0 -9999
2023 10 24 18   261   156 10154   200    72     2     0 -9999
2023 10 24 19   272   150 10146   200    72     2     0 -9999
2023 10 24 20   278   150 10140   210    77     2     0 -9999
2023 10 24 21   278   150 10143   210    93     4     0 -9999
2023 10 24 22   267   144 10144   210    51 -9999     0 -9999
2023 10 24 23   261   139 10148   210    57 -9999     0 -9999
2023 10 25 00   244   139 10155   190    77     8     0 -9999
2023 10 25 01   233   133 10157   200    57 -9999     0 -9999
2023 10 25 02   222   122 10152   190    51 -9999     0 -9999
2023 10 25 03   217   117 10162   200    67 -9999     0 -9999
2023 10 25 04   211   117 10163   190    72 -9999     0 -9999
2023 10 25 05   211   117 10167   200    41 -9999     0 -9999
2023 10 25 06   200   117 10163   180    46     8     0 -9999
2023 10 25 07   189   133 10171   210    41 -9999     5 -9999
2023 10 25 08   178   139 10175   220    36 -9999     5 -9999
2023 10 25 09   172   139 10169   200    26 -9999    -1 -9999
2023 10 25 10   178   133 10171   200    41 -9999    -1 -9999
2023 10 25 11   178   133 10171   200    46 -9999    -1 -9999
2023 10 25 12   167   139 10168   190    36     8     5    20
2023 10 25 13   161   144 10170   200    46 -9999    -1 -9999
2023 10 25 14   167   144 10173   190    51 -9999     3 -9999
2023 10 25 15   167   144 10173   190    46 -9999    -1 -9999
2023 10 25 16   172   144 10172   200    36 -9999     0 -9999
2023 10 25 17   172   150 10171   210    36 -9999     3 -9999
2023 10 25 18   178   144 10166   200    31     8     0     5
2023 10 25 19   183   150 10161   210    26 -9999     0 -9999
2023 10 25 20   189   156 10163   210    26 -9999     0 -9999
2023 10 25 21   189   161 10164   210    15 -9999     0 -9999
2023 10 25 22   183   167 -9999   180    21 -9999    -1 -9999
2023 10 25 23   189   167 10171   200    26 -9999     3 -9999
2023 10 26 00   183   167 10174   190    15     8    -1     3
2023 10 26 01   189   172 10174   180    15 -9999    -1 -9999
2023 10 26 02   189   172 10172     0     0 -9999     3 -9999
2023 10 26 03   189   172 10173     0     0 -9999     0 -9999
2023 10 26 04   194   178 10170   170    21 -9999     0 -9999
2023 10 26 05   200   172 10166   190    31 -9999     0 -9999
2023 10 26 06   200   167 10165   200    31     8     0     3
2023 10 26 07   200   167 10167   200    46 -9999     3 -9999
2023 10 26 08   189   167 10163   200    57 -9999     5 -9999
2023 10 26 09   194   167 10160   200    46 -9999     0 -9999
2023 10 26 10   189   167 10155   190    21 -9999     3 -9999
2023 10 26 11   189   161 10152   180    46 -9999     0 -9999
2023 10 26 12   189   150 10147   180    41     6     0    10
2023 10 26 13   194   144 10149   200    62 -9999     0 -9999
2023 10 26 14   200   139 10154   200    57 -9999     0 -9999
2023 10 26 15   200   139 -9999   200    82 -9999    -1 -9999
2023 10 26 16   200   144 10138   190    51 -9999     5 -9999
2023 10 26 17   206   144 10135   190    51 -9999     0 -9999
2023 10 26 18   217   150 10131   200    62     8     0     5
2023 10 26 19   222   156 10127   200    72 -9999     0 -9999
2023 10 26 20   206   161 10131   200    41 -9999     3 -9999
2023 10 26 21   194   172 10132   190    46 -9999     8 -9999
2023 10 26 22   189   178 10132   190    31 -9999    -1 -9999
2023 10 26 23   189   172 10130   180    41 -9999    -1 -9999
2023 10 27 00   200   178 10130   190    46     8     0    10
2023 10 27 01   206   178 10130   190    57 -9999     0 -9999
2023 10 27 02   206   172 10128   200    62 -9999    -1 -9999
2023 10 27 03   200   167 10133   200    82 -9999     0 -9999
2023 10 27 04   200   172 10134   200    67 -9999    -1 -9999
2023 10 27 05   194   167 10128   190    46 -9999     3 -9999
2023 10 27 06   194   167 10125   190    57     8     0     3
2023 10 27 07   194   167 10126   200    41     4     3 -9999
2023 10 27 08   194   167 10129   210    51 -9999     0 -9999
2023 10 27 09   200   167 10128   220    51 -9999     0 -9999
2023 10 27 10   194   167 10131   210    46 -9999     0 -9999
2023 10 27 11   189   167 10132   210    46 -9999     0 -9999
2023 10 27 12   189   167 10133   210    36     8     0     3
2023 10 27 13   189   167 10136   220    46 -9999     0 -9999
2023 10 27 14   189   167 10136   210    62 -9999     0 -9999
2023 10 27 15   189   172 10139   220    46 -9999     0 -9999
2023 10 27 16   194   178 10138   210    51 -9999     0 -9999
2023 10 27 17   200   178 10137   210    51 -9999     0 -9999
2023 10 27 18   206   183 10136   210    46     8    -1    -1
2023 10 27 19   217   178 10133   230    46 -9999     0 -9999
2023 10 27 20   217   178 10133   220    67 -9999    -1 -9999
2023 10 27 21   222   178 10132   220    67 -9999    -1 -9999
2023 10 27 22   194   156 10143   260    77 -9999     0 -9999
2023 10 27 23   156   122 10155   270    62 -9999    -1 -9999
2023 10 28 00   133   111 10164   270    36     8    15    20
2023 10 28 01   122   100 10176   290    57 -9999    -1 -9999
2023 10 28 02   106    56 10184   290    46 -9999     0 -9999
2023 10 28 03   100    50 10192   300    51 -9999     0 -9999
2023 10 28 04    94    44 10201   300    46 -9999     0 -9999
2023 10 28 05    83    33 10212   310    62 -9999     0 -9999
2023 10 28 06    72    17 10219   310    41     6     0     0
2023 10 28 07    67     6 10224   340    62 -9999     0 -9999
2023 10 28 08    56     0 10233   340    57 -9999     0 -9999
2023 10 28 09    50     0 10239   330    46     2     0 -9999
2023 10 28 10    56     0 10245   330    46     2     0 -9999
2023 10 28 11    44    -6 10250   340    51     2     0 -9999
2023 10 28 12    44    -6 10254   340    31     2     0 -9999
2023 10 28 13    44    -6 10259   320    31     2     0 -9999
2023 10 28 14    50    -6 10268   330    41 -9999     0 -9999
2023 10 28 15    67    -6 10265   360    72 -9999     0 -9999
2023 10 28 16    78     0 10268   350    57 -9999     0 -9999
2023 10 28 17    94    11 10263    30    51 -9999     0 -9999
2023 10 28 18   100    17 10259    20    72     6     0 -9999
2023 10 28 19   106    28 10248    40    51 -9999     0 -9999
2023 10 28 20   100    22 10239    40    51 -9999     0 -9999
2023 10 28 21   100    22 10238    20    51 -9999     0 -9999
2023 10 28 22   100    22 10231    50    46 -9999     0 -9999
2023 10 28 23   100    33 10234    20    57 -9999     0 -9999
2023 10 29 00   100    28 10231    10    41     8     0 -9999
2023 10 29 01    89    22 10233   350    62 -9999     0 -9999
2023 10 29 02    89    28 10233   350    46 -9999     0 -9999
2023 10 29 03    89    28 10228   360    57 -9999     0 -9999
2023 10 29 04    83    28 10223   340    46 -9999    -1 -9999
2023 10 29 05    83    22 10215   350    57 -9999    -1 -9999
2023 10 29 06    72    28 10217   340    51     8    -1    -1
2023 10 29 07    72    33 10218   340    41 -9999     3 -9999
2023 10 29 08    72    28 10210   350    57 -9999    -1 -9999
2023 10 29 09    72    28 10207   350    57 -9999     0 -9999
2023 10 29 10    72    28 10205   350    46 -9999     0 -9999
2023 10 29 11    72    28 10208   340    46 -9999     0 -9999
2023 10 29 12    78    33 10208   350    62     8     0     3
2023 10 29 13    78    33 10207   350    57 -9999     0 -9999
2023 10 29 14    83    33 10213   350    57 -9999     0 -9999
2023 10 29 15    78    28 10212   350    67 -9999     0 -9999
2023 10 29 16    72    28 10216   340    46 -9999     0 -9999
2023 10 29 17    78    28 10210   350    57 -9999     0 -9999
2023 10 29 18    83    33 10206   350    62     8     0 -9999
2023 10 29 19    78    28 10199   350    82 -9999     0 -9999
2023 10 29 20    72    33 10192   350    41 -9999    -1 -9999
2023 10 29 21    78    28 10190   350    72 -9999    -1 -9999
2023 10 29 22    78    22 10204   330    57 -9999     0 -9999
2023 10 29 23    72    22 10206   330    51 -9999    -1 -9999
2023 10 30 00    67    22 10207   340    57     8    -1    -1
2023 10 30 01    56    22 10206   330    57 -9999    -1 -9999
2023 10 30 02    50    17 10206   330    46 -9999    -1 -9999
2023 10 30 03    50    17 10208   320    46 -9999     0 -9999
2023 10 30 04    44    -6 10211   330    46 -9999     0 -9999
2023 10 30 05    44   -17 10214   330    62 -9999     0 -9999
2023 10 30 06    39   -39 10210   330    67     8     0    -1
2023 10 30 07    33   -44 10211   330    41 -9999     0 -9999
2023 10 30 08    33   -50 10212   310    57 -9999     0 -9999
2023 10 30 09    28   -56 10210   310    46     4     0 -9999
2023 10 30 10    22   -56 10212   310    46     2     0 -9999
2023 10 30 11    17   -56 10216   310    46     4     0 -9999
2023 10 30 12    11   -56 10221   300    41     2     0 -9999
2023 10 30 13     6   -50 10227   300    36     2     0 -9999
2023 10 30 14    22   -50 10233   310    51     2     0 -9999
2023 10 30 15    33   -56 10235   310    57     2     0 -9999
2023 10 30 16    44   -50 10236   320    41     2     0 -9999
2023 10 30 17    50   -61 10235   300    51     2     0 -9999
2023 10 30 18    61   -78 10229   310    46     2     0 -9999
2023 10 30 19    56   -83 10225   250    41     2     0 -9999
2023 10 30 20    61   -89 10222   300    41     2     0 -9999
2023 10 30 21    61   -94 10221   280    57     2     0 -9999
2023 10 30 22    56   -89 10221   280    41     2     0 -9999
2023 10 30 23    44   -83 10224   260    36     2     0 -9999
2023 10 31 00    33   -78 10229   260    26     0     0 -9999
2023 10 31 01    22   -72 10231   260    21     0     0 -9999
2023 10 31 02    17   -72 10232   250    26     0     0 -9999
2023 10 31 03    11   -72 10230   230    21     0     0 -9999
2023 10 31 04     6   -67 10229   230    26     0     0 -9999
2023 10 31 05     0   -67 10224   220    26     2     0 -9999
2023 10 31 06    -6   -67 10217   220    21     2     0 -9999
2023 10 31 07    -6   -67 10213   220    26     2     0 -9999
2023 10 31 08    -6   -67 10206   210    36     2     0 -9999
2023 10 31 09   -11   -67 10199   200    31     2     0 -9999
2023 10 31 10    -6   -61 10196   210    36 -9999     0 -9999
2023 10 31 11    -6   -61 10191   200    36     4     0 -9999
2023 10 31 12     0   -56 10183   200    41     6     0 -9999
2023 10 31 13    11   -50 10178   210    51 -9999     0 -9999
2023 10 31 14     6   -44 -9999   230    57 -9999    -1 -9999
2023 10 31 15     6   -39 10176   220    46 -9999    -1 -9999
2023 10 31 16    22   -78 10174   270    62 -9999    -1 -9999
2023 10 31 17    28   -61 -9999   250    72 -9999    -1 -9999
2023 10 31 18    11   -33 10176   250    62     8    -1    -1
2023 10 31 19    22   -22 10176   240    67 -9999     3 -9999
2023 10 31 20     6   -17 10180   320    36 -9999     5 -9999
2023 10 31 21    22   -28 -9999   300    46 -9999    -1 -9999
2023 10 31 22    28   -44 10195   300    67 -9999     0 -9999
2023 10 31 23    22   -33 10203   300    57 -9999     0 -9999
2023 11 01 00    17   -11 10212   300    57     8    -1     8
2023 11 01 01    22    -6 10222   330    93 -9999    -1 -9999
2023 11 01 02    22   -11 10233   330    93 -9999    -1 -9999
2023 11 01 03    22   -11 10246   320    46 -9999    -1 -9999
2023 11 01 04    17   -22 10256   330    46 -9999    -1 -9999
2023 11 01 05    11   -28 10260   310    51     4     0 -9999
2023 11 01 06    11   -33 10264   310    46     6     0    -1
2023 11 01 07     6   -33 10268   310    41     2     0 -9999
2023 11 01 08     0   -39 10272   310    41     0     0 -9999
2023 11 01 09    -6   -39 10276   280    26     2     0 -9999
2023 11 01 10   -11   -44 10276   300    36     0     0 -9999
2023 11 01 11   -11   -44 10282   290    21     0     0 -9999
2023 11 01 12   -17   -44 10285   300    31     2     0 -9999
2023 11 01 13   -17   -44 10288   280    21     2     0 -9999
2023 11 01 14     0   -39 10295   280    21     2     0 -9999
2023 11 01 15    17   -28 10297   230    15     2     0 -9999
2023 11 01 16    39   -28 10295   220    36     2     0 -9999
2023 11 01 17    56   -33 10291   250    41 -9999     0 -9999
2023 11 01 18    44   -44 10284   260    62     6     0 -9999
2023 11 01 19    44   -33 10275   250    57 -9999     0 -9999
2023 11 01 20    50   -39 10266   230    46 -9999     0 -9999
2023 11 01 21    56   -44 10261   220    46 -9999     0 -9999
2023 11 01 22    50   -44 10257   210    41 -9999     0 -9999
2023 11 01 23    50   -44 10252   220    26 -9999     0 -9999
2023 11 02 00    50   -44 10251   190    31     6     0 -9999
2023 11 02 01    50   -39 10252   190    31 -9999     0 -9999
2023 11 02 02    50   -39 10251   200    36 -9999     0 -9999
2023 11 02 03    50   -39 10250   200    36 -9999     0 -9999
2023 11 02 04    50   -39 10252   220    46 -9999     0 -9999
2023 11 02 05    50   -39 10249   210    57 -9999     0 -9999
2023 11 02 06    50   -39 10245   210    46     6     0 -9999
2023 11 02 07    50   -39 10244   220    51 -9999     0 -9999
2023 11 02 08    39   -39 10242   210    31     4     0 -9999
2023 11 02 09    33   -39 10239   200    41     4     0 -9999
2023 11 02 10    28   -39 10237   200    36     2     0 -9999
2023 11 02 11    28   -39 10238   190    41     2     0 -9999
2023 11 02 12    22   -39 10238   200    41     4     0 -9999
2023 11 02 13    22   -39 10239   190    41 -9999     0 -9999
2023 11 02 14    33   -39 10240   200    41 -9999     0 -9999
2023 11 02 15    56   -39 10240   210    51 -9999     0 -9999
2023 11 02 16    72   -33 10237   200    57 -9999     0 -9999
2023 11 02 17    94   -33 10234   200    62 -9999     0 -9999
2023 11 02 18   111   -28 10226   200    51     4     0 -9999
2023 11 02 19   122   -28 10217   200    67     2     0 -9999
2023 11 02 20   133   -17 10209   220    62     2     0 -9999
2023 11 02 21   133   -11 10208   210    57     4     0 -9999
2023 11 02 22   122    -6 10208   210    57 -9999     0 -9999
2023 11 02 23   117    -6 10206   190    36 -9999     0 -9999
2023 11 03 00   117     0 10206   190    26     8     0 -9999
2023 11 03 01   122     0 10209   200    46 -9999     0 -9999
2023 11 03 02   117     0 10206   200    67 -9999     0 -9999
2023 11 03 03   111     0 10201   200    57 -9999     0 -9999
2023 11 03 04   106    -6 10201   200    62 -9999     0 -9999
2023 11 03 05   100    -6 10198   210    62 -9999     0 -9999
2023 11 03 06    94   -11 10194   210    67     6     0 -9999
2023 11 03 07    89    -6 10188   210    57 -9999     0 -9999
2023 11 03 08    83    -6 10187   210    62     2     0 -9999
2023 11 03 09    83    -6 10181   210    72     4     0 -9999
2023 11 03 10    83    -6 10177   210    72 -9999     0 -9999
2023 11 03 11    83    -6 10175   210    62 -9999     0 -9999
2023 11 03 12    83    -6 10173   210    62     6     0 -9999
2023 11 03 13    89    -6 10170   210    67 -9999     0 -9999
2023 11 03 14    89     0 10175   210    57 -9999     0 -9999
2023 11 03 15    94     0 10173   210    72 -9999     0 -9999
2023 11 03 16   100     6 10173   210    67 -9999     0 -9999
2023 11 03 17   117    11 10169   200    62 -9999     0 -9999
2023 11 03 18   133    17 10165   220    62     8     0 -9999
2023 11 03 19   139    22 10158   210    51 -9999     0 -9999
2023 11 03 20   144    22 10148   170    51 -9999     0 -9999
2023 11 03 21   144    22 10148   210    36 -9999     0 -9999
2023 11 03 22   144    28 10162   230    31 -9999     0 -9999
2023 11 03 23   139    33 10166   240    15 -9999     0 -9999
2023 11 04 00   139    33 10172 -9999    15     8     0 -9999
2023 11 04 01   133    33 10179 -9999    15 -9999    -1 -9999
2023 11 04 02   117    56 10181   350    21 -9999     3 -9999
2023 11 04 03   111    61 10185   360    26 -9999    -1 -9999
2023 11 04 04   106    61 10186    40    15 -9999    -1 -9999
2023 11 04 05   106    61 10182    90    15 -9999    -1 -9999
2023 11 04 06   100    61 10182   350    15     8     0     3
2023 11 04 07    94    61 10183     0     0 -9999     0 -9999
2023 11 04 08    78    50 10185   350    26     4     0 -9999
2023 11 04 09    72    50 10184   350    21     2     0 -9999
2023 11 04 10    61    44 10188   350    15     2     0 -9999
2023 11 04 11    67    39 10195   350    26     2     0 -9999
2023 11 04 12    67    33 10199   340    21     4     0 -9999
2023 11 04 13    78    44 10205   330    26     4     0 -9999
2023 11 04 14    94    61 10211   330    26     2     0 -9999
2023 11 04 15   117    72 10214   360    41     4     0 -9999
2023 11 04 16   128    78 10214   360    31 -9999     0 -9999
2023 11 04 17   139    72 10212    10    36 -9999     0 -9999
2023 11 04 18   144    67 10209    10    36     6     0 -9999
2023 11 04 19   150    67 10202    10    41 -9999     0 -9999
2023 11 04 20   144    72 10201    40    46 -9999     0 -9999
2023 11 04 21   133    61 10205    40    41     4     0 -9999
2023 11 04 22   122    56 10210    30    41     2     0 -9999
2023 11 04 23   106    50 10214    40    36     2     0 -9999
2023 11 05 00    94    44 10216    50    26     2     0 -9999
2023 11 05 01    89    44 10218    10    26     2     0 -9999
2023 11 05 02    94    44 10217   330    15     0     0 -9999
2023 11 05 03    72    39 10217     0     0     0     0 -9999
2023 11 05 04    61    33 10218     0     0     0     0 -9999
2023 11 05 05    50    22 10218     0     0     2     0 -9999
2023 11 05 06    50    28 10213     0     0     0     0 -9999
2023 11 05 07    44    17 10215     0     0     0     0 -9999
2023 11 05 08    39    17 10219     0     0     0     0 -9999
2023 11 05 09    39    11 10217   210    15     0     0 -9999
2023 11 05 10    39    17 10218     0     0     0     0 -9999
2023 11 05 11    39    11 10222     0     0     2     0 -9999
2023 11 05 12    50    28 10223   220    15     2     0 -9999
2023 11 05 13    50    33 10223   220    31     9     0 -9999
2023 11 05 14    61    44 10223   220    36 -9999     0 -9999
2023 11 05 15   100    44 10220   210    41 -9999     0 -9999
2023 11 05 16   122    44 10220   220    46 -9999     0 -9999
2023 11 05 17   139    33 10220   190    46 -9999     0 -9999
2023 11 05 18   150    33 10208   200    57     6     0 -9999
2023 11 05 19   161    33 10197   200    51 -9999     0 -9999
2023 11 05 20   161    28 10185   200    51 -9999     0 -9999
2023 11 05 21   161    39 10180   190    36 -9999     0 -9999
2023 11 05 22   161    33 10175   190    26 -9999     0 -9999
2023 11 05 23   156    33 10170   180    31 -9999     0 -9999
2023 11 06 00   150    33 10165   170    36     6     0 -9999
2023 11 06 01   150    33 10163   180    41 -9999     0 -9999
2023 11 06 02   144    33 10158   190    41 -9999     0 -9999
2023 11 06 03   133    28 10154   180    41     4     0 -9999
2023 11 06 04   133    22 10148   180    51 -9999     0 -9999
2023 11 06 05   133    22 10143   190    46 -9999     0 -9999
2023 11 06 06   133    17 10131   180    46     6     0 -9999
2023 11 06 07   139    17 10124   180    72 -9999     0 -9999
2023 11 06 08   139    22 10114   180    67 -9999     0 -9999
2023 11 06 09   133    22 10106   190    51 -9999     0 -9999
2023 11 06 10   133    28 10094   180    67 -9999     0 -9999
2023 11 06 11   133    33 10089   190    57 -9999     0 -9999
2023 11 06 12   133    44 10065   190    88     6     0 -9999
2023 11 06 13   139    56 10061   200    67 -9999     0 -9999
2023 11 06 14   150    78 10058   210    88 -9999     0 -9999
2023 11 06 15   150    89 10051   210    93     6     0 -9999
2023 11 06 16   178   106 10047   220    77 -9999     0 -9999
2023 11 06 17   172   117 10047   230    82 -9999     0 -9999
2023 11 06 18   194   117 10040   250    93 -9999     0 -9999
2023 11 06 19   206   111 10035   250    62 -9999     0 -9999
2023 11 06 20   206   100 10033   250    77 -9999     0 -9999
2023 11 06 21   206    94 10033   250    72     6     0 -9999
2023 11 06 22   194    89 10042   250    57 -9999     0 -9999
2023 11 06 23   183    78 10051   250    72 -9999     0 -9999
2023 11 07 00   172    78 10057   240    51     4     0 -9999
2023 11 07 01   161    83 10064   240    41     2     0 -9999
2023 11 07 02   156    67 10067   250    51     2     0 -9999
2023 11 07 03   156    61 10072   260    57     4     0 -9999
2023 11 07 04   144    67 10080   270    57 -9999     0 -9999
2023 11 07 05   139    61 10083   280    46 -9999     0 -9999
2023 11 07 06   133    61 10087   300    57     8     0 -9999
2023 11 07 07   122    56 10097   290    31 -9999     0 -9999
2023 11 07 08   106    56 10102   320    36 -9999     0 -9999
2023 11 07 09   100    56 10110   330    31     6     0 -9999
2023 11 07 10    89    50 10120   350    36 -9999     0 -9999
2023 11 07 11    78    44 10129   350    41 -9999     0 -9999
2023 11 07 12    61    33 10137   360    26     2     0 -9999
2023 11 07 13    56    28 10143   360    26     2     0 -9999
2023 11 07 14    78    33 10155   360    36     2     0 -9999
2023 11 07 15    89    33 10160    20    41     4     0 -9999
2023 11 07 16   100    33 10162    40    46     2     0 -9999
2023 11 07 17   106    39 10166    30    36     4     0 -9999
2023 11 07 18   106    39 10163    50    51     6     0 -9999
2023 11 07 19   106    44 10163    50    51 -9999     0 -9999
2023 11 07 20   111    44 10167    40    51 -9999     0 -9999
2023 11 07 21   100    39 10166    50    51     8     0 -9999
2023 11 07 22    94    50 10171    50    46 -9999     0 -9999
2023 11 07 23    83    39 10175    50    67 -9999     0 -9999
2023 11 08 00    83    33 10176    60    57     8     0 -9999
2023 11 08 01    83    39 10182    70    57 -9999     0 -9999
2023 11 08 02    83    39 10172    80    67 -9999     0 -9999
2023 11 08 03    78    39 10167    80    51     8     0 -9999
2023 11 08 04    78    44 10161    80    57 -9999     0 -9999
2023 11 08 05    83    50 10159    70    46 -9999     0 -9999
2023 11 08 06    83    56 10162   130    21     8     0 -9999
2023 11 08 07    89    56 10135   110    77 -9999     0 -9999
2023 11 08 08    89    50 10126   110    57 -9999     0 -9999
2023 11 08 09    94    50 10117   110    62     8     0 -9999
2023 11 08 10    94    44 10108   120    51 -9999     0 -9999
2023 11 08 11    94    50 10107   110    41 -9999     0 -9999
2023 11 08 12   100    50 10103   110    26     8     0 -9999
2023 11 08 13   100    56 10100   100    46 -9999    -1 -9999
2023 11 08 14   100    67 10098   100    51 -9999    -1 -9999
2023 11 08 15   100    72 10092    90    41     8    -1 -9999
2023 11 08 16   100    83 10078   110    57 -9999    -1 -9999
2023 11 08 17   106    89 10065   130    41 -9999     0 -9999
2023 11 08 18   117    89 10052   120    36     8     0    -1
2023 11 08 19   122    89 10042    70    21 -9999     0 -9999
2023 11 08 20   128    89 10033    70    26 -9999     0 -9999
2023 11 08 21   128    94 10027    30    26     8     0 -9999
2023 11 08 22   117   106 10027    10    31 -9999    18 -9999
2023 11 08 23   117   106 10030   310    31 -9999    -1 -9999
2023 11 09 00   111   100 10046   330    57     8    -1    20
2023 11 09 01   111   100 10050   350    31 -9999     3 -9999
2023 11 09 02   106    94 10065   320    51 -9999    -1 -9999
2023 11 09 03   100    83 10075   310    51     8     0 -9999
2023 11 09 04   100    83 10086   300    46 -9999     0 -9999
2023 11 09 05    94    72 10097   310    51 -9999     0 -9999
2023 11 09 06    94    72 10104   310    51     8     0     3
2023 11 09 07    94    67 10111   310    62 -9999     0 -9999
2023 11 09 08    89    61 10121   280    41 -9999     0 -9999
2023 11 09 09    78    56 10131   300    41     2     0 -9999
2023 11 09 10    78    44 10142   300    57     2     0 -9999
2023 11 09 11    67    28 10154   300    57     2     0 -9999
2023 11 09 12    56    22 10163   300    46     2     0 -9999
2023 11 09 13    50    11 10175   290    41     2     0 -9999
2023 11 09 14    56    -6 10187   290    41     2     0 -9999
2023 11 09 15    67   -11 10189   260    31     2     0 -9999
2023 11 09 16    83    -6 10188   250    31     2     0 -9999
2023 11 09 17   100     0 10188   230    46     2     0 -9999
2023 11 09 18   117    -6 10181   260    62     2     0 -9999
2023 11 09 19   128   -28 10175   260    72     2     0 -9999
2023 11 09 20   133   -33 10177   280    77     2     0 -9999
2023 11 09 21   128   -28 10178   260    62     2     0 -9999
2023 11 09 22   122   -17 10182   250    46     2     0 -9999
2023 11 09 23   111   -11 10186   240    36     2     0 -9999
2023 11 10 00   100   -11 10188   210    36     2     0 -9999
2023 11 10 01    94   -11 10188   220    36     2     0 -9999
2023 11 10 02    83   -11 10186   220    31     2     0 -9999
2023 11 10 03    83   -11 10184   200    26     4     0 -9999
2023 11 10 04    83   -17 10181   220    36     4     0 -9999
2023 11 10 05    89   -22 10182   220    41 -9999     0 -9999
2023 11 10 06    83   -28 10183   270    46     6     0 -9999
2023 11 10 07    72   -17 10187   280    26 -9999     0 -9999
2023 11 10 08    67   -11 10187   270    26 -9999     0 -9999
2023 11 10 09    56   -11 10190   240    26     4     0 -9999
2023 11 10 10    44    -6 10192   230    31     2     0 -9999
2023 11 10 11    44    -6 10201   250    31     0     0 -9999
2023 11 10 12    39    -6 10203   230    26     0     0 -9999
2023 11 10 13    33    -6 10209   250    26     2     0 -9999
2023 11 10 14    44    -6 10217   270    46     0     0 -9999
2023 11 10 15    61   -11 10216   290    51     0     0 -9999
2023 11 10 16    61   -11 10223   290    41     2     0 -9999
2023 11 10 17    67   -17 10228   300    72 -9999     0 -9999
2023 11 10 18    67   -22 10230   290    67     6     0 -9999
2023 11 10 19    61   -22 10233   290    46 -9999     0 -9999
2023 11 10 20    61   -22 10235   310    57 -9999     0 -9999
2023 11 10 21    56   -22 10246   310    51     8     0 -9999
2023 11 10 22    56   -22 10251   280    57 -9999     0 -9999
2023 11 10 23    56   -22 10256   260    31 -9999     0 -9999
2023 11 11 00    50   -17 10260   260    31     6     0 -9999
2023 11 11 01    44   -17 10266   300    31     2     0 -9999
2023 11 11 02    39   -17 10270   290    21     2     0 -9999
2023 11 11 03    28   -17 10279   290    21     2     0 -9999
2023 11 11 04    22   -22 10284   280    31     2     0 -9999
2023 11 11 05    22   -28 10287   270    21     2     0 -9999
2023 11 11 06    17   -28 10289   270    21     2     0 -9999
2023 11 11 07    11   -28 10292   270    21     0     0 -9999
2023 11 11 08     6   -28 10296   280    21     0     0 -9999
2023 11 11 09     0   -33 10295     0     0     2     0 -9999
2023 11 11 10     0   -28 10297   300    21     2     0 -9999
2023 11 11 11    -6   -33 10303     0     0     2     0 -9999
2023 11 11 12    -6   -28 10307     0     0     2     0 -9999
2023 11 11 13    -6   -28 10315     0     0     2     0 -9999
2023 11 11 14    11   -17 10317     0     0     2     0 -9999
2023 11 11 15    56    -6 10317     0     0     2     0 -9999
2023 11 11 16    72     6 10317     0     0     2     0 -9999
2023 11 11 17    83    -6 10319   200    26     2     0 -9999
2023 11 11 18    89   -11 10308   130    21     2     0 -9999
2023 11 11 19   100    -6 10302   200    41     2     0 -9999
2023 11 11 20   100   -11 10301   210    36     2     0 -9999
2023 11 11 21   100   -11 10295   210    26     4     0 -9999
2023 11 11 22    94    -6 10290   180    31 -9999     0 -9999
2023 11 11 23    83    -6 10291   170    21 -9999     0 -9999
2023 11 12 00    83    -6 10296   210    15     6     0 -9999
2023 11 12 01    72     0 10298   160    21 -9999     0 -9999
2023 11 12 02    72     6 10297   170    21 -9999     0 -9999
2023 11 12 03    67     6 10294   170    31     4     0 -9999
2023 11 12 04    72     0 10292   170    31 -9999     0 -9999
2023 11 12 05    72    -6 10291   180    51 -9999     0 -9999
2023 11 12 06    72   -11 10291   170    31     6     0 -9999
2023 11 12 07    72   -17 10290   180    31 -9999     0 -9999
2023 11 12 08    67   -17 10288   160    36 -9999     0 -9999
2023 11 12 09    67   -17 10288   160    46     6     0 -9999
2023 11 12 10    67   -17 10284   160    36 -9999     0 -9999
2023 11 12 11    67   -17 10287   170    41 -9999     0 -9999
2023 11 12 12    61   -17 10289   180    36     6     0 -9999
2023 11 12 13    56   -17 10295   180    36 -9999     0 -9999
2023 11 12 14    67   -11 10296   180    57 -9999     0 -9999
2023 11 12 15    78    -6 10294   180    77     6     0 -9999
2023 11 12 16    94     0 10289   170    57     2     0 -9999
2023 11 12 17   106     0 10280   180    62     2     0 -9999
2023 11 12 18   117    -6 10271   190    72     2     0 -9999
2023 11 12 19   128    -6 10261   180    67     2     0 -9999
2023 11 12 20   133    -6 10255   200    62     2     0 -9999
2023 11 12 21   139    -6 10246   190    82     2     0 -9999
2023 11 12 22   133    -6 10239   190    72     2     0 -9999
2023 11 12 23   122    -6 10238   170    36     0     0 -9999
2023 11 13 00   111    -6 10242   170    46     0     0 -9999
2023 11 13 01   106   -11 10245   190    36     0     0 -9999
2023 11 13 02   100    -6 10246   200    36     0     0 -9999
2023 11 13 03    94    -6 10245   200    41     0     0 -9999
2023 11 13 04   100   -11 10241   210    57     0     0 -9999
2023 11 13 05   100   -11 10238   220    62     0     0 -9999
2023 11 13 06    89   -11 10237   220    57     0     0 -9999
2023 11 13 07    83   -11 10239   240    46     0     0 -9999
2023 11 13 08    67    -6 10244   250    41     0     0 -9999
2023 11 13 09    67     0 10246   260    31     0     0 -9999
2023 11 13 10    67     0 10250   280    31     0     0 -9999
2023 11 13 11    61     0 10257   260    31     0     0 -9999
2023 11 13 12    56     6 10261   260    36     0     0 -9999
2023 11 13 13    56     0 10266   270    31     0     0 -9999
2023 11 13 14    72     6 10270   260    31     0     0 -9999
2023 11 13 15   106     6 10272   270    41     0     0 -9999
2023 11 13 16   128     0 10275   270    51     0     0 -9999
2023 11 13 17   144     0 10273   270    57     0     0 -9999
2023 11 13 18   156     0 10272   300    62     0     0 -9999
2023 11 13 19   161   -17 10269   320    62     0     0 -9999
2023 11 13 20   167   -33 10269   320    51     0     0 -9999
2023 11 13 21   161   -50 10270   300    41     0     0 -9999
2023 11 13 22   156   -56 10273   300    41     0     0 -9999
2023 11 13 23   133   -61 10272   290    26     2     0 -9999
2023 11 14 00   117   -50 10276   260    21     0     0 -9999
2023 11 14 01   100   -50 10282   280    21     0     0 -9999
2023 11 14 02    94   -44 10286   270    26     0     0 -9999
2023 11 14 03    89   -44 10289   270    26     0     0 -9999
2023 11 14 04    72   -50 10294   190    15     0     0 -9999
2023 11 14 05    50   -39 10291   270    21     0     0 -9999
2023 11 14 06    33   -39 10292     0     0     0     0 -9999
2023 11 14 07    28   -39 10293     0     0     0     0 -9999
2023 11 14 08    17   -39 10297   220    15     0     0 -9999
2023 11 14 09    11   -44 10296     0     0     0     0 -9999
2023 11 14 10    11   -39 10291     0     0     0     0 -9999
2023 11 14 11     0   -44 10295   240    15     2     0 -9999
2023 11 14 12    11   -44 10296     0     0     2     0 -9999
2023 11 14 13    11   -44 10297     0     0     2     0 -9999
2023 11 14 14    39   -28 10295   180    15     2     0 -9999
2023 11 14 15    94   -17 10292   160    31     2     0 -9999
2023 11 14 16   117   -28 10285   180    46     2     0 -9999
2023 11 14 17   139   -33 10280   190    51     2     0 -9999
2023 11 14 18   144   -39 10271   190    46     2     0 -9999
2023 11 14 19   156   -44 10263   210    62     2     0 -9999
2023 11 14 20   156   -50 10251   210    62     2     0 -9999
2023 11 14 21   161   -44 10244   200    41     2     0 -9999
2023 11 14 22   156   -50 10241   190    31     2     0 -9999
2023 11 14 23   128   -39 10235   170    31     2     0 -9999
2023 11 15 00   122   -39 10231   180    36     0     0 -9999
2023 11 15 01   111   -33 10232   180    26     0     0 -9999
2023 11 15 02   106   -28 10228   190    26     2     0 -9999
2023 11 15 03   100   -28 10228   210    21     2     0 -9999
2023 11 15 04    89   -22 10226   190    26     2     0 -9999
2023 11 15 05    83   -22 10223   180    31     4     0 -9999
2023 11 15 06    83   -22 10218   190    41     6     0 -9999
2023 11 15 07    78   -22 10217   210    36 -9999     0 -9999
2023 11 15 08    72   -22 10215   210    41 -9999     0 -9999
2023 11 15 09    78   -22 10211   210    46     6     0 -9999
2023 11 15 10    78   -28 10212   220    51     4     0 -9999
2023 11 15 11    67   -28 10211   220    51     2     0 -9999
2023 11 15 12    67   -22 10211   210    57     2     0 -9999
2023 11 15 13    61   -22 10211   210    46     2     0 -9999
2023 11 15 14    72   -17 10216   220    46     2     0 -9999
2023 11 15 15    94   -11 10218   230    51     0     0 -9999
2023 11 15 16   117     0 10223   230    41     0     0 -9999
2023 11 15 17   139    17 10216   230    57     0     0 -9999
2023 11 15 18   156    22 10208   240    41     0     0 -9999
2023 11 15 19   167    28 10205   240    41     0     0 -9999
2023 11 15 20   178    33 10201   230    41     0     0 -9999
2023 11 15 21   180    40 10203   240    36     2     0 -9999
2023 11 15 22   178    39 10205   230    21     4     0 -9999
2023 11 15 23   161    39 10209   200    26     4     0 -9999
2023 11 16 00   144    39 10213   210    15     2     0 -9999
2023 11 16 01   117    39 10216   230    15 -9999     0 -9999
2023 11 16 02   100    39 10217     0     0 -9999     0 -9999
2023 11 16 03   100    39 10217     0     0     4     0 -9999
2023 11 16 04    89    33 10216     0     0     2     0 -9999
2023 11 16 05    78    33 10213     0     0     2     0 -9999
2023 11 16 06    72    33 10212   170    15     0     0 -9999
2023 11 16 07    78    28 10210   200    26     2     0 -9999
2023 11 16 08    89    28 10207   200    31     2     0 -9999
2023 11 16 09    78    22 10203   190    31     0     0 -9999
2023 11 16 10    78    22 10204   210    21     0     0 -9999
2023 11 16 11    72    17 10195   180    26     2     0 -9999
2023 11 16 12    83    22 10189   190    31     6     0 -9999
2023 11 16 13    94    28 10195   210    26 -9999     0 -9999
2023 11 16 14    94    28 10192   190    26     2     0 -9999
2023 11 16 15   117    33 10185   200    41     4     0 -9999
2023 11 16 16   139    39 10178   210    51 -9999     0 -9999
2023 11 16 17   156    44 10166   230    51 -9999     0 -9999
2023 11 16 18   172    56 10146   200    51     8     0 -9999
2023 11 16 19   183    67 10127   200    62 -9999     0 -9999
2023 11 16 20   189    78 10120   200    98 -9999     0 -9999
2023 11 16 21   183    94 10112   190    82     8     0 -9999
2023 11 16 22   178   106 10105   200    72 -9999     0 -9999
2023 11 16 23   178   106 10100   200    93 -9999     0 -9999
2023 11 17 00   167   106 10099   200    98     8     0 -9999
2023 11 17 01   161   106 10097   200    51 -9999     0 -9999
2023 11 17 02   167   100 10093   200    72 -9999     0 -9999
2023 11 17 03   161   100 10089   210    67     8     0 -9999
2023 11 17 04   161   100 10081   200    62 -9999     0 -9999
2023 11 17 05   161   106 10078   200    62 -9999     0 -9999
2023 11 17 06   156   117 10076   230    41     8    -1    -1
2023 11 17 07   150   117 10072   230    51 -9999     3 -9999
2023 11 17 08   156   117 10076   240    57 -9999    -1 -9999
2023 11 17 09   144   122 10078   240    31     8    -1 -9999
2023 11 17 10   144   106 10077   260    36 -9999    -1 -9999
2023 11 17 11   139   106 10083   280    36 -9999     0 -9999
2023 11 17 12   128    78 10091   350    72     8     0     3
2023 11 17 13   100    56 10111    10    62 -9999     0 -9999
2023 11 17 14    89    28 10125   360    77 -9999     0 -9999
2023 11 17 15    89    11 10130    10    77     6     0 -9999
2023 11 17 16    94    17 10133   350    67     2     0 -9999
2023 11 17 17   100    11 10139    30    57     2     0 -9999
2023 11 17 18    94     6 10138    40    67     4     0 -9999
2023 11 17 19    94     0 10143    40    46     2     0 -9999
2023 11 17 20    94     6 10146    50    51     2     0 -9999
2023 11 17 21    89     0 10151    30    31     2     0 -9999
2023 11 17 22    78    -6 10159    60    36     2     0 -9999
2023 11 17 23    61   -11 10164    40    31     2     0 -9999
2023 11 18 00    56    -6 10171    20    26     0     0 -9999
2023 11 18 01    50    -6 10178   320    21     0     0 -9999
2023 11 18 02    44   -50 10181   340    26     0     0 -9999
2023 11 18 03    39   -50 10184   290    15     0     0 -9999
2023 11 18 04    33   -56 10187   290    21     0     0 -9999
2023 11 18 05    22   -50 10188   280    15     0     0 -9999
2023 11 18 06    11   -50 10187     0     0     0     0 -9999
2023 11 18 07     0   -50 10185   240    15     0     0 -9999
2023 11 18 08     0   -56 10183   270    21     0     0 -9999
2023 11 18 09     0   -56 10187   270    15     0     0 -9999
2023 11 18 10     0   -61 10187   250    15     0     0 -9999
2023 11 18 11     0   -56 10184   230    31     0     0 -9999
2023 11 18 12     6   -61 10183   230    31     0     0 -9999
2023 11 18 13     0   -67 10184   230    26     0     0 -9999
2023 11 18 14    17   -67 10187   220    41     0     0 -9999
2023 11 18 15    44   -61 10191   230    41     0     0 -9999
2023 11 18 16    67   -61 10189   240    57     0     0 -9999
2023 11 18 17    83   -61 10183   250    62     0     0 -9999
2023 11 18 18    94   -61 10170   240    62     0     0 -9999
2023 11 18 19   106   -56 10162   240    51     0     0 -9999
2023 11 18 20   111   -56 10152   250    51     2     0 -9999
2023 11 18 21   117   -56 10148   230    72     2     0 -9999
2023 11 18 22   117   -44 10147   240    36     2     0 -9999
2023 11 18 23   100   -39 10147   250    36     2     0 -9999
2023 11 19 00    89   -39 10148   220    26     0     0 -9999
2023 11 19 01    83   -39 10150   220    26     0     0 -9999
2023 11 19 02    72   -39 10147   210    21     0     0 -9999
2023 11 19 03    67   -39 10146   220    31     0     0 -9999
2023 11 19 04    61   -33 10145   220    36     0     0 -9999
2023 11 19 05    61   -33 10147   240    31     0     0 -9999
2023 11 19 06    50   -33 10153   270    31     0     0 -9999
2023 11 19 07    44   -28 10154   270    26     0     0 -9999
2023 11 19 08    44   -28 10156   270    21     0     0 -9999
2023 11 19 09    33   -28 10155     0     0     0     0 -9999
2023 11 19 10    22   -22 10159   250    21     0     0 -9999
2023 11 19 11    28   -22 10163     0     0     0     0 -9999
2023 11 19 12    28   -22 10168   290    15     0     0 -9999
2023 11 19 13    22   -22 10173   340    15     0     0 -9999
2023 11 19 14    44   -11 10180   340    21     2     0 -9999
2023 11 19 15    72     0 10183   360    21     2     0 -9999
2023 11 19 16   100    28 10181   360    15     2     0 -9999
2023 11 19 17   117    28 10183    70    26     2     0 -9999
2023 11 19 18   117    22 10175    50    41     2     0 -9999
2023 11 19 19   122    22 10175 -9999    31     2     0 -9999
2023 11 19 20   122    17 10174    90    21     4     0 -9999
2023 11 19 21   110    20 10176    40    36     6     0 -9999
2023 11 19 22    94    22 10180    50    41 -9999     0 -9999
2023 11 19 23    83    28 10180    50    51 -9999     0 -9999
2023 11 20 00    78    28 10184    50    46     6     0 -9999
2023 11 20 01    78    33 10189    70    36 -9999     0 -9999
2023 11 20 02    78    33 10188    60    62 -9999     0 -9999
2023 11 20 03    78    33 10194    60    36     6     0 -9999
2023 11 20 04    78    39 10194    60    36 -9999     0 -9999
2023 11 20 05    78    39 10191    50    36 -9999     0 -9999
2023 11 20 06    78    28 10192    80    31     6     0 -9999
2023 11 20 07    83    22 10188    80    46 -9999     0 -9999
2023 11 20 08    83    17 10192    90    51 -9999     0 -9999
2023 11 20 09    78    17 10198    90    46     8     0 -9999
2023 11 20 10    72    11 10200    90    31 -9999     0 -9999
2023 11 20 11    72     0 10210   120    46 -9999     0 -9999
2023 11 20 12    72    11 10216   110    46     8     0 -9999
2023 11 20 13    67    17 10221   110    67 -9999     0 -9999
2023 11 20 14    67    22 10218    80    57 -9999     0 -9999
2023 11 20 15    72    22 10224   100    62     8     0 -9999
2023 11 20 16    72    17 10224   100    72 -9999     0 -9999
2023 11 20 17    78    17 10216    80    77 -9999     0 -9999
2023 11 20 18    94    11 10208    80    72     6     0 -9999
2023 11 20 19    89    11 10203    90    82 -9999     0 -9999
2023 11 20 20    83     6 10197    80    77 -9999     0 -9999
2023 11 20 21    83    11 10194    90    62     8     0 -9999
2023 11 20 22    83    11 10198    80    67 -9999    -1 -9999
2023 11 20 23    83    17 10198    80    72 -9999    -1 -9999
2023 11 21 00    72    28 10188    70    62     8     5     3
2023 11 21 01    72    33 10196    80    41 -9999    -1 -9999
2023 11 21 02    78    28 10192    90    72 -9999    -1 -9999
2023 11 21 03    72    28 10182    70    57     8    -1 -9999
2023 11 21 04    67    28 10175    80    57 -9999     3 -9999
2023 11 21 05    61    33 10161    90    57 -9999     8 -9999
2023 11 21 06    56    39 10153    80    62     8    23    30
2023 11 21 07    56    44 10141    70    51 -9999    23 -9999
2023 11 21 08    56    44 10129    50    51 -9999     5 -9999
2023 11 21 09    56    44 10116    50    51     8    13 -9999
2023 11 21 10    61    50 10108    60    41 -9999    23 -9999
2023 11 21 11    61    50 10102    50    36 -9999    20 -9999
2023 11 21 12    61    50 10096    20    31     8    18   100
2023 11 21 13    61    50 10091   350    31 -9999     5 -9999
2023 11 21 14    61    56 10089   340    36 -9999     5 -9999
2023 11 21 15    67    50 10088   340    51     8    -1 -9999
2023 11 21 16    61    39 10093   330    72 -9999    -1 -9999
2023 11 21 17    61    33 10098   320    72 -9999     0 -9999
2023 11 21 18    50    28 10101   310    67     8    -1    10
2023 11 21 19    50    28 10103   320    57 -9999     0 -9999
2023 11 21 20    50    22 10104   320    62 -9999     0 -9999
2023 11 21 21    50    17 10112   320    57     8     0 -9999
2023 11 21 22    50    17 10123   320    46 -9999     0 -9999
2023 11 21 23    44    17 10132   310    51 -9999     0 -9999
2023 11 22 00    44    11 10141   310    46     6     0 -9999
2023 11 22 01    50    11 10146   310    41 -9999     0 -9999
2023 11 22 02    44     6 10151   290    31 -9999     0 -9999
2023 11 22 03    33     6 10152   260    15     4     0 -9999
2023 11 22 04    28     6 10148   250    21     2     0 -9999
2023 11 22 05    28     0 10152   290    26     2     0 -9999
2023 11 22 06    28     0 10156   310    41     2     0 -9999
2023 11 22 07    28     0 10157   310    41     0     0 -9999
2023 11 22 08    28     6 10158   310    36     0     0 -9999
2023 11 22 09    17     0 10159   290    26     2     0 -9999
2023 11 22 10    22     6 10162   310    36     2     0 -9999
2023 11 22 11    17     0 10164   280    21     2     0 -9999
2023 11 22 12    11     0 10166   290    21     2     0 -9999
2023 11 22 13    17     0 10172   290    21     4     0 -9999
2023 11 22 14    28     6 10179   300    36 -9999     0 -9999
2023 11 22 15    39    11 10180   310    26     8     0 -9999
2023 11 22 16    50    11 10178   270    21 -9999     0 -9999
2023 11 22 17    56    17 10171   270    21 -9999     0 -9999
2023 11 22 18    67    17 10161   250    41     6     0 -9999
2023 11 22 19    72     6 10152   250    57 -9999     0 -9999
2023 11 22 20    67     6 10144   250    57 -9999     0 -9999
2023 11 22 21    72     6 10140   230    72     6     0 -9999
2023 11 22 22    67     6 10142   220    72 -9999     0 -9999
2023 11 22 23    56     6 10139   230    46 -9999     0 -9999
2023 11 23 00    50     6 10140   220    26     4     0 -9999
2023 11 23 01    44     6 10142   230    36 -9999     0 -9999
2023 11 23 02    39     6 10133   210    51     2     0 -9999
2023 11 23 03    39     0 10132   220    51     2     0 -9999
2023 11 23 04    33    -6 10128   210    46     2     0 -9999
2023 11 23 05    33    -6 10129   210    51     2     0 -9999
2023 11 23 06    22    -6 10130   210    51     2     0 -9999
2023 11 23 07    22   -11 10121   210    57     2     0 -9999
2023 11 23 08    17   -11 10119   210    51     0     0 -9999
2023 11 23 09    17   -17 10119   220    51     2     0 -9999
2023 11 23 10    17   -22 10120   230    51     4     0 -9999
2023 11 23 11    11   -22 10121   220    46     4     0 -9999
2023 11 23 12     6   -22 10126   240    26     2     0 -9999
2023 11 23 13     6   -28 10134   240    36     2     0 -9999
2023 11 23 14    11   -22 10145   270    31     2     0 -9999
2023 11 23 15    33   -17 10153   310    41     2     0 -9999
2023 11 23 16    61   -22 10160   360    51     2     0 -9999
2023 11 23 17    72   -28 10166    10    57     4     0 -9999
2023 11 23 18    78   -22 10169    20    41     6     0 -9999
2023 11 23 19    83   -17 10172    20    31 -9999     0 -9999
2023 11 23 20    83    -6 10181    30    57 -9999     0 -9999
2023 11 23 21    72     0 10190    50    57     4     0 -9999
2023 11 23 22    61     0 10202    30    62     2     0 -9999
2023 11 23 23    50    -6 10209    30    46 -9999     0 -9999
2023 11 24 00    33   -11 10220   350    31     6     0 -9999
2023 11 24 01    28   -11 10226   340    41 -9999     0 -9999
2023 11 24 02    22   -17 10233   340    36     4     0 -9999
2023 11 24 03    11   -22 10238   350    46     2     0 -9999
2023 11 24 04    11   -39 10243   340    46     2     0 -9999
2023 11 24 05     6   -50 10249   340    41 -9999     0 -9999
2023 11 24 06     0   -56 10255   340    57     6     0 -9999
2023 11 24 07     0   -61 10261   340    46 -9999     0 -9999
2023 11 24 08    -6   -67 10269   340    46 -9999     0 -9999
2023 11 24 09    -6   -78 10278   340    62     6     0 -9999
2023 11 24 10   -17   -83 10285   340    67 -9999     0 -9999
2023 11 24 11   -22   -89 10292   340    72 -9999     0 -9999
2023 11 24 12   -28  -106 10302   340    67     6     0 -9999
2023 11 24 13   -33  -111 10317   340    62 -9999     0 -9999
2023 11 24 14   -33  -106 10325   350    67 -9999     0 -9999
2023 11 24 15   -22  -100 10330   340    51     6     0 -9999
2023 11 24 16   -11   -89 10333    10    57 -9999     0 -9999
2023 11 24 17    -6   -94 10331    10    67 -9999     0 -9999
2023 11 24 18     0   -83 10329    20    51     6     0 -9999
2023 11 24 19     0   -78 10325   360    72 -9999     0 -9999
2023 11 24 20     0   -67 10319    10    67 -9999     0 -9999
2023 11 24 21     0   -67 10320    10    62     6     0 -9999
2023 11 24 22   -11   -78 10325    10    51 -9999     0 -9999
2023 11 24 23   -17   -72 10329   350    46 -9999     0 -9999
2023 11 25 00   -11   -83 10331   330    36     8     0 -9999
2023 11 25 01   -17   -89 10332   330    31 -9999     0 -9999
2023 11 25 02   -22   -89 10333   330    26 -9999     0 -9999
2023 11 25 03   -28   -94 10331   340    26     8     0 -9999
2023 11 25 04   -22   -94 10328   330    31 -9999     0 -9999
2023 11 25 05   -28  -100 10326   350    36 -9999     0 -9999
2023 11 25 06   -33  -100 10323   340    26     6     0 -9999
2023 11 25 07   -39  -100 10317   340    31 -9999     0 -9999
2023 11 25 08   -39  -100 10312   350    26 -9999     0 -9999
2023 11 25 09   -33  -100 10308   340    31     6     0 -9999
2023 11 25 10   -22  -100 10306 -9999    21 -9999     0 -9999
2023 11 25 11   -22  -100 10302     0     0 -9999     0 -9999
2023 11 25 12   -22  -100 10299     0     0     8     0 -9999
2023 11 25 13   -22   -94 10301     0     0 -9999     0 -9999
2023 11 25 14   -17   -89 10300     0     0 -9999     0 -9999
2023 11 25 15   -11   -83 10298   230    15     6     0 -9999
2023 11 25 16     0   -83 10296   230    26 -9999     0 -9999
2023 11 25 17    11   -83 10286   220    31 -9999     0 -9999
2023 11 25 18    11   -78 10271   220    21     6     0 -9999
2023 11 25 19    17   -78 10257   180    31 -9999     0 -9999
2023 11 25 20    28   -72 10247     0     0 -9999     0 -9999
2023 11 25 21    33   -83 10240    80    15     2     0 -9999
2023 11 25 22    28   -89 10232     0     0     2     0 -9999
2023 11 25 23    11   -83 10222    90    21     2     0 -9999
2023 11 26 00     0   -72 10222   100    26     2     0 -9999
2023 11 26 01    -6   -67 10214   100    15 -9999     0 -9999
2023 11 26 02     6   -61 10216   210    15 -9999     0 -9999
2023 11 26 03     0   -61 10211   210    15     6     0 -9999
2023 11 26 04    -6   -61 10199   170    15 -9999     0 -9999
2023 11 26 05    -6   -61 10193     0     0 -9999     0 -9999
2023 11 26 06    -6   -56 10184     0     0     8     0 -9999
2023 11 26 07     0   -56 10175     0     0 -9999     0 -9999
2023 11 26 08     0   -56 10167   190    21 -9999     0 -9999
2023 11 26 09     0   -56 10159   180    15     8     0 -9999
2023 11 26 10     0   -50 -9999   190    15 -9999    -1 -9999
2023 11 26 11   -11   -28 10143   200    15 -9999     5 -9999
2023 11 26 12   -11   -22 10134     0     0     8     8    10
2023 11 26 13   -11   -22 10125     0     0 -9999     5 -9999
2023 11 26 14   -11   -22 10119   140    15 -9999     5 -9999
2023 11 26 15    -6   -17 10107   130    31     8     3 -9999
2023 11 26 16     0   -11 10101   170    15 -9999     3 -9999
2023 11 26 17     0   -11 10093   220    15 -9999     5 -9999
2023 11 26 18     0    -6 10081   220    26     8    -1    30
2023 11 26 19     6   -11 -9999   250    26 -9999    -1 -9999
2023 11 26 20     6   -11 10068   260    31 -9999     3 -9999
2023 11 26 21     6   -17 10067   260    41     8    -1 -9999
2023 11 26 22     0   -17 10070   260    41 -9999    -1 -9999
2023 11 26 23     6   -22 10078   260    46 -9999    -1 -9999
2023 11 27 00    -6   -33 10090   260    62     8     0     5
2023 11 27 01   -11   -50 10100   260    57 -9999     0 -9999
2023 11 27 02   -22   -56 10109   260    62 -9999     0 -9999
2023 11 27 03   -17   -50 10112   270    51     8     0 -9999
2023 11 27 04   -17   -56 10119   270    46     2     0 -9999
2023 11 27 05   -22   -56 -9999   260    46 -9999    -1 -9999
2023 11 27 06   -17   -50 10131   260    62     4    -1    -1
2023 11 27 07   -22   -61 10135   270    62     2     0 -9999
2023 11 27 08   -28   -72 10139   260    51     2     0 -9999
2023 11 27 09   -39   -83 10145   260    57     4     0 -9999
2023 11 27 10   -39   -89 10149   260    46 -9999     0 -9999
2023 11 27 11   -44  -111 10155   290    51 -9999     0 -9999
2023 11 27 12   -44  -117 10158   290    36     6     0 -9999
2023 11 27 13   -39  -106 10161   230    46 -9999    -1 -9999
2023 11 27 14   -44  -106 10166   270    77 -9999     0 -9999
2023 11 27 15   -44  -106 10167   270    57     8    -1 -9999
2023 11 27 16   -44   -94 10164   270    57 -9999    -1 -9999
2023 11 27 17   -39  -100 10166   280    72 -9999    -1 -9999
2023 11 27 18   -39  -100 10162   280    72     8    -1    -1
2023 11 27 19   -39  -100 10157   270    57 -9999    -1 -9999
2023 11 27 20   -39  -100 10157   270    51 -9999     0 -9999
2023 11 27 21   -44   -94 10163   250    46     6     0 -9999
2023 11 27 22   -50  -100 10167   250    62 -9999     0 -9999
2023 11 27 23   -56  -106 10173   260    62 -9999     0 -9999
2023 11 28 00   -61  -111 10178   260    67     6     0    -1
2023 11 28 01   -67  -122 10185   270    62     2     0 -9999
2023 11 28 02   -72  -122 10189   270    46     4     0 -9999
2023 11 28 03   -78  -128 10194   270    57     6     0 -9999
2023 11 28 04   -78  -133 10197   280    51 -9999     0 -9999
2023 11 28 05   -78  -128 10199   280    51 -9999     0 -9999
2023 11 28 06   -72  -128 10203   280    51     8     0 -9999
2023 11 28 07   -83  -133 10209   310    62 -9999    -1 -9999
2023 11 28 08   -89  -156 10215   320    72     4     0 -9999
2023 11 28 09   -94  -156 10220   300    51     2     0 -9999
2023 11 28 10   -94  -156 10227   300    36     2     0 -9999
2023 11 28 11   -94  -150 10232   290    36     2     0 -9999
2023 11 28 12   -94  -156 10243   280    31     2     0    -1
2023 11 28 13   -94  -156 10249   280    41     2     0 -9999
2023 11 28 14   -94  -150 10258   290    36     2     0 -9999
2023 11 28 15   -78  -144 10263   290    41     2     0 -9999
2023 11 28 16   -72  -139 10267   300    51     2     0 -9999
2023 11 28 17   -61  -133 10265   250    41     2     0 -9999
2023 11 28 18   -56  -133 10261   280    46     6     0 -9999
2023 11 28 19   -50  -128 10252   230    36 -9999     0 -9999
2023 11 28 20   -56  -133 10250   270    51 -9999     0 -9999
2023 11 28 21   -56  -128 10247   230    46     6     0 -9999
2023 11 28 22   -61  -128 10242   220    46 -9999     0 -9999
2023 11 28 23   -67  -133 10241   230    36 -9999     0 -9999
2023 11 29 00   -72  -128 10237   230    51     6     0 -9999
2023 11 29 01   -78  -128 10228   200    46     4     0 -9999
2023 11 29 02   -78  -122 10224   220    46 -9999     0 -9999
2023 11 29 03   -78  -122 10214   210    46     6     0 -9999
2023 11 29 04   -72  -122 10203   200    36     4     0 -9999
2023 11 29 05   -72  -122 10194   210    51 -9999     0 -9999
2023 11 29 06   -67  -117 10186   210    46     6     0 -9999
2023 11 29 07   -61  -111 10171   200    46     4     0 -9999
2023 11 29 08   -56  -106 10155   180    46 -9999     0 -9999
2023 11 29 09   -39  -100 10145   210    67     8     0 -9999
2023 11 29 10   -33  -100 10134   200    62 -9999     0 -9999
2023 11 29 11   -39   -94 10130   210    41     2     0 -9999
2023 11 29 12   -33   -94 10129   220    46     0     0 -9999
2023 11 29 13   -39   -94 10127   220    46     2     0 -9999
2023 11 29 14   -39   -89 10131   240    31     0     0 -9999
2023 11 29 15   -22   -78 10129   250    31     0     0 -9999
2023 11 29 16   -11   -67 10128   230    51     0     0 -9999
2023 11 29 17    11   -56 10126   250    41     0     0 -9999
2023 11 29 18    28   -44 10120   240    67     0     0 -9999
2023 11 29 19    39   -33 10118   250    46     2     0 -9999
2023 11 29 20    44   -28 10120   250    51     2     0 -9999
2023 11 29 21    44   -28 10120   230    62     2     0 -9999
2023 11 29 22    33   -28 10128   220    51     2     0 -9999
2023 11 29 23    22   -28 10131   220    41     2     0 -9999
2023 11 30 00    17   -28 10136   220    41     2     0 -9999
2023 11 30 01    11   -28 10134   220    41     2     0 -9999
2023 11 30 02    11   -28 10132   220    36     2     0 -9999
2023 11 30 03    11   -28 10134   220    36     2     0 -9999
2023 11 30 04     6   -28 10131   220    31     2     0 -9999
2023 11 30 05     6   -28 10128   220    36     2     0 -9999
2023 11 30 06     6   -28 10125   230    31     2     0 -9999
2023 11 30 07     0   -33 10120   210    51     2     0 -9999
2023 11 30 08    11   -28 10117   220    41     4     0 -9999
2023 11 30 09     6   -28 10110   200    26     4     0 -9999
2023 11 30 10     6   -28 10105   190    26     4     0 -9999
2023 11 30 11    11   -22 10096   190    26 -9999     0 -9999
2023 11 30 12    28   -17 10093   200    51     6     0 -9999
2023 11 30 13    33   -17 10091   210    62 -9999     0 -9999
2023 11 30 14    39   -11 10088   210    62 -9999     0 -9999
2023 11 30 15    50    -6 10088   220    57     6     0 -9999
2023 11 30 16    72     6 10084   220    67 -9999     0 -9999
2023 11 30 17    89    17 10082   230    67     4     0 -9999
2023 11 30 18   106    22 10079   230    72     4     0 -9999
2023 11 30 19   100    28 10078   240    62 -9999     0 -9999
2023 11 30 20    94    28 10078   210    67 -9999     0 -9999
2023 11 30 21   100    33 10083   230    57     6     0 -9999
2023 11 30 22    94    33 10088   220    51 -9999     0 -9999
2023 11 30 23    94    39 10096   210    36 -9999     0 -9999
2023 12 01 00    94    44 10099   240    31     8     0 -9999
2023 12 01 01    94    44 10105   260    26 -9999     0 -9999
2023 12 01 02    89    44 10112   260    21 -9999    -1 -9999
2023 12 01 03    78    44 10113   300    15     8     0 -9999
2023 12 01 04    78    39 10118     0     0 -9999     0 -9999
2023 12 01 05    72    33 10116    10    26 -9999     0 -9999
2023 12 01 06    67    28 10120    20    31     8     0     0
2023 12 01 07    56    28 10121    30    36 -9999     0 -9999
2023 12 01 08    61    28 10120    40    31 -9999     0 -9999
2023 12 01 09    56    28 10113    30    36     8     0 -9999
2023 12 01 10    61    39 10106    50    36 -9999     0 -9999
2023 12 01 11    56    50 10105    70    31 -9999    18 -9999
2023 12 01 12    61    50 10103    50    57     8    28    40
2023 12 01 13    56    44 10101    40    51 -9999    25 -9999
2023 12 01 14    61    50 10102 -9999    15 -9999    41 -9999
2023 12 01 15    56    39 10098     0     0     8    15 -9999
2023 12 01 16    61    39 10094     0     0 -9999     5 -9999
2023 12 01 17    67    39 -9999    30    15 -9999    -1 -9999
2023 12 01 18    61    44 10087    60    31     8    -1   100
2023 12 01 19    61    50 10085    90    36 -9999    -1 -9999
2023 12 01 20    56    50 10081    80    46 -9999     8 -9999
2023 12 01 21    56    44 10087    80    41     8     5 -9999
2023 12 01 22    56    50 10089    20    41 -9999     5 -9999
2023 12 01 23    56    44 10096    10    51 -9999     5 -9999
2023 12 02 00    50    44 10100    10    46     8     3    30
2023 12 02 01    50    44 10104   360    41 -9999    -1 -9999
2023 12 02 02    50    44 10106    10    36 -9999    -1 -9999
2023 12 02 03    50    39 10110    20    51     8    -1 -9999
2023 12 02 04    50    39 10113    10    46 -9999    -1 -9999
2023 12 02 05    44    33 10114   350    36 -9999     3 -9999
2023 12 02 06    44    33 10116   340    36     8    -1     3
2023 12 02 07    39    28 10119   340    46 -9999     0 -9999
2023 12 02 08    39    28 10129   360    41 -9999     0 -9999
2023 12 02 09    39    28 10139   340    36     8     0 -9999
2023 12 02 10    39    28 10140   340    36 -9999     0 -9999
2023 12 02 11    39    28 10148   340    31 -9999     0 -9999
2023 12 02 12    39    28 10154   320    36     8     0 -9999
2023 12 02 13    39    28 10161   340    26 -9999     0 -9999
2023 12 02 14    39    28 10167   340    21 -9999     0 -9999
2023 12 02 15    44    28 10169   360    41     8     0 -9999
2023 12 02 16    50    28 10169    10    36 -9999     0 -9999
2023 12 02 17    61    33 10166    30    36 -9999     0 -9999
2023 12 02 18    56    22 10161    60    41     8     0 -9999
2023 12 02 19    61    22 10156    80    26 -9999     0 -9999
2023 12 02 20    56    22 10149    70    31 -9999     0 -9999
2023 12 02 21    56    22 10150   110    21     8     0 -9999
2023 12 02 22    56    17 10154 -9999    15 -9999     0 -9999
2023 12 02 23    56    22 10147    90    31 -9999     0 -9999
2023 12 03 00    50    17 10147    80    15     8     0 -9999
2023 12 03 01    50    22 10141    80    31 -9999     0 -9999
2023 12 03 02    50    22 10130    90    26 -9999     0 -9999
2023 12 03 03    50    22 10130     0     0     8     0 -9999
2023 12 03 04    50    22 10122     0     0 -9999     0 -9999
2023 12 03 05    50    28 10109    90    31 -9999    -1 -9999
2023 12 03 06    44    33 10100    80    21     8    -1    -1
2023 12 03 07    44    33 10094   130    21 -9999     5 -9999
2023 12 03 08    39    22 -9999   140    26 -9999     2 -9999
2023 12 03 09    39    22 10080   160    15     8     5 -9999
2023 12 03 10    39    22 10073     0     0 -9999    -1 -9999
2023 12 03 11    33    28 10066   340    15 -9999     5 -9999
2023 12 03 12    39    28 10061    10    15     8    -1    50
2023 12 03 13    39    33 10058     0     0 -9999     3 -9999
2023 12 03 14    39    33 10056   250    15 -9999    -1 -9999
2023 12 03 15    39    28 10058   240    31     8    13 -9999
2023 12 03 16    28    11 10062   250    46 -9999    10 -9999
2023 12 03 17    39    17 10057   270    46 -9999    -1 -9999
2023 12 03 18    33    11 10060   270    46     8    -1    30
2023 12 03 19    33    17 10061   260    57 -9999     0 -9999
2023 12 03 20    33    11 10068   260    62 -9999     0 -9999
2023 12 03 21    39    11 10072   260    46     8     0 -9999
2023 12 03 22    33    11 10082   260    57 -9999     0 -9999
2023 12 03 23    33    11 10094   270    41 -9999     0 -9999
2023 12 04 00    33    11 10101   290    41 -9999     0 -9999
2023 12 04 01    33     6 10106   270    36 -9999     0 -9999
2023 12 04 02    28     6 10108   290    36 -9999     0 -9999
2023 12 04 03    28     0 10110   290    21     8     0 -9999
2023 12 04 04    28     0 10116   260    31 -9999     0 -9999
2023 12 04 05    28     0 10120   260    31 -9999     0 -9999
2023 12 04 06    28     0 10121   260    26     8     0 -9999
2023 12 04 07    28    -6 10119   270    26 -9999     0 -9999
2023 12 04 08    28    -6 10120   280    21 -9999     0 -9999
2023 12 04 09    22     0 10119   290    15     8     0 -9999
2023 12 04 10    11    -6 10121   320    21 -9999     0 -9999
2023 12 04 11    17     0 10125   300    26 -9999     0 -9999
2023 12 04 12    11    -6 10129   350    21     6     0 -9999
2023 12 04 13     0   -11 10132   360    31 -9999     0 -9999
2023 12 04 14     6    -6 10136   340    31 -9999     0 -9999
2023 12 04 15    22    -6 10146   340    15     6     0 -9999
2023 12 04 16    33    -6 10153   300    21 -9999     0 -9999
2023 12 04 17    44   -17 10155   340    41 -9999     0 -9999
2023 12 04 18    44   -22 10150   310    21     6     0 -9999
2023 12 04 19    44   -22 10157   300    46 -9999     0 -9999
2023 12 04 20    39   -22 10159   300    26 -9999     0 -9999
2023 12 04 21    39   -22 10164   300    36     8     0 -9999
2023 12 04 22    33   -22 10167   280    15 -9999     0 -9999
2023 12 04 23    33   -22 10169   260    26 -9999     0 -9999
2023 12 05 00    33   -17 10172   240    15     8     0 -9999
2023 12 05 01    33   -17 10180   260    41 -9999     0 -9999
2023 12 05 02    33   -17 10177   250    41 -9999     0 -9999
2023 12 05 03    28   -17 10179   230    31     8     0 -9999
2023 12 05 04    28   -17 10171   210    26 -9999     0 -9999
2023 12 05 05    28   -17 10170   200    15 -9999     0 -9999
2023 12 05 06    22   -11 10167   210    36     8     0 -9999
2023 12 05 07    22   -17 10166   190    26 -9999    -1 -9999
2023 12 05 08    11    -6 10163   160    21 -9999     3 -9999
2023 12 05 09    11     0 10154   140    26     8     3 -9999
2023 12 05 10    17     0 10151   150    41 -9999    -1 -9999
2023 12 05 11    17     6 10148   120    21 -9999    -1 -9999
2023 12 05 12    11     0 10149    80    15     8     5     8
2023 12 05 13     6     0 -9999    80    21 -9999    -1 -9999
2023 12 05 14    11     0 10148    50    31 -9999     8 -9999
2023 12 05 15    17     6 10153    50    26     8     3 -9999
2023 12 05 16    28    11 10157    10    41 -9999    -1 -9999
2023 12 05 17    33    17 10156    20    57 -9999     0 -9999
2023 12 05 18    39    17 10159    10    57     8     0    20
2023 12 05 19    39    17 10161   350    57 -9999     0 -9999
2023 12 05 20    50    17 10165    20    57 -9999     0 -9999
2023 12 05 21    50     6 10177   350    51     8     0 -9999
2023 12 05 22    39    11 10191   350    57 -9999     0 -9999
2023 12 05 23    33    17 10206   340    41 -9999     3 -9999
2023 12 06 00    33     6 10215   340    46 -9999    -1     3
2023 12 06 01    28   -11 10222   330    67 -9999     0 -9999
2023 12 06 02    22   -22 10232   330    51 -9999     0 -9999
2023 12 06 03    17   -33 10235   330    46     6     0 -9999
2023 12 06 04     6   -33 10231   300    26     2     0 -9999
2023 12 06 05     0   -33 10244   300    31     2     0 -9999
2023 12 06 06     0   -39 10249   290    26     2     0 -9999
2023 12 06 07     6   -33 10251   280    26 -9999     0 -9999
2023 12 06 08    11   -28 10247   270    31 -9999     0 -9999
2023 12 06 09    17   -22 10252   270    26     8     0 -9999
2023 12 06 10    22   -33 10251   310    41 -9999     0 -9999
2023 12 06 11    22   -33 10254   300    46 -9999     0 -9999
2023 12 06 12    17   -39 10255   310    36     6     0 -9999
2023 12 06 13    17   -39 10258   310    26 -9999     0 -9999
2023 12 06 14    11   -39 10260   280    31 -9999     0 -9999
2023 12 06 15    17   -39 10263   300    31     6     0 -9999
2023 12 06 16    17   -33 10265   280    36 -9999     0 -9999
2023 12 06 17    17   -28 10260 -9999    31 -9999     0 -9999
2023 12 06 18    28   -22 10248   220    46     6     0 -9999
2023 12 06 19    22   -28 10241   220    46 -9999     0 -9999
2023 12 06 20    28   -28 10229   230    46 -9999     0 -9999
2023 12 06 21    28   -22 10227   200    57     6     0 -9999
2023 12 06 22    22   -22 10218   210    36 -9999     0 -9999
2023 12 06 23    22   -17 10210   190    31 -9999     0 -9999
2023 12 07 00    28   -11 10205   200    41     6     0 -9999
2023 12 07 01    22   -17 10195   190    62 -9999     0 -9999
2023 12 07 02    22   -11 10183   200    67 -9999     0 -9999
2023 12 07 03    28    -6 10167   200    62     8     0 -9999
2023 12 07 04    39     0 10162   220    77 -9999     0 -9999
2023 12 07 05    39     0 10155   220    98 -9999     0 -9999
2023 12 07 06    39    -6 10149   220    88     6     0 -9999
2023 12 07 07    39    -6 10143   220    72     4     0 -9999
2023 12 07 08    33   -11 10138   220    51     4     0 -9999
2023 12 07 09    33   -11 10133   220    67     4     0 -9999
2023 12 07 10    33   -11 10129   220    57     4     0 -9999
2023 12 07 11    28   -11 10120   210    46     2     0 -9999
2023 12 07 12    28   -11 10120   210    41     4     0 -9999
2023 12 07 13    28   -11 10121   210    46     4     0 -9999
2023 12 07 14    28   -11 10122   200    41     4     0 -9999
2023 12 07 15    39    -6 10121   210    41     4     0 -9999
2023 12 07 16    56     0 10118   230    57     2     0 -9999
2023 12 07 17    72     6 10110   210    57     2     0 -9999
2023 12 07 18    83    11 10101   210    51     2     0 -9999
2023 12 07 19    94    17 10094   200    36     2     0 -9999
2023 12 07 20   100    22 10088   210    36     2     0 -9999
2023 12 07 21   106    28 10083   190    51     2     0 -9999
2023 12 07 22   100    28 10082   170    36     2     0 -9999
2023 12 07 23    89    33 10085   180    21     4     0 -9999
2023 12 08 00    89    39 10080   170    31     4     0 -9999
2023 12 08 01    83    44 10076   160    31 -9999     0 -9999
2023 12 08 02    89    56 10070   180    36 -9999     0 -9999
2023 12 08 03    94    50 10067   180    51     6     0 -9999
2023 12 08 04    94    44 10064   180    41     4     0 -9999
2023 12 08 05    89    39 10064   190    46     2     0 -9999
2023 12 08 06    83    39 10060   190    57     2     0 -9999
2023 12 08 07    89    33 10056   200    67     2     0 -9999
2023 12 08 08    83    33 10054   200    67     2     0 -9999
2023 12 08 09    83    33 10052   200    77     0     0 -9999
2023 12 08 10    83    33 10047   200    67     0     0 -9999
2023 12 08 11    83    33 10048   200    67     0     0 -9999
2023 12 08 12    83    33 10049   200    62     2     0 -9999
2023 12 08 13    78    28 10050   200    51     2     0 -9999
2023 12 08 14    78    28 10052   200    67 -9999     0 -9999
2023 12 08 15    89    33 10055   200    98     6     0 -9999
2023 12 08 16   100    39 10055   200    88 -9999     0 -9999
2023 12 08 17   111    50 10054   210    67 -9999     0 -9999
2023 12 08 18   122    56 10049   200    72     6     0 -9999
2023 12 08 19   128    67 10045   200    77 -9999     0 -9999
2023 12 08 20   128    67 10043   200    82 -9999     0 -9999
2023 12 08 21   133    72 10045   200    57     6     0 -9999
2023 12 08 22   128    72 10052   210    67 -9999     0 -9999
2023 12 08 23   117    72 10058   200    41 -9999     0 -9999
2023 12 09 00   111    72 10062   190    46     6     0 -9999
2023 12 09 01   111    72 10065   190    67 -9999     0 -9999
2023 12 09 02   117    72 10064   190    67 -9999     0 -9999
2023 12 09 03   117    72 10061   190    36     8     0 -9999
2023 12 09 04   117    72 10061   180    46 -9999     0 -9999
2023 12 09 05   117    83 10056   170    46 -9999     0 -9999
2023 12 09 06   117    89 10050   170    62     8     0 -9999
2023 12 09 07   117    94 10036   170    67 -9999     0 -9999
2023 12 09 08   117   100 10030   180    72 -9999    -1 -9999
2023 12 09 09   111   106 10028   190    46     8     3 -9999
2023 12 09 10   117   106 -9999   180    57 -9999     2 -9999
2023 12 09 11   122   111 10012   180    57 -9999     3 -9999
2023 12 09 12   122   111 10007   190    57     8    -1    40
2023 12 09 13   122   117 10007   200    41 -9999    10 -9999
2023 12 09 14    89    72 10037   270    82 -9999    10 -9999
2023 12 09 15    78    50 10057   260    77     6     0 -9999
2023 12 09 16    89    44 10072   230    82     4     0 -9999
2023 12 09 17    89    28 10077   250    72     2     0 -9999
2023 12 09 18    83    11 10079   250    82     4     0    20
2023 12 09 19    78    11 10077   250   108 -9999     0 -9999
2023 12 09 20    72     6 10085   250    88 -9999     0 -9999
2023 12 09 21    67    -6 10090   240    72     6     0 -9999
2023 12 09 22    61   -11 10099   240    51 -9999     0 -9999
2023 12 09 23    56   -17 10104   250    72 -9999     0 -9999
2023 12 10 00    50   -11 10106   250    72     8     0 -9999
2023 12 10 01    39   -28 10114   260    67 -9999     0 -9999
2023 12 10 02    39   -28 10117   250    62 -9999     0 -9999
2023 12 10 03    33   -28 10117   250    62     8     0 -9999
2023 12 10 04    22   -28 10120   260    93 -9999     0 -9999
2023 12 10 05    22   -22 10122   260    82 -9999     0 -9999
2023 12 10 06    17   -28 10125   260    57     8     0 -9999
2023 12 10 07    11   -28 10127   250    67 -9999     0 -9999
2023 12 10 08    11   -28 10128   260    51 -9999     0 -9999
2023 12 10 09    11   -33 10133   270    72     8     0 -9999
2023 12 10 10    11   -33 10136   270    46 -9999     0 -9999
2023 12 10 11     6   -33 10143   260    57 -9999     0 -9999
2023 12 10 12    11   -33 10149   270    67     8     0 -9999
2023 12 10 13    11   -33 10156   280    41 -9999     0 -9999
2023 12 10 14    11   -33 10158   270    51 -9999     0 -9999
2023 12 10 15    11   -28 10162   290    41     8     0 -9999
2023 12 10 16    17   -28 10164   300    57 -9999     0 -9999
2023 12 10 17    17   -28 10164   290    36 -9999     0 -9999
2023 12 10 18    17   -28 10163 -9999    26     8     0 -9999
2023 12 10 19    11   -22 10164   310    46 -9999     0 -9999
2023 12 10 20    11   -28 10164   310    46 -9999     0 -9999
2023 12 10 21    11   -33 10171   300    41     8     0 -9999
2023 12 10 22     6   -39 10182   310    57 -9999     0 -9999
2023 12 10 23     0   -44 10189   310    41 -9999     0 -9999
2023 12 11 00     0   -50 10192   310    26     8     0 -9999
2023 12 11 01     0   -50 10191   280    36 -9999     0 -9999
2023 12 11 02    -6   -56 10193   290    36 -9999     0 -9999
2023 12 11 03   -11   -56 10197   260    31     8     0 -9999
2023 12 11 04   -11   -56 10193   330    26 -9999     0 -9999
2023 12 11 05   -11   -56 10195   310    31 -9999     0 -9999
2023 12 11 06   -11   -50 10195   310    15     8    -1    -1
2023 12 11 07   -17   -56 10194   290    21 -9999    -1 -9999
2023 12 11 08   -17   -61 10194   270    21 -9999    -1 -9999
2023 12 11 09   -17   -61 10199   250    21     8    -1 -9999
2023 12 11 10   -17   -61 10203   250    26 -9999     0 -9999
2023 12 11 11   -17   -67 10207   230    31 -9999     0 -9999
2023 12 11 12   -22   -72 10213   250    31     8     0    -1
2023 12 11 13   -22   -67 10220   230    21 -9999     0 -9999
2023 12 11 14   -22   -72 10222     0     0 -9999     0 -9999
2023 12 11 15   -17   -67 10226   220    21     8     0 -9999
2023 12 11 16   -17   -67 10229   250    41 -9999     0 -9999
2023 12 11 17    -6   -61 10224   220    36 -9999     0 -9999
2023 12 11 18     0   -56 10216   240    41     2     0 -9999
2023 12 11 19     6   -56 10211   230    36     2     0 -9999
2023 12 11 20    11   -50 10211   210    31     2     0 -9999
2023 12 11 21    17   -44 10209   210    46     0     0 -9999
2023 12 11 22    17   -44 10210   220    41     0     0 -9999
2023 12 11 23    11   -39 10212   200    31     2     0 -9999
2023 12 12 00     6   -39 10212   180    26     0     0 -9999
2023 12 12 01     6   -39 10214   180    26     0     0 -9999
2023 12 12 02    11   -33 10215   190    46     2     0 -9999
2023 12 12 03    17   -28 10213   200    36     0     0 -9999
2023 12 12 04    17   -22 10209   190    46     2     0 -9999
2023 12 12 05    17   -22 10203   200    51 -9999     0 -9999
2023 12 12 06    17   -28 10201   210    51     6     0 -9999
2023 12 12 07    17   -28 10201   210    57 -9999     0 -9999
2023 12 12 08    11   -28 10203   220    67     2     0 -9999
2023 12 12 09     6   -33 10206   220    46     2     0 -9999
2023 12 12 10     0   -33 10208   230    41     2     0 -9999
2023 12 12 11     0   -33 10211   240    46     2     0 -9999
2023 12 12 12     0   -33 10223   250    41     2     0 -9999
2023 12 12 13     0   -39 10235   260    36     2     0 -9999
2023 12 12 14    -6   -39 10250   250    31     2     0 -9999
2023 12 12 15     6   -56 10260   290    51     2     0 -9999
2023 12 12 16    11   -61 10269   290    57     2     0 -9999
2023 12 12 17    17   -56 10274   290    57     2     0 -9999
2023 12 12 18    22   -67 10277   270    46     2     0 -9999
2023 12 12 19    28   -61 10281   270    57     4     0 -9999
2023 12 12 20    28   -61 10285   270    51 -9999     0 -9999
2023 12 12 21    28   -61 10292   250    41     4     0 -9999
2023 12 12 22    17   -67 10301   270    46     4     0 -9999
2023 12 12 23     6   -67 10306   270    15     4     0 -9999
2023 12 13 00     0   -72 10321   260    31     2     0 -9999
2023 12 13 01    -6   -72 10327   260    31     2     0 -9999
2023 12 13 02   -11   -72 10331   270    31     2     0 -9999
2023 12 13 03   -17   -72 10337   280    26     2     0 -9999
2023 12 13 04   -22   -72 10343   270    21     2     0 -9999
2023 12 13 05   -22   -78 10349   250    26     2     0 -9999
2023 12 13 06   -28   -78 10351   260    26     4     0 -9999
2023 12 13 07   -28   -78 10356   260    31 -9999     0 -9999
2023 12 13 08   -28   -83 10363   270    26 -9999     0 -9999
2023 12 13 09   -33   -89 10368   280    21     6     0 -9999
2023 12 13 10   -39   -89 10370   270    21 -9999     0 -9999
2023 12 13 11   -44   -94 10374   290    15     4     0 -9999
2023 12 13 12   -44   -94 10382   270    15     2     0 -9999
2023 12 13 13   -44   -94 10385   240    15     2     0 -9999
2023 12 13 14   -44   -89 10386     0     0     2     0 -9999
2023 12 13 15   -22   -89 10390     0     0     2     0 -9999
2023 12 13 16     0   -94 10393     0     0     2     0 -9999
2023 12 13 17    33  -144 10389 -9999    21     2     0 -9999
2023 12 13 18    39  -161 10385   270    31     2     0 -9999
2023 12 13 19    50  -144 10381   240    46     2     0 -9999
2023 12 13 20    50  -122 10380   240    31     2     0 -9999
2023 12 13 21    44  -117 10380   240    41     4     0 -9999
2023 12 13 22    44  -111 10377   210    41 -9999     0 -9999
2023 12 13 23    33  -106 10384   230    21 -9999     0 -9999
2023 12 14 00    22   -94 10386   210    15     2     0 -9999
2023 12 14 01    17   -83 10392   220    21     0     0 -9999
2023 12 14 02    11   -83 10394   200    31     0     0 -9999
2023 12 14 03     6   -83 10391   220    31     0     0 -9999
2023 12 14 04     6   -83 10392   220    26     0     0 -9999
2023 12 14 05    11   -89 10389   230    36     0     0 -9999
2023 12 14 06    11   -83 10386   230    31     2     0 -9999
2023 12 14 07    11   -72 10383   230    36     0     0 -9999
2023 12 14 08     6   -67 10385   240    36     0     0 -9999
2023 12 14 09     0   -67 10388   240    21     0     0 -9999
2023 12 14 10     0   -61 10381   230    31     0     0 -9999
2023 12 14 11     6   -61 10380   230    31     0     0 -9999
2023 12 14 12     6   -56 10384   220    26     2     0 -9999
2023 12 14 13     6   -56 10385   220    36     2     0 -9999
2023 12 14 14     6   -50 10393   220    15     0     0 -9999
2023 12 14 15    22   -50 10397   230    31     0     0 -9999
2023 12 14 16    44   -44 10393   230    36     2     0 -9999
2023 12 14 17    72   -44 10381   230    36     2     0 -9999
2023 12 14 18    83   -39 10373   230    57     0     0 -9999
2023 12 14 19    94   -28 10363   240    62     0     0 -9999
2023 12 14 20   100   -22 10355   230    57     0     0 -9999
2023 12 14 21   106   -17 10353   220    41     0     0 -9999
2023 12 14 22   100   -17 10352   230    31     2     0 -9999
2023 12 14 23    83    -6 10353   210    31     2     0 -9999
2023 12 15 00    72    -6 10351   210    26     0     0 -9999
2023 12 15 01    67    -6 10348   200    31     0     0 -9999
2023 12 15 02    56    -6 10344   200    31     0     0 -9999
2023 12 15 03    56    -6 10339   190    26     0     0 -9999
2023 12 15 04    50    -6 10333   210    21     0     0 -9999
2023 12 15 05    44    -6 10331   220    21     0     0 -9999
2023 12 15 06    39    -6 10327   210    21     0     0 -9999
2023 12 15 07    33    -6 10326   220    26     0     0 -9999
2023 12 15 08    39    -6 10328   200    36     2     0 -9999
2023 12 15 09    28    -6 10328   200    21     2     0 -9999
2023 12 15 10    28   -11 10326   220    26     2     0 -9999
2023 12 15 11    22   -11 10326   190    15     4     0 -9999
2023 12 15 12    22   -17 10329   210    21     6     0 -9999
2023 12 15 13    17   -22 10327   190    15 -9999     0 -9999
2023 12 15 14    22   -22 10324   190    15 -9999     0 -9999
2023 12 15 15    44   -17 10319   180    31     6     0 -9999
2023 12 15 16    78   -22 10316   200    31 -9999     0 -9999
2023 12 15 17   100   -28 10309   200    41 -9999     0 -9999
2023 12 15 18   106   -28 10303   200    51     6     0 -9999
2023 12 15 19   111   -33 10293   210    57 -9999     0 -9999
2023 12 15 20   106   -28 10287   190    31 -9999     0 -9999
2023 12 15 21   111   -17 10283   160    31     6     0 -9999
2023 12 15 22   100   -11 10277   140    26 -9999     0 -9999
2023 12 15 23   100   -11 10275   150    15 -9999     0 -9999
2023 12 16 00    83   -11 10274   130    15     6     0 -9999
2023 12 16 01    94   -17 10277   150    21 -9999     0 -9999
2023 12 16 02    78   -17 10276   130    21 -9999     0 -9999
2023 12 16 03    78   -11 10272   130    36     8     0 -9999
2023 12 16 04    83   -17 10268   140    36 -9999     0 -9999
2023 12 16 05    78   -11 10263   150    31 -9999     0 -9999
2023 12 16 06    78   -17 10257   150    36     8     0 -9999
2023 12 16 07    72   -17 10251   140    36 -9999     0 -9999
2023 12 16 08    72   -17 10249   140    26 -9999     0 -9999
2023 12 16 09    67   -17 10244   130    26     8     0 -9999
2023 12 16 10    67   -17 10232   120    26 -9999     0 -9999
2023 12 16 11    67   -17 10229   120    31 -9999     0 -9999
2023 12 16 12    67   -17 10228   130    31     8     0 -9999
2023 12 16 13    67   -17 10225   150    26 -9999     0 -9999
2023 12 16 14    67   -17 10222   140    36 -9999     0 -9999
2023 12 16 15    67   -17 10218   150    41     6    -1 -9999
2023 12 16 16    50    17 10210   130    62 -9999    10 -9999
2023 12 16 17    50    33 10199   140    46 -9999    20 -9999
2023 12 16 18    67    56 10180   140    57     8    13    40
2023 12 16 19    67    56 10167   160    51 -9999     5 -9999
2023 12 16 20    61    44 10157   140    51 -9999     8 -9999
2023 12 16 21    56    44 10159   150    51     8    18 -9999
2023 12 16 22    56    39 10152   140    51 -9999    18 -9999
2023 12 16 23    56    44 10149   150    46 -9999     3 -9999
2023 12 17 00    61    50 10149   160    46     8     3    60
2023 12 17 01    67    50 10145   170    57 -9999     5 -9999
2023 12 17 02    67    56 10142   170    41 -9999    -1 -9999
2023 12 17 03    67    56 10137   170    36     8     3 -9999
2023 12 17 04    67    56 10133   180    31 -9999    -1 -9999
2023 12 17 05    67    61 10129   180    36 -9999     0 -9999
2023 12 17 06    67    61 10125   180    26     8     0     8
2023 12 17 07    67    61 10120   190    21 -9999     0 -9999
2023 12 17 08    67    61 10116   190    26 -9999     0 -9999
2023 12 17 09    67    61 10114   220    21     8    -1 -9999
2023 12 17 10    67    56 10105   190    21 -9999    -1 -9999
2023 12 17 11    67    50 10107   230    36 -9999     0 -9999
2023 12 17 12    61    50 10109   200    36     8     0    -1
2023 12 17 13    61    50 10112   230    41 -9999     0 -9999
2023 12 17 14    61    44 10109   230    36 -9999     0 -9999
2023 12 17 15    61    44 10111   240    31     8     0 -9999
2023 12 17 16    61    44 10114   250    46 -9999     0 -9999
2023 12 17 17    61    44 10110   260    51 -9999    -1 -9999
2023 12 17 18    61    39 10101   270    57     8    -1     0
2023 12 17 19    61    39 10097   240    41 -9999     0 -9999
2023 12 17 20    56    33 10096   260    51 -9999     0 -9999
2023 12 17 21    50    28 10097   260    46     8     0 -9999
2023 12 17 22    44    17 10096   250    57 -9999     0 -9999
2023 12 17 23    39     6 10098   250    51 -9999     0 -9999
2023 12 18 00    33    11 10101   260    67     8     0 -9999
2023 12 18 01    33     6 10098   250    46 -9999     0 -9999
2023 12 18 02    33     0 10097   270    67 -9999     0 -9999
2023 12 18 03    28     6 10092   280    41     8    -1 -9999
2023 12 18 04    28     6 10088   290    36 -9999    -1 -9999
2023 12 18 05    22     0 10087   280    57 -9999     0 -9999
2023 12 18 06    22     0 10086   280    46     8    -1    -1
2023 12 18 07    22   -22 -9999   280    67 -9999    -1 -9999
2023 12 18 08    17   -22 -9999   280    72 -9999    -1 -9999
2023 12 18 09    17   -17 10076   280    67     8     0 -9999
2023 12 18 10    11   -33 10071   290    62     4     0 -9999
2023 12 18 11    11   -39 10072   280    62 -9999     0 -9999
2023 12 18 12     6   -39 10077   310    62     6    -1    -1
2023 12 18 13     0   -67 10086   330   103 -9999     0 -9999
2023 12 18 14     0   -72 10093   320   103 -9999     0 -9999
2023 12 18 15    -6   -89 10102   320    93     2     0 -9999
2023 12 18 16    -6   -78 10111   300    98 -9999    -1 -9999
2023 12 18 17   -11   -94 10116   310    82 -9999    -1 -9999
2023 12 18 18   -11  -106 10122   320    93     6     0    -1
2023 12 18 19   -11  -106 10129   310   103 -9999     0 -9999
2023 12 18 20   -17  -106 10144   330    98 -9999    -1 -9999
2023 12 18 21   -22  -111 10157   320    93     6    -1 -9999
2023 12 18 22   -28  -117 10172   310    72 -9999     0 -9999
2023 12 18 23   -33  -117 10186   320    72 -9999     0 -9999
2023 12 19 00   -39  -122 10199   310    77     2     0    -1
2023 12 19 01   -44  -117 10208   320    51     2     0 -9999
2023 12 19 02   -44  -117 10216   310    51     2     0 -9999
2023 12 19 03   -50  -117 10218   310    57     2     0 -9999
2023 12 19 04   -56  -117 10224   300    41     2     0 -9999
2023 12 19 05   -61  -117 10226   290    41     2     0 -9999
2023 12 19 06   -67  -117 10229   300    31     2     0 -9999
2023 12 19 07   -67  -117 10232   280    36     2     0 -9999
2023 12 19 08   -72  -117 10237   270    26 -9999     0 -9999
2023 12 19 09   -72  -117 10243   280    31 -9999     0 -9999
2023 12 19 10   -72  -122 10247   280    31     0     0 -9999
2023 12 19 11   -78  -122 10246   260    21     0     0 -9999
2023 12 19 12   -78  -122 10250   230    21     0     0 -9999
2023 12 19 13   -78  -122 10258   210    21     2     0 -9999
2023 12 19 14   -72  -117 10263   220    26 -9999     0 -9999
2023 12 19 15   -61  -117 10260   220    31     6     0 -9999
2023 12 19 16   -50  -117 10268   210    31 -9999     0 -9999
2023 12 19 17   -39  -117 10258   210    51 -9999     0 -9999
2023 12 19 18   -22  -111 10255   210    41     4     0 -9999
2023 12 19 19   -11  -106 10248   220    62     4     0 -9999
2023 12 19 20   -11  -100 10242   200    57 -9999     0 -9999
2023 12 19 21     0   -89 10238   200    57     6     0 -9999
2023 12 19 22    -6   -89 10238   190    51 -9999     0 -9999
2023 12 19 23    -6   -72 10236   180    46 -9999     0 -9999
2023 12 20 00     0   -67 10238   190    41     8     0 -9999
2023 12 20 01     0   -67 10239   180    51 -9999     0 -9999
2023 12 20 02     0   -67 10240   190    51 -9999     0 -9999
2023 12 20 03     0   -67 10237   190    51     8     0 -9999
2023 12 20 04     6   -72 10239   190    46 -9999     0 -9999
2023 12 20 05     6   -72 10242   190    31 -9999     0 -9999
2023 12 20 06     6   -67 10244   200    46     8     0 -9999
2023 12 20 07     6   -67 10247   210    36 -9999     0 -9999
2023 12 20 08     6   -67 10247   190    36 -9999     0 -9999
2023 12 20 09     6   -61 10245   200    36     6     0 -9999
2023 12 20 10     0   -61 10247   170    31 -9999     0 -9999
2023 12 20 11   -11   -61 10248   170    26 -9999     0 -9999
2023 12 20 12   -11   -61 10255   170    26     4     0 -9999
2023 12 20 13    -6   -56 10261   170    36 -9999     0 -9999
2023 12 20 14    -6   -56 10264   180    26 -9999     0 -9999
2023 12 20 15     6   -50 10267   190    26     6     0 -9999
2023 12 20 16    17   -50 10268   200    15     4     0 -9999
2023 12 20 17    33   -50 10265   200    31     2     0 -9999
2023 12 20 18    44   -50 10259   190    15     2     0 -9999
2023 12 20 19    56   -44 10257     0     0     2     0 -9999
2023 12 20 20    67   -50 10256     0     0     2     0 -9999
2023 12 20 21    67   -50 10257   140    15     6     0 -9999
2023 12 20 22    50   -50 10265   100    26 -9999     0 -9999
2023 12 20 23    39   -44 10271    90    31 -9999     0 -9999
2023 12 21 00    28   -44 10276    70    31     6     0 -9999
2023 12 21 01    28   -39 10280    80    31 -9999     0 -9999
2023 12 21 02    17   -33 10281    90    21 -9999     0 -9999
2023 12 21 03    28   -22 10282    70    21     8     0 -9999
2023 12 21 04    39    -6 10281    70    31 -9999     0 -9999
2023 12 21 05    28    -6 10284    20    26 -9999     0 -9999
2023 12 21 06    28    -6 10281    40    21     8     0 -9999
2023 12 21 07    17    -6 10280    60    26 -9999     0 -9999
2023 12 21 08    11    -6 10284    50    21 -9999     0 -9999
2023 12 21 09    11     0 10282    40    26     6     0 -9999
2023 12 21 10    28     6 10277    60    31 -9999     0 -9999
2023 12 21 11    33    11 10278    70    15 -9999     0 -9999
2023 12 21 12    33    11 10280    60    21     8     0 -9999
2023 12 21 13    50    17 10282    90    26 -9999     0 -9999
2023 12 21 14    50    11 10283   110    15 -9999     0 -9999
2023 12 21 15    56     0 10280   110    26     8     0 -9999
2023 12 21 16    56   -11 10282   150    15 -9999     0 -9999
2023 12 21 17    67   -17 10276   130    21 -9999     0 -9999
2023 12 21 18    78   -17 10265   100    21     8     0 -9999
2023 12 21 19    83   -17 10259   150    21 -9999     0 -9999
2023 12 21 20    83   -11 10255   120    21 -9999     0 -9999
2023 12 21 21    83   -11 10254    90    15     8     0 -9999
2023 12 21 22    78     0 10254    90    31 -9999     0 -9999
2023 12 21 23    67     6 10255   100    26 -9999     0 -9999
2023 12 22 00    67     0 10255   100    21     8     0 -9999
2023 12 22 01    67    11 10253    90    31 -9999     0 -9999
2023 12 22 02    67    17 10251   120    21 -9999     0 -9999
2023 12 22 03    67    22 10251   140    26     8     0 -9999
2023 12 22 04    61    39 10249   140    21 -9999     3 -9999
2023 12 22 05    61    39 10244   140    26 -9999     0 -9999
2023 12 22 06    61    39 10240   140    31     8     0     3
2023 12 22 07    61    33 10233   170    26 -9999     0 -9999
2023 12 22 08    67    33 10229   170    15 -9999     0 -9999
2023 12 22 09    67    28 10229   170    26     8     0 -9999
2023 12 22 10    61    28 10228   170    15 -9999     0 -9999
2023 12 22 11    61    28 10225   170    31 -9999    -1 -9999
2023 12 22 12    67    28 10225   160    26     8     0     0
2023 12 22 13    67    22 10226   160    21 -9999     0 -9999
2023 12 22 14    67    22 10225   170    31 -9999     0 -9999
2023 12 22 15    67    28 10226   170    31     8     0 -9999
2023 12 22 16    61    39 10225   180    26 -9999     5 -9999
2023 12 22 17    67    39 10219   170    26 -9999     0 -9999
2023 12 22 18    67    44 10211   160    15     8    -1     5
2023 12 22 19    67    50 10202   160    31 -9999     3 -9999
2023 12 22 20    72    50 10198   160    21 -9999    -1 -9999
2023 12 22 21    72    56 10198   170    31     8     3 -9999
2023 12 22 22    72    56 10199   150    21 -9999     8 -9999
2023 12 22 23    72    61 10199   150    21 -9999    13 -9999
2023 12 23 00    72    61 10197   130    26     8    23    50
2023 12 23 01    72    61 10195   130    41 -9999    20 -9999
2023 12 23 02    67    61 10195   150    36 -9999    20 -9999
2023 12 23 03    67    61 10194   160    26     8    18 -9999
2023 12 23 04    67    56 10190   160    26 -9999    15 -9999
2023 12 23 05    67    56 10190     0     0 -9999    -1 -9999
2023 12 23 06    67    61 10186     0     0     8     0    80
2023 12 23 07    67    61 10183     0     0 -9999     0 -9999
2023 12 23 08    67    61 10185     0     0     9     0 -9999
2023 12 23 09    67    61 10186     0     0     9     0 -9999
2023 12 23 10    67    61 10188     0     0     9     0 -9999
2023 12 23 11    67    61 10189    30    21     9     0 -9999
2023 12 23 12    67    61 10195    40    21     8     0 -9999
2023 12 23 13    67    67 10200     0     0 -9999     0 -9999
2023 12 23 14    67    67 10203     0     0 -9999     0 -9999
2023 12 23 15    72    67 10209   110    15     8     0 -9999
2023 12 23 16    83    67 10213    80    21 -9999     0 -9999
2023 12 23 17    83    67 10210   100    15 -9999     0 -9999
2023 12 23 18    83    72 10206   100    21     8     0 -9999
2023 12 23 19    89    72 10200   110    21 -9999     0 -9999
2023 12 23 20    89    72 10200   130    26 -9999     0 -9999
2023 12 23 21    89    78 10201   130    21     8     0 -9999
2023 12 23 22    89    78 10205   130    21 -9999     0 -9999
2023 12 23 23    83    78 -9999   120    26 -9999     0 -9999
2023 12 24 00    83    72 10214   100    15     8     0 -9999
2023 12 24 01    83    78 10217    90    15 -9999     0 -9999
2023 12 24 02    83    78 10219    90    15     9    -1 -9999
2023 12 24 03    83    78 10219     0     0     9    -1 -9999
2023 12 24 04    83    83 10219     0     0     9    -1 -9999
2023 12 24 05    83    83 -9999     0     0     9    -1 -9999
2023 12 24 06    89    83 10221     0     0     9    -1    -1
2023 12 24 07    89    89 10219   120    15     9     0 -9999
2023 12 24 08    94    94 10216   170    15     9     0 -9999
2023 12 24 09   100    94 10218   200    21     8    -1 -9999
2023 12 24 10    94    94 10216   160    31 -9999    -1 -9999
2023 12 24 11    94    94 10218   180    26 -9999     0 -9999
2023 12 24 12    94    83 10217   150    26     8     0    -1
2023 12 24 13    94    89 -9999   120    31 -9999     0 -9999
2023 12 24 14    94    94 10222   150    41 -9999     0 -9999
2023 12 24 15   100    94 10225   160    36     8     0 -9999
2023 12 24 16   100   100 10225   160    31 -9999     0 -9999
2023 12 24 17   106   100 10219   150    46 -9999     0 -9999
2023 12 24 18   106   100 10212   180    57     8     0 -9999
2023 12 24 19   117    94 10199   160    51 -9999     0 -9999
2023 12 24 20   122    94 10189   150    41 -9999     0 -9999
2023 12 24 21   128    94 10185   150    46     6     0 -9999
2023 12 24 22   122   100 10186   150    36 -9999     0 -9999
2023 12 24 23   117    94 10183   130    36 -9999     0 -9999
2023 12 25 00   111    94 10185   140    62     8     0 -9999
2023 12 25 01   111    94 10185   140    46 -9999     0 -9999
2023 12 25 02   111    94 10182   130    36 -9999     0 -9999
2023 12 25 03   111   100 10176   140    46     6     0 -9999
2023 12 25 04   106    94 10172   140    41     4     0 -9999
2023 12 25 05   106    94 10169   140    41 -9999     0 -9999
2023 12 25 06   106    94 10166   140    41     6     0 -9999
2023 12 25 07   111    94 10162   140    36 -9999     0 -9999
2023 12 25 08   111    94 10161   140    36 -9999     0 -9999
2023 12 25 09   111    89 10155   130    26     8     0 -9999
2023 12 25 10   100    89 10152   120    26 -9999     0 -9999
2023 12 25 11   100    83 10151   110    26 -9999     0 -9999
2023 12 25 12   100    83 10148   120    36     8     0 -9999
2023 12 25 13   100    78 10148   120    36 -9999     0 -9999
2023 12 25 14   106    78 10147   130    31 -9999     0 -9999
2023 12 25 15   117    78 10148   120    51     6     0 -9999
2023 12 25 16   133    83 10146   120    51 -9999     0 -9999
2023 12 25 17   144    83 10139   130    67 -9999     0 -9999
2023 12 25 18   150    83 10127   120    62     8     0 -9999
2023 12 25 19   139    78 10117   110    51 -9999    -1 -9999
2023 12 25 20   139    89 10105   100    51 -9999    -1 -9999
2023 12 25 21   139    89 10101   110    67     8    -1 -9999
2023 12 25 22   133    94 10100   110    67 -9999     3 -9999
2023 12 25 23   117   106 10099   110    72 -9999     8 -9999
2023 12 26 00   117   106 10100   110    88     8    10    20
2023 12 26 01   117   106 10096   110    88 -9999    10 -9999
2023 12 26 02   117   111 10092   120    77 -9999    18 -9999
2023 12 26 03   117   106 10087   110    57     8    15 -9999
2023 12 26 04   111   111 10085   120    41 -9999    25 -9999
2023 12 26 05   122   117 10087   150    62 -9999    10 -9999
2023 12 26 06   100    94 10093   210    62     8    -1    80
2023 12 26 07    83    72 10103   220    46 -9999    -1 -9999
2023 12 26 08    72    50 10117   220    57 -9999     0 -9999
2023 12 26 09    61    56 10120   220    41     8     0 -9999
2023 12 26 10    56    39 10126   220    62 -9999    -1 -9999
2023 12 26 11    50    39 10131   210    41 -9999    -1 -9999
2023 12 26 12    50    39 10137   220    36     8     0    -1
2023 12 26 13    50    28 10139   210    51 -9999     0 -9999
2023 12 26 14    44    17 10141   220    26 -9999     0 -9999
2023 12 26 15    44    11 10146   230    46     6     0 -9999
2023 12 26 16    44    11 10152   220    41 -9999     0 -9999
2023 12 26 17    44    11 10150   210    46 -9999     0 -9999
2023 12 26 18    44    17 10146   230    41     8     0 -9999
2023 12 26 19    33    17 10143   230    31 -9999     0 -9999
2023 12 26 20    39    11 10143   220    26 -9999     0 -9999
2023 12 26 21    39    17 10146   220    31     8     3 -9999
2023 12 26 22    33    17 10151   180    21 -9999    -1 -9999
2023 12 26 23    39    17 10152   170    21 -9999    -1 -9999
2023 12 27 00    28   -17 10158   200    36     6     0     3
2023 12 27 01    22   -22 10161     0     0     4     0 -9999
2023 12 27 02    17   -28 10161     0     0     2     0 -9999
2023 12 27 03    11   -17 10165     0     0     0     0 -9999
2023 12 27 04    11   -17 10167     0     0     0     0 -9999
2023 12 27 05     6   -17 10170     0     0     2     0 -9999
2023 12 27 06     0   -17 10169     0     0     2     0 -9999
2023 12 27 07     0   -17 10169     0     0 -9999     0 -9999
2023 12 27 08     0   -17 10169     0     0 -9999     0 -9999
2023 12 27 09    -6   -22 10172     0     0     6     0 -9999
2023 12 27 10    -6   -22 10170     0     0     4     0 -9999
2023 12 27 11    -6   -22 10166     0     0 -9999     0 -9999
2023 12 27 12     6   -17 10164    50    26     4     0 -9999
2023 12 27 13    17   -11 10162    60    41     4     0 -9999
2023 12 27 14    28    -6 10162    60    36 -9999     0 -9999
2023 12 27 15    39    -6 10162    60    41     6     0 -9999
2023 12 27 16    50    -6 10163    50    36 -9999     0 -9999
2023 12 27 17    50     6 10160    50    51 -9999     0 -9999
2023 12 27 18    56    11 10154    50    57     8     0 -9999
2023 12 27 19    56    11 10150    50    62 -9999     0 -9999
2023 12 27 20    56     6 10148    50    57 -9999     0 -9999
2023 12 27 21    50     6 10148    30    67     8     0 -9999
2023 12 27 22    44     0 10147    20    77 -9999     0 -9999
2023 12 27 23    44     0 10147    20    62 -9999     0 -9999
2023 12 28 00    39     0 10148    10    72     6     0 -9999
2023 12 28 01    39     0 -9999    10    67 -9999     0 -9999
2023 12 28 02    39     0 10147   360    46 -9999     0 -9999
2023 12 28 03    28     0 10145   350    41     6     0 -9999
2023 12 28 04    22     0 10142   340    31     4     0 -9999
2023 12 28 05    17   -11 -9999   340    46 -9999     0 -9999
2023 12 28 06    17   -17 10131   350    57     6     0 -9999
2023 12 28 07    17   -17 10128   350    51 -9999     0 -9999
2023 12 28 08    11   -22 10123   350    36 -9999     0 -9999
2023 12 28 09    22   -17 10121   350    36     8     0 -9999
2023 12 28 10    22   -17 10115   330    57 -9999     0 -9999
2023 12 28 11    22   -11 10112   330    51 -9999     0 -9999
2023 12 28 12    22     0 10114   330    41     8    -1     0
2023 12 28 13    22     0 10110   340    46 -9999    -1 -9999
2023 12 28 14    28     6 10105   330    51 -9999     0 -9999
2023 12 28 15    33     6 10103   330    62     8     0 -9999
2023 12 28 16    33    11 10099   320    62 -9999     0 -9999
2023 12 28 17    33    17 10094   330    62 -9999    -1 -9999
2023 12 28 18    39    28 10085   320    51     8     3     3
2023 12 28 19    44    33 10078   330    41 -9999     3 -9999
2023 12 28 20    44    33 10074   330    41 -9999     5 -9999
2023 12 28 21    44    33 10075   330    36     8    -1 -9999
2023 12 28 22    56    44 10077   350    36 -9999     8 -9999
2023 12 28 23    56    44 10079   330    36 -9999     3 -9999
2023 12 29 00    44    39 10081   350    62     8     8    30
2023 12 29 01    44    39 10081   350    57 -9999    -1 -9999
2023 12 29 02    44    39 10079   350    51 -9999    -1 -9999
2023 12 29 03    44    39 10077   350    57     8     3 -9999
2023 12 29 04    44    33 10075   350    67 -9999    -1 -9999
2023 12 29 05    44    33 10073   350    46 -9999    -1 -9999
2023 12 29 06    44    33 10070   340    51     8     3     5
2023 12 29 07    44    39 -9999   340    46 -9999    -1 -9999
2023 12 29 08    44    33 10070   340    51 -9999    13 -9999
2023 12 29 09    44    33 10072   340    46     8     3 -9999
2023 12 29 10    44    33 10074   340    51 -9999     5 -9999
2023 12 29 11    39    33 10076   340    57 -9999     5 -9999
2023 12 29 12    33    28 10083   350    62     8     3    40
2023 12 29 13    33    28 10088   350    57 -9999    -1 -9999
2023 12 29 14    39    28 10091   350    57 -9999    -1 -9999
2023 12 29 15    33    28 10097   350    57     8    -1 -9999
2023 12 29 16    39    33 10102   360    57 -9999    -1 -9999
2023 12 29 17    44    33 10103   350    57 -9999    -1 -9999
2023 12 29 18    39    28 10100   340    46     8    -1    -1
2023 12 29 19    39    28 10098   340    51 -9999    -1 -9999
2023 12 29 20    39    28 10100   350    41 -9999     0 -9999
2023 12 29 21    33    22 10106   350    41     8     0 -9999
2023 12 29 22    33    22 10109   320    31 -9999     0 -9999
2023 12 29 23    28    22 10112   320    36 -9999     0 -9999
2023 12 30 00    28    17 10115   310    46     8     0    -1
2023 12 30 01    17     0 10119   310    36 -9999     0 -9999
2023 12 30 02    11    -6 10118   290    26     4     0 -9999
2023 12 30 03     0   -11 10119   260    21     2     0 -9999
2023 12 30 04     0   -17 10117   260    31     2     0 -9999
2023 12 30 05    -6   -17 10118   270    15     2     0 -9999
2023 12 30 06    -6   -22 10119   250    21     2     0 -9999
2023 12 30 07   -11   -22 10117   250    15     0     0 -9999
2023 12 30 08   -17   -28 10117   190    15     0     0 -9999
2023 12 30 09   -17   -28 10117   220    21     0     0 -9999
2023 12 30 10   -17   -33 10116   230    26     0     0 -9999
2023 12 30 11   -22   -33 10113   240    26     2     0 -9999
2023 12 30 12   -22   -39 10113   210    15     2     0 -9999
2023 12 30 13   -22   -39 10115   200    21 -9999     0 -9999
2023 12 30 14   -22   -33 10113   200    26     4     0 -9999
2023 12 30 15   -22   -33 10115   210    46     8     0 -9999
2023 12 30 16   -11   -22 10118   220    57 -9999     0 -9999
2023 12 30 17    -6   -17 10112   220    46 -9999     0 -9999
2023 12 30 18     0   -11 10106   210    51     8     0 -9999
2023 12 30 19     6   -11 10101   230    41 -9999     0 -9999
2023 12 30 20    11    -6 10097   220    46 -9999     0 -9999
2023 12 30 21    17    -6 10096   220    51     6     0 -9999
2023 12 30 22    17     0 10101   220    46 -9999     0 -9999
2023 12 30 23    22     0 10102   210    26 -9999     0 -9999
2023 12 31 00    28     6 10104   230    31     6     0 -9999
2023 12 31 01    22     6 10105   210    15 -9999     0 -9999
2023 12 31 02    22     0 10106   230    21 -9999     0 -9999
2023 12 31 03    22     6 10106   250    31     6     0 -9999
2023 12 31 04    22     0 10104   250    26 -9999     0 -9999
2023 12 31 05    22     0 10105   240    21 -9999     0 -9999
2023 12 31 06    22     0 10103   250    31     8     0 -9999
2023 12 31 07    22    -6 10103   250    31 -9999     0 -9999
2023 12 31 08    17   -28 10104   250    57 -9999     0 -9999
2023 12 31 09    11   -22 10105   260    26     8     0 -9999
2023 12 31 10     6   -22 10103   240    31 -9999    -1 -9999
2023 12 31 11     0   -11 10104   250    26 -9999    -1 -9999
2023 12 31 12     0   -17 10108   250    21     8    -1    -1
2023 12 31 13     0   -22 -9999   280    26 -9999    -1 -9999
2023 12 31 14    -6   -17 -9999   260    26 -9999     2 -9999
2023 12 31 15     0   -22 10118   310    46     8     8 -9999
2023 12 31 16     0   -22 10126   300    46 -9999     5 -9999
2023 12 31 17     0   -11 10128   280    41 -9999     5 -9999
2023 12 31 18     6   -22 10130   290    36     8    -1    20
2023 12 31 19    11   -22 10129   290    31 -9999    -1 -9999
2023 12 31 20    11   -17 -9999   310    31 -9999    -1 -9999
2023 12 31 21    11   -22 10143   300    31     8    -1 -9999
2023 12 31 22    11   -17 10152   320    51 -9999    -1 -9999
2023 12 31 23    11   -17 10165   330    67 -9999    -1 -9999
